paper_id,year,score_centered,bandwidth,accepted,openalex_cited_by_count,in_year_specific_rdd_sample,openalex_matched
B12Js_yRb,2018,-0.3336666666666668,1.333,1.0,155.0,True,True
B13njo1R-,2018,0.6663333333333332,1.333,1.0,22.0,True,True
B14TlG-RW,2018,0.6663333333333332,1.333,1.0,417.0,True,True
B18WgG-CZ,2018,0.9996666666666671,1.333,1.0,101.0,True,True
B1CNpYg0-,2018,-0.0003333333333328,1.333,0.0,67.0,True,True
B1DmUzWAW,2018,0.6663333333333332,1.333,1.0,758.0,True,True
B1EA-M-0Z,2018,-0.0003333333333328,1.333,1.0,337.0,True,True
B1EPYJ-C-,2018,-0.0003333333333328,1.333,0.0,3050.0,True,True
B1IDRdeCW,2018,0.3330000000000002,1.333,1.0,14.0,True,True
B1J_rgWRW,2018,0.6663333333333332,1.333,1.0,127.0,True,True
B1KFAGWAZ,2018,-1.0003333333333329,1.333,0.0,45.0,True,True
B1NGT8xCZ,2018,-0.3336666666666668,1.333,0.0,3.0,True,True
B1X0mzZCW,2018,0.3330000000000002,1.333,1.0,7.0,True,True
B1X4DWWRb,2018,0.9996666666666671,1.333,0.0,38.0,True,True
B1Yy1BxCZ,2018,0.6663333333333332,1.333,1.0,393.0,True,True
B1ZZTfZAW,2018,-0.6669999999999998,1.333,0.0,269.0,True,True
B1ZvaaeAZ,2018,0.6663333333333332,1.333,1.0,182.0,True,True
B1bgpzZAZ,2018,-1.0003333333333329,1.333,0.0,1.0,True,True
B1hYRMbCW,2018,-0.6669999999999998,1.333,1.0,128.0,True,True
B1hcZZ-AW,2018,0.3330000000000002,1.333,1.0,116.0,True,True
B1i7ezW0-,2018,-0.3336666666666668,1.333,0.0,2.0,True,True
B1jscMbAW,2018,0.9996666666666671,1.333,1.0,0.0,True,True
B1l8BtlCb,2018,0.9996666666666671,1.333,1.0,449.0,True,True
B1mSWUxR-,2018,-0.3336666666666668,1.333,0.0,14.0,True,True
B1nZ1weCZ,2018,0.6663333333333332,1.333,1.0,10.0,True,True
B1nxTzbRZ,2018,-1.0003333333333329,1.333,0.0,16.0,True,True
B1p461b0W,2018,-1.0003333333333329,1.333,0.0,409.0,True,True
B1spAqUp-,2018,-0.3336666666666668,1.333,0.0,31.0,True,True
B1tC-LT6W,2018,-1.0003333333333329,1.333,0.0,6.0,True,True
B1twdMCab,2018,-0.3336666666666668,1.333,0.0,63.0,True,True
B1ydPgTpW,2018,-1.0003333333333329,1.333,0.0,23.0,True,True
B1zlp1bRW,2018,1.0830000000000002,1.333,1.0,79.0,True,True
BJ6anzb0Z,2018,-0.6669999999999998,1.333,0.0,92.0,True,True
BJ8c3f-0b,2018,-0.0003333333333328,1.333,1.0,30.0,True,True
BJDH5M-AW,2018,0.6663333333333332,1.333,0.0,684.0,True,True
BJGWO9k0Z,2018,0.9996666666666671,1.333,1.0,1.0,True,True
BJMuY-gRW,2018,-0.6669999999999998,1.333,0.0,83.0,True,True
BJNRFNlRW,2018,0.9996666666666671,1.333,1.0,8.0,True,True
BJQRKzbA-,2018,0.9996666666666671,1.333,1.0,227.0,True,True
BJ_UL-k0b,2018,0.9996666666666671,1.333,1.0,167.0,True,True
BJ_wN01C-,2018,0.6663333333333332,1.333,1.0,134.0,True,True
BJij4yg0Z,2018,-0.0003333333333328,1.333,1.0,24.0,True,True
BJk59JZ0b,2018,-0.0003333333333328,1.333,1.0,1.0,True,True
BJk7Gf-CZ,2018,0.9996666666666671,1.333,1.0,56.0,True,True
BJlrSmbAZ,2018,-0.3336666666666668,1.333,0.0,105.0,True,True
BJluxbWC-,2018,-1.0003333333333329,1.333,0.0,57.0,True,True
BJuWrGW0Z,2018,0.9996666666666671,1.333,1.0,55.0,True,True
BJvWjcgAZ,2018,-0.6669999999999998,1.333,0.0,19.0,True,True
Bk346Ok0W,2018,-1.0003333333333329,1.333,0.0,1.0,True,True
Bk6qQGWRb,2018,-0.3336666666666668,1.333,0.0,,True,False
BkIkkseAZ,2018,0.3330000000000002,1.333,0.0,27.0,True,True
BkJ3ibb0-,2018,0.9996666666666671,1.333,1.0,285.0,True,True
BkLhaGZRW,2018,-0.0003333333333328,1.333,1.0,9.0,True,True
BkM27IxR-,2018,-0.0003333333333328,1.333,0.0,84.0,True,True
BkQCGzZ0-,2018,-0.6669999999999998,1.333,0.0,35.0,True,True
BkQqq0gRb,2018,0.3330000000000002,1.333,1.0,295.0,True,True
BkUp6GZRW,2018,0.3330000000000002,1.333,1.0,7.0,True,True
BkVsWbbAW,2018,0.3330000000000002,1.333,0.0,126.0,True,True
BkXmYfbAZ,2018,0.9996666666666671,1.333,1.0,20.0,True,True
BkabRiQpb,2018,0.3330000000000002,1.333,1.0,21.0,True,True
Bkl1uWb0Z,2018,-1.0003333333333329,1.333,0.0,3.0,True,True
BkrSv0lA-,2018,0.9996666666666671,1.333,1.0,57.0,True,True
BkrsAzWAb,2018,0.9996666666666671,1.333,1.0,77.0,True,True
By4HsfWAZ,2018,0.9996666666666671,1.333,1.0,,True,False
By5ugjyCb,2018,-0.6669999999999998,1.333,0.0,719.0,True,True
By9iRkWA-,2018,0.3330000000000002,1.333,0.0,18.0,True,True
ByBAl2eAZ,2018,0.9996666666666671,1.333,1.0,365.0,True,True
ByJHuTgA-,2018,0.9996666666666671,1.333,1.0,48.0,True,True
ByJWeR1AW,2018,-0.6669999999999998,1.333,0.0,81.0,True,True
ByOnmlWC-,2018,-0.0003333333333328,1.333,1.0,11.0,True,True
ByQpn1ZA-,2018,0.6663333333333332,1.333,1.0,101.0,True,True
ByS1VpgRZ,2018,0.6663333333333332,1.333,1.0,412.0,True,True
BySRH6CpW,2018,0.6663333333333332,1.333,1.0,11.0,True,True
BydjJte0-,2018,0.6663333333333332,1.333,1.0,46.0,True,True
ByeqORgAW,2018,0.3330000000000002,1.333,1.0,9.0,True,True
Byk4My-RZ,2018,-0.0003333333333328,1.333,0.0,0.0,True,True
ByqFhGZCW,2018,-0.3336666666666668,1.333,0.0,4.0,True,True
ByrZyglCb,2018,0.3330000000000002,1.333,1.0,45.0,True,True
H1-nGgWC-,2018,0.3330000000000002,1.333,1.0,90.0,True,True
H113pWZRb,2018,-0.6669999999999998,1.333,0.0,231.0,True,True
H135uzZ0-,2018,0.9996666666666671,1.333,1.0,115.0,True,True
H15odZ-C-,2018,0.3330000000000002,1.333,1.0,3.0,True,True
H18uzzWAZ,2018,-0.3336666666666668,1.333,0.0,3.0,True,True
H196sainb,2018,0.9996666666666671,1.333,1.0,252.0,True,True
H1BLjgZCb,2018,0.6663333333333332,1.333,1.0,365.0,True,True
H1DJFybC-,2018,-1.0003333333333329,1.333,0.0,49.0,True,True
H1T2hmZAb,2018,0.6663333333333332,1.333,1.0,169.0,True,True
H1UOm4gA-,2018,0.6663333333333332,1.333,1.0,31.0,True,True
H1U_af-0-,2018,-0.0003333333333328,1.333,0.0,16.0,True,True
H1VjBebR-,2018,0.9996666666666671,1.333,1.0,11.0,True,True
H1Xw62kRZ,2018,0.3330000000000002,1.333,1.0,49.0,True,True
H1Y8hhg0b,2018,0.6663333333333332,1.333,1.0,149.0,True,True
H1Yp-j1Cb,2018,0.9996666666666671,1.333,1.0,15.0,True,True
H1bM1fZCW,2018,-1.0003333333333329,1.333,0.0,451.0,True,True
H1bhRHeA-,2018,-0.6669999999999998,1.333,0.0,8.0,True,True
H1cKvl-Rb,2018,0.3330000000000002,1.333,0.0,77.0,True,True
H1dh6Ax0Z,2018,-0.0003333333333328,1.333,1.0,28.0,True,True
H1kG7GZAW,2018,0.9996666666666671,1.333,1.0,50.0,True,True
H1pri9vTZ,2018,-1.0003333333333329,1.333,0.0,8.0,True,True
H1sUHgb0Z,2018,0.9996666666666671,1.333,1.0,86.0,True,True
H1uP7ebAW,2018,0.3330000000000002,1.333,0.0,195.0,True,True
H1uR4GZRZ,2018,0.6663333333333332,1.333,1.0,207.0,True,True
H1vEXaxA-,2018,0.9996666666666671,1.333,1.0,40.0,True,True
H1wt9x-RW,2018,0.9996666666666671,1.333,0.0,11.0,True,True
H1xJjlbAZ,2018,-0.6669999999999998,1.333,0.0,77.0,True,True
HJ4IhxZAb,2018,0.6663333333333332,1.333,0.0,57.0,True,True
HJ5AUm-CZ,2018,0.3330000000000002,1.333,0.0,30.0,True,True
HJ94fqApW,2018,0.3330000000000002,1.333,1.0,153.0,True,True
HJC2SzZCW,2018,-0.0003333333333328,1.333,1.0,225.0,True,True
HJCXZQbAZ,2018,0.3330000000000002,1.333,1.0,4.0,True,True
HJDV5YxCW,2018,-0.6669999999999998,1.333,0.0,15.0,True,True
HJIhGXWCZ,2018,-1.0003333333333329,1.333,0.0,14.0,True,True
HJIoJWZCZ,2018,0.9996666666666671,1.333,1.0,50.0,True,True
HJOQ7MgAW,2018,0.3330000000000002,1.333,0.0,,True,False
HJRV1ZZAW,2018,-0.3336666666666668,1.333,0.0,17.0,True,True
HJSA_e1AW,2018,-1.0003333333333329,1.333,0.0,20.0,True,True
HJUOHGWRb,2018,0.3330000000000002,1.333,0.0,38.0,True,True
HJWGdbbCW,2018,-1.0003333333333329,1.333,0.0,116.0,True,True
HJZiRkZC-,2018,-0.0003333333333328,1.333,0.0,1.0,True,True
HJ_aoCyRZ,2018,-0.0003333333333328,1.333,1.0,118.0,True,True
HJaDJZ-0W,2018,-0.0003333333333328,1.333,0.0,96.0,True,True
HJcSzz-CZ,2018,0.3330000000000002,1.333,1.0,726.0,True,True
HJcjQTJ0W,2018,-1.0003333333333329,1.333,0.0,28.0,True,True
HJnQJXbC-,2018,-0.3336666666666668,1.333,0.0,29.0,True,True
HJtEm4p6Z,2018,0.6663333333333332,1.333,1.0,103.0,True,True
Hk0wHx-RW,2018,0.0830000000000001,1.333,1.0,14.0,True,True
Hk2MHt-3-,2018,0.3330000000000002,1.333,0.0,,True,False
Hk6WhagRW,2018,0.3330000000000002,1.333,1.0,47.0,True,True
Hk8XMWgRb,2018,-0.0003333333333328,1.333,1.0,0.0,True,True
Hk99zCeAb,2018,-0.0003333333333328,1.333,1.0,1559.0,True,True
Hk9Xc_lR-,2018,-0.3336666666666668,1.333,1.0,34.0,True,True
HkGcX--0-,2018,-0.0003333333333328,1.333,0.0,,True,False
HkMvEOlAb,2018,0.9996666666666671,1.333,1.0,18.0,True,True
HkNGsseC-,2018,0.9996666666666671,1.333,1.0,23.0,True,True
HkOhuyA6-,2018,-1.0003333333333329,1.333,0.0,,True,False
HkTEFfZRb,2018,0.9996666666666671,1.333,1.0,23.0,True,True
HkUR_y-RZ,2018,0.9996666666666671,1.333,1.0,13.0,True,True
HkepKG-Rb,2018,-0.3336666666666668,1.333,0.0,70.0,True,True
HknbyQbC-,2018,-0.0003333333333328,1.333,0.0,239.0,True,True
HkpRBFxRb,2018,-0.3336666666666668,1.333,0.0,1.0,True,True
Hksj2WWAW,2018,0.6663333333333332,1.333,1.0,9.0,True,True
HktJec1RZ,2018,0.9996666666666671,1.333,1.0,24.0,True,True
HkuGJ3kCb,2018,0.9996666666666671,1.333,1.0,127.0,True,True
HkwVAXyCW,2018,0.3330000000000002,1.333,1.0,38.0,True,True
HkxF5RgC-,2018,0.3330000000000002,1.333,1.0,1.0,True,True
Hy7EPh10W,2018,-0.6669999999999998,1.333,0.0,35.0,True,True
HyEi7bWR-,2018,0.3330000000000002,1.333,0.0,15.0,True,True
HyRVBzap-,2018,-0.0003333333333328,1.333,1.0,63.0,True,True
HyRnez-RW,2018,0.3330000000000002,1.333,1.0,3.0,True,True
HyUNwulC-,2018,0.9996666666666671,1.333,1.0,15.0,True,True
HyWrIgW0W,2018,0.6663333333333332,1.333,1.0,,True,False
HyXBcYg0b,2018,-0.3336666666666668,1.333,0.0,246.0,True,True
HyXNCZbCZ,2018,-0.0003333333333328,1.333,0.0,20.0,True,True
HyfHgI6aW,2018,0.6663333333333332,1.333,1.0,38.0,True,True
HyjC5yWCW,2018,0.6663333333333332,1.333,1.0,96.0,True,True
HymYLebCb,2018,-0.6669999999999998,1.333,0.0,5.0,True,True
HypkN9yRW,2018,-0.3336666666666668,1.333,0.0,26.0,True,True
HyrCWeWCb,2018,-0.3336666666666668,1.333,1.0,31.0,True,True
HytSvlWRZ,2018,-1.0003333333333329,1.333,0.0,0.0,True,True
HyyP33gAZ,2018,0.9996666666666671,1.333,1.0,47.0,True,True
HyzbhfWRW,2018,-0.0003333333333328,1.333,1.0,124.0,True,True
S14EogZAZ,2018,-1.0003333333333329,1.333,0.0,3.0,True,True
S191YzbRZ,2018,-0.6669999999999998,1.333,0.0,0.0,True,True
S1ANxQW0b,2018,0.3330000000000002,1.333,1.0,167.0,True,True
S1DWPP1A-,2018,0.9996666666666671,1.333,1.0,49.0,True,True
S1Dh8Tg0-,2018,0.3330000000000002,1.333,1.0,12.0,True,True
S1Euwz-Rb,2018,0.9996666666666671,1.333,1.0,132.0,True,True
S1EwLkW0W,2018,-1.0003333333333329,1.333,0.0,78.0,True,True
S1GUgxgCW,2018,-0.6669999999999998,1.333,0.0,4.0,True,True
S1HlA-ZAZ,2018,0.9996666666666671,1.333,1.0,13.0,True,True
S1J2ZyZ0Z,2018,0.9996666666666671,1.333,1.0,20.0,True,True
S1WRibb0Z,2018,0.3330000000000002,1.333,1.0,9.0,True,True
S1cZsf-RW,2018,-0.0003333333333328,1.333,1.0,51.0,True,True
S1fcY-Z0-,2018,0.3330000000000002,1.333,0.0,16.0,True,True
S1fduCl0b,2018,-0.0003333333333328,1.333,0.0,105.0,True,True
S1jBcueAb,2018,0.6663333333333332,1.333,1.0,247.0,True,True
S1m6h21Cb,2018,-0.3336666666666668,1.333,0.0,254.0,True,True
S1nQvfgA-,2018,0.6663333333333332,1.333,1.0,31.0,True,True
S1p31z-Ab,2018,-0.0003333333333328,1.333,1.0,,True,False
S1v4N2l0-,2018,0.3330000000000002,1.333,1.0,1535.0,True,True
S1vuO-bCW,2018,0.5830000000000002,1.333,1.0,25.0,True,True
SJ19eUg0-,2018,-0.3336666666666668,1.333,0.0,10.0,True,True
SJ1Xmf-Rb,2018,0.9996666666666671,1.333,1.0,272.0,True,True
SJ60SbW0b,2018,-0.3336666666666668,1.333,0.0,2.0,True,True
SJ8M9yup-,2018,-1.0003333333333329,1.333,0.0,1.0,True,True
SJA7xfb0b,2018,1.0830000000000002,1.333,1.0,2.0,True,True
SJCq_fZ0Z,2018,0.3330000000000002,1.333,0.0,8.0,True,True
SJIA6ZWC-,2018,0.3330000000000002,1.333,0.0,87.0,True,True
SJJQVZW0b,2018,0.3330000000000002,1.333,1.0,58.0,True,True
SJJinbWRZ,2018,0.9996666666666671,1.333,1.0,218.0,True,True
SJLlmG-AZ,2018,-0.3336666666666668,1.333,1.0,1.0,True,True
SJLy_SxC-,2018,-0.0003333333333328,1.333,0.0,28.0,True,True
SJQHjzZ0-,2018,0.3330000000000002,1.333,1.0,15.0,True,True
SJQO7UJCW,2018,-0.6669999999999998,1.333,0.0,377.0,True,True
SJa9iHgAZ,2018,0.3330000000000002,1.333,1.0,43.0,True,True
SJahqJZAW,2018,-0.3336666666666668,1.333,0.0,71.0,True,True
SJi9WOeRb,2018,0.9996666666666671,1.333,1.0,35.0,True,True
SJiHXGWAZ,2018,0.3330000000000002,1.333,1.0,504.0,True,True
SJky6Ry0W,2018,-0.3336666666666668,1.333,0.0,13.0,True,True
SJlhPMWAW,2018,0.6663333333333332,1.333,0.0,,True,False
SJmAXkgCb,2018,-0.3336666666666668,1.333,0.0,2.0,True,True
SJn0sLgRb,2018,-0.6669999999999998,1.333,0.0,338.0,True,True
SJw03ceRW,2018,-1.0003333333333329,1.333,0.0,0.0,True,True
SJx9GQb0-,2018,-0.0003333333333328,1.333,1.0,52.0,True,True
SJyVzQ-C-,2018,-0.3336666666666668,1.333,1.0,0.0,True,True
SJzMATlAZ,2018,-0.3336666666666668,1.333,0.0,55.0,True,True
SJzRZ-WCZ,2018,-0.0003333333333328,1.333,1.0,25.0,True,True
Sk9yuql0Z,2018,0.6663333333333332,1.333,1.0,196.0,True,True
SkF2D7g0b,2018,0.3330000000000002,1.333,0.0,70.0,True,True
SkFAWax0-,2018,0.6663333333333332,1.333,1.0,13.0,True,True
SkPoRg10b,2018,-0.3336666666666668,1.333,0.0,29.0,True,True
SkVqXOxCb,2018,0.6663333333333332,1.333,1.0,29.0,True,True
SkYMnLxRW,2018,0.6663333333333332,1.333,0.0,134.0,True,True
SkYibHlRb,2018,-0.3336666666666668,1.333,0.0,303.0,True,True
SkZxCk-0Z,2018,0.3330000000000002,1.333,1.0,10.0,True,True
SkhQHMW0W,2018,0.9996666666666671,1.333,1.0,645.0,True,True
Skj8Kag0Z,2018,0.9996666666666671,1.333,1.0,10.0,True,True
Skp1ESxRZ,2018,0.9996666666666671,1.333,1.0,15.0,True,True
SkqV-XZRZ,2018,-0.0003333333333328,1.333,0.0,8.0,True,True
SksY3deAW,2018,-1.0003333333333329,1.333,0.0,31.0,True,True
SktLlGbRZ,2018,0.6663333333333332,1.333,0.0,630.0,True,True
Skvd-myR-,2018,-1.0003333333333329,1.333,0.0,43.0,True,True
Skw0n-W0Z,2018,0.3330000000000002,1.333,1.0,44.0,True,True
Skx5txzb0W,2018,-1.0003333333333329,1.333,0.0,2.0,True,True
Sy-tszZRZ,2018,-0.3336666666666668,1.333,0.0,47.0,True,True
Sy0GnUxCb,2018,0.6663333333333332,1.333,1.0,146.0,True,True
Sy1f0e-R-,2018,0.5830000000000002,1.333,0.0,221.0,True,True
Sy21R9JAW,2018,0.9996666666666671,1.333,1.0,30.0,True,True
Sy2ogebAW,2018,0.3330000000000002,1.333,1.0,97.0,True,True
Sy3fJXbA-,2018,-0.6669999999999998,1.333,0.0,25.0,True,True
SyAbZb-0Z,2018,-0.3336666666666668,1.333,0.0,5.0,True,True
SyBBgXWAZ,2018,-0.3336666666666668,1.333,0.0,10.0,True,True
SyELrEeAb,2018,-0.0003333333333328,1.333,1.0,17.0,True,True
SyJ7ClWCb,2018,0.6663333333333332,1.333,1.0,438.0,True,True
SyL9u-WA-,2018,-0.0003333333333328,1.333,0.0,19.0,True,True
SyProzZAW,2018,0.6663333333333332,1.333,1.0,91.0,True,True
SyVVXngRW,2018,-1.0003333333333329,1.333,0.0,2.0,True,True
SyW4Gjg0W,2018,-1.0003333333333329,1.333,0.0,,True,False
SyX0IeWAW,2018,-0.0003333333333328,1.333,1.0,117.0,True,True
SyYe6k-CW,2018,0.3330000000000002,1.333,1.0,14.0,True,True
SyZipzbCb,2018,0.9996666666666671,1.333,1.0,283.0,True,True
Syg-YfWCW,2018,0.3330000000000002,1.333,1.0,356.0,True,True
SygwwGbRW,2018,-0.0003333333333328,1.333,1.0,55.0,True,True
SyhRVm-Rb,2018,0.3330000000000002,1.333,0.0,144.0,True,True
Syjha0gAZ,2018,-0.3336666666666668,1.333,0.0,1.0,True,True
SyoDInJ0-,2018,0.6663333333333332,1.333,1.0,3.0,True,True
SyqShMZRb,2018,-0.6669999999999998,1.333,1.0,203.0,True,True
SyrGJYlRZ,2018,-1.0003333333333329,1.333,0.0,63.0,True,True
SysEexbRb,2018,0.9996666666666671,1.333,1.0,30.0,True,True
SywXXwJAb,2018,1.0830000000000002,1.333,1.0,36.0,True,True
Syx6bz-Ab,2018,-1.0003333333333329,1.333,0.0,785.0,True,True
r11Q2SlRW,2018,0.9996666666666671,1.333,1.0,16.0,True,True
r154_g-Rb,2018,-0.3336666666666668,1.333,0.0,26.0,True,True
r16Vyf-0-,2018,-1.0003333333333329,1.333,0.0,33.0,True,True
r17Q6WWA-,2018,-0.0003333333333328,1.333,0.0,11.0,True,True
r17lFgZ0Z,2018,-1.0003333333333329,1.333,0.0,183.0,True,True
r1DPFCyA-,2018,-0.6669999999999998,1.333,0.0,41.0,True,True
r1Ddp1-Rb,2018,0.6663333333333332,1.333,1.0,4735.0,True,True
r1HhRfWRZ,2018,-0.6669999999999998,1.333,1.0,13.0,True,True
r1RF3ExCb,2018,0.3330000000000002,1.333,0.0,20.0,True,True
r1SuFjkRW,2018,-0.3336666666666668,1.333,0.0,70.0,True,True
r1TA9ZbA-,2018,-0.3336666666666668,1.333,0.0,28.0,True,True
r1VVsebAZ,2018,0.3330000000000002,1.333,1.0,25.0,True,True
r1YqWz-R-,2018,-1.0003333333333329,1.333,0.0,7.0,True,True
r1ZdKJ-0W,2018,0.9996666666666671,1.333,1.0,188.0,True,True
r1dHXnH6-,2018,-0.0003333333333328,1.333,1.0,192.0,True,True
r1drp-WCZ,2018,-0.6669999999999998,1.333,0.0,29.0,True,True
r1gs9JgRZ,2018,0.9996666666666671,1.333,1.0,875.0,True,True
r1kNDlbCb,2018,-0.6669999999999998,1.333,0.0,4.0,True,True
r1l4eQW0Z,2018,0.6663333333333332,1.333,1.0,7.0,True,True
r1lUOzWCW,2018,-0.0003333333333328,1.333,1.0,99.0,True,True
r1q7n9gAb,2018,0.9996666666666671,1.333,1.0,15.0,True,True
r1uOhfb0W,2018,-0.3336666666666668,1.333,0.0,0.0,True,True
r1wEFyWCW,2018,0.6663333333333332,1.333,1.0,40.0,True,True
rJ7yZ2P6-,2018,-1.0003333333333329,1.333,0.0,27.0,True,True
rJNpifWAb,2018,0.9996666666666671,1.333,1.0,175.0,True,True
rJSr0GZR-,2018,-0.0003333333333328,1.333,0.0,0.0,True,True
rJXMpikCZ,2018,0.3330000000000002,1.333,1.0,,True,False
rJaE2alRW,2018,-1.0003333333333329,1.333,0.0,50.0,True,True
rJfHoM-C-,2018,-1.0003333333333329,1.333,0.0,1.0,True,True
rJg4YGWRb,2018,0.6663333333333332,1.333,0.0,251.0,True,True
rJiaRbk0-,2018,-0.3336666666666668,1.333,0.0,37.0,True,True
rJl3yM-Ab,2018,0.9996666666666671,1.333,1.0,95.0,True,True
rJlMAAeC-,2018,-0.0003333333333328,1.333,1.0,2.0,True,True
rJm7VfZA-,2018,0.6663333333333332,1.333,1.0,7.0,True,True
rJma2bZCW,2018,-1.0003333333333329,1.333,0.0,251.0,True,True
rJvJXZb0W,2018,0.9996666666666671,1.333,1.0,301.0,True,True
rJwelMbR-,2018,0.3330000000000002,1.333,1.0,13.0,True,True
rJzIBfZAb,2018,0.9996666666666671,1.333,1.0,1541.0,True,True
rk6cfpRjZ,2018,0.9996666666666671,1.333,1.0,103.0,True,True
rkA1f3NpZ,2018,-0.3336666666666668,1.333,0.0,77.0,True,True
rkGZuJb0b,2018,-1.0003333333333329,1.333,0.0,6.0,True,True
rkLyJl-0-,2018,0.3330000000000002,1.333,1.0,3.0,True,True
rkN2Il-RZ,2018,0.3330000000000002,1.333,1.0,57.0,True,True
rkO3uTkAZ,2018,0.6663333333333332,1.333,1.0,12.0,True,True
rkQkBnJAb,2018,0.9996666666666671,1.333,1.0,46.0,True,True
rkZB1XbRZ,2018,0.6663333333333332,1.333,1.0,248.0,True,True
rkZvSe-RZ,2018,0.3330000000000002,1.333,1.0,1109.0,True,True
rkaqxm-0b,2018,-0.3336666666666668,1.333,0.0,1.0,True,True
rkcya1ZAW,2018,-0.6669999999999998,1.333,0.0,21.0,True,True
rkdU7tCaZ,2018,-0.0003333333333328,1.333,0.0,60.0,True,True
rkeZRGbRW,2018,-0.6669999999999998,1.333,0.0,5.0,True,True
rkfOvGbCW,2018,0.9996666666666671,1.333,1.0,26.0,True,True
rkmoiMbCb,2018,-0.3336666666666668,1.333,0.0,1.0,True,True
rknt2Be0-,2018,0.3330000000000002,1.333,1.0,26.0,True,True
rkr1UDeC-,2018,0.3330000000000002,1.333,1.0,152.0,True,True
rkrC3GbRW,2018,0.9996666666666671,1.333,1.0,6.0,True,True
rkrWCJWAW,2018,-0.3336666666666668,1.333,0.0,53.0,True,True
ry018WZAZ,2018,0.6663333333333332,1.333,1.0,43.0,True,True
ry0WOxbRZ,2018,-1.0003333333333329,1.333,0.0,1.0,True,True
ry1arUgCW,2018,0.6663333333333332,1.333,1.0,37.0,True,True
ry80wMW0W,2018,0.3330000000000002,1.333,1.0,5.0,True,True
ry831QWAb,2018,-0.6669999999999998,1.333,0.0,17.0,True,True
ryBnUWb0b,2018,0.6663333333333332,1.333,1.0,5.0,True,True
ryCM8zWRb,2018,0.3330000000000002,1.333,0.0,930.0,True,True
ryRh0bb0Z,2018,0.6663333333333332,1.333,1.0,9.0,True,True
ryTp3f-0-,2018,0.9996666666666671,1.333,1.0,16.0,True,True
ryUlhzWCZ,2018,-0.3336666666666668,1.333,1.0,2.0,True,True
ryZERzWCZ,2018,-0.6669999999999998,1.333,0.0,37.0,True,True
ryazCMbR-,2018,-0.0003333333333328,1.333,1.0,,True,False
rydeCEhs-,2018,0.9996666666666671,1.333,1.0,392.0,True,True
ryiAv2xAZ,2018,0.6663333333333332,1.333,1.0,116.0,True,True
ryj0790hb,2018,-0.6669999999999998,1.333,0.0,,True,False
ryj38zWRb,2018,-0.3336666666666668,1.333,0.0,202.0,True,True
rylSzl-R-,2018,0.9996666666666671,1.333,1.0,75.0,True,True
ryserbZR-,2018,-0.3336666666666668,1.333,0.0,99.0,True,True
rytNfI1AZ,2018,0.3330000000000002,1.333,1.0,42.0,True,True
ryup8-WCW,2018,0.9996666666666671,1.333,1.0,63.0,True,True
rywDjg-RW,2018,0.9996666666666671,1.333,1.0,56.0,True,True
rywHCPkAW,2018,0.3330000000000002,1.333,1.0,388.0,True,True
ryykVe-0W,2018,-1.0003333333333329,1.333,0.0,51.0,True,True
B1G5ViAqFm,2019,-0.666666666666667,1.25,1.0,8.0,True,True
B1G9doA9F7,2019,0.333333333333333,1.25,1.0,35.0,True,True
B1GAUs0cKQ,2019,0.0,1.25,1.0,13.0,True,True
B1GSBsRcFX,2019,-1.0,1.25,0.0,0.0,True,True
B1MAJhR5YX,2019,0.333333333333333,1.25,0.0,,True,False
B1MB5oRqtQ,2019,0.0,1.25,0.0,4.0,True,True
B1MIBs05F7,2019,-0.666666666666667,1.25,0.0,14.0,True,True
B1MXz20cYQ,2019,-0.333333333333333,1.25,1.0,89.0,True,True
B1MbDj0ctQ,2019,-0.333333333333333,1.25,0.0,32.0,True,True
B1VWtsA5tQ,2019,-0.333333333333333,1.25,0.0,,True,False
B1e0KsRcYQ,2019,-1.0,1.25,0.0,0.0,True,True
B1e4wo09K7,2019,-0.666666666666667,1.25,0.0,1.0,True,True
B1e9csRcFm,2019,-1.0,1.25,0.0,2.0,True,True
B1eSg3C9Ym,2019,0.0,1.25,0.0,0.0,True,True
B1eXbn05t7,2019,-0.333333333333333,1.25,0.0,1.0,True,True
B1exrnCcF7,2019,0.666666666666667,1.25,1.0,15.0,True,True
B1fbosCcYm,2019,0.0,1.25,0.0,4.0,True,True
B1fpDsAqt7,2019,0.333333333333333,1.25,1.0,4.0,True,True
B1g30j0qF7,2019,0.75,1.25,1.0,170.0,True,True
B1gHjoRqYQ,2019,-0.666666666666667,1.25,0.0,0.0,True,True
B1gTShAct7,2019,1.0,1.25,1.0,101.0,True,True
B1l08oAct7,2019,1.0,1.25,1.0,,True,False
B1lxH20qtX,2019,-1.0,1.25,0.0,45.0,True,True
B1lz-3Rct7,2019,0.666666666666667,1.25,1.0,55.0,True,True
B1x-LjAcKX,2019,0.333333333333333,1.25,0.0,,True,False
B1xY-hRctX,2019,0.0,1.25,1.0,46.0,True,True
B1xf9jAqFQ,2019,0.333333333333333,1.25,1.0,16.0,True,True
B1xhQhRcK7,2019,0.0,1.25,1.0,46.0,True,True
BJG0voC9YQ,2019,1.0,1.25,1.0,41.0,True,True
BJGVX3CqYm,2019,0.0,1.25,0.0,200.0,True,True
BJGfCjA5FX,2019,-1.0,1.25,0.0,2.0,True,True
BJGjOi09t7,2019,-1.0,1.25,0.0,6.0,True,True
BJe0Gn0cY7,2019,0.333333333333333,1.25,1.0,13.0,True,True
BJe1E2R5KX,2019,0.333333333333333,1.25,1.0,101.0,True,True
BJeOioA9Y7,2019,1.0,1.25,1.0,19.0,True,True
BJeWUs05KQ,2019,0.666666666666667,1.25,1.0,29.0,True,True
BJfIVjAcKm,2019,0.666666666666667,1.25,1.0,64.0,True,True
BJfRpoA9YX,2019,0.0,1.25,0.0,20.0,True,True
BJfYvo09Y7,2019,0.333333333333333,1.25,1.0,50.0,True,True
BJf_YjCqYX,2019,0.0,1.25,0.0,21.0,True,True
BJfguoAcFm,2019,0.0,1.25,0.0,,True,False
BJg9DoR9t7,2019,0.333333333333333,1.25,1.0,12.0,True,True
BJgGhiR5KX,2019,-0.333333333333333,1.25,0.0,,True,False
BJgLg3R9KQ,2019,0.666666666666667,1.25,1.0,16.0,True,True
BJgYl205tQ,2019,-0.666666666666667,1.25,0.0,5.0,True,True
BJgklhAcK7,2019,0.333333333333333,1.25,1.0,210.0,True,True
BJgolhR9Km,2019,-0.333333333333333,1.25,0.0,5.0,True,True
BJgqqsAct7,2019,0.666666666666667,1.25,1.0,81.0,True,True
BJgsN3R9Km,2019,-0.666666666666667,1.25,0.0,3.0,True,True
BJl4f2A5tQ,2019,-0.666666666666667,1.25,0.0,14.0,True,True
BJl6AjC5F7,2019,0.333333333333333,1.25,1.0,48.0,True,True
BJlXUsR5KQ,2019,-1.0,1.25,0.0,3.0,True,True
BJlgNh0qKQ,2019,0.666666666666667,1.25,1.0,44.0,True,True
BJluy2RcFm,2019,0.666666666666667,1.25,1.0,65.0,True,True
BJx0sjC5FX,2019,0.333333333333333,1.25,1.0,41.0,True,True
BJx1SsAcYQ,2019,-1.0,1.25,0.0,46.0,True,True
BJxLH2AcYX,2019,-1.0,1.25,0.0,,True,False
BJxOHs0cKm,2019,-0.333333333333333,1.25,0.0,39.0,True,True
BJxh2j0qYm,2019,0.5,1.25,1.0,212.0,True,True
BJxhijAcY7,2019,0.333333333333333,1.25,1.0,125.0,True,True
BJxssoA5KX,2019,1.0,1.25,1.0,8.0,True,True
BJxvEh0cFQ,2019,1.0,1.25,1.0,30.0,True,True
BkG5SjR5YQ,2019,0.333333333333333,1.25,1.0,1.0,True,True
BkG8sjR5Km,2019,0.666666666666667,1.25,1.0,56.0,True,True
BkMWx309FX,2019,0.0,1.25,0.0,15.0,True,True
BkMXkhA5Fm,2019,-0.333333333333333,1.25,0.0,3.0,True,True
Bke4KsA5FX,2019,1.0,1.25,1.0,77.0,True,True
Bke96sC5tm,2019,-1.0,1.25,0.0,131.0,True,True
BkeDEoCctQ,2019,-1.0,1.25,0.0,19.0,True,True
BkeK-nRcFX,2019,-0.666666666666667,1.25,0.0,7.0,True,True
BkeU5j0ctQ,2019,0.666666666666667,1.25,1.0,95.0,True,True
BkeUasA5YQ,2019,-0.333333333333333,1.25,0.0,13.0,True,True
BkedwoC5t7,2019,0.0,1.25,0.0,66.0,True,True
Bkeuz20cYm,2019,-1.0,1.25,0.0,15.0,True,True
BkewX2C9tX,2019,-1.0,1.25,0.0,385.0,True,True
BkfbpsAcF7,2019,0.333333333333333,1.25,1.0,59.0,True,True
Bkg2viA5FQ,2019,1.0,1.25,1.0,25.0,True,True
Bkg3g2R9FX,2019,-0.333333333333333,1.25,1.0,189.0,True,True
Bkg6RiCqY7,2019,0.0,1.25,1.0,9043.0,True,True
Bkg8jjC9KQ,2019,0.0,1.25,1.0,111.0,True,True
BkgBvsC9FQ,2019,0.333333333333333,1.25,1.0,33.0,True,True
BkgVx3A9Km,2019,-0.333333333333333,1.25,0.0,8.0,True,True
BkgWHnR5tm,2019,0.333333333333333,1.25,1.0,33.0,True,True
BkgosiRcKm,2019,-0.333333333333333,1.25,0.0,,True,False
BkgtDsCcKQ,2019,1.0,1.25,1.0,14.0,True,True
BkgzniCqY7,2019,0.666666666666667,1.25,1.0,104.0,True,True
Bkl-43C9FQ,2019,0.666666666666667,1.25,1.0,66.0,True,True
Bkl2SjCcKQ,2019,-1.0,1.25,0.0,12.0,True,True
BklCusRct7,2019,-0.333333333333333,1.25,1.0,10.0,True,True
BklHpjCqKm,2019,0.0,1.25,1.0,80.0,True,True
BklMjsRqY7,2019,0.333333333333333,1.25,1.0,0.0,True,True
BklUAoAcY7,2019,-0.333333333333333,1.25,0.0,6.0,True,True
Bklfsi0cKm,2019,0.0,1.25,1.0,107.0,True,True
BkloRs0qK7,2019,0.0,1.25,1.0,58.0,True,True
BklpOo09tQ,2019,0.0,1.25,0.0,6.0,True,True
BkxSHsC5FQ,2019,-1.0,1.25,0.0,26.0,True,True
Bkxbrn0cYX,2019,0.333333333333333,1.25,1.0,53.0,True,True
By40DoAqtX,2019,-1.0,1.25,0.0,2.0,True,True
By41BjA9YQ,2019,-0.333333333333333,1.25,0.0,29.0,True,True
ByGuynAct7,2019,1.0,1.25,1.0,16.0,True,True
ByME42AqK7,2019,0.0,1.25,1.0,66.0,True,True
ByMVTsR5KQ,2019,-0.333333333333333,1.25,1.0,95.0,True,True
ByN7Yo05YX,2019,-0.666666666666667,1.25,0.0,24.0,True,True
Bye5SiAqKX,2019,0.666666666666667,1.25,1.0,0.0,True,True
Bye9LiR9YX,2019,0.333333333333333,1.25,0.0,14.0,True,True
ByeMB3Act7,2019,1.0,1.25,1.0,10.0,True,True
ByeSdsC9Km,2019,0.666666666666667,1.25,1.0,10.0,True,True
ByecAoAqK7,2019,-1.0,1.25,0.0,18.0,True,True
Byey7n05FQ,2019,-1.0,1.25,1.0,66.0,True,True
ByftGnR9KX,2019,0.666666666666667,1.25,1.0,63.0,True,True
ByfyHh05tQ,2019,0.666666666666667,1.25,1.0,6.0,True,True
Byg0DsCqYQ,2019,0.0,1.25,1.0,19.0,True,True
BygANhA9tQ,2019,0.0,1.25,1.0,13.0,True,True
BygMAiRqK7,2019,-0.666666666666667,1.25,0.0,10.0,True,True
BygNqoR9tm,2019,0.25,1.25,0.0,30.0,True,True
ByghKiC5YX,2019,0.0,1.25,0.0,29.0,True,True
BylBr3C9K7,2019,1.0,1.25,1.0,26.0,True,True
BylE1205Fm,2019,0.0,1.25,1.0,20.0,True,True
BylIciRcYQ,2019,0.333333333333333,1.25,1.0,22.0,True,True
BylQV305YQ,2019,0.666666666666667,1.25,1.0,21.0,True,True
ByldlhAqYQ,2019,-0.333333333333333,1.25,1.0,9.0,True,True
Bylmkh05KX,2019,1.0,1.25,1.0,2.0,True,True
Bylnx209YX,2019,0.666666666666667,1.25,1.0,368.0,True,True
ByloJ20qtm,2019,0.0,1.25,1.0,46.0,True,True
Byx83s09Km,2019,1.0,1.25,1.0,11.0,True,True
ByxAcjCqt7,2019,-0.666666666666667,1.25,0.0,18.0,True,True
ByxBFsRqYm,2019,0.666666666666667,1.25,1.0,192.0,True,True
ByxGSsR9FQ,2019,0.333333333333333,1.25,1.0,33.0,True,True
ByxHb3R5tX,2019,-0.333333333333333,1.25,0.0,11.0,True,True
ByxPYjC5KQ,2019,0.666666666666667,1.25,1.0,82.0,True,True
ByxkijC5FQ,2019,-0.333333333333333,1.25,1.0,37.0,True,True
ByxmXnA9FQ,2019,-0.333333333333333,1.25,0.0,14.0,True,True
Byxpfh0cFm,2019,0.333333333333333,1.25,1.0,10.0,True,True
H1ERcs09KQ,2019,-0.666666666666667,1.25,0.0,2.0,True,True
H1M7soActX,2019,-1.0,1.25,0.0,94.0,True,True
H1MBuiAqtX,2019,-1.0,1.25,0.0,37.0,True,True
H1MW72AcK7,2019,1.0,1.25,1.0,27.0,True,True
H1MgjoR9tQ,2019,-0.333333333333333,1.25,1.0,3.0,True,True
H1V4QhAqYQ,2019,-0.666666666666667,1.25,0.0,50.0,True,True
H1e572A5tQ,2019,0.0,1.25,0.0,26.0,True,True
H1e8wsCqYX,2019,0.333333333333333,1.25,0.0,7.0,True,True
H1eSS3CcKX,2019,1.0,1.25,1.0,36.0,True,True
H1ebTsActm,2019,0.666666666666667,1.25,1.0,81.0,True,True
H1ecDoR5Y7,2019,-1.0,1.25,0.0,0.0,True,True
H1edIiA9KQ,2019,1.0,1.25,1.0,30.0,True,True
H1eqjiCctX,2019,0.333333333333333,1.25,1.0,4.0,True,True
H1ersoRqtm,2019,0.333333333333333,1.25,1.0,118.0,True,True
H1ewdiR5tQ,2019,0.0,1.25,1.0,78.0,True,True
H1fU8iAqKX,2019,0.666666666666667,1.25,1.0,13.0,True,True
H1g4k309F7,2019,0.0,1.25,1.0,15.0,True,True
H1g6osRcFQ,2019,0.666666666666667,1.25,1.0,47.0,True,True
H1gFuiA9KX,2019,-0.666666666666667,1.25,0.0,24.0,True,True
H1gKYo09tX,2019,0.0,1.25,1.0,,True,False
H1gL-2A9Ym,2019,-0.333333333333333,1.25,1.0,432.0,True,True
H1gR5iR5FX,2019,0.333333333333333,1.25,1.0,87.0,True,True
H1gTEj09FX,2019,1.0,1.25,1.0,13.0,True,True
H1gsz30cKX,2019,0.333333333333333,1.25,1.0,112.0,True,True
H1lC8o0cKX,2019,-0.333333333333333,1.25,0.0,2.0,True,True
H1lGHsA9KX,2019,-0.333333333333333,1.25,0.0,0.0,True,True
H1ldNoC9tX,2019,-0.666666666666667,1.25,0.0,10.0,True,True
H1lnJ2Rqt7,2019,-1.0,1.25,0.0,35.0,True,True
H1ltQ3R9KQ,2019,-1.0,1.25,0.0,74.0,True,True
H1x-x309tm,2019,0.666666666666667,1.25,1.0,94.0,True,True
H1xEtoRqtQ,2019,0.0,1.25,0.0,1.0,True,True
H1xEwsR9FX,2019,-0.333333333333333,1.25,0.0,,True,False
H1xQSjCqFQ,2019,-1.0,1.25,0.0,,True,False
H1xQVn09FX,2019,1.0,1.25,1.0,240.0,True,True
H1xipsA5K7,2019,0.666666666666667,1.25,1.0,7.0,True,True
H1xk8jAqKQ,2019,-1.0,1.25,0.0,25.0,True,True
H1xsSjC9Ym,2019,0.666666666666667,1.25,1.0,69.0,True,True
H1xwNhCcYm,2019,0.666666666666667,1.25,1.0,58.0,True,True
H1zeHnA9KX,2019,-0.333333333333333,1.25,1.0,10.0,True,True
H1ziPjC5Fm,2019,-0.333333333333333,1.25,1.0,26.0,True,True
HJG0ojCcFm,2019,-0.666666666666667,1.25,0.0,0.0,True,True
HJG7m2AcF7,2019,-0.333333333333333,1.25,0.0,0.0,True,True
HJGciiR5Y7,2019,0.666666666666667,1.25,1.0,11.0,True,True
HJGkisCcKm,2019,1.0,1.25,1.0,42.0,True,True
HJGven05Y7,2019,0.0,1.25,1.0,83.0,True,True
HJMC_iA5tm,2019,1.0,1.25,1.0,190.0,True,True
HJMCcjAcYX,2019,-1.0,1.25,1.0,8.0,True,True
HJMHpjC9Ym,2019,0.666666666666667,1.25,1.0,61.0,True,True
HJMghjA9YX,2019,-1.0,1.25,0.0,2.0,True,True
HJNJws0cF7,2019,-1.0,1.25,0.0,29.0,True,True
HJeABnCqKQ,2019,-0.666666666666667,1.25,0.0,41.0,True,True
HJeB0sC9Fm,2019,0.666666666666667,1.25,0.0,4.0,True,True
HJeKCi0qYX,2019,-0.333333333333333,1.25,0.0,27.0,True,True
HJePRoAct7,2019,0.0,1.25,0.0,26.0,True,True
HJeQToAqKQ,2019,-1.0,1.25,0.0,20.0,True,True
HJeRkh05Km,2019,1.0,1.25,1.0,37.0,True,True
HJeu43ActQ,2019,0.666666666666667,1.25,1.0,11.0,True,True
HJeuOiRqKQ,2019,-1.25,1.25,0.0,17.0,True,True
HJf9ZhC9FX,2019,-0.333333333333333,1.25,1.0,14.0,True,True
HJfSEnRqKQ,2019,0.666666666666667,1.25,1.0,31.0,True,True
HJfwJ2A5KX,2019,0.333333333333333,1.25,1.0,5.0,True,True
HJgXsjA5tQ,2019,1.0,1.25,1.0,39.0,True,True
HJgd1nAqFX,2019,0.666666666666667,1.25,1.0,9.0,True,True
HJgkx2Aqt7,2019,0.333333333333333,1.25,1.0,12.0,True,True
HJguLo0cKQ,2019,-1.0,1.25,0.0,7.0,True,True
HJgyAoRqFQ,2019,-0.666666666666667,1.25,0.0,3.0,True,True
HJl0jiRqtX,2019,-0.333333333333333,1.25,0.0,49.0,True,True
HJlLKjR9FQ,2019,-0.333333333333333,1.25,1.0,53.0,True,True
HJlNpoA5YQ,2019,1.0,1.25,1.0,7.0,True,True
HJlQfnCqKX,2019,0.666666666666667,1.25,1.0,86.0,True,True
HJlmHoR5tQ,2019,0.0,1.25,1.0,6.0,True,True
HJx7l309Fm,2019,-0.333333333333333,1.25,0.0,290.0,True,True
HJx9EhC9tQ,2019,1.0,1.25,1.0,42.0,True,True
HJxB5sRcFQ,2019,0.666666666666667,1.25,1.0,31.0,True,True
HJxYwiC5tm,2019,0.333333333333333,1.25,0.0,177.0,True,True
HJxpDiC5tX,2019,-0.666666666666667,1.25,0.0,,True,False
HJxyAjRcFX,2019,0.333333333333333,1.25,1.0,10.0,True,True
HJz05o0qK7,2019,0.333333333333333,1.25,1.0,24.0,True,True
Hk4dFjR5K7,2019,0.666666666666667,1.25,1.0,24.0,True,True
Hk4fpoA5Km,2019,1.0,1.25,1.0,67.0,True,True
HkElFj0qYQ,2019,-0.333333333333333,1.25,0.0,,True,False
HkG3e205K7,2019,0.666666666666667,1.25,1.0,12.0,True,True
HkGmDsR9YQ,2019,-0.666666666666667,1.25,0.0,100.0,True,True
HkMwHsCctm,2019,0.666666666666667,1.25,0.0,11.0,True,True
HkNGYjR9FX,2019,1.0,1.25,1.0,3.0,True,True
Hke-JhA9Y7,2019,1.0,1.25,1.0,15.0,True,True
Hke4l2AcKQ,2019,0.333333333333333,1.25,1.0,13.0,True,True
HkeGhoA5FX,2019,0.666666666666667,1.25,1.0,203.0,True,True
HkekMnR5Ym,2019,-0.666666666666667,1.25,0.0,6.0,True,True
HkeoOo09YX,2019,0.666666666666667,1.25,1.0,18.0,True,True
HkezXnA9YX,2019,-0.666666666666667,1.25,1.0,25.0,True,True
Hkf2_sC5FX,2019,0.666666666666667,1.25,1.0,577.0,True,True
HkfPSh05K7,2019,0.333333333333333,1.25,1.0,35.0,True,True
Hkg1YiAcK7,2019,0.0,1.25,0.0,6.0,True,True
Hkg313AcFX,2019,0.666666666666667,1.25,0.0,9.0,True,True
HkgEQnRqYQ,2019,1.0,1.25,1.0,771.0,True,True
HkgHk3RctX,2019,0.333333333333333,1.25,0.0,43.0,True,True
HkgSEnA5KQ,2019,0.0,1.25,1.0,8.0,True,True
HkgSk2A9Y7,2019,0.0,1.25,0.0,137.0,True,True
HkgTkhRcKQ,2019,1.0,1.25,1.0,29.0,True,True
HkgmzhC5F7,2019,-0.666666666666667,1.25,0.0,74.0,True,True
HkgqFiAcFm,2019,0.666666666666667,1.25,1.0,5.0,True,True
Hkl5aoR5tm,2019,0.333333333333333,1.25,1.0,44.0,True,True
HklKui0ct7,2019,0.666666666666667,1.25,1.0,2.0,True,True
HklSf3CqKm,2019,0.7999999999999998,1.25,1.0,15.0,True,True
Hklc6oAcFX,2019,-1.0,1.25,0.0,0.0,True,True
HklyMhCqYQ,2019,-0.333333333333333,1.25,0.0,3.0,True,True
HkxAisC9FQ,2019,-0.666666666666667,1.25,0.0,23.0,True,True
HkxKH2AcFm,2019,-0.666666666666667,1.25,1.0,34.0,True,True
HkxLXnAcFQ,2019,0.0,1.25,1.0,188.0,True,True
HkxMG209K7,2019,-0.75,1.25,0.0,2.0,True,True
HkxStoC5F7,2019,1.0,1.25,1.0,,True,False
HkxjYoCqKX,2019,1.0,1.25,1.0,16.0,True,True
HkzRQhR9YX,2019,0.666666666666667,1.25,1.0,35.0,True,True
HkzSQhCcK7,2019,0.0,1.25,1.0,,True,False
HkzZBi0cFQ,2019,-1.0,1.25,0.0,27.0,True,True
HyEl3o05Fm,2019,-0.333333333333333,1.25,0.0,226.0,True,True
HyGBdo0qFm,2019,0.666666666666667,1.25,1.0,61.0,True,True
HyGcghRct7,2019,-0.333333333333333,1.25,1.0,4.0,True,True
HyGh4sR9YQ,2019,-0.7999999999999998,1.25,0.0,557.0,True,True
HyM7AiA5YX,2019,0.666666666666667,1.25,1.0,15.0,True,True
HyMRaoAqKX,2019,-1.0,1.25,0.0,4.0,True,True
HyN-M2Rctm,2019,-0.333333333333333,1.25,1.0,1.0,True,True
Hye-LiR5Y7,2019,-0.333333333333333,1.25,0.0,7.0,True,True
Hye9lnCct7,2019,-0.333333333333333,1.25,1.0,7.0,True,True
HyeFAsRctQ,2019,0.333333333333333,1.25,1.0,9.0,True,True
HyeGBj09Fm,2019,0.333333333333333,1.25,1.0,14.0,True,True
HyeVtoRqtQ,2019,0.666666666666667,1.25,1.0,69.0,True,True
Hyewf3AqYX,2019,-0.333333333333333,1.25,0.0,3.0,True,True
HyexAiA5Fm,2019,0.333333333333333,1.25,1.0,13.0,True,True
Hyfg5o0qtm,2019,0.333333333333333,1.25,0.0,9.0,True,True
Hyg74h05tX,2019,-0.333333333333333,1.25,0.0,188.0,True,True
HygQBn0cYm,2019,0.333333333333333,1.25,1.0,78.0,True,True
HygUOoC5KX,2019,-0.5,1.25,0.0,27.0,True,True
HygjqjR9Km,2019,0.666666666666667,1.25,1.0,42.0,True,True
Hygn2o0qKX,2019,0.75,1.25,1.0,45.0,True,True
HygsfnR9Ym,2019,0.666666666666667,1.25,1.0,25.0,True,True
HygtHnR5tQ,2019,-0.666666666666667,1.25,0.0,,True,False
Hygxb2CqKm,2019,0.333333333333333,1.25,1.0,73.0,True,True
HylSk205YQ,2019,-0.666666666666667,1.25,0.0,21.0,True,True
HylTBhA5tQ,2019,0.666666666666667,1.25,1.0,62.0,True,True
HylTXn0qYX,2019,-0.25,1.25,1.0,4.0,True,True
HylVB3AqYm,2019,0.333333333333333,1.25,1.0,285.0,True,True
Hyl_vjC5KQ,2019,0.0,1.25,1.0,20.0,True,True
HylsgnCcFQ,2019,-1.0,1.25,0.0,65.0,True,True
Hyx4knR9Ym,2019,-0.333333333333333,1.25,1.0,39.0,True,True
Hyx6Bi0qYm,2019,1.0,1.25,1.0,28.0,True,True
HyxAfnA5tm,2019,1.0,1.25,1.0,48.0,True,True
HyxCxhRcY7,2019,0.666666666666667,1.25,1.0,401.0,True,True
HyxGB2AcY7,2019,0.666666666666667,1.25,1.0,28.0,True,True
HyxKIiAqYQ,2019,0.666666666666667,1.25,1.0,252.0,True,True
HyxOIoRqFQ,2019,-1.0,1.25,0.0,2.0,True,True
Hyxsl2AqKm,2019,-1.0,1.25,0.0,50.0,True,True
HyzMyhCcK7,2019,0.666666666666667,1.25,1.0,35.0,True,True
HyzdRiR9Y7,2019,0.666666666666667,1.25,1.0,396.0,True,True
HyztsoC5Y7,2019,-0.666666666666667,1.25,1.0,101.0,True,True
S14h9sCqYm,2019,-1.0,1.25,0.0,9.0,True,True
S1E3Ko09F7,2019,0.666666666666667,1.25,1.0,40.0,True,True
S1EERs09YQ,2019,0.0,1.25,1.0,5.0,True,True
S1EHOsC9tX,2019,0.666666666666667,1.25,1.0,86.0,True,True
S1GcHsAqtm,2019,-0.333333333333333,1.25,0.0,4.0,True,True
S1GkToR5tm,2019,0.333333333333333,1.25,1.0,27.0,True,True
S1M6Z2Cctm,2019,-1.0,1.25,1.0,13.0,True,True
S1MB-3RcF7,2019,-0.333333333333333,1.25,0.0,26.0,True,True
S1VWjiRcKX,2019,0.0,1.25,1.0,24.0,True,True
S1eK3i09YQ,2019,0.5,1.25,1.0,418.0,True,True
S1eOHo09KX,2019,0.333333333333333,1.25,1.0,11.0,True,True
S1eYHoC5FX,2019,1.0,1.25,1.0,1401.0,True,True
S1e_H3AqYQ,2019,-0.666666666666667,1.25,0.0,1.0,True,True
S1ecm2C9K7,2019,0.333333333333333,1.25,1.0,10.0,True,True
S1en0sRqKm,2019,0.0,1.25,0.0,46.0,True,True
S1erHoR5t7,2019,0.333333333333333,1.25,1.0,581.0,True,True
S1ey2sRcYQ,2019,0.333333333333333,1.25,0.0,6.0,True,True
S1fUpoR5FQ,2019,1.0,1.25,1.0,48.0,True,True
S1fcnoR9K7,2019,-1.0,1.25,0.0,,True,False
S1g2JnRcFX,2019,1.0,1.25,1.0,222.0,True,True
S1g2V3Cct7,2019,-1.0,1.25,0.0,376.0,True,True
S1gOpsCctm,2019,0.666666666666667,1.25,1.0,29.0,True,True
S1gUsoR9YX,2019,1.0,1.25,1.0,129.0,True,True
S1lDV3RcKm,2019,0.666666666666667,1.25,1.0,59.0,True,True
S1lIMn05F7,2019,0.0,1.25,1.0,23.0,True,True
S1lTEh09FQ,2019,0.0,1.25,1.0,20.0,True,True
S1lTg3RqYQ,2019,0.333333333333333,1.25,1.0,37.0,True,True
S1lg0jAcYm,2019,1.0,1.25,1.0,34.0,True,True
S1lhbnRqF7,2019,0.666666666666667,1.25,1.0,43.0,True,True
S1lqMn05Ym,2019,0.333333333333333,1.25,1.0,24.0,True,True
S1lvm305YQ,2019,0.333333333333333,1.25,1.0,17.0,True,True
S1x2Fj0qKQ,2019,1.0,1.25,1.0,15.0,True,True
S1xLN3C9YX,2019,0.0,1.25,1.0,13.0,True,True
S1xNEhR9KX,2019,0.333333333333333,1.25,1.0,9.0,True,True
S1xNb2A9YX,2019,0.666666666666667,1.25,1.0,4.0,True,True
S1xcx3C5FX,2019,1.0,1.25,1.0,18.0,True,True
S1xiOjC9F7,2019,-0.333333333333333,1.25,0.0,237.0,True,True
S1xtAjR5tX,2019,0.0,1.25,1.0,23.0,True,True
SJ4Z72Rctm,2019,-0.666666666666667,1.25,0.0,13.0,True,True
SJ4vTjRqtQ,2019,-0.666666666666667,1.25,0.0,,True,False
SJG6G2RqtX,2019,0.666666666666667,1.25,1.0,8.0,True,True
SJGvns0qK7,2019,0.25,1.25,1.0,4.0,True,True
SJLhxnRqFQ,2019,-0.333333333333333,1.25,0.0,2.0,True,True
SJMnG2C9YX,2019,-0.666666666666667,1.25,0.0,16.0,True,True
SJe3HiC5KX,2019,0.333333333333333,1.25,1.0,12.0,True,True
SJe9rh0cFX,2019,1.0,1.25,1.0,18.0,True,True
SJeUAj05tQ,2019,0.0,1.25,0.0,15.0,True,True
SJekyhCctQ,2019,0.666666666666667,1.25,0.0,8.0,True,True
SJequsCqKQ,2019,-1.0,1.25,0.0,28.0,True,True
SJfPFjA9Fm,2019,-0.333333333333333,1.25,1.0,17.0,True,True
SJfZKiC5FX,2019,0.333333333333333,1.25,1.0,,True,False
SJf_XhCqKm,2019,-0.666666666666667,1.25,0.0,3.0,True,True
SJfb5jCqKm,2019,1.0,1.25,1.0,37.0,True,True
SJggZnRcFQ,2019,0.0,1.25,1.0,5.0,True,True
SJgs1n05YQ,2019,-0.666666666666667,1.25,0.0,11.0,True,True
SJgw_sRqFQ,2019,-0.333333333333333,1.25,1.0,66.0,True,True
SJl2niR9KQ,2019,0.666666666666667,1.25,1.0,30.0,True,True
SJl98sR5tX,2019,0.0,1.25,0.0,2.0,True,True
SJx94o0qYX,2019,0.0,1.25,0.0,10.0,True,True
SJxCsj0qYX,2019,-0.666666666666667,1.25,0.0,18.0,True,True
SJxTroR9F7,2019,1.0,1.25,1.0,3.0,True,True
SJxsV2R5FQ,2019,1.0,1.25,1.0,2.0,True,True
SJxzPsAqFQ,2019,-1.25,1.25,0.0,,True,False
SJz6MnC5YQ,2019,-0.666666666666667,1.25,0.0,15.0,True,True
SJzR2iRcK7,2019,0.0,1.25,1.0,17.0,True,True
SJzSgnRcKX,2019,1.0,1.25,1.0,139.0,True,True
SJzYdsAqY7,2019,-1.0,1.25,0.0,9.0,True,True
SJzqpj09YQ,2019,-0.333333333333333,1.25,1.0,7.0,True,True
SJzuHiA9tQ,2019,-1.0,1.25,0.0,38.0,True,True
SJzwvoCqF7,2019,0.333333333333333,1.25,0.0,12.0,True,True
Sk4jFoA9K7,2019,0.5,1.25,1.0,19.0,True,True
SkE6PjC9KX,2019,0.333333333333333,1.25,1.0,27.0,True,True
SkEYojRqtm,2019,1.0,1.25,1.0,53.0,True,True
SkEqro0ctQ,2019,0.333333333333333,1.25,1.0,69.0,True,True
SkGpW3C5KX,2019,-0.666666666666667,1.25,0.0,39.0,True,True
SkGuG2R5tm,2019,0.333333333333333,1.25,1.0,26.0,True,True
SkMQg3C5K7,2019,1.0,1.25,1.0,114.0,True,True
SkMwpiR9Y7,2019,0.0,1.25,1.0,17.0,True,True
SkNksoRctQ,2019,0.333333333333333,1.25,1.0,23.0,True,True
Ske7ToC5Km,2019,-1.0,1.25,0.0,8.0,True,True
SkeK3s0qKQ,2019,1.25,1.25,1.0,162.0,True,True
SkeRTsAcYm,2019,0.666666666666667,1.25,1.0,79.0,True,True
SkeVsiAcYm,2019,0.0,1.25,1.0,12.0,True,True
SkeXehR9t7,2019,-0.666666666666667,1.25,0.0,162.0,True,True
SkeZisA5t7,2019,0.666666666666667,1.25,1.0,8.0,True,True
Skeke3C5Fm,2019,0.333333333333333,1.25,1.0,43.0,True,True
SkelJnRqt7,2019,-0.333333333333333,1.25,0.0,10.0,True,True
SkfMWhAqYQ,2019,0.666666666666667,1.25,1.0,150.0,True,True
SkfhIo0qtQ,2019,-0.666666666666667,1.25,0.0,3.0,True,True
SkfrvsA9FX,2019,0.333333333333333,1.25,1.0,235.0,True,True
SkgEaj05t7,2019,0.333333333333333,1.25,1.0,28.0,True,True
SkgVRiC9Km,2019,0.0,1.25,0.0,29.0,True,True
SkghN205KQ,2019,-0.666666666666667,1.25,0.0,0.0,True,True
SkgkJn05YX,2019,-0.333333333333333,1.25,0.0,16.0,True,True
SkgzYiRqtX,2019,-0.666666666666667,1.25,0.0,26.0,True,True
Skh4jRcKQ,2019,0.666666666666667,1.25,1.0,62.0,True,True
SklVEnR5K7,2019,-0.666666666666667,1.25,0.0,377.0,True,True
SklXvs0qt7,2019,-0.666666666666667,1.25,0.0,42.0,True,True
SklckhR5Ym,2019,-0.666666666666667,1.25,0.0,,True,False
SklgHoRqt7,2019,-1.0,1.25,0.0,6.0,True,True
SkloDjAqYm,2019,1.0,1.25,1.0,6.0,True,True
Sklr9i09KQ,2019,-0.25,1.25,0.0,12.0,True,True
Sklsm20ctX,2019,0.25,1.25,1.0,3.0,True,True
Sklv5iRqYX,2019,0.333333333333333,1.25,1.0,23.0,True,True
SkxXg2C5FX,2019,1.0,1.25,1.0,24.0,True,True
SkxbDsR9Ym,2019,-1.0,1.25,0.0,,True,False
SkxxIs0qY7,2019,0.666666666666667,1.25,0.0,16.0,True,True
Sy4lojC9tm,2019,-0.666666666666667,1.25,0.0,22.0,True,True
SyGjjsC5tQ,2019,0.666666666666667,1.25,1.0,10.0,True,True
SyMDXnCcF7,2019,0.666666666666667,1.25,1.0,53.0,True,True
SyMWn05F7,2019,-0.333333333333333,1.25,1.0,37.0,True,True
SyNvti09KQ,2019,0.333333333333333,1.25,1.0,16.0,True,True
SyVuRiC5K7,2019,0.0,1.25,1.0,486.0,True,True
SyeKf30cFQ,2019,-1.0,1.25,0.0,0.0,True,True
SyehMhC9Y7,2019,-0.333333333333333,1.25,0.0,55.0,True,True
SyezvsC5tX,2019,-0.333333333333333,1.25,0.0,36.0,True,True
Syf9Q209YQ,2019,-0.333333333333333,1.25,0.0,13.0,True,True
SyfIfnC5Ym,2019,0.0,1.25,1.0,47.0,True,True
SygONjRqKm,2019,-0.333333333333333,1.25,0.0,0.0,True,True
SygQvs0cFQ,2019,-1.0,1.25,1.0,3.0,True,True
Sygx4305KQ,2019,-0.333333333333333,1.25,0.0,,True,False
Syl7OsRqY7,2019,0.0,1.25,1.0,47.0,True,True
SylKoo0cKm,2019,1.0,1.25,1.0,45.0,True,True
SylLYsCcFm,2019,0.666666666666667,1.25,1.0,43.0,True,True
SylPMnR9Ym,2019,0.333333333333333,1.25,1.0,7.0,True,True
SylU3jC5Y7,2019,-0.333333333333333,1.25,0.0,2.0,True,True
Syx5V2CcFm,2019,0.666666666666667,1.25,1.0,8.0,True,True
Syx72jC9tm,2019,1.0,1.25,1.0,113.0,True,True
SyxZJn05YX,2019,1.0,1.25,1.0,14.0,True,True
Syx_Ss05tm,2019,0.0,1.25,1.0,21.0,True,True
SyxfEn09Y7,2019,1.0,1.25,1.0,4.0,True,True
Syxt2jC5FX,2019,0.333333333333333,1.25,1.0,1.0,True,True
Syxt5oC5YQ,2019,0.0,1.25,1.0,7.0,True,True
SyxtJh0qYm,2019,0.333333333333333,1.25,1.0,67.0,True,True
r14EOsCqKX,2019,-0.333333333333333,1.25,1.0,70.0,True,True
r1GAsjC5Fm,2019,1.0,1.25,1.0,134.0,True,True
r1GB5jA5tm,2019,-0.666666666666667,1.25,0.0,,True,False
r1GkMhAqYm,2019,-0.333333333333333,1.25,0.0,14.0,True,True
r1MSBjA9Ym,2019,-0.333333333333333,1.25,0.0,242.0,True,True
r1My6sR9tX,2019,0.75,1.25,1.0,128.0,True,True
r1VPNiA5Fm,2019,-0.666666666666667,1.25,0.0,15.0,True,True
r1e13s05YX,2019,1.0,1.25,1.0,11.0,True,True
r1eEG20qKQ,2019,0.333333333333333,1.25,1.0,29.0,True,True
r1eVMnA9K7,2019,0.666666666666667,1.25,1.0,49.0,True,True
r1efr3C9Ym,2019,0.0,1.25,1.0,30.0,True,True
r1eiqi09K7,2019,1.0,1.25,1.0,93.0,True,True
r1f0YiCctm,2019,0.666666666666667,1.25,1.0,10.0,True,True
r1f78iAcFm,2019,-0.666666666666667,1.25,0.0,11.0,True,True
r1fE3sAcYQ,2019,-0.333333333333333,1.25,0.0,12.0,True,True
r1g1LoAcFm,2019,-1.0,1.25,0.0,1.0,True,True
r1g4E3C9t7,2019,0.333333333333333,1.25,1.0,86.0,True,True
r1gEqiC9FX,2019,0.333333333333333,1.25,1.0,3.0,True,True
r1gNni0qtm,2019,0.666666666666667,1.25,1.0,6.0,True,True
r1gR2sC9FX,2019,-0.75,1.25,0.0,164.0,True,True
r1gl7hC5Km,2019,-0.666666666666667,1.25,0.0,95.0,True,True
r1l73iRqKm,2019,1.0,1.25,1.0,481.0,True,True
r1l9Nj09YQ,2019,-1.0,1.25,0.0,0.0,True,True
r1lWUoA9FQ,2019,1.0,1.25,1.0,,True,False
r1lq1hRqYQ,2019,0.333333333333333,1.25,1.0,67.0,True,True
r1lrAiA5Ym,2019,0.0,1.25,1.0,35.0,True,True
r1x4BnCqKX,2019,0.666666666666667,1.25,1.0,,True,False
r1xN5oA5tm,2019,-1.0,1.25,0.0,10.0,True,True
r1xQQhAqKX,2019,1.0,1.25,1.0,36.0,True,True
r1xX42R5Fm,2019,0.333333333333333,1.25,1.0,16.0,True,True
r1xYr3C5t7,2019,-1.0,1.25,0.0,5.0,True,True
r1xdH3CcKX,2019,0.0,1.25,1.0,32.0,True,True
r1xwKoR9Y7,2019,0.0,1.25,1.0,34.0,True,True
r1zOg309tX,2019,-1.0,1.25,0.0,8.0,True,True
rJ4km2R5t7,2019,0.666666666666667,1.25,1.0,554.0,True,True
rJe10iC5K7,2019,0.0,1.25,1.0,25.0,True,True
rJeXCo0cYX,2019,0.333333333333333,1.25,1.0,68.0,True,True
rJeZS3RcYm,2019,-0.666666666666667,1.25,0.0,160.0,True,True
rJed6j0cKX,2019,0.666666666666667,1.25,1.0,155.0,True,True
rJevYoA9Fm,2019,0.333333333333333,1.25,1.0,60.0,True,True
rJg4J3CqFm,2019,-0.333333333333333,1.25,1.0,9.0,True,True
rJg6ssC5Y7,2019,0.333333333333333,1.25,1.0,6.0,True,True
rJg8yhAqKm,2019,-0.333333333333333,1.25,1.0,46.0,True,True
rJgYxn09Fm,2019,1.0,1.25,1.0,25.0,True,True
rJgbSn09Ym,2019,1.0,1.25,1.0,106.0,True,True
rJgfjjC9Ym,2019,-0.333333333333333,1.25,0.0,17.0,True,True
rJl-HsR9KX,2019,0.0,1.25,0.0,109.0,True,True
rJl0r3R9KX,2019,0.333333333333333,1.25,1.0,56.0,True,True
rJl2E3AcF7,2019,-0.333333333333333,1.25,0.0,2.0,True,True
rJl4BsR5KX,2019,-1.0,1.25,0.0,0.0,True,True
rJl8viCqKQ,2019,-0.666666666666667,1.25,0.0,53.0,True,True
rJlDnoA5Y7,2019,0.333333333333333,1.25,1.0,54.0,True,True
rJlEojAqFm,2019,0.5,1.25,1.0,27.0,True,True
rJlHIo09KQ,2019,-0.333333333333333,1.25,0.0,6.0,True,True
rJliMh09F7,2019,0.666666666666667,1.25,1.0,126.0,True,True
rJlk6iRqKX,2019,0.666666666666667,1.25,1.0,104.0,True,True
rJlnB3C5Ym,2019,0.333333333333333,1.25,1.0,742.0,True,True
rJxHsjRqFQ,2019,0.666666666666667,1.25,1.0,46.0,True,True
rJxMM2C5K7,2019,-0.333333333333333,1.25,0.0,5.0,True,True
rJxgknCcK7,2019,1.0,1.25,1.0,137.0,True,True
rJxug2R9Km,2019,-0.666666666666667,1.25,0.0,10.0,True,True
rk4Qso0cKm,2019,0.666666666666667,1.25,1.0,89.0,True,True
rkMD73A5FX,2019,-0.333333333333333,1.25,0.0,15.0,True,True
rkMW1hRqKX,2019,0.666666666666667,1.25,1.0,5.0,True,True
rkMhusC5Y7,2019,-0.666666666666667,1.25,0.0,8.0,True,True
rkMnHjC5YQ,2019,-0.333333333333333,1.25,0.0,6.0,True,True
rke4HiAcY7,2019,-0.666666666666667,1.25,1.0,18.0,True,True
rkeMHjR9Ym,2019,0.333333333333333,1.25,0.0,4.0,True,True
rkeT8iR9Y7,2019,-1.0,1.25,0.0,5.0,True,True
rkeUrjCcYQ,2019,0.333333333333333,1.25,0.0,43.0,True,True
rkeYUsRqKQ,2019,-1.0,1.25,0.0,,True,False
rkemqsC9Fm,2019,0.333333333333333,1.25,1.0,1.0,True,True
rket4i0qtX,2019,-0.333333333333333,1.25,0.0,,True,False
rkevMnRqYQ,2019,0.5,1.25,1.0,15.0,True,True
rkgK3oC5Fm,2019,0.666666666666667,1.25,1.0,23.0,True,True
rkgKBhA5Y7,2019,0.666666666666667,1.25,1.0,149.0,True,True
rkgT3jRct7,2019,0.333333333333333,1.25,1.0,7.0,True,True
rkgW0oA9FX,2019,0.666666666666667,1.25,1.0,115.0,True,True
rkgbwsAcYm,2019,0.333333333333333,1.25,1.0,88.0,True,True
rkgoyn09KQ,2019,1.0,1.25,1.0,,True,False
rkgsvoA9K7,2019,0.0,1.25,0.0,,True,False
rkgwuiA9F7,2019,0.0,1.25,0.0,17.0,True,True
rklXaoAcFX,2019,-1.25,1.25,0.0,0.0,True,True
rklaWn0qK7,2019,1.0,1.25,1.0,56.0,True,True
rklz9iAcKQ,2019,1.0,1.25,1.0,76.0,True,True
rkx1m2C5YQ,2019,0.0,1.25,0.0,30.0,True,True
rkxJus0cFX,2019,-1.0,1.25,0.0,38.0,True,True
rkxQ-nA9FX,2019,1.0,1.25,1.0,37.0,True,True
rkxaNjA9Ym,2019,0.0,1.25,1.0,9.0,True,True
rkxacs0qY7,2019,0.333333333333333,1.25,1.0,115.0,True,True
rkxciiC9tm,2019,1.0,1.25,1.0,2.0,True,True
rkxhX209FX,2019,-0.666666666666667,1.25,0.0,1.0,True,True
rkxjnjA5KQ,2019,0.0,1.25,0.0,40.0,True,True
rkxn7nR5KX,2019,-1.0,1.25,0.0,30.0,True,True
rkxoNnC5FQ,2019,0.666666666666667,1.25,1.0,27.0,True,True
rkxraoRcF7,2019,0.333333333333333,1.25,0.0,19.0,True,True
rkxt8oC9FQ,2019,-0.666666666666667,1.25,0.0,56.0,True,True
rkxusjRctQ,2019,0.0,1.25,0.0,17.0,True,True
rkxw-hAcFQ,2019,0.333333333333333,1.25,1.0,37.0,True,True
rkzDIiA5YQ,2019,0.0,1.25,1.0,25.0,True,True
rkzjUoAcFX,2019,0.666666666666667,1.25,1.0,75.0,True,True
ryE98iR5tm,2019,0.666666666666667,1.25,1.0,46.0,True,True
ryEkcsActX,2019,-0.333333333333333,1.25,0.0,,True,False
ryGgSsAcFQ,2019,1.0,1.25,1.0,6.0,True,True
ryGkSo0qYm,2019,0.333333333333333,1.25,1.0,40.0,True,True
ryMQ5sRqYX,2019,-1.0,1.25,0.0,17.0,True,True
rye4g3AqFm,2019,-0.666666666666667,1.25,1.0,86.0,True,True
rye7knCqK7,2019,0.333333333333333,1.25,1.0,44.0,True,True
ryeNPi0qKX,2019,0.0,1.25,0.0,41.0,True,True
ryeOSnAqYm,2019,0.333333333333333,1.25,1.0,16.0,True,True
ryeYHi0ctQ,2019,0.333333333333333,1.25,1.0,84.0,True,True
ryeh4jA9F7,2019,-0.666666666666667,1.25,0.0,14.0,True,True
ryepUj0qtX,2019,-1.0,1.25,1.0,12.0,True,True
ryetZ20ctX,2019,0.666666666666667,1.25,1.0,35.0,True,True
ryewE3R5YX,2019,-0.666666666666667,1.25,0.0,52.0,True,True
ryf6Fs09YX,2019,0.666666666666667,1.25,1.0,4.0,True,True
ryf7ioRqFX,2019,0.0,1.25,1.0,12.0,True,True
ryfMLoCqtQ,2019,1.0,1.25,1.0,38.0,True,True
ryfz73C9KQ,2019,-0.666666666666667,1.25,0.0,47.0,True,True
rygZJ2RcF7,2019,-0.666666666666667,1.25,0.0,5.0,True,True
ryggIs0cYQ,2019,1.0,1.25,1.0,146.0,True,True
rygjN3C9F7,2019,0.0,1.25,0.0,4.0,True,True
rygjcsR9Y7,2019,1.0,1.25,1.0,28.0,True,True
rygkk305YQ,2019,0.333333333333333,1.25,1.0,45.0,True,True
rygnfn0qF7,2019,0.0,1.25,0.0,18.0,True,True
rygp3iRcF7,2019,-0.666666666666667,1.25,0.0,0.0,True,True
rygqqsA9KX,2019,0.666666666666667,1.25,1.0,197.0,True,True
ryl8-3AcFX,2019,0.0,1.25,1.0,33.0,True,True
rylNH20qFQ,2019,0.666666666666667,1.25,1.0,50.0,True,True
rylqooRqK7,2019,0.666666666666667,1.25,1.0,285.0,True,True
ryxSrhC9KX,2019,0.333333333333333,1.25,1.0,25.0,True,True
ryxY73AcK7,2019,-0.666666666666667,1.25,0.0,31.0,True,True
ryxepo0cFX,2019,0.666666666666667,1.25,1.0,86.0,True,True
ryxhB3CcK7,2019,1.0,1.25,0.0,32.0,True,True
ryxnHhRqFm,2019,1.0,1.25,1.0,34.0,True,True
ryzECoAcY7,2019,0.0,1.25,1.0,75.0,True,True
B1e-kxSKDH,2020,0.5,1.167,1.0,18.0,True,True
B1e3OlStPB,2020,1.166666666666667,1.167,1.0,17.0,True,True
B1e9Y2NYvS,2020,1.166666666666667,1.167,1.0,39.0,True,True
B1eB5xSFvr,2020,-0.5,1.167,1.0,75.0,True,True
B1eQcCEtDB,2020,-0.5,1.167,0.0,13.0,True,True
B1eXygBFPH,2020,-1.0,1.167,0.0,62.0,True,True
B1em9h4KDS,2020,0.5,1.167,0.0,1.0,True,True
B1esx6EYvr,2020,-1.166666666666667,1.167,1.0,65.0,True,True
B1eyO1BFPr,2020,0.5,1.167,1.0,162.0,True,True
B1g5sA4twr,2020,1.166666666666667,1.167,1.0,,True,False
B1g8VkHFPH,2020,0.5,1.167,1.0,62.0,True,True
B1gF56VYPH,2020,-0.5,1.167,1.0,0.0,True,True
B1gHokBKwS,2020,1.0,1.167,1.0,5.0,True,True
B1gX8kBtPr,2020,0.1666666666666669,1.167,1.0,2.0,True,True
B1gZV1HYvS,2020,1.166666666666667,1.167,1.0,3.0,True,True
B1gdkxHFDH,2020,1.166666666666667,1.167,1.0,53.0,True,True
B1gskyStwr,2020,0.5,1.167,1.0,2.0,True,True
B1guLAVFDB,2020,0.25,1.167,1.0,0.0,True,True
B1l0wp4tvr,2020,-0.5,1.167,0.0,23.0,True,True
B1l1qnEFwH,2020,-0.5,1.167,0.0,2.0,True,True
B1l4SgHKDH,2020,0.5,1.167,1.0,15.0,True,True
B1l6y0VFPr,2020,0.1666666666666669,1.167,1.0,34.0,True,True
B1l8L6EtDS,2020,0.833333333333333,1.167,1.0,11.0,True,True
B1lGU64tDr,2020,-0.5,1.167,1.0,2.0,True,True
B1lPaCNtPB,2020,1.166666666666667,1.167,1.0,17.0,True,True
B1x2eCNFvH,2020,-0.5,1.167,0.0,7.0,True,True
B1x3EgHtwB,2020,-1.0,1.167,0.0,9.0,True,True
B1x62TNtDS,2020,0.5,1.167,1.0,32.0,True,True
B1x6BTEKwr,2020,-0.5,1.167,1.0,19.0,True,True
B1x6w0EtwH,2020,0.5,1.167,1.0,36.0,True,True
B1x8anVFPr,2020,0.5,1.167,0.0,109.0,True,True
B1xGGTEtDH,2020,0.1666666666666669,1.167,0.0,29.0,True,True
B1xIj3VYvr,2020,-0.5,1.167,1.0,8.0,True,True
B1xSperKvH,2020,0.5,1.167,1.0,43.0,True,True
B1xfElrKPr,2020,-0.5,1.167,0.0,37.0,True,True
B1xq264YvH,2020,0.833333333333333,1.167,0.0,23.0,True,True
B1xtd1HtPS,2020,-0.5,1.167,0.0,10.0,True,True
B1xv9pEKDS,2020,-0.5,1.167,0.0,9.0,True,True
B1xxAJHFwS,2020,-0.5,1.167,0.0,16.0,True,True
B1xybgSKwB,2020,0.1666666666666669,1.167,0.0,13.0,True,True
BJe-_CNKPH,2020,-1.166666666666667,1.167,0.0,69.0,True,True
BJe8pkHFwS,2020,0.5,1.167,1.0,337.0,True,True
BJeB5hVtvB,2020,0.5,1.167,1.0,12.0,True,True
BJeGlJStPr,2020,-0.25,1.167,1.0,1.0,True,True
BJeKh3VYDH,2020,1.166666666666667,1.167,1.0,3.0,True,True
BJeKwTNFvB,2020,0.5,1.167,1.0,12.0,True,True
BJeS62EtwH,2020,1.166666666666667,1.167,1.0,19.0,True,True
BJeTCAEtDB,2020,-0.833333333333333,1.167,0.0,3.0,True,True
BJedHRVtPB,2020,0.5,1.167,1.0,126.0,True,True
BJepcaEtwB,2020,0.5,1.167,0.0,30.0,True,True
BJevJCVYvB,2020,-0.75,1.167,0.0,6.0,True,True
BJewlyStDr,2020,0.5,1.167,1.0,21.0,True,True
BJg15lrKvS,2020,-0.5,1.167,0.0,64.0,True,True
BJg1f6EFDB,2020,1.166666666666667,1.167,1.0,76.0,True,True
BJg4NgBKvH,2020,0.5,1.167,1.0,69.0,True,True
BJg641BKPH,2020,-0.833333333333333,1.167,0.0,22.0,True,True
BJg73xHtvr,2020,-0.5,1.167,0.0,35.0,True,True
BJg866NFvB,2020,1.166666666666667,1.167,1.0,31.0,True,True
BJg9hTNKPH,2020,0.5,1.167,0.0,249.0,True,True
BJgMFxrYPB,2020,0.5,1.167,1.0,8.0,True,True
BJgQ4lSFPH,2020,0.1666666666666669,1.167,1.0,100.0,True,True
BJgQfkSYDS,2020,0.1666666666666669,1.167,1.0,91.0,True,True
BJgWE1SFwS,2020,0.25,1.167,1.0,1.0,True,True
BJgWbpEtPr,2020,-0.833333333333333,1.167,0.0,,True,False
BJgZGeHFPH,2020,0.75,1.167,1.0,8.0,True,True
BJgd81SYwr,2020,0.1666666666666669,1.167,1.0,4.0,True,True
BJgr4kSFDS,2020,1.166666666666667,1.167,1.0,79.0,True,True
BJgy96EYvr,2020,1.166666666666667,1.167,1.0,5.0,True,True
BJl-5pNKDB,2020,0.5,1.167,1.0,9.0,True,True
BJl2_nVFPB,2020,-0.5,1.167,1.0,34.0,True,True
BJl4g0NYvB,2020,-0.5,1.167,0.0,45.0,True,True
BJlAzTEKwS,2020,-0.833333333333333,1.167,0.0,8.0,True,True
BJlBSkHtDS,2020,1.166666666666667,1.167,1.0,16.0,True,True
BJlLdhNFPr,2020,-0.5,1.167,0.0,13.0,True,True
BJlRs34Fvr,2020,1.166666666666667,1.167,1.0,175.0,True,True
BJlS634tPr,2020,1.166666666666667,1.167,1.0,389.0,True,True
BJlZ5ySKPH,2020,1.166666666666667,1.167,1.0,300.0,True,True
BJlgt2EYwr,2020,-1.0,1.167,0.0,45.0,True,True
BJlguT4YPr,2020,0.5,1.167,1.0,17.0,True,True
BJliakStvH,2020,0.25,1.167,1.0,18.0,True,True
BJlkgaNKvr,2020,-0.5,1.167,0.0,4.0,True,True
BJlowyHYPr,2020,-0.833333333333333,1.167,0.0,4.0,True,True
BJlzm64tDH,2020,1.166666666666667,1.167,1.0,25.0,True,True
BJx040EFvH,2020,1.166666666666667,1.167,1.0,485.0,True,True
BJx8YnEFPH,2020,-0.5,1.167,0.0,45.0,True,True
BJxAHgSYDB,2020,-0.5,1.167,0.0,5.0,True,True
BJxG_0EtDS,2020,1.166666666666667,1.167,1.0,8.0,True,True
BJxH22EKPS,2020,0.1666666666666669,1.167,1.0,9.0,True,True
BJxI5gHKDr,2020,1.166666666666667,1.167,1.0,79.0,True,True
BJxQxeBYwH,2020,-0.5,1.167,0.0,52.0,True,True
BJxSI1SKDH,2020,1.166666666666667,1.167,1.0,8.0,True,True
BJxVI04YvB,2020,0.5,1.167,1.0,18.0,True,True
BJxiqxSYPB,2020,-0.5,1.167,0.0,7.0,True,True
BJxt2aVFPr,2020,-0.5,1.167,0.0,4.0,True,True
BJxt60VtPr,2020,-0.25,1.167,1.0,8.0,True,True
BJxwPJHFwS,2020,-0.5,1.167,1.0,35.0,True,True
Bke-6pVKvB,2020,-0.5,1.167,0.0,39.0,True,True
Bke6vTVYwH,2020,0.5,1.167,0.0,1.0,True,True
Bke89JBtvB,2020,1.166666666666667,1.167,1.0,38.0,True,True
Bke8UR4FPB,2020,-0.5,1.167,1.0,6.0,True,True
BkeDGJBKvB,2020,0.0,1.167,0.0,7.0,True,True
BkePHaVKwS,2020,-0.833333333333333,1.167,0.0,27.0,True,True
BkeWw6VFwr,2020,0.5,1.167,1.0,34.0,True,True
Bke_DertPB,2020,0.5,1.167,1.0,21.0,True,True
Bkeeca4Kvr,2020,-0.5,1.167,1.0,17.0,True,True
BkeoaeHKDS,2020,0.1666666666666669,1.167,1.0,11.0,True,True
BkepbpNFwr,2020,0.5,1.167,1.0,10.0,True,True
Bkf4XgrKvS,2020,-0.5,1.167,0.0,3.0,True,True
Bkg0u3Etwr,2020,0.1666666666666669,1.167,1.0,38.0,True,True
Bkg75aVKDH,2020,-0.833333333333333,1.167,0.0,0.0,True,True
BkgF4kSFPB,2020,-0.5,1.167,0.0,14.0,True,True
BkgNqkHFPr,2020,-0.5,1.167,0.0,80.0,True,True
BkgStySKPB,2020,-0.5,1.167,0.0,571.0,True,True
BkgXT24tDS,2020,-0.5,1.167,1.0,120.0,True,True
BkggGREKvS,2020,0.1666666666666669,1.167,0.0,13.0,True,True
BkglSTNFDB,2020,0.5,1.167,1.0,37.0,True,True
BkgnhTEtDS,2020,0.5,1.167,1.0,16.0,True,True
Bkgq9ANKvB,2020,-0.833333333333333,1.167,0.0,61.0,True,True
BklHF6VtPB,2020,0.1666666666666669,1.167,0.0,0.0,True,True
BklLVAEKvH,2020,0.5,1.167,0.0,0.0,True,True
BklMDCVtvr,2020,-0.5,1.167,0.0,3.0,True,True
BklXkCNYDB,2020,-0.5,1.167,0.0,3.0,True,True
BklmtJBKDB,2020,-1.166666666666667,1.167,0.0,12.0,True,True
Bkln2a4tPB,2020,0.5,1.167,0.0,3.0,True,True
BklxN0NtvB,2020,-1.0,1.167,0.0,27.0,True,True
BkxRRkSKwr,2020,1.166666666666667,1.167,1.0,26.0,True,True
BkxXe0Etwr,2020,0.5,1.167,1.0,14.0,True,True
BkxdqA4tvB,2020,-0.833333333333333,1.167,0.0,4.0,True,True
Bkxe2AVtPS,2020,-0.25,1.167,1.0,3.0,True,True
BkxfaTVFwH,2020,1.166666666666667,1.167,1.0,73.0,True,True
BkxtNaEYDr,2020,-0.5,1.167,0.0,1.0,True,True
ByeGzlrKwH,2020,1.166666666666667,1.167,1.0,11.0,True,True
ByeL1R4FvS,2020,-0.833333333333333,1.167,0.0,1621.0,True,True
ByeMPlHKPH,2020,1.166666666666667,1.167,1.0,130.0,True,True
ByeNra4FDB,2020,0.5,1.167,1.0,13.0,True,True
ByeSYa4KPS,2020,-0.5,1.167,0.0,191.0,True,True
ByeUBANtvB,2020,0.5,1.167,1.0,18.0,True,True
ByeWogStDS,2020,0.0,1.167,1.0,13.0,True,True
ByeqyxBKvS,2020,0.5,1.167,0.0,10.0,True,True
Byg1v1HKDB,2020,1.166666666666667,1.167,1.0,34.0,True,True
Byg5ZANtvH,2020,-1.0,1.167,1.0,4.0,True,True
Byg9A24tvB,2020,1.0,1.167,1.0,75.0,True,True
Byg9bxrtwS,2020,0.1666666666666669,1.167,0.0,66.0,True,True
BygFVAEKDH,2020,0.833333333333333,1.167,1.0,33.0,True,True
BygIjTNtPr,2020,-1.166666666666667,1.167,0.0,1.0,True,True
BygSP6Vtvr,2020,1.166666666666667,1.167,1.0,82.0,True,True
BygZK2VYvB,2020,-0.5,1.167,0.0,17.0,True,True
Byg_vREtvB,2020,-0.5,1.167,0.0,4.0,True,True
BygdyxHFDS,2020,0.5,1.167,1.0,16.0,True,True
BygfrANKvB,2020,-1.166666666666667,1.167,0.0,52.0,True,True
ByglLlHFDS,2020,0.5,1.167,1.0,6.0,True,True
Byl3HxBFwH,2020,0.1666666666666669,1.167,0.0,0.0,True,True
BylA_C4tPr,2020,0.5,1.167,1.0,136.0,True,True
BylJUTEKvB,2020,-0.5,1.167,0.0,16.0,True,True
BylQSxHFwr,2020,-0.5,1.167,1.0,42.0,True,True
BylUMxSFwS,2020,-0.5,1.167,0.0,7.0,True,True
BylVcTNtDS,2020,0.5,1.167,1.0,7.0,True,True
BylaUTNtPS,2020,0.5,1.167,0.0,80.0,True,True
BylalAEtvB,2020,-0.5,1.167,0.0,,True,False
Bylh2krYPr,2020,0.1666666666666669,1.167,0.0,5.0,True,True
ByljMaNKwB,2020,-0.5,1.167,0.0,26.0,True,True
Bylkd0EFwr,2020,-0.5,1.167,0.0,7.0,True,True
BylsKkHYvH,2020,0.5,1.167,1.0,13.0,True,True
Byx4NkrtDS,2020,-0.5,1.167,1.0,0.0,True,True
Byx9p2EtDH,2020,-0.5,1.167,0.0,10.0,True,True
ByxCrerKvS,2020,-0.5,1.167,0.0,23.0,True,True
ByxGkySKwH,2020,0.5,1.167,1.0,9.0,True,True
ByxQB1BKwH,2020,-0.5,1.167,1.0,,True,False
ByxRM0Ntvr,2020,0.5,1.167,1.0,43.0,True,True
ByxT7TNFvH,2020,-0.5,1.167,1.0,47.0,True,True
Byx_YAVYPH,2020,0.5,1.167,1.0,7.0,True,True
ByxaUgrFvH,2020,0.25,1.167,1.0,7.0,True,True
ByxdUySKvS,2020,0.5,1.167,1.0,88.0,True,True
ByxtC2VtPB,2020,0.5,1.167,1.0,42.0,True,True
ByxxgCEYDS,2020,1.166666666666667,1.167,1.0,31.0,True,True
H1eCw3EKvH,2020,0.1666666666666669,1.167,1.0,10.0,True,True
H1eF3kStPS,2020,-0.5,1.167,0.0,9.0,True,True
H1eRYxHYPB,2020,-0.5,1.167,0.0,13.0,True,True
H1eWGREFvB,2020,-0.5,1.167,0.0,5.0,True,True
H1e_cC4twS,2020,-1.166666666666667,1.167,1.0,25.0,True,True
H1ebhnEYDH,2020,0.25,1.167,1.0,3.0,True,True
H1edEyBKDS,2020,-0.5,1.167,1.0,130.0,True,True
H1eqQeHFDS,2020,0.5,1.167,1.0,2.0,True,True
H1exf64KwH,2020,1.166666666666667,1.167,1.0,76.0,True,True
H1ezFREtwH,2020,0.5,1.167,1.0,11.0,True,True
H1g4M0EtPS,2020,-0.833333333333333,1.167,0.0,0.0,True,True
H1g8p1BYvS,2020,0.5,1.167,0.0,125.0,True,True
H1gB4RVKvB,2020,1.166666666666667,1.167,1.0,17.0,True,True
H1gBhkBFDH,2020,0.1666666666666669,1.167,1.0,15.0,True,True
H1gN6kSFwS,2020,0.1666666666666669,1.167,0.0,46.0,True,True
H1gNOeHKPS,2020,0.25,1.167,1.0,20.0,True,True
H1gX8C4YPr,2020,0.833333333333333,1.167,1.0,36.0,True,True
H1gdF34FvS,2020,-0.5,1.167,0.0,165.0,True,True
H1gmHaEKwB,2020,0.1666666666666669,1.167,1.0,7.0,True,True
H1gpET4YDB,2020,-0.5,1.167,0.0,16.0,True,True
H1guaREYPr,2020,0.1666666666666669,1.167,1.0,13.0,True,True
H1gzR2VKDH,2020,0.5,1.167,1.0,17.0,True,True
H1l0O6EYDH,2020,-0.833333333333333,1.167,0.0,0.0,True,True
H1lNPxHKDH,2020,1.166666666666667,1.167,1.0,16.0,True,True
H1lZJpVFvr,2020,0.1666666666666669,1.167,1.0,34.0,True,True
H1laeJrKDB,2020,1.166666666666667,1.167,1.0,79.0,True,True
H1ldzA4tPr,2020,1.0,1.167,1.0,32.0,True,True
H1lefTEKDS,2020,-1.166666666666667,1.167,0.0,242.0,True,True
H1lhqpEYPr,2020,1.166666666666667,1.167,1.0,19.0,True,True
H1lj0nNFwB,2020,0.5,1.167,1.0,12.0,True,True
H1lmhaVtvr,2020,0.5,1.167,1.0,3.0,True,True
H1lmyRNFvr,2020,0.1666666666666669,1.167,1.0,94.0,True,True
H1loF2NFwr,2020,0.5,1.167,1.0,166.0,True,True
H1x5wRVtvS,2020,0.1666666666666669,1.167,1.0,0.0,True,True
H1xJhJStPS,2020,-0.833333333333333,1.167,0.0,17.0,True,True
H1xPR3NtPB,2020,1.166666666666667,1.167,1.0,35.0,True,True
H1xauR4Kvr,2020,-1.0,1.167,0.0,12.0,True,True
H1xscnEKDr,2020,0.833333333333333,1.167,1.0,12.0,True,True
HJe4Cp4KwH,2020,0.1666666666666669,1.167,0.0,45.0,True,True
HJe6uANtwH,2020,0.1666666666666669,1.167,1.0,17.0,True,True
HJe88xBKPr,2020,-1.166666666666667,1.167,0.0,42.0,True,True
HJe9cR4KvB,2020,-0.5,1.167,0.0,2.0,True,True
HJeO7RNKPr,2020,1.0,1.167,1.0,89.0,True,True
HJeOekHKwr,2020,-0.5,1.167,1.0,20.0,True,True
HJeT3yrtDr,2020,-0.5,1.167,1.0,172.0,True,True
HJeTo2VFwH,2020,0.1666666666666669,1.167,1.0,19.0,True,True
HJeVnCEKwH,2020,0.5,1.167,1.0,17.0,True,True
HJe_Z04Yvr,2020,0.5,1.167,1.0,13.0,True,True
HJe_yR4Fwr,2020,0.75,1.167,1.0,28.0,True,True
HJedXaEtvS,2020,0.1666666666666669,1.167,1.0,8.0,True,True
HJem3yHKwH,2020,-1.166666666666667,1.167,1.0,13.0,True,True
HJenn6VFvB,2020,1.166666666666667,1.167,1.0,29.0,True,True
HJepXaVYDr,2020,0.5,1.167,1.0,28.0,True,True
HJeqhA4YDS,2020,1.166666666666667,1.167,1.0,57.0,True,True
HJezF3VYPB,2020,-0.5,1.167,1.0,117.0,True,True
HJg2b0VYDr,2020,0.5,1.167,1.0,76.0,True,True
HJgC60EtwB,2020,1.166666666666667,1.167,1.0,38.0,True,True
HJgEMpVFwB,2020,0.5,1.167,1.0,92.0,True,True
HJgExaVtwr,2020,0.5,1.167,1.0,500.0,True,True
HJgJtT4tvB,2020,1.166666666666667,1.167,1.0,127.0,True,True
HJgK0h4Ywr,2020,0.5,1.167,1.0,32.0,True,True
HJgKYlSKvr,2020,-0.833333333333333,1.167,0.0,51.0,True,True
HJgLLyrYwB,2020,0.5,1.167,1.0,10.0,True,True
HJgS7p4FPH,2020,0.1666666666666669,1.167,0.0,16.0,True,True
HJgSwyBKvr,2020,0.833333333333333,1.167,1.0,33.0,True,True
HJg_ECEKDr,2020,-0.5,1.167,0.0,48.0,True,True
HJgcvJBFvB,2020,0.1666666666666669,1.167,1.0,47.0,True,True
HJgfDREKDB,2020,-0.5,1.167,1.0,12.0,True,True
HJgpugrKPS,2020,1.166666666666667,1.167,1.0,43.0,True,True
HJlA0C4tPS,2020,1.166666666666667,1.167,1.0,63.0,True,True
HJlRFlHFPS,2020,-0.25,1.167,0.0,,True,False
HJlSmC4FPS,2020,0.5,1.167,1.0,36.0,True,True
HJlTpCEKvS,2020,0.5,1.167,0.0,68.0,True,True
HJlU-AVtvS,2020,-0.5,1.167,0.0,42.0,True,True
HJlWWJSFDH,2020,0.5,1.167,1.0,186.0,True,True
HJlfuTEtvB,2020,0.0,1.167,1.0,0.0,True,True
HJlnC1rKPB,2020,0.5,1.167,1.0,89.0,True,True
HJloElBYvB,2020,-0.5,1.167,1.0,17.0,True,True
HJlxIJBFDr,2020,1.166666666666667,1.167,1.0,34.0,True,True
HJlzxgBtwH,2020,0.5,1.167,0.0,121.0,True,True
HJx-3grYDB,2020,-0.5,1.167,1.0,26.0,True,True
HJx7uJStPH,2020,-0.833333333333333,1.167,0.0,184.0,True,True
HJx81ySKwr,2020,0.1666666666666669,1.167,1.0,22.0,True,True
HJx8HANFDH,2020,-0.5,1.167,1.0,30.0,True,True
HJxDugSFDB,2020,-0.833333333333333,1.167,0.0,67.0,True,True
HJxEhREKDH,2020,0.5,1.167,1.0,8.0,True,True
HJxK5pEYvr,2020,1.166666666666667,1.167,1.0,26.0,True,True
HJxMYANtPH,2020,0.5,1.167,1.0,9.0,True,True
HJxN0CNFPB,2020,-0.5,1.167,0.0,0.0,True,True
HJxV-ANKDH,2020,-0.5,1.167,1.0,29.0,True,True
HJxdTxHYvB,2020,1.166666666666667,1.167,1.0,16.0,True,True
HJxiMAVtPH,2020,-0.5,1.167,0.0,,True,False
Hke0V1rKPS,2020,-0.5,1.167,1.0,8.0,True,True
Hke12T4KPS,2020,0.5,1.167,0.0,7.0,True,True
Hke3gyHYwH,2020,1.166666666666667,1.167,1.0,16.0,True,True
HkePNpVKPB,2020,0.5,1.167,1.0,34.0,True,True
HkeQ6ANYDB,2020,-0.5,1.167,0.0,33.0,True,True
HkedQp4tPr,2020,-0.5,1.167,0.0,12.0,True,True
HkejNgBtPB,2020,0.833333333333333,1.167,1.0,22.0,True,True
Hkekl0NFPr,2020,0.5,1.167,1.0,18.0,True,True
HkenPn4KPH,2020,-0.833333333333333,1.167,0.0,16.0,True,True
HkeryxBtPB,2020,-0.5,1.167,1.0,95.0,True,True
Hkex2a4FPr,2020,0.1666666666666669,1.167,0.0,9.0,True,True
Hkg-xgrYvH,2020,0.5,1.167,1.0,81.0,True,True
Hkg5lAEtvS,2020,-0.5,1.167,0.0,,True,False
Hkg9HgBYwH,2020,-1.0,1.167,0.0,9.0,True,True
HkgB2TNYPS,2020,1.166666666666667,1.167,1.0,12.0,True,True
HkgH0TEYwH,2020,0.5,1.167,1.0,31.0,True,True
HkgaETNtDB,2020,1.166666666666667,1.167,1.0,100.0,True,True
HkgrZ0EYwB,2020,0.5,1.167,1.0,70.0,True,True
HkgsPhNYPS,2020,0.1666666666666669,1.167,1.0,56.0,True,True
HkgsWxrtPB,2020,0.5,1.167,1.0,3.0,True,True
HkgtJRVFPS,2020,0.1666666666666669,1.167,0.0,,True,False
HkgxW0EYDS,2020,1.166666666666667,1.167,1.0,8.0,True,True
HkgxheBFDS,2020,-0.5,1.167,0.0,,True,False
Hkl1iRNFwS,2020,0.1666666666666669,1.167,1.0,50.0,True,True
Hkl9JlBYvr,2020,0.25,1.167,1.0,65.0,True,True
HklBjCEKvH,2020,-0.5,1.167,1.0,56.0,True,True
HklE01BYDB,2020,-0.5,1.167,0.0,,True,False
HklJdaNYPH,2020,-0.5,1.167,0.0,46.0,True,True
HklSeREtPB,2020,1.166666666666667,1.167,1.0,26.0,True,True
HklUCCVKDB,2020,1.166666666666667,1.167,1.0,26.0,True,True
HklXn1BKDH,2020,0.1666666666666669,1.167,1.0,220.0,True,True
Hkl_sAVtwr,2020,-0.25,1.167,0.0,167.0,True,True
Hklcm0VYDS,2020,-0.5,1.167,0.0,10.0,True,True
Hklso24Kwr,2020,-0.833333333333333,1.167,1.0,27.0,True,True
HklvmlrKPB,2020,-0.5,1.167,0.0,5.0,True,True
Hklz71rYvS,2020,1.166666666666667,1.167,1.0,5.0,True,True
Hkx7_1rKwS,2020,0.5,1.167,1.0,18.0,True,True
Hkx7xRVYDr,2020,-0.5,1.167,1.0,0.0,True,True
HkxARkrFwB,2020,0.833333333333333,1.167,1.0,7.0,True,True
HkxCcJHtPr,2020,0.5,1.167,0.0,10.0,True,True
HkxCzeHFDB,2020,-0.5,1.167,1.0,66.0,True,True
HkxJHlrFvr,2020,0.1666666666666669,1.167,0.0,10.0,True,True
HkxJpnVtPr,2020,-0.5,1.167,0.0,8.0,True,True
HkxTwkrKDB,2020,0.5,1.167,1.0,6.0,True,True
HkxU2pNYPH,2020,-0.5,1.167,0.0,48.0,True,True
HkxWXkStDB,2020,-0.833333333333333,1.167,0.0,94.0,True,True
HkxYzANYDB,2020,1.166666666666667,1.167,1.0,70.0,True,True
HkxZVlHYvH,2020,-0.833333333333333,1.167,0.0,5.0,True,True
HkxdQkSYDB,2020,0.5,1.167,1.0,32.0,True,True
Hkxp3JHtPr,2020,-0.5,1.167,0.0,4.0,True,True
Hkxvl0EtDH,2020,0.833333333333333,1.167,0.0,36.0,True,True
Hye1RJHKwB,2020,1.166666666666667,1.167,1.0,3.0,True,True
Hye1kTVFDS,2020,0.5,1.167,1.0,7.0,True,True
Hye4KeSYDr,2020,-1.0,1.167,0.0,15.0,True,True
HyeG9yHKPr,2020,-1.0,1.167,0.0,16.0,True,True
HyeJf1HKvS,2020,0.5,1.167,1.0,56.0,True,True
HyeSin4FPB,2020,1.166666666666667,1.167,1.0,44.0,True,True
Hye_V0NKwr,2020,1.166666666666667,1.167,1.0,21.0,True,True
HyeaSkrYPH,2020,0.5,1.167,1.0,79.0,True,True
HyebplHYwB,2020,0.5,1.167,1.0,22.0,True,True
HyeqPJHYvH,2020,-0.5,1.167,0.0,28.0,True,True
HyevIJStwH,2020,-0.5,1.167,1.0,10.0,True,True
Hyg-JC4FDr,2020,0.5,1.167,1.0,30.0,True,True
Hyg96gBKPS,2020,1.166666666666667,1.167,1.0,68.0,True,True
HygDF6NFPB,2020,1.166666666666667,1.167,1.0,118.0,True,True
HygHtpVtPH,2020,-0.5,1.167,0.0,1.0,True,True
HygaikBKvS,2020,0.5,1.167,0.0,4.0,True,True
HygnDhEtvr,2020,1.166666666666667,1.167,1.0,79.0,True,True
HygrAR4tPS,2020,-1.166666666666667,1.167,0.0,185.0,True,True
HygrdpVKvr,2020,0.1666666666666669,1.167,1.0,110.0,True,True
Hyl7ygStwB,2020,0.5,1.167,1.0,173.0,True,True
Hyl9ahVFwH,2020,0.1666666666666669,1.167,0.0,,True,False
Hyl9xxHYPr,2020,0.5,1.167,1.0,9.0,True,True
HylAoJSKvH,2020,0.5,1.167,1.0,7.0,True,True
HylxE1HKwS,2020,0.5,1.167,1.0,98.0,True,True
Hyx-jyBFPr,2020,0.833333333333333,1.167,1.0,98.0,True,True
Hyx0slrFvH,2020,0.5,1.167,1.0,51.0,True,True
HyxJhCEFDS,2020,1.166666666666667,1.167,1.0,17.0,True,True
HyxLRTVKPH,2020,0.5,1.167,1.0,18.0,True,True
HyxjNyrtPr,2020,-0.5,1.167,1.0,15.0,True,True
HyxjOyrKvr,2020,-0.5,1.167,1.0,6.0,True,True
HyxnMyBKwB,2020,0.5,1.167,1.0,0.0,True,True
HyxoX6EKvB,2020,0.5,1.167,0.0,0.0,True,True
S1e0ZlHYDB,2020,-1.0,1.167,0.0,0.0,True,True
S1e2agrFvS,2020,1.166666666666667,1.167,1.0,118.0,True,True
S1e4Q6EtDH,2020,0.1666666666666669,1.167,0.0,50.0,True,True
S1e4jkSKvB,2020,1.166666666666667,1.167,1.0,13.0,True,True
S1eRbANtDB,2020,0.5,1.167,1.0,0.0,True,True
S1eYKlrYvr,2020,-0.5,1.167,0.0,3.0,True,True
S1ecYANtPr,2020,-0.833333333333333,1.167,0.0,,True,False
S1eqj1SKvr,2020,-0.5,1.167,0.0,21.0,True,True
S1erpeBFPB,2020,-0.5,1.167,1.0,12.0,True,True
S1esMkHYPr,2020,0.5,1.167,1.0,206.0,True,True
S1evHerYPr,2020,1.166666666666667,1.167,1.0,59.0,True,True
S1exA2NtDB,2020,0.25,1.167,1.0,51.0,True,True
S1g7tpEYDS,2020,1.166666666666667,1.167,1.0,106.0,True,True
S1g8K1BFwS,2020,0.25,1.167,1.0,15.0,True,True
S1gFvANKDS,2020,1.166666666666667,1.167,1.0,45.0,True,True
S1gLBgBtDH,2020,-0.833333333333333,1.167,0.0,6.0,True,True
S1gTAp4FDB,2020,-0.833333333333333,1.167,0.0,13.0,True,True
S1g_S0VYvr,2020,-0.5,1.167,0.0,16.0,True,True
S1gfu3EtDr,2020,-0.5,1.167,0.0,0.0,True,True
S1gmrxHFvB,2020,0.833333333333333,1.167,1.0,566.0,True,True
S1gnxaVFDB,2020,0.1666666666666669,1.167,0.0,14.0,True,True
S1l66nNFvB,2020,-0.5,1.167,0.0,15.0,True,True
S1l6ITVKPS,2020,0.5,1.167,0.0,25.0,True,True
S1lBTerYwH,2020,-0.5,1.167,0.0,6.0,True,True
S1lEX04tPr,2020,0.5,1.167,1.0,23.0,True,True
S1lF8xHYwS,2020,-0.5,1.167,0.0,168.0,True,True
S1lJv0VYDr,2020,0.5,1.167,0.0,6.0,True,True
S1lSapVtwS,2020,0.5,1.167,1.0,3.0,True,True
S1l_ZlrFvS,2020,-0.5,1.167,0.0,6.0,True,True
S1ltg1rFDS,2020,0.5,1.167,1.0,12.0,True,True
S1lvn0NtwH,2020,1.166666666666667,1.167,0.0,9.0,True,True
S1lxKlSKPH,2020,1.166666666666667,1.167,1.0,47.0,True,True
S1ly10EKDS,2020,0.7000000000000002,1.167,1.0,18.0,True,True
S1lyyANYwr,2020,-0.833333333333333,1.167,0.0,17.0,True,True
S1x1IkHtPr,2020,-0.5,1.167,0.0,10.0,True,True
S1x2PCNKDB,2020,0.1666666666666669,1.167,0.0,22.0,True,True
S1xCPJHtDB,2020,1.166666666666667,1.167,1.0,421.0,True,True
S1xFl64tDr,2020,0.5,1.167,1.0,6.0,True,True
S1xI_TEtwS,2020,-0.5,1.167,0.0,4.0,True,True
S1xKd24twB,2020,1.166666666666667,1.167,1.0,53.0,True,True
S1xLuRVFvr,2020,0.1666666666666669,1.167,0.0,14.0,True,True
S1xitgHtvS,2020,1.166666666666667,1.167,1.0,12.0,True,True
S1xtORNFwH,2020,1.166666666666667,1.167,1.0,8.0,True,True
SJeHwJSYvH,2020,0.5,1.167,0.0,100.0,True,True
SJeLopEYDH,2020,-0.5,1.167,1.0,48.0,True,True
SJeNz04tDS,2020,-1.166666666666667,1.167,1.0,55.0,True,True
SJeQEp4YDH,2020,0.5,1.167,1.0,23.0,True,True
SJeX2aVFwH,2020,-0.5,1.167,0.0,3.0,True,True
SJeYe0NtvH,2020,-0.5,1.167,1.0,241.0,True,True
SJem8lSFwB,2020,0.5,1.167,1.0,87.0,True,True
SJetQpEYvB,2020,0.1666666666666669,1.167,1.0,1.0,True,True
SJexHkSFPS,2020,0.5,1.167,1.0,9.0,True,True
SJezGp4YPr,2020,0.75,1.167,1.0,5.0,True,True
SJg5J6NtDr,2020,0.1666666666666669,1.167,1.0,17.0,True,True
SJg7KhVKPH,2020,-0.5,1.167,1.0,61.0,True,True
SJg7spEYDS,2020,0.5,1.167,1.0,4.0,True,True
SJgBQaVKwH,2020,-0.5,1.167,0.0,43.0,True,True
SJgBra4YDS,2020,0.5,1.167,0.0,10.0,True,True
SJgIPJBFvH,2020,0.833333333333333,1.167,1.0,153.0,True,True
SJgNkpVFPr,2020,-0.5,1.167,0.0,4.0,True,True
SJgVHkrYDH,2020,1.166666666666667,1.167,1.0,146.0,True,True
SJgVU0EKwS,2020,0.5,1.167,1.0,16.0,True,True
SJgaRA4FPH,2020,0.1666666666666669,1.167,1.0,43.0,True,True
SJgdnAVKDH,2020,1.166666666666667,1.167,1.0,139.0,True,True
SJgwNerKvB,2020,1.166666666666667,1.167,1.0,,True,False
SJgwzCEKwH,2020,0.1666666666666669,1.167,1.0,33.0,True,True
SJl3CANKvB,2020,-0.5,1.167,0.0,4.0,True,True
SJl5Np4tPr,2020,0.5,1.167,1.0,116.0,True,True
SJlDDnVKwS,2020,1.166666666666667,1.167,0.0,4.0,True,True
SJlHwkBYDH,2020,-0.5,1.167,1.0,229.0,True,True
SJlJSaEFwS,2020,-0.833333333333333,1.167,0.0,12.0,True,True
SJlM0JSFDr,2020,-0.833333333333333,1.167,0.0,131.0,True,True
SJlRUkrFPS,2020,0.1666666666666669,1.167,1.0,3.0,True,True
SJlVY04FwH,2020,0.1666666666666669,1.167,1.0,4.0,True,True
SJlbGJrtDB,2020,-0.5,1.167,1.0,27.0,True,True
SJldu6EtDS,2020,0.1666666666666669,1.167,0.0,7.0,True,True
SJleNCNtDH,2020,1.166666666666667,1.167,1.0,5.0,True,True
SJlh8CEYDB,2020,0.1666666666666669,1.167,1.0,10.0,True,True
SJx0q1rtvS,2020,-0.5,1.167,1.0,69.0,True,True
SJx1URNKwH,2020,0.5,1.167,1.0,13.0,True,True
SJx9ngStPH,2020,0.1666666666666669,1.167,1.0,61.0,True,True
SJxDDpEKvH,2020,0.833333333333333,1.167,1.0,28.0,True,True
SJxIm0VtwH,2020,0.5,1.167,1.0,21.0,True,True
SJxSOJStPr,2020,1.166666666666667,1.167,1.0,94.0,True,True
SJxZnR4YvB,2020,1.166666666666667,1.167,1.0,8.0,True,True
SJxbHkrKDH,2020,1.166666666666667,1.167,1.0,15.0,True,True
SJxhNTNYwB,2020,1.166666666666667,1.167,1.0,49.0,True,True
SJxrKgStDH,2020,0.5,1.167,1.0,29.0,True,True
SkeAaJrKDS,2020,0.5,1.167,1.0,16.0,True,True
SkeFl1HKwr,2020,0.1666666666666669,1.167,1.0,21.0,True,True
SkeGvaEtPr,2020,-1.166666666666667,1.167,0.0,7.0,True,True
SkeHuCVFDr,2020,0.1666666666666669,1.167,1.0,2029.0,True,True
SkeYUkStPr,2020,-0.5,1.167,0.0,2.0,True,True
Skeh1krtvH,2020,0.1666666666666669,1.167,0.0,36.0,True,True
Skep6TVYDB,2020,1.166666666666667,1.167,1.0,27.0,True,True
SkeuexBtDr,2020,1.166666666666667,1.167,1.0,23.0,True,True
SkexNpNFwS,2020,-0.833333333333333,1.167,0.0,5.0,True,True
SkeyppEFvS,2020,0.5,1.167,1.0,32.0,True,True
Skg9aAEKwH,2020,-0.833333333333333,1.167,0.0,,True,False
SkgC6TNFvr,2020,0.5,1.167,1.0,24.0,True,True
SkgGCkrKvH,2020,-0.5,1.167,1.0,31.0,True,True
SkgGjRVKDS,2020,1.166666666666667,1.167,1.0,29.0,True,True
SkgKO0EtvS,2020,0.1666666666666669,1.167,1.0,3.0,True,True
SkgbmyHFDS,2020,0.5,1.167,0.0,5.0,True,True
Skgeip4FPr,2020,-0.5,1.167,0.0,11.0,True,True
SkgpBJrtvS,2020,-0.5,1.167,1.0,64.0,True,True
SkgsACVKPH,2020,0.5,1.167,1.0,148.0,True,True
SkgscaNYPS,2020,0.1666666666666669,1.167,1.0,6.0,True,True
Skgxcn4YDS,2020,-0.5,1.167,1.0,83.0,True,True
Skgy464Kvr,2020,1.166666666666667,1.167,1.0,37.0,True,True
Skl3SkSKDr,2020,0.833333333333333,1.167,0.0,37.0,True,True
Skl8EkSFDr,2020,-0.5,1.167,0.0,4.0,True,True
SklD9yrFPS,2020,0.1666666666666669,1.167,1.0,57.0,True,True
SklGryBtwr,2020,0.5,1.167,1.0,53.0,True,True
SklKcRNYDH,2020,1.166666666666667,1.167,1.0,0.0,True,True
SklM1xStPB,2020,-0.5,1.167,0.0,1.0,True,True
SklOUpEYvB,2020,0.5,1.167,1.0,3.0,True,True
SklSQgHFDS,2020,-0.5,1.167,0.0,19.0,True,True
SklTQCNtvS,2020,-1.0,1.167,1.0,29.0,True,True
Sklf1yrYDr,2020,-0.5,1.167,1.0,91.0,True,True
Sklgs0NFvr,2020,0.25,1.167,1.0,232.0,True,True
SklkDkSFPB,2020,-0.5,1.167,1.0,13.0,True,True
Skln2A4YDB,2020,0.1666666666666669,1.167,1.0,40.0,True,True
SkloDJSFPH,2020,-0.5,1.167,0.0,0.0,True,True
Skltqh4KvB,2020,-0.833333333333333,1.167,0.0,0.0,True,True
Skx82ySYPH,2020,1.166666666666667,1.167,1.0,4.0,True,True
SkxBUpEKwH,2020,0.5,1.167,1.0,10.0,True,True
SkxJ8REYPH,2020,0.5,1.167,1.0,68.0,True,True
SkxLFaNKwB,2020,0.25,1.167,1.0,30.0,True,True
SkxQp1StDH,2020,1.166666666666667,1.167,1.0,,True,False
SkxSv6VFvS,2020,0.5,1.167,1.0,35.0,True,True
SkxW23NtPH,2020,-0.5,1.167,0.0,25.0,True,True
SkxaueHFPB,2020,-0.25,1.167,0.0,15.0,True,True
SkxcZCNKDS,2020,-0.833333333333333,1.167,0.0,32.0,True,True
Skxd6gSYDS,2020,1.166666666666667,1.167,1.0,30.0,True,True
SkxpxJBKwS,2020,0.1666666666666669,1.167,1.0,335.0,True,True
Skxuk1rFwB,2020,0.1666666666666669,1.167,1.0,39.0,True,True
Skxw-REFwS,2020,0.833333333333333,1.167,0.0,,True,False
SkxxtgHKPS,2020,0.5,1.167,1.0,24.0,True,True
Sye0XkBKvS,2020,1.166666666666667,1.167,1.0,23.0,True,True
Sye57xStvB,2020,1.166666666666667,1.167,1.0,80.0,True,True
SyeD0RVtvS,2020,-0.5,1.167,0.0,4.0,True,True
Sye_OgHFwH,2020,0.5,1.167,1.0,72.0,True,True
Syee1pVtDS,2020,-0.5,1.167,0.0,3.0,True,True
SyevDaVYwr,2020,0.1666666666666669,1.167,0.0,36.0,True,True
SyevYxHtDB,2020,0.1666666666666669,1.167,1.0,65.0,True,True
Syg6jTNtDH,2020,-0.5,1.167,0.0,4.0,True,True
SygKyeHKDH,2020,1.166666666666667,1.167,1.0,24.0,True,True
SygWvAVFPr,2020,1.166666666666667,1.167,1.0,51.0,True,True
SygXPaEYvH,2020,-0.5,1.167,1.0,783.0,True,True
SygagpEKwB,2020,-1.166666666666667,1.167,1.0,50.0,True,True
SygcCnNKwr,2020,1.166666666666667,1.167,1.0,55.0,True,True
SygfNCEYDH,2020,-0.5,1.167,0.0,9.0,True,True
SygpC6Ntvr,2020,0.833333333333333,1.167,1.0,7.0,True,True
Syl5o2EFPB,2020,-1.166666666666667,1.167,0.0,1.0,True,True
SylGpT4FPS,2020,0.5,1.167,0.0,41.0,True,True
SylO2yStDr,2020,1.166666666666667,1.167,1.0,273.0,True,True
SylOlp4FvH,2020,0.5,1.167,1.0,39.0,True,True
SylR-CEKDS,2020,-1.166666666666667,1.167,0.0,11.0,True,True
SylR6n4tPS,2020,-0.5,1.167,0.0,,True,False
SylUiREKvB,2020,0.5,1.167,0.0,3.0,True,True
SylVJTNKDr,2020,-0.75,1.167,0.0,4.0,True,True
Sylgsn4Fvr,2020,0.5,1.167,1.0,5.0,True,True
SyljQyBFDH,2020,0.5,1.167,1.0,22.0,True,True
SylpBgrKPH,2020,0.5,1.167,0.0,6.0,True,True
SylzhkBtDB,2020,1.166666666666667,1.167,1.0,47.0,True,True
Syx1DkSYwB,2020,0.1666666666666669,1.167,1.0,3.0,True,True
Syx4wnEtvH,2020,0.1666666666666669,1.167,1.0,164.0,True,True
Syx7A3NFvH,2020,0.5,1.167,1.0,62.0,True,True
SyxL2TNtvr,2020,0.5,1.167,1.0,27.0,True,True
SyxS0T4tvS,2020,0.5,1.167,0.0,,True,False
SyxV9ANFDH,2020,0.5,1.167,1.0,7.0,True,True
Syxp-1HtvB,2020,-0.5,1.167,0.0,41.0,True,True
SyxrxR4KPS,2020,1.166666666666667,1.167,1.0,10.0,True,True
r1e0G04Kvr,2020,-0.833333333333333,1.167,0.0,15.0,True,True
r1e9GCNKvH,2020,0.5,1.167,1.0,14.0,True,True
r1eQeCEYwB,2020,-0.5,1.167,0.0,1.0,True,True
r1eVX0EFvH,2020,-0.5,1.167,0.0,19.0,True,True
r1ecqn4YwB,2020,1.166666666666667,1.167,1.0,160.0,True,True
r1eiu2VtwH,2020,0.1666666666666669,1.167,1.0,62.0,True,True
r1evOhEKvH,2020,0.5,1.167,1.0,18.0,True,True
r1g6ogrtDr,2020,1.166666666666667,1.167,1.0,17.0,True,True
r1g87C4KwB,2020,1.166666666666667,1.167,1.0,33.0,True,True
r1gBOxSFwr,2020,0.5,1.167,0.0,45.0,True,True
r1gIa0NtDH,2020,0.1666666666666669,1.167,0.0,111.0,True,True
r1gIdySFPH,2020,-0.5,1.167,0.0,66.0,True,True
r1gPoCEKvH,2020,1.166666666666667,1.167,0.0,246.0,True,True
r1gRTCVFvB,2020,1.166666666666667,1.167,1.0,219.0,True,True
r1gdj2EKPB,2020,-0.5,1.167,1.0,19.0,True,True
r1geR1BKPr,2020,-0.5,1.167,0.0,4.0,True,True
r1gixp4FPH,2020,0.833333333333333,1.167,1.0,36.0,True,True
r1gzoaNtvr,2020,-1.166666666666667,1.167,0.0,36.0,True,True
r1l-VeSKwS,2020,-0.5,1.167,0.0,22.0,True,True
r1l1myStwr,2020,0.1666666666666669,1.167,0.0,9.0,True,True
r1lF_CEYwS,2020,0.1666666666666669,1.167,1.0,6.0,True,True
r1lIKlSYvH,2020,-0.833333333333333,1.167,0.0,28.0,True,True
r1lL4a4tDB,2020,1.166666666666667,1.167,1.0,19.0,True,True
r1lOgyrKDS,2020,1.166666666666667,1.167,1.0,3.0,True,True
r1lPleBFvH,2020,0.5,1.167,1.0,13.0,True,True
r1lUl6NFDH,2020,-0.5,1.167,0.0,4.0,True,True
r1lZgyBYwS,2020,1.166666666666667,1.167,1.0,9.0,True,True
r1laNeBYPB,2020,0.5,1.167,1.0,11.0,True,True
r1lfF2NYvH,2020,0.5,1.167,1.0,147.0,True,True
r1lnxTEYPS,2020,-0.5,1.167,0.0,58.0,True,True
r1ltgp4FwS,2020,-0.5,1.167,0.0,174.0,True,True
r1x0lxrFPS,2020,0.5,1.167,1.0,31.0,True,True
r1xCMyBtPS,2020,0.5,1.167,1.0,152.0,True,True
r1xGP6VYwH,2020,0.5,1.167,1.0,13.0,True,True
r1xZAkrFPr,2020,-0.833333333333333,1.167,0.0,349.0,True,True
rJe4_xSFDB,2020,1.166666666666667,1.167,1.0,28.0,True,True
rJeINp4KwH,2020,0.1666666666666669,1.167,1.0,6.0,True,True
rJeQoCNYDS,2020,0.833333333333333,1.167,1.0,21.0,True,True
rJeU_1SFvr,2020,0.5,1.167,0.0,54.0,True,True
rJeW1yHYwH,2020,1.166666666666667,1.167,1.0,32.0,True,True
rJeXS04FPH,2020,-0.5,1.167,1.0,13.0,True,True
rJebgkSFDB,2020,1.166666666666667,1.167,0.0,12.0,True,True
rJecbgHtDH,2020,-0.833333333333333,1.167,0.0,12.0,True,True
rJehNT4YPr,2020,-0.833333333333333,1.167,1.0,9.0,True,True
rJel41BtDH,2020,-0.833333333333333,1.167,0.0,,True,False
rJeqeCEtvH,2020,1.166666666666667,1.167,1.0,15.0,True,True
rJg3zxBYwH,2020,-0.5,1.167,0.0,55.0,True,True
rJg46kHYwH,2020,-0.5,1.167,0.0,10.0,True,True
rJgD2ySFDr,2020,-0.5,1.167,0.0,1.0,True,True
rJgQkT4twH,2020,0.5,1.167,1.0,0.0,True,True
rJgRMkrtDr,2020,0.5,1.167,0.0,230.0,True,True
rJgUfTEYvH,2020,0.5,1.167,1.0,34.0,True,True
rJgVwTVtvS,2020,-0.5,1.167,0.0,7.0,True,True
rJgqMRVYvr,2020,0.5,1.167,1.0,21.0,True,True
rJgzzJHtDB,2020,0.833333333333333,1.167,1.0,35.0,True,True
rJl31TNYPr,2020,1.166666666666667,1.167,1.0,19.0,True,True
rJlNKCNtPB,2020,-0.5,1.167,0.0,14.0,True,True
rJlUt0EYwS,2020,0.833333333333333,1.167,1.0,17.0,True,True
rJld3hEYvS,2020,-0.5,1.167,1.0,0.0,True,True
rJljdh4KDH,2020,1.166666666666667,1.167,1.0,15.0,True,True
rJlnOhVYPS,2020,1.166666666666667,1.167,1.0,394.0,True,True
rJx0Q6EFPB,2020,0.1666666666666669,1.167,0.0,136.0,True,True
rJx1Na4Fwr,2020,0.1666666666666669,1.167,1.0,66.0,True,True
rJx4p3NYDB,2020,0.833333333333333,1.167,1.0,5.0,True,True
rJxAo2VYwr,2020,0.833333333333333,1.167,1.0,20.0,True,True
rJxBa1HFvS,2020,0.5,1.167,0.0,2.0,True,True
rJxGLlBtwH,2020,1.166666666666667,1.167,1.0,30.0,True,True
rJxWxxSYvB,2020,1.166666666666667,1.167,1.0,11.0,True,True
rJxcBpNKPr,2020,-0.5,1.167,0.0,0.0,True,True
rJxe3xSYDS,2020,0.1666666666666669,1.167,1.0,7.0,True,True
rJxok1BYPr,2020,-1.0,1.167,0.0,10.0,True,True
rke-f6NKvS,2020,0.5,1.167,1.0,4.0,True,True
rke2P1BFwS,2020,0.5,1.167,1.0,121.0,True,True
rke3TJrtPS,2020,0.5,1.167,1.0,81.0,True,True
rke7geHtwH,2020,0.5,1.167,1.0,48.0,True,True
rkeIIkHKvS,2020,0.833333333333333,1.167,1.0,73.0,True,True
rkeJRhNYDH,2020,1.166666666666667,1.167,1.0,182.0,True,True
rkeNfp4tPr,2020,-0.5,1.167,1.0,7.0,True,True
rkeNr6EKwB,2020,-0.5,1.167,0.0,33.0,True,True
rkeYL1SFvH,2020,-0.5,1.167,0.0,,True,False
rkecJ6VFvr,2020,-0.833333333333333,1.167,1.0,0.0,True,True
rkecl1rtwB,2020,0.0,1.167,1.0,158.0,True,True
rkenmREFDr,2020,-0.5,1.167,1.0,27.0,True,True
rkeuAhVKvB,2020,1.166666666666667,1.167,1.0,11.0,True,True
rkevSgrtPr,2020,1.0,1.167,1.0,9.0,True,True
rkezdaEtvH,2020,-0.5,1.167,0.0,52.0,True,True
rkg-TJBFPB,2020,1.166666666666667,1.167,1.0,34.0,True,True
rkg-mA4FDr,2020,-1.166666666666667,1.167,1.0,101.0,True,True
rkg1ngrFPr,2020,1.166666666666667,1.167,1.0,7.0,True,True
rkg6sJHYDr,2020,1.166666666666667,1.167,1.0,15.0,True,True
rkgAGAVKPr,2020,0.1666666666666669,1.167,1.0,73.0,True,True
rkgIW1HKPB,2020,-0.5,1.167,0.0,3.0,True,True
rkgKW64FPH,2020,-0.5,1.167,0.0,7.0,True,True
rkgMkCEtPB,2020,0.833333333333333,1.167,1.0,96.0,True,True
rkgO66VKDS,2020,1.166666666666667,1.167,1.0,296.0,True,True
rkgOlCVYvB,2020,-0.833333333333333,1.167,1.0,4.0,True,True
rkgU1gHtvr,2020,-0.5,1.167,1.0,0.0,True,True
rkgpv2VFvr,2020,0.5,1.167,1.0,62.0,True,True
rkgqN1SYvr,2020,0.1666666666666669,1.167,1.0,34.0,True,True
rkgt0REKwS,2020,0.5,1.167,1.0,83.0,True,True
rkgz2aEKDr,2020,0.5,1.167,1.0,608.0,True,True
rkl03ySYDH,2020,-0.25,1.167,1.0,44.0,True,True
rkl8dlHYvB,2020,0.1666666666666669,1.167,1.0,18.0,True,True
rklEj2EFvB,2020,1.166666666666667,1.167,1.0,16.0,True,True
rklFh34Kwr,2020,-0.5,1.167,0.0,16.0,True,True
rklTmyBKPH,2020,0.5,1.167,1.0,15.0,True,True
rklbKA4YDS,2020,1.166666666666667,1.167,1.0,15.0,True,True
rklk_ySYPB,2020,1.166666666666667,1.167,1.0,3.0,True,True
rklklCVYvB,2020,-1.0,1.167,0.0,51.0,True,True
rkllGyBFPH,2020,0.5,1.167,1.0,14.0,True,True
rklp93EtwH,2020,0.833333333333333,1.167,1.0,22.0,True,True
rkx3-04FwB,2020,-0.5,1.167,0.0,8.0,True,True
rkxDoJBYPB,2020,1.166666666666667,1.167,1.0,25.0,True,True
rkxNh1Stvr,2020,1.0,1.167,1.0,13.0,True,True
rkxs0yHFPH,2020,0.5,1.167,1.0,13.0,True,True
rkxtNaNKwr,2020,-0.5,1.167,0.0,26.0,True,True
rkxuWaVYDB,2020,-0.5,1.167,0.0,18.0,True,True
rkxxA24FDr,2020,0.1666666666666669,1.167,1.0,2.0,True,True
rye5YaEtPr,2020,0.1666666666666669,1.167,1.0,2.0,True,True
ryeEr0EFvS,2020,-0.833333333333333,1.167,0.0,7.0,True,True
ryeFY0EFwS,2020,0.833333333333333,1.167,1.0,21.0,True,True
ryeK6nNFDr,2020,-0.5,1.167,0.0,7.0,True,True
ryebG04YvB,2020,0.1666666666666669,1.167,1.0,,True,False
ryedqa4FwS,2020,-0.5,1.167,0.0,19.0,True,True
ryen_CEFwr,2020,-0.5,1.167,0.0,,True,False
ryenvpEKDr,2020,-0.5,1.167,1.0,49.0,True,True
ryg48p4tPH,2020,0.5,1.167,1.0,12.0,True,True
ryg7jhEtPB,2020,0.1666666666666669,1.167,0.0,5.0,True,True
ryg7vA4tPB,2020,-0.5,1.167,0.0,120.0,True,True
rygFWAEFwS,2020,-0.5,1.167,1.0,15.0,True,True
rygG4AVFvH,2020,-0.5,1.167,1.0,17.0,True,True
rygG7AEtvB,2020,-0.5,1.167,0.0,2.0,True,True
rygGQyrFvH,2020,0.5,1.167,1.0,1102.0,True,True
ryga2CNKDH,2020,-0.833333333333333,1.167,0.0,13.0,True,True
rygeHgSFDH,2020,1.166666666666667,1.167,1.0,48.0,True,True
rygf-kSYwH,2020,0.1666666666666669,1.167,1.0,36.0,True,True
rygfnn4twS,2020,0.25,1.167,1.0,22.0,True,True
rygwLgrYPB,2020,-0.5,1.167,1.0,8.0,True,True
ryl3ygHYDB,2020,0.5,1.167,1.0,17.0,True,True
rylBK34FDS,2020,0.5,1.167,1.0,13.0,True,True
rylHspEKPr,2020,-1.166666666666667,1.167,1.0,18.0,True,True
rylMgCNYvS,2020,-1.166666666666667,1.167,0.0,11.0,True,True
rylVHR4FPB,2020,0.5,1.167,1.0,3.0,True,True
rylXBkrYDS,2020,0.5,1.167,1.0,24.0,True,True
rylfl6VFDH,2020,-1.0,1.167,0.0,2.0,True,True
rylkma4twr,2020,-0.5,1.167,0.0,18.0,True,True
rylmoxrFDH,2020,-0.5,1.167,1.0,4.0,True,True
rylrdxHFDr,2020,0.1666666666666669,1.167,1.0,18.0,True,True
rylvYaNYDH,2020,0.1666666666666669,1.167,1.0,9.0,True,True
ryx1wRNFvB,2020,0.1666666666666669,1.167,1.0,6.0,True,True
ryx2wp4tvS,2020,-1.166666666666667,1.167,0.0,5.0,True,True
ryx6WgStPB,2020,0.1666666666666669,1.167,1.0,10.0,True,True
ryxC-kBYDS,2020,-1.166666666666667,1.167,0.0,,True,False
ryxC6kSYPr,2020,0.5,1.167,1.0,6.0,True,True
ryxF80NYwS,2020,-0.5,1.167,0.0,6.0,True,True
ryxK0JBtPr,2020,0.5,1.167,1.0,10.0,True,True
ryxOUTVYDH,2020,0.1666666666666669,1.167,1.0,9.0,True,True
ryxQuANKPB,2020,-0.5,1.167,1.0,13.0,True,True
ryxWIgBFPS,2020,0.833333333333333,1.167,1.0,122.0,True,True
ryxf9CEKDr,2020,-0.5,1.167,0.0,47.0,True,True
ryxgJTEYDr,2020,1.166666666666667,1.167,1.0,23.0,True,True
ryxn8RNtvr,2020,-0.5,1.167,0.0,37.0,True,True
ryxnJlSKvr,2020,-0.833333333333333,1.167,0.0,34.0,True,True
ryxnY3NYPS,2020,1.166666666666667,1.167,1.0,67.0,True,True
ryxz8CVYDH,2020,1.166666666666667,1.167,1.0,6.0,True,True
--gvHfE3Xf5,2021,0.25,1.15,1.0,5.0,True,True
--rcOeCKRh,2021,-0.75,1.15,0.0,4.0,True,True
-6vS_4Kfz0,2021,0.0,1.15,1.0,2.0,True,True
-GLNZeVDuik,2021,0.5,1.15,1.0,14.0,True,True
-Hs_otp2RB,2021,0.25,1.15,1.0,6.0,True,True
-IXhmY16R3M,2021,0.0,1.15,1.0,21.0,True,True
-Lr-u0b42he,2021,-0.25,1.15,1.0,2.0,True,True
-M0QkvBGTTq,2021,-0.4500000000000002,1.15,1.0,92.0,True,True
-N7PBXqOUJZ,2021,0.25,1.15,1.0,32.0,True,True
-ODN6SbiUU,2021,0.25,1.15,1.0,73.0,True,True
-Qaj4_O3cO,2021,-0.5,1.15,0.0,8.0,True,True
-QxT4mJdijq,2021,0.75,1.15,1.0,24.0,True,True
-TwO99rbVRu,2021,0.75,1.15,1.0,51.0,True,True
-WwaX9vKKt,2021,-0.5,1.15,0.0,3.0,True,True
-_Zp7r2-cGK,2021,0.25,1.15,1.0,0.0,True,True
-bdp_8Itjwp,2021,0.0,1.15,1.0,12.0,True,True
-bxf89v3Nx,2021,0.75,1.15,1.0,1.0,True,True
-gfhS00XfKj,2021,-0.25,1.15,1.0,7.0,True,True
-kfLEqppEm_,2021,-0.75,1.15,0.0,1.0,True,True
-mWcQVLPSPy,2021,-0.25,1.15,1.0,11.0,True,True
0-EYBhgw80y,2021,0.25,1.15,1.0,35.0,True,True
01olnfLIbD,2021,0.0,1.15,1.0,36.0,True,True
04ArenGOz3,2021,0.25,1.15,1.0,0.0,True,True
04cII6MumYV,2021,0.5499999999999998,1.15,1.0,55.0,True,True
068E_JSq9O,2021,0.5,1.15,1.0,4.0,True,True
09-528y2Fgf,2021,0.5,1.15,1.0,68.0,True,True
0F_OC_oROWb,2021,-0.25,1.15,0.0,4.0,True,True
0Hj3tFCSjUd,2021,-0.5,1.15,0.0,15.0,True,True
0IO5VdnSAaH,2021,0.25,1.15,1.0,4.0,True,True
0IOX0YcCdTn,2021,-0.583333333333333,1.15,1.0,28.0,True,True
0N8jUH4JMv6,2021,0.4166666666666669,1.15,1.0,0.0,True,True
0O_cQfw6uEh,2021,0.083333333333333,1.15,1.0,2.0,True,True
0OlrLvrsHwQ,2021,0.25,1.15,1.0,1.0,True,True
0PtUPB9z6qK,2021,-0.583333333333333,1.15,1.0,4.0,True,True
0SPUQoRMAvc,2021,-0.5,1.15,0.0,6.0,True,True
0XXpJ4OtjW,2021,1.083333333333333,1.15,1.0,19.0,True,True
0aW6lYOYB7d,2021,-0.25,1.15,1.0,2.0,True,True
0cmMMy8J5q,2021,-0.25,1.15,1.0,65.0,True,True
0fqoSxXBwI6,2021,-0.5,1.15,0.0,6.0,True,True
0oabwyZbOu,2021,0.25,1.15,1.0,23.0,True,True
0zvfm-nZqQs,2021,0.75,1.15,1.0,18.0,True,True
1-Mh-cWROZ,2021,-0.25,1.15,0.0,14.0,True,True
17VnwXYZyhH,2021,-0.25,1.15,1.0,19.0,True,True
193sEnKY1ij,2021,0.5,1.15,1.0,3.0,True,True
1AoMhc_9jER,2021,0.25,1.15,1.0,5.0,True,True
1Fqg133qRaI,2021,0.75,1.15,1.0,109.0,True,True
1FvkSpWosOl,2021,1.0,1.15,1.0,52.0,True,True
1GTma8HwlYp,2021,-0.5,1.15,1.0,5.0,True,True
1Jv6b0Zq3qi,2021,0.25,1.15,1.0,33.0,True,True
1NRMmEUyXMu,2021,-0.5,1.15,0.0,22.0,True,True
1OCTOShAmqB,2021,0.0,1.15,1.0,3.0,True,True
1P2KAvsE59b,2021,-0.75,1.15,0.0,9.0,True,True
1UtnrqVUeNE,2021,-0.25,1.15,0.0,0.0,True,True
1YLJDvSx6J4,2021,1.0,1.15,1.0,193.0,True,True
1dm_j4ciZp,2021,-0.25,1.15,0.0,0.0,True,True
1ibNKMp8SKc,2021,-0.916666666666667,1.15,0.0,38.0,True,True
1rxHOBjeDUW,2021,0.0,1.15,1.0,9.0,True,True
1s1T7xHc5l6,2021,-0.5,1.15,0.0,0.0,True,True
1toB0Fo9CZy,2021,-1.0,1.15,0.0,,True,False
1wtC_X12XXC,2021,-0.5,1.15,0.0,11.0,True,True
1yDrpckYHnN,2021,-0.75,1.15,0.0,8.0,True,True
23ZjUGpjcc,2021,0.0,1.15,1.0,26.0,True,True
27acGyyI1BY,2021,0.75,1.15,1.0,,True,False
2AL06y9cDE-,2021,0.5,1.15,1.0,1.0,True,True
2K5WDVL2KI,2021,0.25,1.15,0.0,2.0,True,True
2LiGI26kRdt,2021,-0.75,1.15,0.0,10.0,True,True
2VXyy9mIyU3,2021,0.4166666666666669,1.15,1.0,27.0,True,True
2_Z6MECjPEa,2021,-0.4500000000000002,1.15,0.0,22.0,True,True
2ioNazs6lvw,2021,-0.916666666666667,1.15,0.0,0.0,True,True
2m0g1wEafh,2021,1.0,1.15,1.0,2.0,True,True
33TBJachvOX,2021,-0.75,1.15,0.0,,True,False
33rtZ4Sjwjn,2021,0.0,1.15,1.0,12.0,True,True
37nvvqkCo5,2021,1.0,1.15,1.0,52.0,True,True
3Aoft6NWFej,2021,1.0,1.15,1.0,14.0,True,True
3LujMJM9EMp,2021,-0.75,1.15,0.0,6.0,True,True
3RLN4EPMdYd,2021,-0.25,1.15,1.0,8.0,True,True
3T9iFICe0Y9,2021,0.083333333333333,1.15,1.0,6.0,True,True
3Wp8HM2CNdR,2021,-0.5,1.15,0.0,43.0,True,True
3X64RLgzY6O,2021,0.083333333333333,1.15,1.0,1.0,True,True
3ZeGLibhFo0,2021,-0.5,1.15,0.0,19.0,True,True
3c3EhwbKoXw,2021,-0.916666666666667,1.15,0.0,0.0,True,True
3hGNqpI4WS,2021,0.5,1.15,1.0,50.0,True,True
3jjmdp7Hha,2021,0.25,1.15,1.0,2.0,True,True
3k20LAiHYL2,2021,0.5,1.15,1.0,13.0,True,True
3q5IqUrkcF,2021,0.083333333333333,1.15,1.0,5.0,True,True
3rRgu7OGgBI,2021,-1.0,1.15,0.0,13.0,True,True
3tFAs5E-Pe,2021,0.25,1.15,1.0,10.0,True,True
42kiJ7n_8xO,2021,0.5499999999999998,1.15,1.0,4.0,True,True
43VKWxg_Sqr,2021,0.75,1.15,1.0,4.0,True,True
45NZvF1UHam,2021,0.4166666666666669,1.15,1.0,1.0,True,True
45uOPa46Kh,2021,0.0,1.15,1.0,2.0,True,True
49V11oUejQ,2021,-1.0,1.15,0.0,3.0,True,True
49mMdsxkPlD,2021,-1.0,1.15,0.0,5.0,True,True
4D4Rjrwaw3q,2021,0.5,1.15,0.0,,True,False
4I5THWNSjC,2021,-0.916666666666667,1.15,0.0,1.0,True,True
4P35MfnBQIY,2021,-0.75,1.15,0.0,2.0,True,True
4RbdgBh9gE,2021,0.0,1.15,1.0,4.0,True,True
4T489T4yav,2021,0.4166666666666669,1.15,1.0,0.0,True,True
4YzI0KpRQtZ,2021,-0.75,1.15,0.0,2.0,True,True
4c0J6lwQ4_,2021,0.5,1.15,1.0,23.0,True,True
4dXmpCDGNp7,2021,0.5,1.15,1.0,15.0,True,True
4qR3coiNaIv,2021,0.25,1.15,1.0,11.0,True,True
4rsTcjH7co,2021,-0.25,1.15,0.0,10.0,True,True
4xzY5yod28y,2021,-1.0499999999999998,1.15,0.0,5.0,True,True
5FRJWsiLRmA,2021,-0.583333333333333,1.15,0.0,0.0,True,True
5L8XMh667qz,2021,-0.583333333333333,1.15,0.0,0.0,True,True
5NA1PinlGFu,2021,0.0,1.15,1.0,5.0,True,True
5Y21V0RDBV,2021,0.0,1.15,1.0,,True,False
5jRVa89sZk,2021,0.25,1.15,1.0,7.0,True,True
5jzlpHvvRk,2021,-0.25,1.15,1.0,16.0,True,True
5lhWG3Hj2By,2021,-0.25,1.15,1.0,12.0,True,True
5m3SEczOV8L,2021,0.75,1.15,1.0,7.0,True,True
5mhViEOQxaV,2021,-0.916666666666667,1.15,0.0,22.0,True,True
5wmNjjvGOXh,2021,-0.25,1.15,0.0,12.0,True,True
60j5LygnmD,2021,0.25,1.15,1.0,4.0,True,True
66H4g_OHdnl,2021,-0.5,1.15,0.0,14.0,True,True
69EFStdgTD2,2021,-1.0,1.15,0.0,39.0,True,True
6BRLOfrMhW,2021,0.4166666666666669,1.15,1.0,4.0,True,True
6DOZ8XNNfGN,2021,0.75,1.15,1.0,2.0,True,True
6FtFPKw8aLj,2021,0.5,1.15,0.0,9.0,True,True
6NFBvWlRXaG,2021,0.75,1.15,1.0,22.0,True,True
6Tm1mposlrM,2021,1.0,1.15,1.0,104.0,True,True
6UdQLhqJyFD,2021,0.0,1.15,1.0,36.0,True,True
6VhmvP7XZue,2021,-0.25,1.15,0.0,48.0,True,True
6X_32jLUaDg,2021,-0.75,1.15,0.0,5.0,True,True
6YEQUn0QICG,2021,-0.25,1.15,1.0,77.0,True,True
6isfR3JCbi,2021,0.75,1.15,1.0,11.0,True,True
6k7VdojAIK,2021,-0.25,1.15,1.0,9.0,True,True
6puCSjH3hwA,2021,0.75,1.15,1.0,37.0,True,True
6puUoArESGp,2021,-0.75,1.15,1.0,8.0,True,True
6s7ME_X5_Un,2021,1.0,1.15,1.0,4.0,True,True
6t_dLShIUyZ,2021,-0.25,1.15,1.0,7.0,True,True
6xHJ37MVxxp,2021,0.4166666666666669,1.15,1.0,41.0,True,True
71zCSP_HuBN,2021,-0.5,1.15,1.0,3.0,True,True
76M3pxkqRl,2021,-0.75,1.15,0.0,,True,False
784_F-WCW46,2021,-0.6500000000000004,1.15,0.0,14.0,True,True
7EDgLu9reQD,2021,1.0,1.15,1.0,5.0,True,True
7FNqrcPtieT,2021,-0.25,1.15,1.0,16.0,True,True
7IDIy7Jb00l,2021,-0.25,1.15,0.0,9.0,True,True
7R7fAoUygoa,2021,0.5,1.15,1.0,48.0,True,True
7TBP8k7TLFA,2021,-0.583333333333333,1.15,0.0,6.0,True,True
7YctWnyhjpL,2021,-0.583333333333333,1.15,0.0,,True,False
7aL-OtQrBWD,2021,0.083333333333333,1.15,1.0,3.0,True,True
7aogOj_VYO0,2021,0.5,1.15,1.0,28.0,True,True
7dpmlkBuJFC,2021,0.083333333333333,1.15,1.0,16.0,True,True
7pgFL2Dkyyy,2021,0.0,1.15,1.0,9.0,True,True
7qmQNB6Wn_B,2021,-1.0,1.15,0.0,10.0,True,True
7t1FcJUWhi3,2021,0.083333333333333,1.15,1.0,1.0,True,True
7uVcpu-gMD,2021,0.25,1.15,1.0,13.0,True,True
7wCBOfJ8hJM,2021,-0.75,1.15,1.0,19.0,True,True
84gjULz1t5,2021,0.75,1.15,1.0,12.0,True,True
87ZwsaQNHPZ,2021,0.75,1.15,1.0,11.0,True,True
88_MfcJoJlS,2021,-0.916666666666667,1.15,0.0,2.0,True,True
8CCwiOHx_17,2021,-0.75,1.15,0.0,5.0,True,True
8E1-f3VhX1o,2021,0.25,1.15,1.0,114.0,True,True
8HhkbjrWLdE,2021,0.5,1.15,1.0,4.0,True,True
8Ln-Bq0mZcy,2021,0.5,1.15,1.0,33.0,True,True
8Sqhl-nF50,2021,0.0,1.15,1.0,6.0,True,True
8VXvj1QNRl1,2021,-0.5,1.15,1.0,12.0,True,True
8X2eaSZxTP,2021,0.25,1.15,1.0,3.0,True,True
8bZC3CyF-f7,2021,0.0,1.15,0.0,,True,False
8cpHIfgY4Dj,2021,-0.583333333333333,1.15,1.0,9.0,True,True
8e6BrwU6AjQ,2021,0.25,1.15,1.0,15.0,True,True
8nXkyH2_s6,2021,-0.25,1.15,0.0,1.0,True,True
8nl0k08uMi,2021,0.083333333333333,1.15,1.0,21.0,True,True
8pz6GXZ3YT,2021,-0.5,1.15,0.0,2.0,True,True
8qDwejCuCN,2021,0.25,1.15,1.0,32.0,True,True
8qsqXlyn-Lp,2021,-1.0,1.15,0.0,0.0,True,True
8wa7HrUsElL,2021,-0.75,1.15,0.0,,True,False
8wqCDnBmnrT,2021,0.75,1.15,1.0,2.0,True,True
8xLkv08d70T,2021,-0.5,1.15,1.0,3.0,True,True
8xeBUgD8u9,2021,0.4166666666666669,1.15,1.0,13.0,True,True
8yKEo06dKNo,2021,0.75,1.15,1.0,21.0,True,True
9EKHN1jOlA,2021,0.5,1.15,1.0,2.0,True,True
9EsrXMzlFQY,2021,0.75,1.15,1.0,5.0,True,True
9FWas6YbmB3,2021,-0.25,1.15,1.0,7.0,True,True
9G5MIc-goqB,2021,0.4166666666666669,1.15,1.0,1.0,True,True
9GsFOUyUPi,2021,0.4166666666666669,1.15,1.0,40.0,True,True
9ITXiTrAoT,2021,0.75,1.15,1.0,,True,False
9OHFhefeB86,2021,1.0,1.15,1.0,5.0,True,True
9QLRCVysdlO,2021,0.25,1.15,1.0,10.0,True,True
9SS69KwomAM,2021,-1.0,1.15,1.0,8.0,True,True
9Y7_c5ZAd5i,2021,-0.25,1.15,0.0,6.0,True,True
9YlaeLfuhJF,2021,1.0,1.15,1.0,45.0,True,True
9l0K4OM-oXE,2021,0.5,1.15,1.0,139.0,True,True
9p2ekP904Rs,2021,-0.25,1.15,1.0,41.0,True,True
9r30XCjf5Dt,2021,0.0,1.15,1.0,14.0,True,True
9t0CV2iD5gE,2021,-0.75,1.15,0.0,7.0,True,True
9uvhpyQwzM_,2021,-0.25,1.15,1.0,18.0,True,True
9xC2tWEwBD,2021,-0.25,1.15,1.0,18.0,True,True
9y4qOAIfA9r,2021,0.0,1.15,0.0,19.0,True,True
A2gNouoXE7,2021,0.4166666666666669,1.15,1.0,8.0,True,True
A5VV3UyIQz,2021,0.083333333333333,1.15,1.0,94.0,True,True
AAes_3W-2z,2021,0.5,1.15,1.0,4.0,True,True
ADWd4TJO13G,2021,0.5499999999999998,1.15,1.0,11.0,True,True
AHOs7Sm5H7R,2021,0.5,1.15,1.0,13.0,True,True
AHm3dbp7D1D,2021,0.4166666666666669,1.15,1.0,74.0,True,True
AICNpd8ke-m,2021,0.083333333333333,1.15,1.0,12.0,True,True
AJY3fGPF1DC,2021,-0.25,1.15,0.0,0.0,True,True
AMoDLAx6GCC,2021,-0.5,1.15,0.0,5.0,True,True
ARQAdp7F8OQ,2021,-0.75,1.15,0.0,,True,False
ATp1nW2FuZL,2021,-0.25,1.15,1.0,4.0,True,True
AVKFuhH1Fo4,2021,-0.5,1.15,0.0,2.0,True,True
AY8zfZm0tDd,2021,0.5,1.15,1.0,26.0,True,True
AhElGnhU2BV,2021,0.25,1.15,1.0,1.0,True,True
Ao2-JgYxuQf,2021,-0.916666666666667,1.15,0.0,2.0,True,True
B5VvQrI49Pa,2021,0.0,1.15,1.0,0.0,True,True
B7v4QMR6Z9w,2021,1.0,1.15,1.0,114.0,True,True
B8fp0LVMHa,2021,-0.75,1.15,0.0,7.0,True,True
B9t708KMr9d,2021,-0.75,1.15,0.0,102.0,True,True
BUlyHkzjgmA,2021,0.25,1.15,1.0,0.0,True,True
BVSM0x3EDK6,2021,0.0,1.15,1.0,16.0,True,True
BXewfAYMmJw,2021,0.0,1.15,1.0,29.0,True,True
BbNIbVPJ-42,2021,0.5,1.15,1.0,73.0,True,True
BfayGoTV4iQ,2021,0.0,1.15,0.0,4.0,True,True
BntruCi1uvF,2021,-0.75,1.15,0.0,0.0,True,True
Bpw_O132lWT,2021,-0.75,1.15,0.0,8.0,True,True
BtZhsSGNRNi,2021,-0.583333333333333,1.15,1.0,7.0,True,True
C0qJUx5dxFb,2021,0.25,1.15,1.0,,True,False
CBmJwzneppz,2021,-0.25,1.15,1.0,54.0,True,True
CF-ZIuSMXRz,2021,0.75,1.15,1.0,0.0,True,True
CGFN_nV1ql,2021,-0.5,1.15,0.0,73.0,True,True
CGQ6ENUMX6,2021,0.25,1.15,1.0,5.0,True,True
CHLhSw9pSw8,2021,-0.25,1.15,1.0,1.0,True,True
CLnj31GZ4cI,2021,-0.5,1.15,0.0,134.0,True,True
CMsvjAnW1zE,2021,-0.75,1.15,0.0,6.0,True,True
CNA6ZrpNDar,2021,0.0,1.15,0.0,2.0,True,True
CR1XOQ0UTh-,2021,0.25,1.15,1.0,37.0,True,True
CYHMIhbuLFl,2021,-1.0,1.15,0.0,2.0,True,True
CZ8Y3NzuVzO,2021,0.25,1.15,1.0,92.0,True,True
C_p3TDhOXW_,2021,-0.916666666666667,1.15,0.0,0.0,True,True
Cb54AMqHQFP,2021,0.0,1.15,1.0,17.0,True,True
ClZ4IcqnFXB,2021,-0.75,1.15,0.0,8.0,True,True
Cnon5ezMHtu,2021,-0.25,1.15,1.0,51.0,True,True
D2TE6VTJG9,2021,-0.25,1.15,0.0,51.0,True,True
D51irFX8UOG,2021,0.0,1.15,0.0,8.0,True,True
D9I3drBz4UC,2021,1.0,1.15,1.0,30.0,True,True
DAaaaqPv9-q,2021,-0.25,1.15,0.0,28.0,True,True
DEa4JdMWRHp,2021,-0.25,1.15,1.0,27.0,True,True
DHSNrGhAY7W,2021,-0.25,1.15,0.0,29.0,True,True
DILxQP08O3B,2021,-0.25,1.15,1.0,36.0,True,True
DM6KlL7GeB,2021,-0.25,1.15,0.0,0.0,True,True
DNl5s5BXeBn,2021,0.0,1.15,1.0,11.0,True,True
D_KeYoqCYC,2021,0.083333333333333,1.15,1.0,2.0,True,True
Db4yerZTYkz,2021,-0.25,1.15,1.0,5.0,True,True
DiQD7FWL233,2021,0.083333333333333,1.15,1.0,0.0,True,True
DktZb97_Fx,2021,0.75,1.15,1.0,15.0,True,True
Dmpi13JiqcX,2021,-0.75,1.15,0.0,0.0,True,True
Drynvt7gg4L,2021,0.0,1.15,1.0,79.0,True,True
Du7s5ukNKz,2021,-0.25,1.15,0.0,6.0,True,True
E3UZoJKHxuk,2021,-1.0,1.15,0.0,10.0,True,True
E3Ys6a1NTGT,2021,0.083333333333333,1.15,1.0,23.0,True,True
E4PK0rg2eP,2021,-0.5,1.15,0.0,23.0,True,True
E8fmaZwzEj,2021,-0.25,1.15,0.0,3.0,True,True
EGVxmJKLC2L,2021,-0.5,1.15,0.0,1.0,True,True
EGdFhBzmAwB,2021,0.5,1.15,1.0,14.0,True,True
EKV158tSfwv,2021,0.25,1.15,1.0,29.0,True,True
EKb4Z0aSNf,2021,-1.0,1.15,0.0,2.0,True,True
EMHoBG0avc1,2021,0.5,1.15,1.0,18.0,True,True
EQfpYwF3-b,2021,-0.916666666666667,1.15,1.0,0.0,True,True
ESG-DMKQKsD,2021,-0.25,1.15,1.0,6.0,True,True
ETBc_MIMgoX,2021,0.25,1.15,1.0,48.0,True,True
EXkD6ZjvJQQ,2021,0.083333333333333,1.15,0.0,6.0,True,True
Ec85b0tUwbA,2021,0.75,1.15,1.0,2.0,True,True
EdXhmWvvQV,2021,-0.5,1.15,0.0,4.0,True,True
Ek7qrYhJMbn,2021,-1.0,1.15,0.0,62.0,True,True
EoFNy62JGd,2021,0.75,1.15,1.0,5.0,True,True
EqoXe2zmhrh,2021,1.0,1.15,1.0,37.0,True,True
EsA9Nr9JHvy,2021,-0.5,1.15,0.0,38.0,True,True
F-mvpFpn_0q,2021,0.25,1.15,1.0,0.0,True,True
F1vEjWK-lH_,2021,0.5,1.15,1.0,60.0,True,True
F2v4aqEL6ze,2021,-0.5,1.15,1.0,32.0,True,True
F3s69XzWOia,2021,1.0,1.15,1.0,15.0,True,True
F8lXvXpZdrL,2021,-0.25,1.15,0.0,,True,False
F8whUO8HNbP,2021,0.0,1.15,1.0,18.0,True,True
FKotzp6PZJw,2021,-1.0,1.15,0.0,12.0,True,True
FOyuZ26emy,2021,0.75,1.15,1.0,10.0,True,True
FUdBF49WRV1,2021,-1.0,1.15,0.0,10.0,True,True
FX0vR39SJ5q,2021,-0.25,1.15,1.0,3.0,True,True
FZ1oTwcXchK,2021,0.083333333333333,1.15,1.0,100.0,True,True
Fblk4_Fd7ao,2021,-0.5,1.15,0.0,2.0,True,True
FmMKSO4e8JK,2021,0.4166666666666669,1.15,1.0,8.0,True,True
Fmg_fQYUejf,2021,0.75,1.15,1.0,13.0,True,True
FsLTUzZlsgT,2021,-0.25,1.15,0.0,9.0,True,True
FyucNzzMba-,2021,-1.0499999999999998,1.15,0.0,8.0,True,True
G67PtYbCImX,2021,-0.583333333333333,1.15,0.0,2.0,True,True
G70Z8ds32C9,2021,-0.0499999999999998,1.15,0.0,9.0,True,True
GFsU8a0sGB,2021,0.083333333333333,1.15,1.0,38.0,True,True
GIeGTl8EYx,2021,-0.5,1.15,0.0,13.0,True,True
GJwMHetHc73,2021,1.083333333333333,1.15,1.0,3.0,True,True
GKLLd9FOe5l,2021,-0.75,1.15,0.0,0.0,True,True
GMgHyUPrXa,2021,0.0,1.15,1.0,3.0,True,True
GVNGAaY2Dr1,2021,-0.25,1.15,0.0,19.0,True,True
GY6-6sTvGaf,2021,0.75,1.15,1.0,135.0,True,True
Gu5WqN9J3Fn,2021,-0.25,1.15,1.0,5.0,True,True
GvqjmSwUxkY,2021,-0.5,1.15,0.0,0.0,True,True
GzHjhdpk-YH,2021,-0.25,1.15,0.0,34.0,True,True
H-BVtEaipej,2021,-0.25,1.15,0.0,11.0,True,True
H-SPvQtMwm,2021,-0.5,1.15,0.0,198.0,True,True
H0syOoy3Ash,2021,0.4166666666666669,1.15,1.0,1.0,True,True
H5B3lmpO1g,2021,-0.25,1.15,0.0,14.0,True,True
H6ATjJ0TKdf,2021,0.25,1.15,1.0,69.0,True,True
HCSgyPUfeDj,2021,0.0,1.15,1.0,92.0,True,True
HHSEKOnPvaO,2021,0.75,1.15,1.0,2.0,True,True
HHiiQKWsOcV,2021,0.75,1.15,1.0,7.0,True,True
HIGSa_3kOx3,2021,-0.25,1.15,1.0,11.0,True,True
HOFxeCutxZR,2021,0.25,1.15,1.0,6.0,True,True
HWqv5Pm3E3,2021,-0.916666666666667,1.15,0.0,29.0,True,True
HZcDljfUljt,2021,-0.75,1.15,0.0,0.0,True,True
Hf3qXoiNkR,2021,-0.75,1.15,1.0,51.0,True,True
HgLO8yalfwc,2021,0.5499999999999998,1.15,1.0,2.0,True,True
HmAhqnu3qu,2021,-0.25,1.15,0.0,0.0,True,True
Hrtbm8u0RXu,2021,-0.25,1.15,0.0,10.0,True,True
HxzSxSxLOJZ,2021,0.0,1.15,1.0,6.0,True,True
I-VfjSBzi36,2021,-1.0499999999999998,1.15,0.0,18.0,True,True
I3zV6igAT9,2021,-0.5,1.15,0.0,5.0,True,True
I4c4K9vBNny,2021,0.25,1.15,1.0,8.0,True,True
I4pQCAhSu62,2021,-0.5,1.15,0.0,0.0,True,True
I6NRcao1w-X,2021,-1.0,1.15,0.0,13.0,True,True
IDFQI9OY6K,2021,0.25,1.15,1.0,8.0,True,True
IFqrg1p5Bc,2021,0.0,1.15,1.0,6.0,True,True
IG3jEGLN0jd,2021,-0.25,1.15,0.0,19.0,True,True
IJxaSrLIbkx,2021,-0.25,1.15,0.0,11.0,True,True
IMPA6MndSXU,2021,0.0,1.15,1.0,2.0,True,True
IU8QxEiG4hR,2021,-1.0,1.15,0.0,,True,False
IUaOP8jQfHn,2021,-1.0,1.15,0.0,4.0,True,True
IW-EI6BCxy,2021,-0.5,1.15,0.0,1.0,True,True
IX3Nnir2omJ,2021,0.083333333333333,1.15,1.0,21.0,True,True
IZQm8mMRVqW,2021,-0.5,1.15,0.0,1.0,True,True
Ig-VyQc-MLK,2021,0.25,1.15,1.0,48.0,True,True
Ig53hpHxS4,2021,0.25,1.15,1.0,81.0,True,True
IgIk8RRT-Z,2021,-0.75,1.15,1.0,3.0,True,True
IrM64DGB21,2021,0.0,1.15,1.0,15.0,True,True
Iw4ZGwenbXf,2021,-0.75,1.15,1.0,3.0,True,True
Iz3zU3M316D,2021,-0.25,1.15,1.0,81.0,True,True
J3OUycKwz-,2021,-0.75,1.15,1.0,1.0,True,True
J8_GttYLFgr,2021,-0.25,1.15,1.0,5.0,True,True
JAlqRs9duhz,2021,-1.0,1.15,0.0,3.0,True,True
JBAa9we1AL,2021,0.75,1.15,1.0,0.0,True,True
JCz05AtXO3y,2021,-0.25,1.15,0.0,0.0,True,True
JFKR3WqwyXR,2021,-0.25,1.15,1.0,1.0,True,True
JHcqXGaqiGn,2021,-0.25,1.15,1.0,68.0,True,True
JWOiYxMG92s,2021,0.75,1.15,1.0,174.0,True,True
JYVODnDjU20,2021,-0.75,1.15,0.0,2.0,True,True
J_pvI6ap5Mn,2021,-0.5,1.15,0.0,27.0,True,True
Jacdvfjicf7,2021,0.25,1.15,1.0,7.0,True,True
JbAqsfbYsJy,2021,-0.75,1.15,0.0,23.0,True,True
JbuYF437WB6,2021,0.4166666666666669,1.15,1.0,33.0,True,True
JdCUjf9xvlc,2021,-0.5,1.15,0.0,0.0,True,True
JeweO9-QqV-,2021,-0.75,1.15,0.0,2.0,True,True
JiYq3eqTKY,2021,0.25,1.15,1.0,24.0,True,True
JkfYjnOEo6M,2021,0.5,1.15,1.0,4.0,True,True
Jq8JGA89sDa,2021,-1.0,1.15,0.0,19.0,True,True
Jr8XGtK04Pw,2021,-0.5,1.15,0.0,0.0,True,True
K5YasWXZT3O,2021,0.25,1.15,1.0,4.0,True,True
K5a_QFEUzA1,2021,0.0,1.15,0.0,12.0,True,True
K5j7D81ABvt,2021,0.0,1.15,1.0,0.0,True,True
K9bw7vqp_s,2021,-0.5,1.15,1.0,74.0,True,True
KBWK5Y92BRh,2021,-1.0,1.15,0.0,3.0,True,True
KCzRX9N8BIH,2021,-1.0,1.15,0.0,2.0,True,True
KJNcAkY8tY4,2021,0.5,1.15,1.0,26.0,True,True
KJSC_AsN14,2021,-0.5,1.15,0.0,37.0,True,True
KLH36ELmwIB,2021,0.25,1.15,1.0,30.0,True,True
KOtxfjpQsq,2021,-1.0,1.15,0.0,4.0,True,True
KTlJT1nof6d,2021,-0.25,1.15,1.0,2.0,True,True
KUDUoRsEphu,2021,0.75,1.15,1.0,5.0,True,True
KWToR-Phbrz,2021,-1.0,1.15,0.0,1.0,True,True
KYPz4YsCPj,2021,-0.25,1.15,1.0,55.0,True,True
Kao09W-oe8,2021,-0.8499999999999996,1.15,0.0,1.0,True,True
KmykpuSrjcq,2021,0.0,1.15,1.0,484.0,True,True
KpfasTaLUpq,2021,0.75,1.15,1.0,31.0,True,True
KubHAaKdSr7,2021,-0.75,1.15,0.0,42.0,True,True
L5b6jUonKFB,2021,-0.25,1.15,0.0,3.0,True,True
L7Irrt5sMQa,2021,-0.25,1.15,0.0,,True,False
L7WD8ZdscQ5,2021,-0.5,1.15,1.0,6.0,True,True
LGgdb4TS4Z,2021,0.25,1.15,1.0,14.0,True,True
LLoe0U9ShkN,2021,0.4166666666666669,1.15,0.0,17.0,True,True
LSFCEb3GYU7,2021,0.5,1.15,1.0,15.0,True,True
LVotkZmYyDi,2021,0.75,1.15,1.0,8.0,True,True
Lc28QAB4ypz,2021,0.25,1.15,1.0,5.0,True,True
Ldau9eHU-qO,2021,0.083333333333333,1.15,1.0,1.0,True,True
LhY8QdUGSuw,2021,0.25,1.15,1.0,23.0,True,True
LiX3ECzDPHZ,2021,0.083333333333333,1.15,1.0,3.0,True,True
LkFG3lB13U5,2021,0.0,1.15,1.0,128.0,True,True
Lnomatc-1s,2021,-0.916666666666667,1.15,0.0,0.0,True,True
LuyryrCs6Ez,2021,-0.583333333333333,1.15,0.0,5.0,True,True
LwEQnp6CYev,2021,0.75,1.15,1.0,10.0,True,True
M3NDrHEGyyO,2021,-0.5,1.15,0.0,4.0,True,True
M88oFvqp_9,2021,-0.25,1.15,1.0,0.0,True,True
M9hdyCNlWaf,2021,-0.5,1.15,0.0,4.0,True,True
MBOyiNnYthd,2021,0.5,1.15,1.0,38.0,True,True
MBpHUFrcG2x,2021,0.083333333333333,1.15,1.0,1.0,True,True
MDsQkFP1Aw,2021,0.0,1.15,1.0,29.0,True,True
MIDckA56aD,2021,0.0,1.15,1.0,40.0,True,True
MJAqnaC2vO1,2021,-0.25,1.15,1.0,5.0,True,True
MJIve1zgR_,2021,1.0,1.15,1.0,28.0,True,True
MLSvqIHRidA,2021,0.75,1.15,1.0,2.0,True,True
MaZFq7bJif7,2021,0.5,1.15,1.0,2.0,True,True
MbM_gvIB3Y4,2021,-0.6500000000000004,1.15,0.0,8.0,True,True
Mf4ZSXMZP7,2021,-0.8499999999999996,1.15,0.0,76.0,True,True
Mh1Abj33qI,2021,-0.25,1.15,0.0,2.0,True,True
MjvduJCsE4,2021,-0.25,1.15,1.0,3.0,True,True
Mk6PZtgAgfq,2021,1.083333333333333,1.15,1.0,2.0,True,True
MmCRswl1UYl,2021,0.25,1.15,1.0,3.0,True,True
MmcywoW7PbJ,2021,-0.25,1.15,0.0,1.0,True,True
MpStQoD73Mj,2021,-1.0,1.15,0.0,10.0,True,True
Ms9zjhVB5R,2021,-0.25,1.15,0.0,6.0,True,True
MtEE0CktZht,2021,0.5,1.15,1.0,5.0,True,True
MuSYkd1hxRP,2021,0.75,1.15,1.0,5.0,True,True
Mwuc0Plt_x2,2021,-0.75,1.15,0.0,5.0,True,True
MxaY4FzOTa,2021,-0.75,1.15,1.0,4.0,True,True
MyHwDabUHZm,2021,0.0,1.15,1.0,0.0,True,True
N0M_4BkQ05i,2021,0.5,1.15,1.0,5.0,True,True
N33d7wjgzde,2021,-0.0499999999999998,1.15,1.0,8.0,True,True
N3zUDGN5lO,2021,0.75,1.15,1.0,3.0,True,True
N6JECD-PI5w,2021,0.25,1.15,1.0,50.0,True,True
N9oPAFcuYWX,2021,-0.5,1.15,0.0,5.0,True,True
NGBY716p1VR,2021,-0.75,1.15,0.0,24.0,True,True
NMgB4CVnMh,2021,-0.25,1.15,0.0,2.0,True,True
NNd0J677PN,2021,-1.0,1.15,0.0,6.0,True,True
NQbnPjPYaG6,2021,0.0,1.15,1.0,9.0,True,True
NSBrFgJAHg,2021,0.083333333333333,1.15,1.0,20.0,True,True
NTEz-6wysdb,2021,0.5,1.15,1.0,39.0,True,True
NX1He-aFO_F,2021,0.4166666666666669,1.15,1.0,3.0,True,True
Naqw7EHIfrv,2021,-0.5,1.15,1.0,1.0,True,True
NcFEZOi-rLa,2021,-0.5,1.15,1.0,15.0,True,True
NfZ6g2OmXEk,2021,0.0,1.15,0.0,4.0,True,True
NgZKCRKaY3J,2021,-1.0,1.15,0.0,23.0,True,True
NjF772F4ZZR,2021,0.0,1.15,1.0,30.0,True,True
NomEDgIEBwE,2021,0.4166666666666669,1.15,1.0,9.0,True,True
Ns8v4jHGyAV,2021,-0.916666666666667,1.15,0.0,,True,False
NsMLjcFaO8O,2021,0.25,1.15,1.0,44.0,True,True
O-6Pm_d_Q-,2021,0.25,1.15,1.0,4.0,True,True
O-XJwyoIF-k,2021,1.0,1.15,1.0,11.0,True,True
O3Y56aqpChA,2021,1.0,1.15,1.0,17.0,True,True
O3bqkf_Puys,2021,0.083333333333333,1.15,1.0,69.0,True,True
O6LPudowNQm,2021,0.5,1.15,1.0,9.0,True,True
O7ms4LFdsX,2021,0.75,1.15,1.0,16.0,True,True
O9bnihsFfXU,2021,0.25,1.15,1.0,7.0,True,True
OCm0rwa1lx1,2021,-0.25,1.15,0.0,31.0,True,True
OGg9XnKxFAH,2021,0.5,1.15,1.0,30.0,True,True
OHgnfSrn2jv,2021,0.083333333333333,1.15,1.0,1.0,True,True
OItp-Avs6Iy,2021,-0.75,1.15,0.0,0.0,True,True
OLrVttqVt2,2021,-1.0,1.15,0.0,7.0,True,True
OMNB1G5xzd4,2021,0.0,1.15,1.0,20.0,True,True
OMizHuea_HB,2021,0.5,1.15,1.0,46.0,True,True
ONBPHFZ7zG4,2021,0.1500000000000003,1.15,1.0,2.0,True,True
OOsR8BzCnl5,2021,0.083333333333333,1.15,1.0,49.0,True,True
OPyWRrcjVQw,2021,0.75,1.15,1.0,12.0,True,True
OQ08SN70M1V,2021,0.0,1.15,1.0,20.0,True,True
Ogga20D2HO-,2021,0.083333333333333,1.15,1.0,67.0,True,True
OodqmQT3fir,2021,0.0,1.15,0.0,6.0,True,True
Oos98K9Lv-k,2021,0.75,1.15,1.0,5.0,True,True
OthEq8I5v1,2021,1.0,1.15,1.0,3.0,True,True
Ovp8dvB8IBH,2021,0.5,1.15,1.0,8.0,True,True
Ozk9MrX1hvA,2021,-0.25,1.15,1.0,28.0,True,True
P0p33rgyoE,2021,-0.5,1.15,1.0,0.0,True,True
P42rXLGZQ07,2021,-0.5,1.15,0.0,4.0,True,True
P6_q1BRxY8Q,2021,0.3499999999999996,1.15,1.0,48.0,True,True
PGmqOzKEPZN,2021,-0.5,1.15,0.0,6.0,True,True
PH5PH9ZO_4,2021,0.083333333333333,1.15,1.0,1.0,True,True
POWv6hDd9XH,2021,0.75,1.15,1.0,49.0,True,True
PObuuGVrGaZ,2021,0.25,1.15,1.0,26.0,True,True
PQlC91XxqK5,2021,-0.25,1.15,0.0,0.0,True,True
PS3IMnScugk,2021,0.75,1.15,1.0,10.0,True,True
PUkhWz65dy5,2021,0.75,1.15,1.0,0.0,True,True
PYAFKBc8GL4,2021,-0.75,1.15,0.0,74.0,True,True
PbEHqvFtcS,2021,0.25,1.15,1.0,18.0,True,True
Pbj8H_jEHYv,2021,1.0,1.15,1.0,11.0,True,True
Pd_oMxH8IlF,2021,0.75,1.15,1.0,2.0,True,True
PdauS7wZBfC,2021,-0.5,1.15,0.0,17.0,True,True
Ptaz_zIFbX,2021,-0.6500000000000004,1.15,1.0,2.0,True,True
PuG6vCSbrV9,2021,-0.25,1.15,0.0,,True,False
Pz_dcqfcKW8,2021,0.5,1.15,1.0,24.0,True,True
Pzj6fzU6wkj,2021,0.75,1.15,1.0,,True,False
Q1jmmQz72M2,2021,-0.25,1.15,1.0,0.0,True,True
Q4EUywJIkqr,2021,-0.5,1.15,1.0,2.0,True,True
QFYnKlBJYR,2021,-0.5,1.15,1.0,3.0,True,True
QHUUrieaqai,2021,0.5,1.15,0.0,9.0,True,True
QO9-y8also-,2021,0.25,1.15,1.0,5.0,True,True
QfTXQiGYudJ,2021,1.083333333333333,1.15,1.0,16.0,True,True
Qk-Wq5AIjpq,2021,0.083333333333333,1.15,1.0,6.0,True,True
QkRbdiiEjM,2021,0.0,1.15,1.0,32.0,True,True
Qm7R_SdqTpT,2021,-0.25,1.15,1.0,2.0,True,True
Qm8UNVCFdh,2021,0.5,1.15,1.0,1.0,True,True
QoWatN-b8T,2021,0.0,1.15,1.0,0.0,True,True
QpT9Q_NNfQL,2021,-0.75,1.15,0.0,3.0,True,True
QtTKTdVrFBB,2021,0.75,1.15,1.0,122.0,True,True
QubpWYfdNry,2021,0.5,1.15,1.0,4.0,True,True
Qun8fv4qSby,2021,0.0,1.15,1.0,10.0,True,True
QzKDLiosEd,2021,-0.916666666666667,1.15,0.0,5.0,True,True
R0a0kFI3dJx,2021,0.0,1.15,1.0,8.0,True,True
R2ZlTVPx0Gk,2021,0.5,1.15,1.0,6.0,True,True
R4aWTjmrEKM,2021,0.75,1.15,1.0,3.0,True,True
RGeQOjc58d,2021,-0.4500000000000002,1.15,0.0,0.0,True,True
RHY_9ZVcTa_,2021,-0.5,1.15,0.0,16.0,True,True
RSU17UoKfJF,2021,0.4166666666666669,1.15,1.0,4.0,True,True
RcjRb9pEQ-Q,2021,-0.5,1.15,0.0,9.0,True,True
Rcmk0xxIQV,2021,-0.5,1.15,1.0,144.0,True,True
Rd138pWXMvG,2021,0.75,1.15,1.0,7.0,True,True
RdhjoXl-SDG,2021,-0.583333333333333,1.15,0.0,0.0,True,True
Rld-9OxQ6HU,2021,0.5,1.15,0.0,3.0,True,True
RmB-88r9dL,2021,0.4166666666666669,1.15,1.0,15.0,True,True
RmB-zwXOIVC,2021,-0.25,1.15,0.0,0.0,True,True
RovX-uQ1Hua,2021,0.3499999999999996,1.15,1.0,5.0,True,True
RqCC_00Bg7V,2021,-0.25,1.15,1.0,1.0,True,True
RrIqhkFEpec,2021,-0.5,1.15,0.0,10.0,True,True
RuUdMAU-XbI,2021,-1.0,1.15,0.0,1.0,True,True
S0UdquAnr9k,2021,1.0,1.15,1.0,23.0,True,True
S5S3eTEmouw,2021,-0.75,1.15,0.0,11.0,True,True
S6AtYQLzXOY,2021,-0.5,1.15,0.0,0.0,True,True
S724o4_WB3,2021,0.75,1.15,1.0,11.0,True,True
SHvF5xaueVn,2021,0.0,1.15,1.0,9.0,True,True
SK7A5pdrgov,2021,0.0,1.15,1.0,31.0,True,True
SOVSJZ9PTO7,2021,-1.0,1.15,0.0,22.0,True,True
SPhswbiXpJQ,2021,-0.0499999999999998,1.15,0.0,2.0,True,True
SQ7EHTDyn9Y,2021,-0.75,1.15,0.0,6.0,True,True
SRDuJssQud,2021,0.25,1.15,1.0,21.0,True,True
SXoheAR0Gz,2021,-0.916666666666667,1.15,0.0,2.0,True,True
SZ3wtsXfzQR,2021,0.0,1.15,1.0,2.0,True,True
Siwm2BaNiG,2021,-0.916666666666667,1.15,0.0,3.0,True,True
SlrqM9_lyju,2021,0.0,1.15,1.0,5.0,True,True
Srmggo3b3X6,2021,-1.0,1.15,1.0,7.0,True,True
St1giarCHLP,2021,0.75,1.15,1.0,102.0,True,True
Svfh1_hYEtF,2021,-0.25,1.15,0.0,31.0,True,True
T1XmO8ScKim,2021,0.5,1.15,1.0,6.0,True,True
T3RyQtRHebj,2021,-0.75,1.15,0.0,0.0,True,True
T6AxtOaWydQ,2021,-0.25,1.15,1.0,49.0,True,True
TBIzh9b5eaz,2021,0.1500000000000003,1.15,1.0,15.0,True,True
TETmEkko7e5,2021,-0.25,1.15,0.0,7.0,True,True
TJSOfuZEd1B,2021,-1.0499999999999998,1.15,0.0,6.0,True,True
TK_6nNb_C7q,2021,0.5,1.15,1.0,6.0,True,True
TNkPBBYFkXg,2021,0.25,1.15,1.0,179.0,True,True
TQt98Ya7UMP,2021,0.5,1.15,1.0,6.0,True,True
TR-Nj6nFx42,2021,0.0,1.15,1.0,13.0,True,True
TSRTzJnuEBS,2021,0.0,1.15,1.0,6.0,True,True
TTUVg6vkNjK,2021,0.75,1.15,1.0,60.0,True,True
TVbDOOr6hL,2021,0.25,1.15,0.0,0.0,True,True
TVjLza1t4hI,2021,0.4166666666666669,1.15,1.0,4.0,True,True
TgSVWXw22FQ,2021,0.0,1.15,1.0,27.0,True,True
Ti87Pv5Oc8,2021,0.25,1.15,1.0,4.0,True,True
TiGF63rxr8Q,2021,-0.75,1.15,0.0,0.0,True,True
TiXl51SCNw8,2021,0.0,1.15,1.0,4.0,True,True
TlPHO_duLv,2021,-0.916666666666667,1.15,0.0,15.0,True,True
TlS3LBoDj3Z,2021,-0.5,1.15,0.0,17.0,True,True
Tt1s9Oi1kCS,2021,-0.25,1.15,0.0,0.0,True,True
TtYSU29zgR,2021,0.25,1.15,1.0,41.0,True,True
TuK6agbdt27,2021,0.5,1.15,1.0,2.0,True,True
U4XLJhqwNF1,2021,-0.25,1.15,1.0,10.0,True,True
U850oxFSKmN,2021,-0.5,1.15,0.0,4.0,True,True
UFGEelJkLu5,2021,-0.25,1.15,1.0,30.0,True,True
ULQdiUTHe3y,2021,0.25,1.15,1.0,3.0,True,True
US-TP-xnXI,2021,0.5,1.15,1.0,36.0,True,True
U_mat0b9iv,2021,-0.25,1.15,1.0,12.0,True,True
Ua5yGJhfgAg,2021,-0.5,1.15,0.0,7.0,True,True
UcoXdfrORC,2021,0.75,1.15,1.0,17.0,True,True
Ud3DSz72nYR,2021,1.083333333333333,1.15,1.0,11.0,True,True
UfJn-cstSF,2021,-0.25,1.15,0.0,0.0,True,True
Uh0T_Q0pg7r,2021,-0.916666666666667,1.15,0.0,2.0,True,True
UoaQUQREMOs,2021,-0.25,1.15,1.0,26.0,True,True
Uu1Nw-eeTxJ,2021,0.083333333333333,1.15,1.0,11.0,True,True
UwGY2qjqoLD,2021,0.25,1.15,1.0,1.0,True,True
V1N4GEWki_E,2021,-0.5,1.15,0.0,0.0,True,True
V1ZHVxJ6dSS,2021,0.0,1.15,1.0,64.0,True,True
V5j-jdoDDP,2021,-0.25,1.15,1.0,1.0,True,True
V69LGwJ0lIN,2021,0.083333333333333,1.15,1.0,15.0,True,True
V6BjBgku7Ro,2021,-0.25,1.15,1.0,3.0,True,True
V8jrrnwGbuc,2021,0.75,1.15,1.0,14.0,True,True
VD_ozqvBy4W,2021,0.0,1.15,1.0,16.0,True,True
VErQxgyrbfn,2021,0.0,1.15,1.0,6.0,True,True
VRgITLy0l2,2021,-0.75,1.15,0.0,0.0,True,True
VbCVU10R7K,2021,-0.583333333333333,1.15,0.0,10.0,True,True
Vd7lCMvtLqg,2021,-0.25,1.15,1.0,0.0,True,True
Vfs_2RnOD0H,2021,0.25,1.15,1.0,2.0,True,True
VqzVhqxkjH1,2021,0.0,1.15,1.0,23.0,True,True
W1G1JZEIy5_,2021,0.083333333333333,1.15,1.0,13.0,True,True
W3Wf_wKmqm9,2021,-0.5,1.15,1.0,1.0,True,True
WAISmwsqDsb,2021,0.75,1.15,1.0,0.0,True,True
WDVD4lUCTzU,2021,-0.75,1.15,0.0,17.0,True,True
WEHSlH5mOk,2021,-0.583333333333333,1.15,1.0,20.0,True,True
WPO0vDYLXem,2021,-1.0,1.15,0.0,2.0,True,True
WZnVnlFBKFj,2021,-1.0,1.15,0.0,35.0,True,True
WesiCoRVQ15,2021,0.5,1.15,1.0,6.0,True,True
Wga_hrCa3P3,2021,-1.0,1.15,1.0,9.0,True,True
Wi5KUNlqWty,2021,-0.25,1.15,1.0,116.0,True,True
WiGQBFuVRv,2021,1.0,1.15,1.0,55.0,True,True
WoLQsYU8aZ,2021,-1.0,1.15,0.0,146.0,True,True
WznmQa42ZAx,2021,0.5,1.15,1.0,37.0,True,True
X4y_10OX-hX,2021,0.75,1.15,1.0,56.0,True,True
X76iqnUbBjz,2021,0.5,1.15,1.0,15.0,True,True
XAS3uKeFWj,2021,0.0,1.15,1.0,0.0,True,True
XG1Drw7VbLJ,2021,-1.0,1.15,0.0,27.0,True,True
XI-OJ5yyse,2021,0.25,1.15,1.0,2.0,True,True
XJk19XzGq2J,2021,0.75,1.15,1.0,23.0,True,True
XOjv2HxIF6i,2021,0.0,1.15,1.0,3.0,True,True
XPZIaotutsD,2021,0.0,1.15,1.0,424.0,True,True
XQQA6-So14,2021,0.0,1.15,1.0,5.0,True,True
XSLF1XFq5h,2021,0.5,1.15,1.0,41.0,True,True
Xb8xvrtB8Ce,2021,0.0,1.15,1.0,12.0,True,True
XdprrZhBk8,2021,-0.25,1.15,0.0,17.0,True,True
Xh5eMZVONGF,2021,0.25,1.15,1.0,63.0,True,True
XoF2fGAvXO6,2021,-0.75,1.15,0.0,7.0,True,True
Xv_s64FiXTv,2021,0.5499999999999998,1.15,1.0,2.0,True,True
Y-Wl1l0Va-,2021,-0.25,1.15,0.0,1.0,True,True
Y87Ri-GNHYu,2021,0.5,1.15,1.0,6.0,True,True
Y9McSeEaqUh,2021,-0.25,1.15,1.0,0.0,True,True
YCXrx6rRCXO,2021,-0.0499999999999998,1.15,1.0,1.0,True,True
YHdeAO61l6T,2021,-0.0499999999999998,1.15,1.0,2.0,True,True
YLewtnvKgR7,2021,0.5,1.15,1.0,8.0,True,True
YMsbeG6FqBU,2021,-0.25,1.15,0.0,8.0,True,True
YNnpaAKeCfx,2021,-0.5,1.15,1.0,35.0,True,True
YPm0fzy_z6R,2021,-1.0,1.15,0.0,11.0,True,True
YTWGvpFOQD-,2021,0.5,1.15,1.0,66.0,True,True
YWtLZvLmud7,2021,0.3499999999999996,1.15,1.0,,True,False
YbDGyviJkrL,2021,0.25,1.15,0.0,161.0,True,True
YicbFdNTTy,2021,0.75,1.15,1.0,21403.0,True,True
YmA86Zo-P_t,2021,-0.25,1.15,1.0,13.0,True,True
YmqAnY0CMEy,2021,0.75,1.15,1.0,13.0,True,True
YtMG5ex0ou,2021,0.75,1.15,1.0,0.0,True,True
YwpZmcAehZ,2021,0.25,1.15,1.0,12.0,True,True
Z2qyx5vC8Xn,2021,-0.75,1.15,0.0,7.0,True,True
Z532uNJyG5y,2021,-0.75,1.15,0.0,10.0,True,True
ZAfeFYKUek5,2021,-0.8499999999999996,1.15,0.0,2.0,True,True
ZDnzZrTqU9N,2021,0.5,1.15,1.0,3.0,True,True
ZK6vTvb84s,2021,0.25,1.15,1.0,8.0,True,True
ZKyd0bkFmom,2021,-0.5,1.15,0.0,1.0,True,True
ZTFeSBIX9C,2021,0.4166666666666669,1.15,1.0,44.0,True,True
ZUW6N_SVKxq,2021,-0.25,1.15,0.0,2.0,True,True
ZVqZIA1GA_,2021,-0.916666666666667,1.15,0.0,4.0,True,True
ZW0yXJyNmoG,2021,-0.25,1.15,1.0,4.0,True,True
Zbc-ue9p_rE,2021,0.5499999999999998,1.15,1.0,3.0,True,True
ZqB2GD-Ixn,2021,-0.25,1.15,0.0,6.0,True,True
ZsZM-4iMQkH,2021,0.4166666666666669,1.15,1.0,12.0,True,True
ZvvxYyjfvZc,2021,-0.75,1.15,0.0,1.0,True,True
_0kaDkv3dVf,2021,0.5,1.15,1.0,24.0,True,True
_HsKf3YaWpG,2021,-0.5,1.15,0.0,2.0,True,True
_IM-AfFhna9,2021,0.25,1.15,1.0,15.0,True,True
_QnwcbR-GG,2021,0.083333333333333,1.15,0.0,41.0,True,True
_SKUm2AJpvN,2021,-0.5,1.15,0.0,65.0,True,True
_TGlfdZOHY3,2021,-1.0,1.15,0.0,15.0,True,True
_TM6rT7tXke,2021,0.25,1.15,1.0,18.0,True,True
_WnwtieRHxM,2021,0.75,1.15,1.0,14.0,True,True
_XYzwxPIQu6,2021,0.75,1.15,1.0,10.0,True,True
_X_4Akcd8Re,2021,0.25,1.15,1.0,4.0,True,True
_kxlwvhOodK,2021,-0.583333333333333,1.15,1.0,6.0,True,True
_mQp5cr_iNy,2021,0.083333333333333,1.15,1.0,11.0,True,True
_ptUyYP19mP,2021,0.3499999999999996,1.15,0.0,18.0,True,True
a2gqxKDvYys,2021,0.5,1.15,1.0,1.0,True,True
a2rFihIU7i,2021,-0.4500000000000002,1.15,0.0,22.0,True,True
a3wKPZpGtCF,2021,0.25,1.15,1.0,3.0,True,True
a5KvtsZ14ev,2021,-0.8499999999999996,1.15,0.0,25.0,True,True
a7gkBG1m6e,2021,-0.75,1.15,0.0,9.0,True,True
aAY23UgDBv0,2021,-0.25,1.15,0.0,2.0,True,True
aCgLmfhIy_f,2021,-0.75,1.15,1.0,38.0,True,True
aDjoksTpXOP,2021,0.75,1.15,1.0,9.0,True,True
aGfU_xziEX8,2021,0.0,1.15,1.0,3.0,True,True
aGmEDl1NWJ-,2021,-0.25,1.15,0.0,0.0,True,True
aUX5Plaq7Oy,2021,0.25,1.15,1.0,8.0,True,True
aYuZO9DIdnn,2021,0.0,1.15,1.0,2.0,True,True
aa0705s2Qc,2021,-0.5,1.15,0.0,8.0,True,True
agHLCOBM5jP,2021,0.25,1.15,1.0,3.0,True,True
ajOrOhQOsYx,2021,0.75,1.15,1.0,21.0,True,True
akgiLNAkC7P,2021,-0.75,1.15,0.0,7.0,True,True
apiI1ySCSSR,2021,-0.583333333333333,1.15,0.0,1.0,True,True
arD29HCZG6O,2021,-0.5,1.15,0.0,0.0,True,True
avBunqDXFS,2021,-0.75,1.15,0.0,7.0,True,True
awMgJJ9H-0q,2021,-0.916666666666667,1.15,0.0,2.0,True,True
awnQ2qTLSwn,2021,-0.8499999999999996,1.15,0.0,6.0,True,True
b7g3_ZMHnT0,2021,-0.5,1.15,1.0,3.0,True,True
b905-XVjbDO,2021,-0.5,1.15,0.0,11.0,True,True
bB2drc7DPuB,2021,0.75,1.15,1.0,0.0,True,True
bEoxzW_EXsa,2021,0.083333333333333,1.15,1.0,19.0,True,True
bIQF55zCpWf,2021,-0.75,1.15,0.0,1.0,True,True
bJLHjvYV1Cu,2021,-0.75,1.15,0.0,,True,False
bJxgv5C3sYc,2021,-1.0,1.15,1.0,6.0,True,True
bK-rJMKrOsm,2021,-1.0,1.15,0.0,76.0,True,True
bM3L3I_853,2021,0.0,1.15,1.0,21.0,True,True
bQf4aGhfmFx,2021,-0.5,1.15,0.0,1.0,True,True
bhCDO_cEGCz,2021,0.25,1.15,1.0,13.0,True,True
biH_IISPxYA,2021,-0.25,1.15,0.0,2.0,True,True
bkincnjT8zx,2021,-0.75,1.15,0.0,9.0,True,True
blfSjHeFM_e,2021,0.5,1.15,1.0,11.0,True,True
bnY0jm4l59,2021,0.75,1.15,1.0,10.0,True,True
bodgPrarPUJ,2021,0.5,1.15,0.0,24.0,True,True
c5QbJ1zob73,2021,-0.4500000000000002,1.15,0.0,35.0,True,True
c8P9NQVtmnO,2021,0.25,1.15,1.0,1082.0,True,True
c9-WeM-ceB,2021,0.5,1.15,1.0,14.0,True,True
cAvgPMAA3hb,2021,-0.75,1.15,0.0,1.0,True,True
cB_mXKTs9J,2021,-0.25,1.15,0.0,9.0,True,True
cFpWC6ZMtmj,2021,-0.916666666666667,1.15,0.0,21.0,True,True
cKnKJcTPRcV,2021,-1.0,1.15,0.0,7.0,True,True
cO1IH43yUF,2021,0.0,1.15,1.0,55.0,True,True
cP5IcoAkfKa,2021,-0.4500000000000002,1.15,1.0,3.0,True,True
cPZOyoDloxl,2021,1.0,1.15,1.0,12.0,True,True
cQzf26aA3vM,2021,-0.5,1.15,0.0,7.0,True,True
cR91FAodFMe,2021,0.5,1.15,1.0,28.0,True,True
cT0jK5VvFuS,2021,-0.5,1.15,0.0,0.0,True,True
cTbIjyrUVwJ,2021,-0.25,1.15,1.0,35.0,True,True
cYek5NoXNiX,2021,0.0,1.15,0.0,2.0,True,True
cYr2OPNyTz7,2021,-1.0499999999999998,1.15,0.0,3.0,True,True
c_E8kFWfhp0,2021,0.75,1.15,1.0,44.0,True,True
ce6CFXBh30h,2021,-0.75,1.15,1.0,4.0,True,True
chPj_I5KMHG,2021,-0.5,1.15,1.0,15.0,True,True
cjk5mri_aOm,2021,-1.0,1.15,0.0,5.0,True,True
crAi7c41xTh,2021,0.0,1.15,0.0,19.0,True,True
ct8_a9h1M,2021,0.4166666666666669,1.15,1.0,11.0,True,True
cu7IUiOhujH,2021,-0.25,1.15,1.0,60.0,True,True
cuDFRRANJ-5,2021,-0.5,1.15,0.0,6.0,True,True
czv8Ac3Kg7l,2021,-0.25,1.15,0.0,4.0,True,True
d7KBjmI3GmQ,2021,0.0,1.15,1.0,274.0,True,True
d8Q1mt2Ghw,2021,-0.5,1.15,1.0,8.0,True,True
dFwBosAcJkN,2021,0.5,1.15,1.0,19.0,True,True
dKg5D1Z1Lm,2021,0.75,1.15,1.0,2.0,True,True
dNy_RKzJacY,2021,0.0,1.15,1.0,100.0,True,True
dOcQK-f4byz,2021,0.0,1.15,1.0,4.0,True,True
dV19Yyi1fS3,2021,-0.4500000000000002,1.15,1.0,114.0,True,True
de11dbHzAMF,2021,0.3499999999999996,1.15,1.0,1.0,True,True
dgd4EJqsbW5,2021,-0.25,1.15,1.0,8.0,True,True
dgtpE6gKjHn,2021,-0.25,1.15,1.0,28.0,True,True
djwS0m4Ft_A,2021,-0.0499999999999998,1.15,1.0,5.0,True,True
dqyK5RKMaW4,2021,-0.75,1.15,0.0,8.0,True,True
dvSExzhjG9D,2021,-1.0,1.15,0.0,2.0,True,True
dx11_7vm5_r,2021,0.5,1.15,1.0,8.0,True,True
dx4b7lm8jMM,2021,-0.25,1.15,1.0,4.0,True,True
dyaIRud1zXg,2021,0.4166666666666669,1.15,1.0,10.0,True,True
dyjPVUc2KB,2021,0.25,1.15,1.0,1.0,True,True
e12NDM7wkEY,2021,0.4166666666666669,1.15,1.0,36.0,True,True
e8W-hsu_q5,2021,-0.75,1.15,1.0,2.0,True,True
eEn8KTtJOx,2021,0.083333333333333,1.15,1.0,128.0,True,True
eIHYL6fpbkA,2021,0.25,1.15,1.0,1.0,True,True
eJIJF3-LoZO,2021,-0.25,1.15,1.0,4.0,True,True
eLfqMl3z3lq,2021,0.5,1.15,1.0,30.0,True,True
eMP1j9efXtX,2021,0.5499999999999998,1.15,1.0,5.0,True,True
eNSpdJeR_J,2021,-1.0,1.15,0.0,0.0,True,True
eNdiU_DbM9,2021,0.75,1.15,1.0,31.0,True,True
ePh9bvqIgKL,2021,-0.916666666666667,1.15,0.0,6.0,True,True
eQe8DEWNN2W,2021,0.75,1.15,1.0,4.0,True,True
eYgI3cTPTq9,2021,-0.75,1.15,0.0,24.0,True,True
ebS5NUfoMKL,2021,0.5,1.15,1.0,21.0,True,True
edJ_HipawCa,2021,0.3499999999999996,1.15,1.0,4.0,True,True
edku48LG0pT,2021,-1.0,1.15,0.0,4.0,True,True
ee6W5UgQLa,2021,0.25,1.15,1.0,12.0,True,True
ehJqJQk9cw,2021,0.0,1.15,1.0,26.0,True,True
enoVQWLsfyL,2021,0.25,1.15,1.0,23.0,True,True
eo6U4CAwVmg,2021,0.25,1.15,1.0,8.0,True,True
eom0IUrF__F,2021,-0.583333333333333,1.15,1.0,41.0,True,True
eqBwg3AcIAK,2021,0.5,1.15,1.0,11.0,True,True
euDnVs0Ynts,2021,-0.5,1.15,1.0,0.0,True,True
eyXknI5scWu,2021,-0.5,1.15,0.0,2.0,True,True
fAbkE6ant2,2021,0.25,1.15,1.0,24.0,True,True
fGF8qAqpXXG,2021,0.75,1.15,1.0,3.0,True,True
fSTD6NFIW_b,2021,0.0,1.15,1.0,50.0,True,True
f_GA2IU9-K-,2021,-1.0,1.15,0.0,2.0,True,True
fgX9O5q0BT,2021,0.25,1.15,0.0,4.0,True,True
fgd7we_uZa6,2021,0.5,1.15,1.0,29.0,True,True
fmOOI2a3tQP,2021,0.5,1.15,1.0,5.0,True,True
fmtSg8591Q,2021,0.5,1.15,1.0,2.0,True,True
foNTMJHXHXC,2021,-1.0,1.15,0.0,260.0,True,True
fw-BHZ1KjxJ,2021,-0.25,1.15,1.0,2.0,True,True
g-wu9TMPODo,2021,0.75,1.15,1.0,12.0,True,True
g0a-XYjpQ7r,2021,-1.0,1.15,0.0,337.0,True,True
g11CZSghXyY,2021,0.25,1.15,1.0,9.0,True,True
g21u6nlbPzn,2021,-0.25,1.15,1.0,5.0,True,True
g6OrH2oT5so,2021,-0.5,1.15,0.0,3.0,True,True
gDHCPUvKRP,2021,-0.5,1.15,0.0,5.0,True,True
gGDlZrfFq9d,2021,-0.25,1.15,0.0,,True,False
gIHd-5X324,2021,-0.25,1.15,1.0,44.0,True,True
gJYlaqL8i8,2021,0.083333333333333,1.15,1.0,2.0,True,True
gLWj29369lW,2021,0.5,1.15,1.0,7.0,True,True
gRr_gt5bker,2021,-0.916666666666667,1.15,0.0,0.0,True,True
gV3wdEOGy_V,2021,0.0,1.15,1.0,10.0,True,True
gW8n0uD6rl,2021,-0.75,1.15,0.0,70.0,True,True
gZ2qq0oPvJR,2021,-0.25,1.15,0.0,,True,False
gdtGg1hCK2,2021,-0.75,1.15,0.0,2.0,True,True
giit4HdDNa,2021,1.0,1.15,1.0,2.0,True,True
gl3D-xY7wLq,2021,0.25,1.15,1.0,59.0,True,True
guEuB3FPcd,2021,-0.25,1.15,0.0,0.0,True,True
guetrIHLFGI,2021,-0.75,1.15,1.0,15.0,True,True
gvxJzw8kW4b,2021,0.75,1.15,1.0,16.0,True,True
gwFTuzxJW0,2021,0.0,1.15,1.0,9.0,True,True
gwnoVHIES05,2021,0.5,1.15,1.0,21.0,True,True
h0de3QWtGG,2021,0.0,1.15,1.0,5.0,True,True
h2EbJ4_wMVq,2021,0.75,1.15,1.0,9.0,True,True
hJmtwocEqzc,2021,0.4166666666666669,1.15,1.0,22.0,True,True
hPWj1qduVw8,2021,0.083333333333333,1.15,1.0,6.0,True,True
hSjxQ3B7GWq,2021,-0.5,1.15,1.0,4.0,True,True
hb1sDDSLbV,2021,-0.5,1.15,1.0,73.0,True,True
hbzCPZEIUU,2021,-1.0,1.15,0.0,0.0,True,True
heFdS9_tkzc,2021,-1.0499999999999998,1.15,0.0,0.0,True,True
hecuSLbL_vC,2021,-0.916666666666667,1.15,0.0,12.0,True,True
heqv8eIweMY,2021,-0.25,1.15,0.0,27.0,True,True
hkMoYYEkBoI,2021,0.5,1.15,1.0,11.0,True,True
hpH98mK5Puk,2021,-0.25,1.15,1.0,61.0,True,True
hr-3PMvDpil,2021,0.25,1.15,1.0,23.0,True,True
hsFN92eQEla,2021,0.75,1.15,1.0,53.0,True,True
hu2aMLzOxC,2021,0.25,1.15,0.0,21.0,True,True
hvdKKV2yt7T,2021,0.75,1.15,1.0,23.0,True,True
i7aMbliTkHs,2021,-0.25,1.15,0.0,22.0,True,True
i80OPhOCVH2,2021,-0.6500000000000004,1.15,1.0,90.0,True,True
iAmZUo0DxC0,2021,1.0,1.15,1.0,46.0,True,True
iKQAk8a2kM0,2021,-0.25,1.15,1.0,29.0,True,True
iOnhIy-a-0n,2021,0.0,1.15,1.0,3.0,True,True
iQQK02mxVIT,2021,-0.0499999999999998,1.15,1.0,11.0,True,True
iQxS0S9ir1a,2021,-0.75,1.15,0.0,13.0,True,True
iVaPuvROtMm,2021,-0.583333333333333,1.15,0.0,6.0,True,True
iWLByfvUhN,2021,0.75,1.15,1.0,1.0,True,True
iaO86DUuKi,2021,0.25,1.15,1.0,32.0,True,True
ijJZbomCJIm,2021,0.0,1.15,1.0,12.0,True,True
iktA2PtTRsK,2021,-0.583333333333333,1.15,0.0,38.0,True,True
in2qzBZ-Vwr,2021,-1.0,1.15,0.0,17.0,True,True
io-EI8C0q6A,2021,-1.0,1.15,0.0,,True,False
ioXEbG_Sf-a,2021,-1.0,1.15,0.0,20.0,True,True
iox4AjpZ15,2021,-1.0,1.15,0.0,0.0,True,True
ipUPfYxWZvM,2021,-0.25,1.15,1.0,3.0,True,True
ixpSxO9flk3,2021,0.083333333333333,1.15,1.0,7.0,True,True
j1RMMKeP2gR,2021,0.0,1.15,1.0,4.0,True,True
j5d9qacxdZa,2021,-1.0,1.15,0.0,6.0,True,True
j9Rv7qdXjd,2021,0.75,1.15,1.0,17.0,True,True
jDdzh5ul-d,2021,0.4166666666666669,1.15,1.0,15.0,True,True
jEYKjPE1xYN,2021,0.4166666666666669,1.15,1.0,9.0,True,True
jGeOQt3oUl1,2021,-0.5,1.15,0.0,7.0,True,True
jLoC4ez43PZ,2021,0.5,1.15,1.0,152.0,True,True
jM76BCb6F9m,2021,0.25,1.15,1.0,30.0,True,True
jMc7DlflrMC,2021,0.0,1.15,0.0,1.0,True,True
jN5y-zb5Q7m,2021,0.4166666666666669,1.15,1.0,31.0,True,True
jNhWDHdjVi4,2021,-0.75,1.15,0.0,0.0,True,True
jP1vTH3inC,2021,0.25,1.15,1.0,1.0,True,True
jQ0XleVhYuT,2021,-0.75,1.15,0.0,4.0,True,True
jWkw45-9AbL,2021,1.083333333333333,1.15,1.0,31.0,True,True
jXe91kq3jAq,2021,-0.25,1.15,1.0,1.0,True,True
jYVY_piet7m,2021,-0.25,1.15,0.0,3.0,True,True
jfPU-u_52Tx,2021,-0.75,1.15,0.0,5.0,True,True
jh-rTtvkGeM,2021,0.5,1.15,1.0,22.0,True,True
jjKzfD9vP9,2021,-0.25,1.15,0.0,0.0,True,True
jk1094_ZiN,2021,-0.75,1.15,0.0,4.0,True,True
jpm1AfJucwt,2021,-1.0,1.15,0.0,6.0,True,True
jrA5GAccy_,2021,0.5,1.15,1.0,15.0,True,True
jznizqvr15J,2021,0.75,1.15,1.0,9.0,True,True
k2Om84I9JuX,2021,-0.5,1.15,0.0,34.0,True,True
kBVJ2NtiY-,2021,-0.25,1.15,1.0,0.0,True,True
kDnal_bbb-E,2021,-0.5,1.15,1.0,19.0,True,True
kE3vd639uRW,2021,0.5,1.15,1.0,9.0,True,True
kEnBH98BGs5,2021,0.0,1.15,1.0,2.0,True,True
kHSu4ebxFXY,2021,0.0,1.15,1.0,27.0,True,True
kLbhLJ8OT12,2021,0.0,1.15,1.0,29.0,True,True
kWSeGEeHvF8,2021,0.25,1.15,1.0,24.0,True,True
kW_zpEmMLdP,2021,0.25,1.15,1.0,24.0,True,True
kmBFHJ5pr0o,2021,-0.75,1.15,0.0,5.0,True,True
kmqjgSNXby,2021,0.4166666666666669,1.15,1.0,10.0,True,True
ks5nebunVn_,2021,0.75,1.15,1.0,63.0,True,True
ku4sJKvnbwV,2021,-0.5,1.15,0.0,7.0,True,True
kvhzKz-_DMF,2021,-0.5,1.15,1.0,39.0,True,True
kyaIeYj4zZ,2021,0.25,1.15,1.0,59.0,True,True
l-PrrQrK0QR,2021,-0.5,1.15,1.0,6.0,True,True
l35SB-_raSQ,2021,0.25,1.15,1.0,0.0,True,True
l3YcqzaPlx0,2021,-1.0,1.15,0.0,0.0,True,True
lDjgALS4qs8,2021,-0.25,1.15,0.0,0.0,True,True
lJuOUWlAC8i,2021,-0.25,1.15,0.0,4.0,True,True
lNrtNGkr-vw,2021,-0.25,1.15,0.0,4.0,True,True
lQdXeXDoWtI,2021,0.75,1.15,1.0,85.0,True,True
lSijhyKKsct,2021,-1.0,1.15,0.0,2.0,True,True
ldxlzGYWDmW,2021,0.5,1.15,1.0,9.0,True,True
le9LIliDOG,2021,-0.75,1.15,0.0,3.0,True,True
lf7st0bJIA5,2021,-0.5,1.15,1.0,11.0,True,True
lgNx56yZh8a,2021,0.75,1.15,1.0,8.0,True,True
lqU2cs3Zca,2021,0.75,1.15,1.0,52.0,True,True
luGQiBeRMxd,2021,-0.25,1.15,0.0,6.0,True,True
lvRTC669EY_,2021,-0.25,1.15,1.0,13.0,True,True
m08OHhXxl-5,2021,-0.5,1.15,0.0,0.0,True,True
m1CD7tPubNy,2021,1.0,1.15,1.0,32.0,True,True
m4PC1eUknQG,2021,-0.75,1.15,0.0,0.0,True,True
m4UCf24r0Y,2021,0.25,1.15,1.0,4.0,True,True
mCtadqIxOJ,2021,0.5,1.15,1.0,3.0,True,True
mEdwVCRJuX4,2021,0.5,1.15,1.0,20.0,True,True
mQPBmvyAuk,2021,0.083333333333333,1.15,1.0,19.0,True,True
mYNfmvt8oSv,2021,-1.0,1.15,0.0,13.0,True,True
meG3o0ttiAD,2021,-0.916666666666667,1.15,0.0,44.0,True,True
mfJepDyIUcQ,2021,-0.75,1.15,0.0,2.0,True,True
muppfCkU9H1,2021,-0.75,1.15,0.0,35.0,True,True
muu0gF6BW-,2021,-0.25,1.15,0.0,1.0,True,True
n1HD8M6WGn,2021,-0.25,1.15,1.0,11.0,True,True
n4IMHNb8_f,2021,-0.75,1.15,0.0,6.0,True,True
n6jl7fLxrP,2021,0.25,1.15,1.0,93.0,True,True
n7wIfYPdVet,2021,0.1500000000000003,1.15,1.0,4.0,True,True
nCY83KxoehA,2021,-1.0,1.15,0.0,17.0,True,True
nIqapkAyZ9_,2021,-1.0,1.15,0.0,0.0,True,True
nQxCYIFk7Rz,2021,-1.0,1.15,0.0,28.0,True,True
nVZtXBI6LNn,2021,-0.75,1.15,1.0,60.0,True,True
ng0IIc1mbTu,2021,-1.0,1.15,0.0,14.0,True,True
nkap3LV7t7O,2021,-0.583333333333333,1.15,0.0,35.0,True,True
nzpLWnVAyah,2021,-0.25,1.15,1.0,211.0,True,True
o1O5nc48rn,2021,-1.0,1.15,0.0,22.0,True,True
o2ko2D_uvXJ,2021,-0.25,1.15,0.0,1.0,True,True
o81ZyBCojoA,2021,-0.25,1.15,1.0,17.0,True,True
o966_Is_nPA,2021,0.75,1.15,1.0,4.0,True,True
oBmpWzJTCa4,2021,-0.75,1.15,0.0,,True,False
oFp8Mx_V5FL,2021,0.25,1.15,1.0,28.0,True,True
oSrM_jG_Ng,2021,-0.25,1.15,0.0,16.0,True,True
oZIvHV04XgC,2021,0.5,1.15,1.0,17.0,True,True
o_V-MjyyGV_,2021,0.75,1.15,1.0,58.0,True,True
oev4KdikGjy,2021,-1.0,1.15,0.0,104.0,True,True
ohdw3t-8VCY,2021,0.0,1.15,0.0,50.0,True,True
oj3bHNSq_2w,2021,-0.25,1.15,0.0,2.0,True,True
opHLcXxYTC_,2021,0.4166666666666669,1.15,1.0,3.0,True,True
ot9bYHvuULl,2021,-0.583333333333333,1.15,0.0,4.0,True,True
oxnp2q-PGL4,2021,-0.583333333333333,1.15,1.0,3.0,True,True
p-NZIuwqhI4,2021,1.0,1.15,1.0,14.0,True,True
p3_z68kKrus,2021,0.75,1.15,0.0,4.0,True,True
p5uylG94S68,2021,0.1500000000000003,1.15,1.0,1.0,True,True
p65lWYKpqKz,2021,-0.25,1.15,0.0,3.0,True,True
p8agn6bmTbr,2021,-0.25,1.15,1.0,8.0,True,True
pAbm1qfheGk,2021,0.083333333333333,1.15,1.0,28.0,True,True
pBqLS-7KYAF,2021,0.5,1.15,1.0,4.0,True,True
pHXfe1cOmA,2021,0.0,1.15,1.0,3.0,True,True
pRGF3Jtaie,2021,-1.0,1.15,0.0,0.0,True,True
pULTvw9X313,2021,0.083333333333333,1.15,0.0,1.0,True,True
pVwU-8cdjQQ,2021,-0.5,1.15,0.0,7.0,True,True
pW2Q2xLwIMD,2021,0.5,1.15,1.0,56.0,True,True
pg9c6etTWXR,2021,-1.0,1.15,0.0,3.0,True,True
piLPYqxtWuA,2021,0.5499999999999998,1.15,1.0,513.0,True,True
pmj131uIL9H,2021,0.25,1.15,1.0,14.0,True,True
pqZV_srUVmK,2021,0.75,1.15,1.0,16.0,True,True
pwwVuSICBgt,2021,-0.25,1.15,0.0,1.0,True,True
q-qxdClTs0d,2021,-1.0,1.15,0.0,16.0,True,True
q8qLAbQBupm,2021,0.25,1.15,1.0,14.0,True,True
qFQTP00Q0kp,2021,-0.916666666666667,1.15,0.0,23.0,True,True
qG4ZVCCyCB0,2021,-0.75,1.15,0.0,12.0,True,True
qVyeW-grC2k,2021,0.5,1.15,1.0,195.0,True,True
qYZD-AO1Vn,2021,0.0,1.15,1.0,6.0,True,True
q_S44KLQ_Aa,2021,0.75,1.15,1.0,1.0,True,True
qbRv1k2AcH,2021,-0.6500000000000004,1.15,0.0,18.0,True,True
qcKh_Msv1GP,2021,-1.0,1.15,0.0,16.0,True,True
qda7-sVg84,2021,0.25,1.15,1.0,27.0,True,True
qiydAcw6Re,2021,-0.916666666666667,1.15,0.0,1.0,True,True
qkLMTphG5-h,2021,-0.5,1.15,1.0,6.0,True,True
qn_gk5j3PJ,2021,-0.5,1.15,0.0,12.0,True,True
qrwe7XHTmYb,2021,0.0,1.15,1.0,348.0,True,True
qzBUIzq5XR2,2021,0.25,1.15,1.0,5.0,True,True
r-gPPHEjpmw,2021,-0.5,1.15,1.0,24.0,True,True
r1d-lFmO-cM,2021,-0.916666666666667,1.15,0.0,3.0,True,True
rABUmU3ulQh,2021,0.75,1.15,1.0,1.0,True,True
rJA5Pz7lHKb,2021,1.0,1.15,1.0,4.0,True,True
rRFIni1CYmy,2021,-0.583333333333333,1.15,1.0,1.0,True,True
rSwTMomgCz,2021,-0.75,1.15,0.0,9.0,True,True
rWZz3sJfCkm,2021,0.5,1.15,1.0,1.0,True,True
refmbBH_ysO,2021,-0.583333333333333,1.15,0.0,7.0,True,True
rgFNuJHHXv,2021,-0.5,1.15,1.0,8.0,True,True
rq_Qr0c1Hyo,2021,1.0,1.15,1.0,40.0,True,True
rryJiPXifr,2021,-0.25,1.15,0.0,6.0,True,True
rsogjAnYs4z,2021,0.083333333333333,1.15,1.0,3.0,True,True
rumv7QmLUue,2021,0.75,1.15,1.0,16.0,True,True
sAX7Z7uIJ_Y,2021,-0.75,1.15,0.0,,True,False
sAzh_FTFDxz,2021,-0.25,1.15,0.0,6.0,True,True
sCZbhBvqQaU,2021,0.5,1.15,1.0,46.0,True,True
sSjqmfsk95O,2021,0.3499999999999996,1.15,1.0,135.0,True,True
sTeoJiB4uR,2021,0.0,1.15,1.0,3.0,True,True
sfgcqgOm2F_,2021,-1.0,1.15,0.0,69.0,True,True
sjGBjudWib,2021,-1.0,1.15,0.0,13.0,True,True
sjuuTm4vj0,2021,0.0,1.15,1.0,30.0,True,True
snOgiCYZgJ7,2021,0.0,1.15,1.0,0.0,True,True
sy4Kg_ZQmS7,2021,0.25,1.15,1.0,6.0,True,True
szUsQ3NcQwV,2021,-0.5,1.15,0.0,15.0,True,True
t0TaKv0Gx6Z,2021,0.4166666666666669,1.15,1.0,14.0,True,True
t86MwoUCCNe,2021,0.25,1.15,1.0,4.0,True,True
tADlrawCrVU,2021,-0.916666666666667,1.15,0.0,24.0,True,True
tC6iW2UUbJf,2021,0.5,1.15,1.0,83.0,True,True
tGZu6DlbreV,2021,0.5,1.15,1.0,28.0,True,True
tH6_VWZjoq,2021,0.25,1.15,1.0,0.0,True,True
tHgJoMfy6nI,2021,-0.25,1.15,1.0,,True,False
tL89RnzIiCd,2021,0.4166666666666669,1.15,1.0,72.0,True,True
tV6oBfuyLTQ,2021,0.5,1.15,1.0,1.0,True,True
tc5qisoB-C,2021,0.1500000000000003,1.15,1.0,9.0,True,True
tckGH8K9y6o,2021,-1.0,1.15,0.0,1.0,True,True
te7PVH1sPxJ,2021,0.25,1.15,1.0,8.0,True,True
tiqI7w64JG2,2021,0.5,1.15,1.0,9.0,True,True
tkAtoZkcUnm,2021,0.5,1.15,1.0,26.0,True,True
tlV90jvZbw,2021,0.0,1.15,1.0,7.0,True,True
tnSo6VRLmT,2021,0.4166666666666669,1.15,1.0,2.0,True,True
tq5JAGsedIP,2021,-1.0,1.15,0.0,0.0,True,True
tqOvYpjPax2,2021,0.5,1.15,1.0,2.0,True,True
tu29GQT0JFy,2021,-0.5,1.15,1.0,21.0,True,True
tv8n52XbO4p,2021,-0.5,1.15,0.0,6.0,True,True
tyd9yxioXgO,2021,0.0,1.15,0.0,6.0,True,True
u2YNJPcQlwq,2021,0.0,1.15,1.0,2.0,True,True
u4WfreuXxnk,2021,-0.4500000000000002,1.15,0.0,14.0,True,True
u8X280hw1Mt,2021,-0.25,1.15,0.0,4.0,True,True
uCQfPZwRaUu,2021,0.5,1.15,1.0,50.0,True,True
uCY5MuAxcxU,2021,1.0,1.15,1.0,22.0,True,True
uFHwB6YTxXz,2021,-0.25,1.15,0.0,0.0,True,True
uFkGzn9RId8,2021,0.0,1.15,0.0,3.0,True,True
uR9LaO_QxF,2021,0.5,1.15,1.0,5.0,True,True
uUAuBTcIIwq,2021,-0.75,1.15,0.0,0.0,True,True
uUX49ez8P06,2021,-0.75,1.15,0.0,4.0,True,True
uV7hcsjqM-,2021,-0.916666666666667,1.15,0.0,11.0,True,True
uXl3bZLkr3c,2021,1.083333333333333,1.15,1.0,284.0,True,True
ufS1zWbRCEa,2021,-0.75,1.15,0.0,10.0,True,True
ujmgfuxSLrO,2021,0.0,1.15,1.0,46.0,True,True
umIdUL8rMH,2021,0.75,1.15,1.0,61.0,True,True
unI5ucw_Jk,2021,0.4166666666666669,1.15,1.0,5.0,True,True
uxpzitPEooJ,2021,0.25,1.15,1.0,13.0,True,True
uys9OcmXNtU,2021,-0.583333333333333,1.15,0.0,5.0,True,True
uz5uw6gM0m,2021,-1.0,1.15,1.0,0.0,True,True
v5gjXpmR8J,2021,0.0,1.15,1.0,44.0,True,True
v8b3e5jN66j,2021,-0.5,1.15,1.0,26.0,True,True
v9hAX77--cZ,2021,0.5,1.15,1.0,12.0,True,True
vK9WrZ0QYQ,2021,0.5,1.15,1.0,3.0,True,True
vLaHRtHvfFp,2021,0.083333333333333,1.15,1.0,11.0,True,True
vNw0Gzw8oki,2021,0.0,1.15,0.0,2.0,True,True
vOchfRdvPy7,2021,-1.0,1.15,0.0,23.0,True,True
vQzcqQWIS0q,2021,0.5,1.15,1.0,20.0,True,True
vT0NSQlTA,2021,-1.0,1.15,0.0,1.0,True,True
vVjIW3sEc1s,2021,0.5499999999999998,1.15,1.0,25.0,True,True
vXj_ucZQ4hA,2021,0.083333333333333,1.15,1.0,7.0,True,True
vYVI1CHPaQg,2021,0.5,1.15,1.0,20.0,True,True
vYeQQ29Tbvx,2021,0.25,1.15,1.0,79.0,True,True
v_1Soh8QUNc,2021,0.4166666666666669,1.15,1.0,15.0,True,True
vcopnwZ7bC,2021,-0.75,1.15,1.0,3.0,True,True
vhKe9UFbrJo,2021,-0.25,1.15,1.0,10.0,True,True
vlcVTDaufN,2021,-0.4500000000000002,1.15,0.0,0.0,True,True
vnlqCDH1b6n,2021,-0.25,1.15,0.0,,True,False
vrCiOrqgl3B,2021,-0.75,1.15,0.0,12.0,True,True
vsU0efpivw,2021,0.083333333333333,1.15,1.0,2.0,True,True
vyY0jnWG-tK,2021,0.3499999999999996,1.15,1.0,2.0,True,True
w2Z2OwVNeK,2021,-0.5,1.15,1.0,2.0,True,True
w8iCTOJvyD,2021,-0.75,1.15,0.0,5.0,True,True
wC99I7uIFe,2021,-0.75,1.15,0.0,20.0,True,True
wQRlSUZ5V7B,2021,-0.25,1.15,1.0,6.0,True,True
wTWLfuDkvKp,2021,-1.0,1.15,0.0,9.0,True,True
wXgk_iCiYGo,2021,0.25,1.15,1.0,26.0,True,True
w_7JMpGZRh0,2021,0.0,1.15,1.0,40.0,True,True
wb3wxCObbRT,2021,1.0,1.15,1.0,9.0,True,True
whE31dn74cL,2021,0.5,1.15,1.0,1.0,True,True
wta_8Hx2KD,2021,-1.0,1.15,1.0,82.0,True,True
ww-7bdU6GA9,2021,-0.25,1.15,0.0,4.0,True,True
xCcdBRQEDW,2021,1.0,1.15,1.0,18.0,True,True
xCm8kiWRiBT,2021,-0.75,1.15,0.0,2.0,True,True
xCxXwTzx4L1,2021,0.25,1.15,1.0,31.0,True,True
xCy9thPPTb_,2021,-0.75,1.15,0.0,1.0,True,True
xHKVVHGDOEk,2021,0.0,1.15,1.0,15.0,True,True
xTJEN-ggl1b,2021,0.1500000000000003,1.15,1.0,48.0,True,True
xboZWqM_ELA,2021,-1.0,1.15,0.0,3.0,True,True
xfmSoxdxFCG,2021,0.75,1.15,1.0,0.0,True,True
xjXg0bnoDmS,2021,-0.25,1.15,1.0,2.0,True,True
xnC8YwKUE3k,2021,-0.5,1.15,1.0,,True,False
xoHdgbQJohv,2021,0.0,1.15,1.0,6.0,True,True
xpFFI_NtgpW,2021,-0.25,1.15,1.0,11.0,True,True
xppLmXCbOw1,2021,1.0,1.15,1.0,3.0,True,True
xrUySgB5ZOK,2021,-0.916666666666667,1.15,0.0,4.0,True,True
xsx58rmaW2p,2021,-0.25,1.15,0.0,2.0,True,True
xyGFYKIPTDJ,2021,-0.25,1.15,0.0,48.0,True,True
y4-e1K23GLC,2021,-0.25,1.15,0.0,8.0,True,True
yFJ67zTeI2,2021,-0.25,1.15,1.0,5.0,True,True
yHeg4PbFHh,2021,0.75,1.15,1.0,5.0,True,True
yKYiyoHG4N3,2021,-0.75,1.15,0.0,1.0,True,True
yT7-k6Q6gda,2021,-0.5,1.15,0.0,13.0,True,True
yUxUNaj2Sl,2021,0.75,1.15,1.0,15.0,True,True
yWkP7JuHX1,2021,1.083333333333333,1.15,1.0,20.0,True,True
y_pDlU_FLS,2021,-0.5,1.15,0.0,2.0,True,True
ygWoT6hOc28,2021,-0.5,1.15,0.0,18.0,True,True
yoVo1fThmS1,2021,-0.5,1.15,0.0,3.0,True,True
yqPnIRhHtZv,2021,0.0,1.15,1.0,2.0,True,True
yrDEUYauOMd,2021,-0.8499999999999996,1.15,0.0,1.0,True,True
ysti0DEWTSo,2021,-1.0,1.15,0.0,4.0,True,True
yvQKLaqNE6M,2021,0.4166666666666669,1.15,1.0,70.0,True,True
yvuk0RsLoP7,2021,-0.5,1.15,0.0,3.0,True,True
z9k8BWL-_2u,2021,-0.25,1.15,1.0,2.0,True,True
zDy_nQCXiIj,2021,0.75,1.15,1.0,11.0,True,True
zElset1Klrp,2021,0.75,1.15,1.0,2.0,True,True
zQTezqCCtNx,2021,1.0,1.15,1.0,59.0,True,True
zWy1uxjDdZJ,2021,0.75,1.15,1.0,2.0,True,True
zbEupOtJFF,2021,-0.5,1.15,0.0,10.0,True,True
zdrls6LIX4W,2021,-0.5,1.15,0.0,12.0,True,True
zeFrfgyZln,2021,0.75,1.15,1.0,229.0,True,True
zg4GtrVQAKo,2021,-0.583333333333333,1.15,0.0,3.0,True,True
zq4bt_0z-gz,2021,-1.0,1.15,0.0,5.0,True,True
ztMLindFLWR,2021,-0.4500000000000002,1.15,0.0,3.0,True,True
zv-typ1gPxA,2021,0.75,1.15,1.0,68.0,True,True
-29uFS4FiDZ,2022,-0.75,1.25,0.0,1.0,True,True
-6me0AsJVdu,2022,-0.25,1.25,0.0,1.0,True,True
-Gk_IPJWvk,2022,0.5,1.25,1.0,1.0,True,True
-Nf6TikpjQ,2022,0.25,1.25,0.0,1.0,True,True
-RAFyM-YPj,2022,-0.1500000000000003,1.25,0.0,6.0,True,True
-TSe5o7STVR,2022,0.4500000000000002,1.25,1.0,7.0,True,True
-geBFMKGlkq,2022,-1.25,1.25,0.0,0.0,True,True
-ngwPqanCEZ,2022,-0.25,1.25,1.0,3.0,True,True
-uPIaaZdMLF,2022,0.25,1.25,0.0,0.0,True,True
-w2oomO6qgc,2022,0.25,1.25,1.0,8.0,True,True
01AMRlen9wJ,2022,1.25,1.25,1.0,3.0,True,True
03RLpj-tc_,2022,-0.25,1.25,1.0,95.0,True,True
085y6YPaYjP,2022,-0.4166666666666669,1.25,1.0,32.0,True,True
0DcZxeWfOPt,2022,0.5,1.25,1.0,1.0,True,True
0EL4vLgYKRW,2022,-0.25,1.25,0.0,9.0,True,True
0JzqUlIVVDd,2022,0.0,1.25,1.0,0.0,True,True
0Tnl8uBHfQw,2022,0.25,1.25,0.0,0.0,True,True
0U0C2pXfTZl,2022,-0.25,1.25,0.0,3.0,True,True
0UXT6PpRpW,2022,0.5,1.25,1.0,30.0,True,True
0cgU-BZp2ky,2022,0.75,1.25,1.0,15.0,True,True
0jP2n0YFmKG,2022,0.25,1.25,1.0,9.0,True,True
0q0REJNgtg,2022,-0.25,1.25,0.0,6.0,True,True
0rcbOaoBXbg,2022,-0.083333333333333,1.25,1.0,1.0,True,True
0sgntlpKDOz,2022,0.25,1.25,1.0,,True,False
1-YP2squpa7,2022,-0.25,1.25,0.0,13.0,True,True
12RoR2o32T,2022,0.6500000000000004,1.25,1.0,5.0,True,True
14F3fI6MGxX,2022,0.0499999999999998,1.25,1.0,1.0,True,True
1JN7MepVDFv,2022,-0.25,1.25,0.0,0.0,True,True
1NUsBU-7HAL,2022,0.75,1.25,1.0,2.0,True,True
1NvflqAdoom,2022,0.583333333333333,1.25,1.0,1.0,True,True
1R_PRbQK2eu,2022,-1.0,1.25,0.0,0.0,True,True
1W0z96MFEoH,2022,0.25,1.25,1.0,1.0,True,True
1XdUvpaTNlM,2022,-1.0,1.25,0.0,2.0,True,True
1Z5P--ntu8,2022,-0.25,1.25,0.0,2.0,True,True
1Zxv7TdLquI,2022,-0.75,1.25,0.0,1.0,True,True
1bEaEzGwfhP,2022,-1.25,1.25,0.0,3.0,True,True
1kqWZlj4QYJ,2022,-1.25,1.25,0.0,2.0,True,True
1nlRIagHDUB,2022,-0.4166666666666669,1.25,0.0,1.0,True,True
1oEvY1a67c1,2022,0.583333333333333,1.25,0.0,7.0,True,True
1uf_kj0GUF-,2022,-0.75,1.25,0.0,0.0,True,True
1ugNpm7W6E,2022,0.25,1.25,1.0,9.0,True,True
1wVvweK3oIb,2022,0.75,1.25,1.0,8.0,True,True
1xXvPrAshao,2022,0.5,1.25,1.0,3.0,True,True
1zwleytEpYx,2022,0.0,1.25,1.0,0.0,True,True
2-mkiUs9Jx7,2022,0.25,1.25,1.0,0.0,True,True
25kzAhUB1lz,2022,1.25,1.25,1.0,0.0,True,True
26gKg6x-ie,2022,1.0,1.25,1.0,3.0,True,True
28ib9tf6zhr,2022,1.25,1.25,1.0,0.0,True,True
2NqIV8dzR7N,2022,-0.083333333333333,1.25,0.0,8.0,True,True
2bO2x8NAIMB,2022,0.0,1.25,1.0,1.0,True,True
2eXhNpHeW6E,2022,-0.083333333333333,1.25,1.0,2.0,True,True
2ggNjUisGyr,2022,0.25,1.25,1.0,0.0,True,True
2s4sNT11IcH,2022,-1.0,1.25,0.0,8.0,True,True
2sDQwC_hmnM,2022,-0.083333333333333,1.25,1.0,11.0,True,True
2t7CkQXNpuq,2022,0.25,1.25,1.0,19.0,True,True
31d5RLCUuXC,2022,0.0,1.25,1.0,9.0,True,True
327eol9Xgyi,2022,-0.75,1.25,0.0,0.0,True,True
33nhOe3cTd,2022,-0.4166666666666669,1.25,0.0,1.0,True,True
3FvF1db-bKT,2022,-1.25,1.25,0.0,19.0,True,True
3GHHpYrYils,2022,-1.0,1.25,0.0,0.0,True,True
3ILxkQ7yElm,2022,-0.75,1.25,1.0,5.0,True,True
3M3t3tUbA2Y,2022,-1.0,1.25,0.0,11.0,True,True
3PN4iyXBeF,2022,0.0499999999999998,1.25,1.0,2.0,True,True
3Pbra-_u76D,2022,0.916666666666667,1.25,1.0,307.0,True,True
3eIrli0TwQ,2022,0.0,1.25,1.0,6.0,True,True
3jooF27-0Wy,2022,0.75,1.25,1.0,26.0,True,True
3pZTPQjeQDR,2022,0.25,1.25,0.0,0.0,True,True
3pugbNqOh5m,2022,0.916666666666667,1.25,1.0,5.0,True,True
3tbDrs77LJ5,2022,1.0,1.25,1.0,4.0,True,True
3wNcr5nq56,2022,0.75,1.25,1.0,1.0,True,True
4-D6CZkRXxI,2022,1.25,1.25,1.0,5.0,True,True
45L_dgP48Vd,2022,1.25,1.25,1.0,,True,False
46lmrnVBHBL,2022,-0.25,1.25,0.0,0.0,True,True
49A1Y6tRhaq,2022,0.5,1.25,1.0,7.0,True,True
49h_IkpJtaE,2022,1.0,1.25,1.0,16.0,True,True
4C93Qvn-tz,2022,1.25,1.25,1.0,3.0,True,True
4Muj-t_4o4,2022,0.0,1.25,1.0,0.0,True,True
4QUoBU27oXN,2022,-1.0,1.25,0.0,1.0,True,True
4Stc6i97dVN,2022,0.25,1.25,0.0,1.0,True,True
4XtpgPsvxE8,2022,-0.4166666666666669,1.25,0.0,7.0,True,True
4Ycr8oeCoIh,2022,0.916666666666667,1.25,1.0,5.0,True,True
4l5iO9eoh3f,2022,-1.0,1.25,0.0,0.0,True,True
4pijrj4H_B,2022,0.0,1.25,0.0,14.0,True,True
4rLw09TgRw9,2022,0.25,1.25,1.0,3.0,True,True
5-2mX9_U5i,2022,1.25,1.25,1.0,5.0,True,True
541PxiEKN3F,2022,0.0,1.25,1.0,16.0,True,True
57T1ctyxtP,2022,-0.5,1.25,0.0,0.0,True,True
5ECQL05ub0J,2022,0.5,1.25,1.0,0.0,True,True
5JdLZg346Lw,2022,0.5,1.25,1.0,5.0,True,True
5K7RRqZEjoS,2022,1.0,1.25,1.0,2.0,True,True
5LXw_QplBiF,2022,1.25,1.25,1.0,1.0,True,True
5QhUE1qiVC6,2022,0.916666666666667,1.25,1.0,2.0,True,True
5Qkd7-bZfI,2022,0.25,1.25,1.0,4.0,True,True
5XmLzdslFNN,2022,0.75,1.25,1.0,8.0,True,True
5fbUEUTZEn7,2022,-0.083333333333333,1.25,0.0,0.0,True,True
5kq11Tl1z4,2022,0.25,1.25,1.0,0.0,True,True
5ueTHF0yAlZ,2022,-1.0,1.25,0.0,0.0,True,True
5xEgrl_5FAJ,2022,0.4500000000000002,1.25,1.0,33.0,True,True
66kgCIYQW3,2022,-0.5,1.25,0.0,6.0,True,True
66miN107dRS,2022,0.0,1.25,0.0,3.0,True,True
68n2s9ZJWF8,2022,0.25,1.25,1.0,129.0,True,True
6ET9SzlgNX,2022,0.75,1.25,1.0,1.0,True,True
6HN7LHyzGgC,2022,0.916666666666667,1.25,1.0,71.0,True,True
6IYp-35L-xJ,2022,0.5,1.25,1.0,0.0,True,True
6NT1a56mNim,2022,-0.3499999999999996,1.25,0.0,160.0,True,True
6PTUd_zPdHL,2022,-0.75,1.25,0.0,10.0,True,True
6PahjGFjVG-,2022,-1.1500000000000004,1.25,0.0,0.0,True,True
6Pe99Juo9gd,2022,0.5,1.25,1.0,1.0,True,True
6PvWo1kEvlT,2022,0.5,1.25,1.0,7.0,True,True
6Q52pZ-Th7N,2022,0.583333333333333,1.25,1.0,8.0,True,True
6XGgutacQ0B,2022,-0.083333333333333,1.25,1.0,9.0,True,True
6hTObFz_nB,2022,0.0,1.25,0.0,5.0,True,True
6ooiNCGZa5K,2022,-1.083333333333333,1.25,0.0,0.0,True,True
6q_2b6u0BnJ,2022,0.916666666666667,1.25,1.0,5.0,True,True
6sh3pIzKS-,2022,1.25,1.25,1.0,34.0,True,True
6u6N8WWwYSM,2022,1.25,1.25,1.0,69.0,True,True
6uu1t8jQ-M,2022,-1.25,1.25,0.0,1.0,True,True
6vkzF28Hur8,2022,0.25,1.25,1.0,0.0,True,True
6yVvwR9H9Oj,2022,0.916666666666667,1.25,1.0,3.0,True,True
73MEhZ0anV,2022,0.0,1.25,1.0,2.0,True,True
74cDdRwm4NV,2022,-1.0,1.25,0.0,0.0,True,True
7B3IJMM1k_M,2022,0.75,1.25,1.0,88.0,True,True
7F9cOhdvfk_,2022,1.25,1.25,1.0,5.0,True,True
7I8LPkcx8V,2022,1.25,1.25,1.0,1.0,True,True
7KdAoOsI81C,2022,0.25,1.25,1.0,2.0,True,True
7N-6ZLyFUXz,2022,-0.25,1.25,0.0,1.0,True,True
7TZeCsNOUB_,2022,0.5,1.25,1.0,16.0,True,True
7U-rmW7TPHM,2022,-1.0,1.25,0.0,14.0,True,True
7Z7u2z1Ornl,2022,-1.25,1.25,0.0,0.0,True,True
7_JR7WpwKV1,2022,0.25,1.25,1.0,0.0,True,True
7fFO4cMBx_9,2022,0.0,1.25,1.0,5.0,True,True
7gE9V9GBZaI,2022,1.0,1.25,1.0,15.0,True,True
7gRvcAulxa,2022,-0.25,1.25,0.0,2.0,True,True
7grkzyj89A_,2022,0.25,1.25,1.0,2.0,True,True
7inCJ3MhXt3,2022,1.0,1.25,1.0,4.0,True,True
7ktHTjV9FHw,2022,0.25,1.25,0.0,3.0,True,True
7pZiaojaVGU,2022,-0.9500000000000002,1.25,0.0,3.0,True,True
7r6kDq0mK_,2022,1.0499999999999998,1.25,1.0,9.0,True,True
7udZAsEzd60,2022,0.916666666666667,1.25,1.0,0.0,True,True
7vXQJ2QW8hR,2022,0.5,1.25,0.0,0.0,True,True
7vcKot39bsv,2022,-0.25,1.25,0.0,13.0,True,True
7x_47XJULn,2022,-1.25,1.25,0.0,7.0,True,True
7zFokR7k_86,2022,-0.25,1.25,0.0,9.0,True,True
81e1aeOt-sd,2022,0.5,1.25,1.0,0.0,True,True
84NMXTHYe-,2022,0.5,1.25,1.0,0.0,True,True
86sEVRfeGYS,2022,-1.0,1.25,0.0,1.0,True,True
89W18gW0-6o,2022,-0.25,1.25,0.0,2.0,True,True
8IXBbFjkMat,2022,-0.5,1.25,0.0,0.0,True,True
8Py-W8lSUgy,2022,0.5,1.25,1.0,8.0,True,True
8QE3pwEVc8P,2022,0.25,1.25,0.0,1.0,True,True
8Wdj6IJsSyJ,2022,-0.75,1.25,0.0,0.0,True,True
8XM-AXMnAk_,2022,-0.5,1.25,0.0,8.0,True,True
8hWs60AZcWk,2022,0.25,1.25,1.0,10.0,True,True
8in_5gN9I0,2022,0.916666666666667,1.25,1.0,1.0,True,True
8qWazUd8Jm,2022,0.0,1.25,0.0,22.0,True,True
8rpv8g3zfF,2022,-1.0,1.25,0.0,3.0,True,True
8uqOMUHgW4M,2022,-0.1500000000000003,1.25,0.0,4.0,True,True
9-Rfew334N,2022,0.25,1.25,1.0,1.0,True,True
92tYQiil17,2022,1.25,1.25,1.0,0.0,True,True
93SVBUB1r5C,2022,-0.4166666666666669,1.25,0.0,3.0,True,True
9BIN1yr5Gp,2022,-0.5,1.25,0.0,1.0,True,True
9Cwxjd6nRh,2022,0.25,1.25,0.0,11.0,True,True
9FfAEgUYGON,2022,-0.5,1.25,0.0,,True,False
9HXfisrWl1,2022,-1.25,1.25,0.0,14.0,True,True
9NVd-DMtThY,2022,0.0,1.25,1.0,2.0,True,True
9SDQB3b68K,2022,0.5,1.25,1.0,8.0,True,True
9Vrb9D0WI4,2022,0.5,1.25,1.0,561.0,True,True
9ZPegFuFTFv,2022,1.0,1.25,1.0,24.0,True,True
9gz8qakpyhG,2022,-0.25,1.25,0.0,23.0,True,True
9jInD9JjicF,2022,0.25,1.25,1.0,4.0,True,True
9jsZiUgkCZP,2022,0.583333333333333,1.25,1.0,28.0,True,True
9n9c8sf0xm,2022,-0.1500000000000003,1.25,1.0,0.0,True,True
9pEJSVfDbba,2022,1.25,1.25,1.0,1.0,True,True
9u5E8AFudRx,2022,-0.4166666666666669,1.25,0.0,1.0,True,True
9wOQOgNe-w,2022,0.25,1.25,1.0,4.0,True,True
9xhgmsNVHu,2022,1.25,1.25,1.0,0.0,True,True
A05I5IvrdL-,2022,1.25,1.25,1.0,2.0,True,True
AAJLBoGt0XM,2022,0.5,1.25,1.0,5.0,True,True
AB2r0YKBSpD,2022,-0.75,1.25,0.0,8.0,True,True
AIgn9uwfcD1,2022,0.5,1.25,1.0,11.0,True,True
ARyEf6Z77Y,2022,0.25,1.25,0.0,7.0,True,True
ATUh28lnSuW,2022,0.5,1.25,1.0,23.0,True,True
AXWygMvuT6Q,2022,0.916666666666667,1.25,1.0,4.0,True,True
AcrlgZ9BKed,2022,1.25,1.25,1.0,2.0,True,True
AlPBx2zq7Jt,2022,-0.75,1.25,0.0,,True,False
AmUhwTOHgm,2022,-0.25,1.25,1.0,2.0,True,True
AwgtcUAhBq,2022,1.25,1.25,1.0,1.0,True,True
B0JH7vR2iGh,2022,0.0,1.25,0.0,7.0,True,True
B3Nde6lvab,2022,0.583333333333333,1.25,1.0,0.0,True,True
B5XahNLmna,2022,0.0,1.25,1.0,5.0,True,True
B6YDcqpMk30,2022,0.0,1.25,0.0,0.0,True,True
B72HXs80q4,2022,0.5,1.25,1.0,27.0,True,True
B7O85qTDgU4,2022,0.5,1.25,0.0,5.0,True,True
BAtutOziapg,2022,-1.0,1.25,0.0,0.0,True,True
BGvt0ghNgA,2022,0.75,1.25,1.0,8.0,True,True
BKmoW5K4sS,2022,-1.0,1.25,0.0,37.0,True,True
BkIV7EOXkSs,2022,0.0,1.25,0.0,0.0,True,True
Bl8CQrx2Up4,2022,1.25,1.25,1.0,65.0,True,True
BlyXYc4wF2-,2022,-0.75,1.25,0.0,16.0,True,True
BrFIKuxrZE,2022,0.4500000000000002,1.25,1.0,2.0,True,True
C1_esHN6AVn,2022,0.0,1.25,1.0,0.0,True,True
C4o-EEUx-6,2022,-1.0,1.25,0.0,14.0,True,True
C54V-xTWfi,2022,1.25,1.25,1.0,59.0,True,True
CALFyKVs87,2022,1.0,1.25,1.0,2.0,True,True
CCu6RcUMwK0,2022,0.5,1.25,1.0,12.0,True,True
CI-xXX9dg9l,2022,1.25,1.25,1.0,1.0,True,True
CIaQKbTBwtU,2022,1.0499999999999998,1.25,1.0,5.0,True,True
CLpxpXqqBV,2022,-0.25,1.25,1.0,2.0,True,True
CS4463zx6Hi,2022,0.0,1.25,1.0,14.0,True,True
CZZ7KWOP0-M,2022,0.0,1.25,0.0,5.0,True,True
C_vsGwEIjAr,2022,0.75,1.25,1.0,1.0,True,True
CgIEctmcXx1,2022,-0.25,1.25,1.0,0.0,True,True
ChMLTGRjFcU,2022,0.75,1.25,1.0,2.0,True,True
CmsfC7u054S,2022,1.0499999999999998,1.25,1.0,0.0,True,True
CoMOKHYWf2,2022,-0.25,1.25,0.0,10.0,True,True
CpTuR2ECuW,2022,0.25,1.25,1.0,3.0,True,True
CuV_qYkmKb3,2022,1.25,1.25,1.0,8.0,True,True
CyKQiiCPBEv,2022,-0.5,1.25,0.0,2.0,True,True
D9E8MKsfhw,2022,-0.4166666666666669,1.25,0.0,42.0,True,True
DIsWHvtU7lF,2022,-0.5,1.25,0.0,,True,False
DSQHjibtgKR,2022,0.916666666666667,1.25,1.0,2.0,True,True
DXPftn5kjQK,2022,0.25,1.25,1.0,8.0,True,True
DYaFB19z1ig,2022,-0.75,1.25,0.0,1.0,True,True
DYypjaRdph2,2022,0.916666666666667,1.25,1.0,0.0,True,True
Da3ZcbjRWy,2022,-0.25,1.25,0.0,8.0,True,True
DesNW4-5ai9,2022,0.25,1.25,1.0,18.0,True,True
DhP9L8vIyLc,2022,0.75,1.25,1.0,5.0,True,True
DhzIU48OcZh,2022,0.8499999999999996,1.25,1.0,0.0,True,True
DnG75_KyHjX,2022,0.25,1.25,1.0,0.0,True,True
DrCsriMQ1o,2022,-1.0,1.25,0.0,1.0,True,True
DrZXuTGg2A-,2022,1.25,1.25,1.0,6.0,True,True
DrpKmCmPMSC,2022,-0.4166666666666669,1.25,0.0,0.0,True,True
DvcMMKmDJ3q,2022,-0.5,1.25,0.0,0.0,True,True
DzBDB7y8UOy,2022,-1.0,1.25,0.0,9.0,True,True
DzKPXXr-CLK,2022,-0.75,1.25,0.0,0.0,True,True
Dzpe9C1mpiv,2022,0.8499999999999996,1.25,1.0,6.0,True,True
E-dq2kN8lt,2022,-1.1500000000000004,1.25,0.0,8.0,True,True
E9e18Ms5TeV,2022,-1.0,1.25,0.0,8.0,True,True
EAy7C1cgE1L,2022,0.5,1.25,1.0,7.0,True,True
EBn0uInJZWh,2022,0.75,1.25,1.0,4.0,True,True
ECvgmYVyeUz,2022,1.25,1.25,1.0,17.0,True,True
EGtUVDm991w,2022,0.25,1.25,0.0,1.0,True,True
EHaUTlm2eHg,2022,0.75,1.25,1.0,1.0,True,True
EQmAP4F859,2022,0.5,1.25,1.0,2.0,True,True
EVqFdCB5PfV,2022,-1.25,1.25,0.0,5.0,True,True
EXe93Md8RqS,2022,0.25,1.25,0.0,4.0,True,True
EYCm0AFjaSS,2022,-0.5499999999999998,1.25,0.0,10.0,True,True
EZNOb_uNpJk,2022,-0.4166666666666669,1.25,1.0,2.0,True,True
EcGGFkNTxdJ,2022,0.75,1.25,1.0,83.0,True,True
Ek7PSN7Y77z,2022,1.25,1.25,1.0,4.0,True,True
EnwCZixjSh,2022,0.75,1.25,1.0,9.0,True,True
Ew4hVmrrqJE,2022,0.25,1.25,0.0,4.0,True,True
EwqEx5ipbOu,2022,0.5,1.25,1.0,10.0,True,True
ExJ4lMbZcqa,2022,0.0,1.25,0.0,5.0,True,True
F2r3wYar3Py,2022,-0.5,1.25,0.0,2.0,True,True
F72ximsx7C1,2022,0.25,1.25,1.0,42.0,True,True
FASW5Ed837,2022,-1.0,1.25,0.0,1.0,True,True
FD8xldQIgdq,2022,-0.5,1.25,0.0,6.0,True,True
FFGDKzLasUa,2022,-1.25,1.25,0.0,2.0,True,True
FKp8-pIRo3y,2022,0.25,1.25,1.0,1.0,True,True
FLA55mBee6Q,2022,1.25,1.25,1.0,3.0,True,True
FQOC5u-1egI,2022,0.0,1.25,1.0,30.0,True,True
FRxhHdnxt1,2022,1.0,1.25,1.0,19.0,True,True
Fj1Tpym9KxH,2022,0.0,1.25,0.0,27.0,True,True
Fl3Mg_MZR-,2022,1.25,1.25,1.0,1.0,True,True
FlwzVjfMryn,2022,1.25,1.25,1.0,2.0,True,True
FmBegXJToY,2022,1.25,1.25,1.0,4.0,True,True
Fn7i_r5rR0q,2022,0.5,1.25,1.0,0.0,True,True
FndDxSz3LxQ,2022,0.0,1.25,1.0,1.0,True,True
FqRHeQTDU5N,2022,0.0,1.25,0.0,0.0,True,True
G0CuTynjgQa,2022,-0.25,1.25,0.0,1.0,True,True
G7PfyLimZBp,2022,-0.75,1.25,0.0,6.0,True,True
G89-1yZLFHk,2022,0.0499999999999998,1.25,1.0,14.0,True,True
GIEPR9OomyX,2022,-0.25,1.25,0.0,0.0,True,True
GMYWzWztDx5,2022,0.75,1.25,0.0,28.0,True,True
GOr80bgf52v,2022,-0.5,1.25,0.0,3.0,True,True
GQd7mXSPua,2022,-0.083333333333333,1.25,1.0,0.0,True,True
GU11Lbci5J,2022,-0.5,1.25,0.0,36.0,True,True
GUrhfTuf_3,2022,0.916666666666667,1.25,1.0,342.0,True,True
GiddFXGDmqp,2022,-0.3499999999999996,1.25,0.0,0.0,True,True
Gpp1dfvZYYH,2022,0.25,1.25,0.0,13.0,True,True
GrvigKxc13E,2022,-0.083333333333333,1.25,0.0,4.0,True,True
GsH-K1VIyy,2022,1.25,1.25,1.0,2.0,True,True
GugZ5DzzAu,2022,0.0,1.25,1.0,2.0,True,True
H-sddFpZAp4,2022,0.25,1.25,0.0,1.0,True,True
H4PmOqSZDY,2022,0.0,1.25,1.0,6.0,True,True
H7HDG--DJF0,2022,0.5,1.25,1.0,4.0,True,True
H94a1_Pyr-6,2022,0.583333333333333,1.25,1.0,7.0,True,True
HCRVf71PMF,2022,-0.25,1.25,1.0,33.0,True,True
HCelXXcSEuH,2022,0.583333333333333,1.25,1.0,3.0,True,True
HI99z0aLsl,2022,-0.5,1.25,0.0,1.0,True,True
HL_qE4fz-JZ,2022,-0.75,1.25,0.0,1.0,True,True
HMJdXzbWKH,2022,1.0,1.25,1.0,0.0,True,True
HObMhrCeAAF,2022,0.916666666666667,1.25,1.0,6.0,True,True
HOjLHrlZhmx,2022,-0.75,1.25,1.0,4.0,True,True
HTx7vrlLBEj,2022,0.916666666666667,1.25,1.0,2.0,True,True
HUeyM2qVey2,2022,0.5,1.25,0.0,1.0,True,True
H_qwVb8DQb-,2022,-0.25,1.25,0.0,0.0,True,True
HbtFCX2PLq0,2022,1.25,1.25,1.0,2.0,True,True
HfUyCRBeQc,2022,0.25,1.25,1.0,2.0,True,True
Hg7xLoENqHW,2022,-0.75,1.25,0.0,1.0,True,True
HndgQudNb91,2022,0.75,1.25,1.0,21.0,True,True
Ht85_jyihxp,2022,0.75,1.25,1.0,1.0,True,True
HuaYQfggn5u,2022,0.5,1.25,1.0,48.0,True,True
I1dg7let3Q,2022,-0.75,1.25,0.0,0.0,True,True
I1hQbx10Kxn,2022,1.25,1.25,1.0,67.0,True,True
IEsx-jwFk3g,2022,-0.25,1.25,0.0,7.0,True,True
IJ-88dRfkdz,2022,0.25,1.25,0.0,22.0,True,True
IK9ap6nxXr2,2022,0.75,1.25,1.0,5.0,True,True
IR-V6-aP-mv,2022,-1.0,1.25,0.0,0.0,True,True
IY6Zt3Qu0cT,2022,-1.25,1.25,0.0,0.0,True,True
IYMuTbGzjFU,2022,-0.5,1.25,1.0,2.0,True,True
I_RLPhVUfw8,2022,0.0,1.25,0.0,0.0,True,True
IcUWShptD7d,2022,0.5,1.25,1.0,0.0,True,True
IfNu7Dr-3fQ,2022,0.5,1.25,1.0,5.0,True,True
Iog0djAdbHj,2022,1.0,1.25,1.0,5.0,True,True
IpctgL7khPp,2022,0.583333333333333,1.25,1.0,12.0,True,True
IptBMO1AR5g,2022,-0.5,1.25,0.0,0.0,True,True
IwJPj2MBcIa,2022,1.25,1.25,1.0,1.0,True,True
Ix_mh42xq5w,2022,0.25,1.25,1.0,14.0,True,True
J1rhANsCY9,2022,0.25,1.25,1.0,1.0,True,True
J4iSIR9fhY0,2022,1.0,1.25,1.0,5.0,True,True
J8P7g_mDpno,2022,-0.25,1.25,0.0,1.0,True,True
JBAZe2yN6Ub,2022,1.0,1.25,1.0,2.0,True,True
JJxiD-kg-oK,2022,0.5,1.25,1.0,0.0,True,True
JM2kFbJvvI,2022,0.5,1.25,1.0,15.0,True,True
JPkQwEdYn8,2022,0.5,1.25,1.0,2.0,True,True
JV4tkMi4xg,2022,-0.75,1.25,0.0,2.0,True,True
JVsvIuMDE0Z,2022,-1.25,1.25,0.0,1.0,True,True
JXhROKNZzOc,2022,0.75,1.25,1.0,19.0,True,True
JYtwGwIL7ye,2022,0.75,1.25,1.0,21.0,True,True
J_2xNmVcY4,2022,0.75,1.25,1.0,6.0,True,True
J_F_qqCE3Z5,2022,0.0,1.25,1.0,5.0,True,True
JedTK_aOaRa,2022,-0.5499999999999998,1.25,0.0,0.0,True,True
Jep2ykGUdS,2022,-0.25,1.25,0.0,27.0,True,True
Jjcv9MTqhcq,2022,0.0,1.25,1.0,9.0,True,True
JmU7lyDxTpc,2022,1.25,1.25,0.0,6.0,True,True
JsfFpJhI4BV,2022,-0.4166666666666669,1.25,0.0,0.0,True,True
Jt8FYFnyTLR,2022,-1.0,1.25,0.0,6.0,True,True
JtBRnrlOEFN,2022,0.25,1.25,1.0,83.0,True,True
Jvoe8JCGvy,2022,-1.0,1.25,0.0,0.0,True,True
JxFgJbZ-wft,2022,0.75,1.25,1.0,0.0,True,True
JzNB0eA2-M4,2022,0.75,1.25,1.0,5.0,True,True
K0E_F0gFDgA,2022,1.25,1.25,1.0,17.0,True,True
K2JfSnLBD9,2022,1.25,1.25,1.0,4.0,True,True
KEQl-MZ5fg7,2022,0.916666666666667,1.25,1.0,8.0,True,True
KJggliHbs8,2022,0.916666666666667,1.25,1.0,6.0,True,True
KJztlfGPdwW,2022,0.583333333333333,1.25,1.0,13.0,True,True
KL5jILuehZ,2022,0.5,1.25,0.0,2.0,True,True
KLaDXLAzzFT,2022,0.5,1.25,1.0,3.0,True,True
KPEFXR1HdIo,2022,0.583333333333333,1.25,1.0,5.0,True,True
KSSfF5lMIAg,2022,-0.5,1.25,1.0,1.0,True,True
KSugKcbNf9,2022,0.583333333333333,1.25,1.0,24.0,True,True
KVYq2Ea90PC,2022,-0.4166666666666669,1.25,0.0,66.0,True,True
KVhvw16pvi,2022,0.0,1.25,0.0,0.0,True,True
KeI9E-gsoB,2022,0.75,1.25,1.0,1.0,True,True
KmtVD97J43e,2022,1.0,1.25,1.0,66.0,True,True
KntaNRo6R48,2022,0.25,1.25,1.0,1.0,True,True
Kvbr8NicKq,2022,-1.0,1.25,0.0,5.0,True,True
Kwm8I7dU-l5,2022,0.25,1.25,1.0,24.0,True,True
KxbhdyiPHE,2022,1.0499999999999998,1.25,1.0,1.0,True,True
L2V-VQ7Npl0,2022,-0.25,1.25,0.0,0.0,True,True
L7wzpQttNO,2022,0.916666666666667,1.25,1.0,26.0,True,True
LBvk4QWIUpm,2022,0.75,1.25,1.0,0.0,True,True
LDAwu17QaJz,2022,0.25,1.25,1.0,5.0,True,True
LLHwQh9zEb,2022,-0.75,1.25,0.0,4.0,True,True
LM17I_oVVPB,2022,-0.4166666666666669,1.25,0.0,5.0,True,True
LOz0xDpw4Y,2022,-0.4166666666666669,1.25,0.0,49.0,True,True
LQnyIk5dUA,2022,-0.5,1.25,0.0,11.0,True,True
L_sHGieq1D,2022,0.25,1.25,0.0,36.0,True,True
Le8fg2ppDSv,2022,0.25,1.25,0.0,0.0,True,True
Lm8T39vLDTE,2022,0.5,1.25,1.0,1.0,True,True
LtKcMgGOeLt,2022,1.25,1.25,1.0,103.0,True,True
Lwclw6u3Pcw,2022,-1.25,1.25,0.0,0.0,True,True
M6M8BEmd6dq,2022,0.916666666666667,1.25,1.0,5.0,True,True
MAYipnUpHHD,2022,-0.5499999999999998,1.25,0.0,7.0,True,True
MDT30TEtaVY,2022,-1.0,1.25,0.0,4.0,True,True
MP904TiHqJ-,2022,0.25,1.25,1.0,2.0,True,True
MPoQtFC588n,2022,0.0,1.25,0.0,9.0,True,True
MQ2sAGunyBP,2022,0.5,1.25,1.0,2.0,True,True
MR7XubKUFB,2022,0.5,1.25,1.0,37.0,True,True
MRGFutr0p5e,2022,-1.083333333333333,1.25,0.0,107.0,True,True
MSgB8D4Hy51,2022,1.0,1.25,1.0,6.0,True,True
MSwEFaztwkE,2022,0.25,1.25,1.0,2.0,True,True
MTex8qKavoS,2022,0.25,1.25,1.0,13.0,True,True
MTsBazXmX00,2022,-1.0,1.25,0.0,0.0,True,True
MWQCPYSJRN,2022,-1.0,1.25,0.0,0.0,True,True
M_o5E088xO5,2022,-0.9500000000000002,1.25,0.0,4.0,True,True
MeeQkFYVbzW,2022,0.25,1.25,1.0,37.0,True,True
Mh40mAxxAUz,2022,0.0,1.25,0.0,6.0,True,True
Mng8CQ9eBW,2022,0.25,1.25,1.0,33.0,True,True
Mspk_WYKoEH,2022,0.75,1.25,1.0,26.0,True,True
MvO2t0vbs4-,2022,0.25,1.25,1.0,21.0,True,True
N0uJGWDw21d,2022,0.75,1.25,1.0,5.0,True,True
N1WI0vJLER,2022,0.75,1.25,1.0,0.0,True,True
N2nJzgb_ldR,2022,-1.25,1.25,0.0,0.0,True,True
N3KYKkSvciP,2022,-0.75,1.25,0.0,4.0,True,True
N8MaByOzUfb,2022,-0.25,1.25,1.0,45.0,True,True
N9W24a4zU,2022,0.916666666666667,1.25,1.0,5.0,True,True
NK5hHymegzo,2022,-1.0,1.25,0.0,2.0,True,True
NP9T_pViXU,2022,-0.75,1.25,0.0,33.0,True,True
NRX9QZ6yqt,2022,0.5,1.25,1.0,1.0,True,True
NYBmJN4MyZ,2022,0.916666666666667,1.25,1.0,4.0,True,True
NZQ8aTScT1-,2022,-1.25,1.25,0.0,4.0,True,True
NblYkw2U2Yg,2022,-0.4166666666666669,1.25,0.0,1.0,True,True
Nct9j3BVswZ,2022,0.0,1.25,0.0,9.0,True,True
NdOoQnYPj_,2022,1.0,1.25,1.0,1.0,True,True
NoB8YgRuoFU,2022,-0.25,1.25,1.0,7.0,True,True
NyJ2KIN8P17,2022,-1.083333333333333,1.25,1.0,1.0,True,True
O-r8LOR-CCA,2022,0.25,1.25,1.0,48.0,True,True
O0g6uPDLW7,2022,-0.75,1.25,0.0,50.0,True,True
O476oWmiNNp,2022,0.25,1.25,1.0,7.0,True,True
O5Wr-xX0U2y,2022,-0.083333333333333,1.25,0.0,0.0,True,True
ODnCiZujily,2022,-0.9500000000000002,1.25,0.0,2.0,True,True
OM_lYiHXiCL,2022,1.25,1.25,1.0,16.0,True,True
OMxLn4t03FG,2022,-0.25,1.25,0.0,,True,False
OQL_tkK1vqO,2022,0.25,1.25,0.0,5.0,True,True
OT3mLgR8Wg8,2022,0.75,1.25,1.0,2.0,True,True
OWZVD-l-ZrC,2022,0.0,1.25,1.0,8.0,True,True
OXRZeMmOI7a,2022,1.0,1.25,1.0,3.0,True,True
Oh1r2wApbPv,2022,1.25,1.25,1.0,7.0,True,True
OjPmfr9GkVv,2022,1.0,1.25,1.0,23.0,True,True
OnpFa95RVqs,2022,0.25,1.25,1.0,20.0,True,True
Oxeka7Z7Hor,2022,0.5,1.25,1.0,1.0,True,True
Oy9WeuZD51,2022,0.25,1.25,1.0,1.0,True,True
OzyXtIZAzFv,2022,0.0,1.25,1.0,1.0,True,True
P-gDXxGYCib,2022,-0.5,1.25,0.0,0.0,True,True
P-pPW1nxf1r,2022,0.75,1.25,1.0,32.0,True,True
P1QUVhOtEFP,2022,-1.0,1.25,1.0,0.0,True,True
P1zfguZHowl,2022,0.5,1.25,0.0,0.0,True,True
P3Bh01hBYTH,2022,0.916666666666667,1.25,1.0,1.0,True,True
P7FLfMLTSEX,2022,0.4500000000000002,1.25,1.0,0.0,True,True
P7OVkHEoHOZ,2022,0.5,1.25,1.0,2.0,True,True
PDYs7Z2XFGv,2022,0.916666666666667,1.25,1.0,54.0,True,True
POTMtpYI1xH,2022,0.75,1.25,1.0,18.0,True,True
POvMvLi91f,2022,1.25,1.25,1.0,6.0,True,True
PQTW3iG4sC-,2022,0.5,1.25,1.0,1.0,True,True
PVJ6j87gOHz,2022,-0.75,1.25,1.0,0.0,True,True
PeG-8G5ua3W,2022,0.5,1.25,0.0,10.0,True,True
PgNEYaIc81Q,2022,-0.75,1.25,1.0,14.0,True,True
PilZY3omXV2,2022,0.5,1.25,1.0,86.0,True,True
PlFtf_pnkZu,2022,-0.75,1.25,0.0,2.0,True,True
PlKWVd2yBkY,2022,0.25,1.25,1.0,125.0,True,True
Ps_m_Uwcu-E,2022,0.0,1.25,0.0,6.0,True,True
PtSAD3caaA2,2022,0.5,1.25,1.0,28.0,True,True
Py8WbvKH_wv,2022,-0.25,1.25,0.0,3.0,True,True
Q42f0dfjECO,2022,0.75,1.25,1.0,46.0,True,True
Q5uh1Nvv5dm,2022,0.5,1.25,1.0,22.0,True,True
Q76Y7wkiji,2022,0.5,1.25,1.0,6.0,True,True
QDDVxweQJy0,2022,-0.3499999999999996,1.25,0.0,7.0,True,True
QDdJhACYrlX,2022,0.25,1.25,1.0,59.0,True,True
QEBHPRodWYE,2022,-0.4166666666666669,1.25,0.0,4.0,True,True
QJWVP4CTmW4,2022,0.0,1.25,1.0,8.0,True,True
QJb1-8NH2Ux,2022,-1.0,1.25,0.0,11.0,True,True
QRX0nCX_gk,2022,0.916666666666667,1.25,1.0,0.0,True,True
QguFu30t0d,2022,-0.75,1.25,0.0,25.0,True,True
QhHMf5J5Jom,2022,-1.083333333333333,1.25,0.0,5.0,True,True
QkRV50TZyP,2022,0.916666666666667,1.25,1.0,5.0,True,True
QuObT9BTWo,2022,0.75,1.25,1.0,22.0,True,True
Qu_XudmGajz,2022,-0.75,1.25,0.0,0.0,True,True
R-piejobttn,2022,-0.1500000000000003,1.25,0.0,1.0,True,True
R0AzpCND-M_,2022,-0.75,1.25,0.0,1.0,True,True
R2aCiGQ9Qc,2022,-0.75,1.25,0.0,25.0,True,True
R332S76RjxS,2022,0.5,1.25,1.0,5.0,True,True
RCZqv9NXlZ,2022,1.083333333333333,1.25,1.0,10.0,True,True
RDlLMjLJXdq,2022,0.75,1.25,1.0,6.0,True,True
RLtqs6pzj1-,2022,0.0,1.25,1.0,12.0,True,True
RNf9AgtRtL,2022,-0.75,1.25,0.0,1.0,True,True
RRGVCN8kjim,2022,1.0,1.25,1.0,90.0,True,True
RShaMexjc-x,2022,0.5,1.25,1.0,1.0,True,True
RVdN1-eDZ1b,2022,-0.75,1.25,0.0,3.0,True,True
RW_GTtTfHJ6,2022,-0.5,1.25,0.0,23.0,True,True
RXQ-FPbQYVn,2022,0.583333333333333,1.25,1.0,0.0,True,True
RdJVFCHjUMI,2022,0.25,1.25,1.0,20.0,True,True
Rf58LPCwJj0,2022,0.583333333333333,1.25,1.0,12.0,True,True
RftryyYyjiG,2022,0.0,1.25,1.0,10.0,True,True
RhB1AdoFfGE,2022,1.25,1.25,1.0,68.0,True,True
Ro_zAjZppv,2022,1.0499999999999998,1.25,1.0,2.0,True,True
RriDjddCLN,2022,0.583333333333333,1.25,1.0,163.0,True,True
Rty5g9imm7H,2022,-1.0,1.25,1.0,9.0,True,True
RuC5ilX2m6O,2022,0.0,1.25,0.0,1.0,True,True
S874XAIpkR-,2022,0.5,1.25,1.0,3.0,True,True
SHbhHHfePhP,2022,1.0,1.25,1.0,17.0,True,True
SLz5sZjacp,2022,0.25,1.25,1.0,1.0,True,True
SN2bkl9f69,2022,-0.4166666666666669,1.25,0.0,0.0,True,True
SS8F6tFX3-,2022,0.75,1.25,1.0,1.0,True,True
SVwbKmEg7M,2022,-1.0,1.25,0.0,10.0,True,True
SYB4WrJql1n,2022,0.75,1.25,1.0,0.0,True,True
SYuJXrXq8tw,2022,1.0,1.25,1.0,8.0,True,True
SaKO6z6Hl0c,2022,1.25,1.25,1.0,114.0,True,True
SgEhFeRyzEZ,2022,0.0,1.25,0.0,0.0,True,True
SjGRJ4vSZlP,2022,-0.75,1.25,0.0,1.0,True,True
So6YAqnqgMj,2022,0.75,1.25,1.0,2.0,True,True
SsHBkfeRF9L,2022,0.25,1.25,1.0,4.0,True,True
St-53J9ZARf,2022,1.0,1.25,1.0,1.0,True,True
St6eyiTEHnG,2022,-0.5,1.25,1.0,7.0,True,True
SwIp410B6aQ,2022,0.6500000000000004,1.25,1.0,11.0,True,True
T0GpzBQ1Fg6,2022,0.5,1.25,1.0,30.0,True,True
TBWA6PLJZQm,2022,1.25,1.25,1.0,62.0,True,True
TCl7CbQ29hH,2022,-0.25,1.25,0.0,86.0,True,True
TD-5kgf13mH,2022,-1.083333333333333,1.25,0.0,1.0,True,True
THMafOyRVpE,2022,0.0,1.25,0.0,3.0,True,True
TKrlyiqKWB,2022,-1.25,1.25,0.0,1.0,True,True
TLnReGgZEdW,2022,0.5,1.25,0.0,6.0,True,True
TNBTpPO0QX,2022,-1.0,1.25,0.0,0.0,True,True
TQ75Md-FqQp,2022,1.25,1.25,0.0,37.0,True,True
TVHS5Y4dNvM,2022,0.25,1.25,0.0,0.0,True,True
TW7d65uYu5M,2022,1.0,1.25,1.0,77.0,True,True
TXsjU8BaibT,2022,0.75,1.25,1.0,7.0,True,True
TYw3-OlrRm-,2022,0.0,1.25,1.0,10.0,True,True
T_8wHvOkEi9,2022,-1.083333333333333,1.25,0.0,2.0,True,True
T__V3uLix7V,2022,0.25,1.25,1.0,93.0,True,True
T_p2GaXuGeA,2022,-0.5499999999999998,1.25,0.0,5.0,True,True
Te5ytkqsnl,2022,-0.4166666666666669,1.25,1.0,6.0,True,True
TfhfZLQ2EJO,2022,0.25,1.25,1.0,14.0,True,True
Ti2i204vZON,2022,-1.25,1.25,0.0,1.0,True,True
To-R742x7se,2022,0.583333333333333,1.25,1.0,0.0,True,True
TqNsv1TuCX9,2022,0.25,1.25,1.0,0.0,True,True
TrjbxzRcnf-,2022,0.5,1.25,1.0,39.0,True,True
TvMrYbWpa7,2022,-0.25,1.25,0.0,10.0,True,True
TySnJ-0RdKI,2022,0.75,1.25,1.0,41.0,True,True
U0k7XNTiFEq,2022,0.25,1.25,1.0,1.0,True,True
U1edbV4kNu_,2022,-0.5,1.25,0.0,6.0,True,True
U9zTUXVdoIr,2022,0.25,1.25,0.0,4.0,True,True
UFYYol-bRq,2022,0.5,1.25,0.0,2.0,True,True
ULfq0qR25dY,2022,0.75,1.25,1.0,3.0,True,True
UMfhoMtIaP5,2022,0.916666666666667,1.25,1.0,0.0,True,True
USC0-nvGPK,2022,-0.75,1.25,1.0,6.0,True,True
UTTrevGchy,2022,-0.25,1.25,0.0,0.0,True,True
UdxJ2fJx7N0,2022,1.25,1.25,1.0,1.0,True,True
Ug-bgjgSlKV,2022,0.5,1.25,1.0,20.0,True,True
UjynxfqnGWG,2022,-0.25,1.25,0.0,15.0,True,True
Uxppuphg5ZL,2022,-1.0,1.25,0.0,10.0,True,True
Uy6YEI9-6v,2022,-0.75,1.25,0.0,56.0,True,True
VBZJ_3tz-t,2022,0.75,1.25,1.0,33.0,True,True
VFBjuF8HEp,2022,0.75,1.25,1.0,23.0,True,True
VINWzIM6_6,2022,-0.75,1.25,0.0,25.0,True,True
VKtGrkUvCR,2022,0.0,1.25,0.0,1.0,True,True
VLgmhQDVBV,2022,0.5,1.25,1.0,1.0,True,True
VMuenFh7IpP,2022,0.0,1.25,0.0,13.0,True,True
VPjw9KPWRSK,2022,0.75,1.25,1.0,0.0,True,True
VQyHD2R3Aq,2022,-0.4166666666666669,1.25,0.0,12.0,True,True
VSu5WrtLK3q,2022,0.6500000000000004,1.25,0.0,10.0,True,True
VTNjxbFRKly,2022,0.0499999999999998,1.25,1.0,5.0,True,True
VXqNHWh3LL,2022,-0.083333333333333,1.25,0.0,1.0,True,True
Ve0Wth3ptT_,2022,0.75,1.25,1.0,5.0,True,True
VimqQq-i_Q,2022,0.75,1.25,1.0,12.0,True,True
Vog_3GXsgmb,2022,-0.3499999999999996,1.25,1.0,12.0,True,True
Vq_QHT5kcAK,2022,-0.75,1.25,0.0,0.0,True,True
VqzXzA9hjaX,2022,0.25,1.25,1.0,1.0,True,True
Vr_BTpw3wz,2022,1.25,1.25,1.0,3.0,True,True
VrjOFfcnSV8,2022,0.916666666666667,1.25,1.0,14.0,True,True
Vs5NK44aP9P,2022,0.5,1.25,1.0,2.0,True,True
Vvb-eicR8N,2022,-0.75,1.25,0.0,0.0,True,True
Vzh1BFUCiIX,2022,1.0,1.25,1.0,8.0,True,True
W3-hiLnUYl,2022,-0.5,1.25,0.0,,True,False
W6BpshgRi0q,2022,-1.0,1.25,0.0,1.0,True,True
WDBo7y8lcJm,2022,-0.75,1.25,0.0,5.0,True,True
WH6u2SvlLp4,2022,0.75,1.25,1.0,4.0,True,True
WLEx3Jo4QaB,2022,0.0,1.25,1.0,20.0,True,True
WPI2vbkAl3Q,2022,0.25,1.25,1.0,1.0,True,True
WVX0NNVBBkV,2022,1.25,1.25,1.0,6.0,True,True
WXy4C-RjET,2022,-1.25,1.25,0.0,0.0,True,True
WZ3yjh8coDg,2022,1.25,1.25,1.0,11.0,True,True
WZeI0Vro15y,2022,-1.0,1.25,0.0,0.0,True,True
WfvgGBcgbE7,2022,0.5,1.25,1.0,8.0,True,True
WnOLO1f50MH,2022,0.25,1.25,0.0,0.0,True,True
WqoBaaPHS-,2022,0.25,1.25,1.0,2.0,True,True
WwKv20NrsfB,2022,-0.75,1.25,0.0,14.0,True,True
WxuE_JWxjkW,2022,0.5,1.25,1.0,2.0,True,True
X1y1ur-NCh_,2022,0.0,1.25,0.0,0.0,True,True
X2V7RW3Sul,2022,-1.0,1.25,0.0,0.0,True,True
XHUxf5aRB3s,2022,0.75,1.25,1.0,4.0,True,True
XIZaWGCPl0b,2022,0.25,1.25,0.0,0.0,True,True
XJiajt89Omg,2022,0.25,1.25,1.0,1.0,True,True
XOh5x-vxsrV,2022,-0.5,1.25,1.0,7.0,True,True
XWODe7ZLn8f,2022,1.25,1.25,1.0,5.0,True,True
X_ch3VrNSRg,2022,1.25,1.25,1.0,10.0,True,True
X_hByk2-5je,2022,0.5,1.25,1.0,0.0,True,True
XctLdNfCmP,2022,0.75,1.25,1.0,11.0,True,True
XeqjsCVLk1m,2022,-0.5,1.25,0.0,9.0,True,True
Xg47v73CDaj,2022,-0.75,1.25,0.0,2.0,True,True
XhF2VOMRHS,2022,1.0,1.25,1.0,1.0,True,True
Xx4MNjSmQQ9,2022,-0.4166666666666669,1.25,0.0,1.0,True,True
Y0cGpgUhSvp,2022,-0.25,1.25,0.0,19.0,True,True
Y2eS8eWCsyG,2022,-1.25,1.25,0.0,2.0,True,True
Y4cs1Z3HnqL,2022,1.25,1.25,1.0,24.0,True,True
Y8KfxdZl-rI,2022,0.25,1.25,0.0,3.0,True,True
YRDlrT00BP,2022,-1.083333333333333,1.25,0.0,4.0,True,True
YRq0ZUnzKoZ,2022,1.25,1.25,1.0,4.0,True,True
YVPBh4k78iZ,2022,0.5,1.25,1.0,3.0,True,True
YeShU5mLfLt,2022,0.583333333333333,1.25,1.0,0.0,True,True
YevsQ05DEN7,2022,0.4500000000000002,1.25,1.0,90.0,True,True
YgPqNctmyd,2022,0.0,1.25,1.0,1.0,True,True
YiBa9HKTyXE,2022,1.25,1.25,1.0,1.0,True,True
YmONQIWli--,2022,0.25,1.25,0.0,19.0,True,True
Yn4CPz_LRKO,2022,0.25,1.25,0.0,8.0,True,True
YpBHDlalKDG,2022,0.0,1.25,0.0,1.0,True,True
YpPiNigTzMT,2022,0.25,1.25,1.0,7.0,True,True
YpSxqy_RE84,2022,0.5,1.25,1.0,2.0,True,True
YtdASzotUEW,2022,-1.0,1.25,0.0,0.0,True,True
Z0XiFAb_WDr,2022,-0.75,1.25,0.0,,True,False
Z1Qlm11uOM,2022,1.25,1.25,1.0,113.0,True,True
ZBESeIUB5k,2022,1.25,1.25,1.0,6.0,True,True
ZDYhm_o8MX,2022,-0.75,1.25,0.0,13.0,True,True
ZFIT_sGjPJ,2022,-0.75,1.25,0.0,6.0,True,True
ZKy2X3dgPA,2022,0.6500000000000004,1.25,1.0,9.0,True,True
ZTsoE8G3GG,2022,0.5,1.25,1.0,37.0,True,True
ZaVVVlcdaN,2022,-0.25,1.25,1.0,2.0,True,True
ZeE81SFTsl,2022,-0.5,1.25,0.0,,True,False
Zf4ZdI4OQPV,2022,-0.25,1.25,1.0,10.0,True,True
ZgV2C9NKk6Q,2022,-0.5499999999999998,1.25,0.0,2.0,True,True
ZkC8wKoLbQ7,2022,0.5,1.25,1.0,10.0,True,True
Zq2G_VTV53T,2022,0.5,1.25,1.0,2.0,True,True
ZumkmSpY9G4,2022,-0.5,1.25,0.0,1.0,True,True
ZzwfldvDLpC,2022,-0.75,1.25,0.0,0.0,True,True
_4GFbtOuWq-,2022,0.75,1.25,1.0,1.0,True,True
_5js_8uTrx1,2022,-0.25,1.25,1.0,4.0,True,True
_BNiN4IjC5,2022,0.25,1.25,1.0,23.0,True,True
_CfpJazzXT2,2022,0.75,1.25,1.0,21.0,True,True
_F9xpOrqyX9,2022,0.75,1.25,1.0,11.0,True,True
_K6rwRjW9WO,2022,0.5,1.25,0.0,5.0,True,True
_LNdXw0BSx,2022,-0.5,1.25,0.0,9.0,True,True
_PHymLIxuI,2022,0.5,1.25,1.0,85.0,True,True
_QLmakITKg,2022,-0.75,1.25,1.0,1.0,True,True
_SJ-_yyes8,2022,1.0,1.25,1.0,67.0,True,True
_Vn-mKDipa1,2022,-0.083333333333333,1.25,0.0,6.0,True,True
_Wzj0J2xs2D,2022,1.25,1.25,1.0,21.0,True,True
_XNtisL32jv,2022,0.75,1.25,1.0,102.0,True,True
_Xaf6zMDsHL,2022,-0.4166666666666669,1.25,0.0,0.0,True,True
_ZoDJyBBp7z,2022,-0.083333333333333,1.25,0.0,9.0,True,True
__ObYt4753c,2022,-0.4166666666666669,1.25,0.0,4.0,True,True
_gZf4NEuf0H,2022,-0.25,1.25,0.0,8.0,True,True
_jMtny3sMKU,2022,0.25,1.25,1.0,10.0,True,True
_qc3iqcq-ps,2022,-1.0,1.25,0.0,2.0,True,True
_uCb2ynRu7Y,2022,1.0,1.25,1.0,6.0,True,True
_xwr8gOBeV1,2022,1.25,1.25,1.0,11.0,True,True
_ysluXvD1M,2022,-0.75,1.25,0.0,0.0,True,True
a0SRWViFYW,2022,-0.4166666666666669,1.25,0.0,0.0,True,True
a1m8Jba-N6l,2022,-1.1500000000000004,1.25,0.0,2.0,True,True
a34GrNaYEcS,2022,1.25,1.25,1.0,2.0,True,True
a7H7OucbWaU,2022,-0.5,1.25,1.0,39.0,True,True
aBO5SvgSt1,2022,0.5,1.25,1.0,24.0,True,True
aBVxf5NaaRt,2022,1.0,1.25,1.0,0.0,True,True
aBXzcPPOuX,2022,0.75,1.25,1.0,0.0,True,True
aBsCjcPu_tE,2022,0.916666666666667,1.25,1.0,300.0,True,True
aD7uesX1GF_,2022,1.25,1.25,1.0,0.0,True,True
aJ9BXxg352,2022,-0.5,1.25,0.0,0.0,True,True
aJ_GcB4vcT0,2022,-0.5,1.25,0.0,1.0,True,True
aMaQjwz5IXI,2022,-0.083333333333333,1.25,0.0,3.0,True,True
aPOpXlnV1T,2022,0.25,1.25,1.0,38.0,True,True
aTzMi4yV_RO,2022,0.916666666666667,1.25,1.0,9.0,True,True
aYAA-XHKyk,2022,0.5,1.25,1.0,6.0,True,True
adjl32ogfqD,2022,-0.083333333333333,1.25,0.0,2.0,True,True
afoV8W3-IYp,2022,0.916666666666667,1.25,1.0,7.0,True,True
ahi2XSHpAUZ,2022,0.6500000000000004,1.25,1.0,12.0,True,True
aisKPsMM3fg,2022,0.25,1.25,1.0,9.0,True,True
ajIC9wlTd52,2022,-0.083333333333333,1.25,0.0,0.0,True,True
alaQzRbCY9w,2022,-1.25,1.25,0.0,0.0,True,True
ar92oEosBIg,2022,-0.1500000000000003,1.25,1.0,9.0,True,True
auLXcGlEOZ7,2022,0.0,1.25,0.0,1.0,True,True
auOPcdAcoy,2022,0.916666666666667,1.25,1.0,0.0,True,True
b-ZaBVGx8Q,2022,1.25,1.25,0.0,0.0,True,True
bCrdi4iVvv,2022,0.75,1.25,1.0,5.0,True,True
bHqI0DvSIId,2022,0.25,1.25,0.0,5.0,True,True
bM45i3LQBdl,2022,-1.25,1.25,0.0,0.0,True,True
bUAdXW8wN6,2022,-1.0,1.25,0.0,1.0,True,True
bUKyC0UiZcr,2022,-0.4166666666666669,1.25,0.0,0.0,True,True
bVvMOtLMiw,2022,1.0,1.25,1.0,0.0,True,True
bYGSzbCM_i,2022,0.25,1.25,1.0,0.0,True,True
baUQQPwQiAg,2022,0.0,1.25,1.0,4.0,True,True
bilHNPhT6-,2022,-0.75,1.25,0.0,3.0,True,True
biyvmQe5jM,2022,-1.25,1.25,0.0,16.0,True,True
bjy5Zb2fo2,2022,-0.25,1.25,1.0,6.0,True,True
bmGLlsX_iJl,2022,-0.75,1.25,0.0,0.0,True,True
boJy41J-tnQ,2022,0.5,1.25,1.0,42.0,True,True
bwq6O4Cwdl,2022,1.0499999999999998,1.25,1.0,24.0,True,True
c87d0TS4yX,2022,0.25,1.25,1.0,1.0,True,True
cBu4ElJfneV,2022,1.25,1.25,1.0,74.0,True,True
cD0O_Sc-wNy,2022,-0.25,1.25,0.0,3.0,True,True
cKTBRHIVjy9,2022,-0.75,1.25,0.0,3.0,True,True
cLcLdwOfhoe,2022,-1.0,1.25,0.0,8.0,True,True
cOtBRgsf2fO,2022,0.916666666666667,1.25,1.0,64.0,True,True
cVak2hs06z,2022,-0.25,1.25,0.0,15.0,True,True
cWlMII1LwTZ,2022,-1.0,1.25,0.0,1.0,True,True
cdwobSbmsjA,2022,-0.4166666666666669,1.25,0.0,5.0,True,True
cggphp7nPuI,2022,-0.25,1.25,0.0,1.0,True,True
ci7LBzDn2Q,2022,1.25,1.25,1.0,7.0,True,True
ciSap6Cw5mk,2022,-0.083333333333333,1.25,0.0,2.0,True,True
cmt-6KtR4c4,2022,1.0,1.25,1.0,10.0,True,True
cpDhcsEDC2,2022,0.0,1.25,1.0,205.0,True,True
cuGIoqAJf6p,2022,0.25,1.25,0.0,9.0,True,True
cuvga_CiVND,2022,0.75,1.25,1.0,8.0,True,True
d5SCUJ5t1k,2022,0.75,1.25,1.0,15.0,True,True
d7-GwtDWNNJ,2022,-0.5,1.25,0.0,0.0,True,True
d71n4ftoCBy,2022,0.75,1.25,1.0,16.0,True,True
dDARN-TCiA,2022,-0.25,1.25,0.0,3.0,True,True
dDjSKKA5TP1,2022,0.583333333333333,1.25,1.0,25.0,True,True
dEwfxt14bca,2022,1.25,1.25,1.0,0.0,True,True
dFbKQaRk15w,2022,1.25,1.25,1.0,13.0,True,True
dHJtoaE3yRP,2022,-0.083333333333333,1.25,0.0,7.0,True,True
dIVrWHP9_1i,2022,-1.083333333333333,1.25,0.0,44.0,True,True
dKLoUvtnq0C,2022,0.25,1.25,0.0,3.0,True,True
dLDzuxaN0Hd,2022,0.75,1.25,0.0,3.0,True,True
dNigytemkL,2022,1.25,1.25,1.0,3.0,True,True
dQ7Cy_ndl1s,2022,0.25,1.25,1.0,3.0,True,True
dSw0QtRMJkO,2022,0.916666666666667,1.25,1.0,3.0,True,True
dTqOcTUOQO,2022,1.0,1.25,1.0,5.0,True,True
dUV91uaXm3,2022,1.25,1.25,1.0,7.0,True,True
d_2lcDh0Y9c,2022,0.5,1.25,1.0,1.0,True,True
demdsohU_e,2022,-0.4166666666666669,1.25,0.0,0.0,True,True
dg79moSRqIo,2022,0.25,1.25,1.0,1.0,True,True
dn4B7Mes2z,2022,-0.5,1.25,0.0,11.0,True,True
ds8yZOUsea,2022,0.25,1.25,1.0,1.0,True,True
dtYnHcmQKeM,2022,-1.0,1.25,0.0,157.0,True,True
dvl241Sbrda,2022,-0.5,1.25,0.0,2.0,True,True
dwg5rXg1WS_,2022,0.6500000000000004,1.25,1.0,79.0,True,True
e-IkMkna5uJ,2022,-0.25,1.25,0.0,,True,False
e0jtGTfPihs,2022,0.25,1.25,1.0,3.0,True,True
e0uknAgETh,2022,-0.75,1.25,0.0,,True,False
e95i1IHcWj,2022,1.0499999999999998,1.25,1.0,22.0,True,True
eBCmOocUejf,2022,0.25,1.25,1.0,10.0,True,True
eBS-3YiaIL-,2022,1.25,1.25,1.0,0.0,True,True
ePI0bPbrih,2022,-0.5,1.25,0.0,3.0,True,True
eYciPrLuUhG,2022,0.4500000000000002,1.25,1.0,2.0,True,True
e_D6AmszH4P,2022,-0.5,1.25,0.0,1.0,True,True
edONMAnhLu-,2022,0.75,1.25,1.0,13.0,True,True
ef0nInZHKIC,2022,0.0499999999999998,1.25,1.0,0.0,True,True
ei3SY1_zYsE,2022,1.25,1.25,1.0,5.0,True,True
eiwpbi3iwr,2022,-0.4166666666666669,1.25,0.0,0.0,True,True
ek9a0qIafW,2022,1.25,1.25,1.0,75.0,True,True
eqRTPB134q0,2022,-0.25,1.25,0.0,3.0,True,True
eypsJ0rvAqo,2022,-0.4166666666666669,1.25,0.0,3.0,True,True
f2lrIbGx3x7,2022,0.75,1.25,1.0,10.0,True,True
f3qFAV_MH-C,2022,-0.5,1.25,0.0,2.0,True,True
f6CQliwyra,2022,-0.5,1.25,0.0,2.0,True,True
f9D-5WNG4Nv,2022,0.5,1.25,1.0,40.0,True,True
f9MHpAGUyMn,2022,-0.25,1.25,1.0,2.0,True,True
fCSq8yrDkc,2022,-0.5,1.25,1.0,1.0,True,True
fKv__asZk47,2022,0.583333333333333,1.25,0.0,0.0,True,True
fPhKeld3Okz,2022,0.75,1.25,1.0,19.0,True,True
fR-EnKWL_Zb,2022,0.5,1.25,1.0,70.0,True,True
fXHl76nO2AZ,2022,0.75,1.25,1.0,2.0,True,True
fvLLcIYmXb,2022,-0.4166666666666669,1.25,1.0,85.0,True,True
fwzUgo0FM9v,2022,0.5,1.25,1.0,7.0,True,True
fyLvrx9M9YP,2022,0.25,1.25,0.0,1.0,True,True
g5tANwND04i,2022,0.25,1.25,1.0,2.0,True,True
g5ynW-jMq4M,2022,0.916666666666667,1.25,1.0,0.0,True,True
g8NJR6fCCl8,2022,1.25,1.25,1.0,14.0,True,True
gJLEXy3ySpu,2022,0.0,1.25,1.0,5.0,True,True
gRCCdgpVZf,2022,0.0,1.25,1.0,2.0,True,True
gSdSJoenupI,2022,0.75,1.25,1.0,84.0,True,True
gc8zLQWf2k,2022,0.25,1.25,0.0,1.0,True,True
gccdzDu5Ur,2022,-0.75,1.25,0.0,0.0,True,True
gciJWCp3z1s,2022,0.5,1.25,0.0,1.0,True,True
gdWQMQVJST,2022,-0.75,1.25,0.0,1.0,True,True
gfwON7rAm4,2022,1.0,1.25,1.0,25.0,True,True
ghTlLwlBS-,2022,-1.0,1.25,0.0,0.0,True,True
giBFoa-uS12,2022,-0.083333333333333,1.25,1.0,2.0,True,True
gpp7cf0xdfN,2022,0.916666666666667,1.25,1.0,8.0,True,True
gzeruP-0J29,2022,-1.0,1.25,0.0,19.0,True,True
h0OYV0We3oh,2022,0.25,1.25,1.0,0.0,True,True
h4EOymDV3vV,2022,-1.0,1.25,0.0,6.0,True,True
hUr6K4D9f7P,2022,-0.75,1.25,0.0,3.0,True,True
hW2kwAcXq5w,2022,-1.0,1.25,0.0,9.0,True,True
hbGV3vzMPzG,2022,-1.083333333333333,1.25,0.0,3.0,True,True
hcoswsDHNAW,2022,0.75,1.25,1.0,0.0,True,True
hgKtwSb4S2,2022,1.25,1.25,1.0,,True,False
hjlXybdILM3,2022,-0.25,1.25,0.0,2.0,True,True
hl9ePdHO4_s,2022,0.0,1.25,1.0,10.0,True,True
hm2tNDdgaFK,2022,1.0,1.25,1.0,16.0,True,True
hpBTIv2uy_E,2022,1.25,1.25,1.0,9.0,True,True
hq7vLjZTJPk,2022,-1.0,1.25,0.0,6.0,True,True
hqkN6lE1fFQ,2022,-1.083333333333333,1.25,0.0,0.0,True,True
hqkhcFHOeKD,2022,1.25,1.25,1.0,3.0,True,True
htWIlvDcY8,2022,1.0,1.25,1.0,6.0,True,True
hzmQ4wOnSb,2022,1.0,1.25,1.0,12.0,True,True
i--G7mhB19P,2022,-0.5499999999999998,1.25,0.0,0.0,True,True
i2baoZMYZ3,2022,-0.5,1.25,0.0,2.0,True,True
i3RI65sR7N,2022,0.583333333333333,1.25,1.0,3.0,True,True
i3abvoMoeCZ,2022,-1.0,1.25,0.0,3.0,True,True
i7FNvHnPvPc,2022,0.0,1.25,0.0,22.0,True,True
i8d2kdxii1L,2022,-0.4166666666666669,1.25,0.0,4.0,True,True
iEvAf8i6JjO,2022,0.5,1.25,1.0,22.0,True,True
iEx3PiooLy,2022,0.25,1.25,1.0,25.0,True,True
iMqTLyfwnOO,2022,0.25,1.25,1.0,4.0,True,True
iPHLcmtietq,2022,1.25,1.25,1.0,0.0,True,True
iaqgio-pOv,2022,-0.9500000000000002,1.25,0.0,0.0,True,True
ibNr25jJrf,2022,0.6500000000000004,1.25,0.0,4.0,True,True
ibqTBNfJmi,2022,0.75,1.25,1.0,0.0,True,True
ibrUkC-pbis,2022,0.583333333333333,1.25,1.0,0.0,True,True
ieNJYujcGDO,2022,-0.083333333333333,1.25,1.0,7.0,True,True
iedYJm92o0a,2022,-0.25,1.25,0.0,16.0,True,True
ijygjHyhcFp,2022,-1.0,1.25,0.0,6.0,True,True
in1ynkrXyMH,2022,-0.75,1.25,0.0,6.0,True,True
irARV_2VFs4,2022,0.0,1.25,1.0,3.0,True,True
iulEMLYh1uR,2022,0.25,1.25,1.0,0.0,True,True
ivQruZvXxtz,2022,-0.5,1.25,1.0,1.0,True,True
izj68lUcBpt,2022,0.5,1.25,1.0,31.0,True,True
izvwgBic9q,2022,-0.4166666666666669,1.25,1.0,23.0,True,True
j-63FSNcO5a,2022,1.25,1.25,1.0,13.0,True,True
j3krplz_4w6,2022,-0.4166666666666669,1.25,1.0,5.0,True,True
jE_ipyh20rb,2022,-1.0,1.25,0.0,1.0,True,True
jJOjjiZHy3h,2022,0.75,1.25,1.0,4.0,True,True
jT1EwXu-4hj,2022,0.0,1.25,1.0,1.0,True,True
jaLDP8Hp_gc,2022,1.25,1.25,1.0,5.0,True,True
jbrgwbv8nD,2022,0.5,1.25,1.0,1.0,True,True
jeLW-Fh9bV,2022,0.75,1.25,1.0,11.0,True,True
jgAl403zfau,2022,0.0,1.25,0.0,3.0,True,True
js62_xuLDDv,2022,0.75,1.25,1.0,5.0,True,True
k-sNDIPY-1T,2022,-0.083333333333333,1.25,0.0,0.0,True,True
kEvhVb452CC,2022,0.0,1.25,0.0,3.0,True,True
kF9DZQQrU0w,2022,0.916666666666667,1.25,1.0,2.0,True,True
kHNKTO2sYH,2022,0.25,1.25,0.0,0.0,True,True
kHkWgqOysk_,2022,-0.5,1.25,0.0,6.0,True,True
kNKFOXleuC,2022,0.75,1.25,1.0,4.0,True,True
kOtkgUGAVTX,2022,0.5,1.25,0.0,12.0,True,True
kOu3-S3wJ7,2022,1.25,1.25,1.0,40.0,True,True
kR1hC6j48Tp,2022,0.5,1.25,1.0,6.0,True,True
kSwqMH0zn1F,2022,0.25,1.25,1.0,4.0,True,True
kZ0UYdhqkNY,2022,1.25,1.25,1.0,10.0,True,True
kavTY__jxp,2022,0.916666666666667,1.25,1.0,8.0,True,True
kcrIligNnl,2022,-0.75,1.25,0.0,20.0,True,True
kcwyXtt7yDJ,2022,-0.083333333333333,1.25,1.0,9.0,True,True
kezNJydWvE,2022,0.583333333333333,1.25,1.0,8.0,True,True
kiNEOCSEzt,2022,0.0,1.25,0.0,11.0,True,True
kj0_45Y4r9i,2022,0.5,1.25,1.0,0.0,True,True
ks_uMcTPyW4,2022,-0.083333333333333,1.25,0.0,3.0,True,True
lNreaMZf9X,2022,-0.75,1.25,0.0,4.0,True,True
lQI_mZjvBxj,2022,0.0,1.25,1.0,4.0,True,True
lTqGXfn9Tv,2022,1.25,1.25,1.0,1.0,True,True
l_amHf1oaK,2022,0.25,1.25,1.0,21.0,True,True
lbauk6wK2-y,2022,-0.25,1.25,1.0,0.0,True,True
lf0W6tcWmh-,2022,-0.9500000000000002,1.25,0.0,7.0,True,True
lgOylcEZQgr,2022,-0.5,1.25,0.0,0.0,True,True
luO6l9cP6b6,2022,-1.0,1.25,0.0,0.0,True,True
lvM693mon8q,2022,-0.5,1.25,0.0,5.0,True,True
lyLVzukXi08,2022,0.916666666666667,1.25,1.0,0.0,True,True
m8bypnj7Yl5,2022,0.583333333333333,1.25,1.0,1.0,True,True
mF122BuAnnW,2022,-1.0,1.25,0.0,0.0,True,True
mKDtUtxIGJ,2022,0.5,1.25,1.0,10.0,True,True
mKsMcL8FfsV,2022,-1.25,1.25,0.0,0.0,True,True
mRF387I4Wl,2022,-0.75,1.25,0.0,2.0,True,True
mfwdY3U_9ea,2022,0.5,1.25,1.0,11.0,True,True
mhYUBYNoGz,2022,1.25,1.25,1.0,11.0,True,True
mqIeP6qPvta,2022,-0.25,1.25,0.0,1.0,True,True
mwdfai8NBrJ,2022,0.4500000000000002,1.25,1.0,3.0,True,True
mz7Bkl2Pz6,2022,0.25,1.25,0.0,7.0,True,True
n6Bc3YElODq,2022,-1.25,1.25,0.0,9.0,True,True
nCw4talHmo5,2022,-1.0,1.25,0.0,1.0,True,True
nHpzE7DqAnG,2022,1.25,1.25,1.0,0.0,True,True
nLb60uXd6Np,2022,-0.5,1.25,0.0,0.0,True,True
nO5caZwFwYu,2022,1.25,1.25,1.0,27.0,True,True
nRCS3BfynGQ,2022,-0.75,1.25,0.0,0.0,True,True
nRj0NcmSuxb,2022,-0.75,1.25,1.0,3.0,True,True
nWlk4jwupZ,2022,0.25,1.25,0.0,22.0,True,True
nWprF5r2spe,2022,-1.083333333333333,1.25,0.0,0.0,True,True
nZeVKeeFYf9,2022,1.25,1.25,1.0,2402.0,True,True
nc0ETaieux,2022,-0.3499999999999996,1.25,1.0,1.0,True,True
neqU3HWDgE,2022,0.5,1.25,1.0,1.0,True,True
nf3A0WZsXS5,2022,1.0,1.25,1.0,6.0,True,True
nhN-fqxmNGx,2022,0.0,1.25,1.0,0.0,True,True
nioAdKCEdXB,2022,1.0,1.25,1.0,6.0,True,True
nkaba3ND7B5,2022,0.25,1.25,1.0,3.0,True,True
nnU3IUMJmN,2022,0.75,1.25,1.0,0.0,True,True
noaG7SrPVK0,2022,0.583333333333333,1.25,1.0,4.0,True,True
nrGGfMbY_qK,2022,0.5,1.25,1.0,5.0,True,True
nxcABL7jbQh,2022,0.916666666666667,1.25,1.0,1.0,True,True
nzvbBD_3J-g,2022,0.75,1.25,1.0,1.0,True,True
o0ehFykKVtr,2022,0.5,1.25,1.0,2.0,True,True
oAy7yPmdNz,2022,1.25,1.25,1.0,8.0,True,True
oMI9PjOb9Jl,2022,0.583333333333333,1.25,1.0,393.0,True,True
oSP1hwZB24,2022,-1.083333333333333,1.25,0.0,0.0,True,True
oTQNAU_g_AZ,2022,-1.0,1.25,0.0,2.0,True,True
oU3aTsmeRQV,2022,0.5,1.25,1.0,19.0,True,True
oVE1z8NlNe,2022,-0.25,1.25,1.0,35.0,True,True
oVfIKuhqfC,2022,-0.5,1.25,0.0,3.0,True,True
o_HsiMPYh_x,2022,1.25,1.25,1.0,19.0,True,True
oaKw-GmBZZ,2022,-1.0,1.25,0.0,5.0,True,True
oh4TirnfSem,2022,1.25,1.25,1.0,2.0,True,True
ovRQmeVFbrC,2022,-0.083333333333333,1.25,0.0,4.0,True,True
oxC2IBx8OuZ,2022,-0.25,1.25,0.0,0.0,True,True
oxxUMeFwEHd,2022,0.25,1.25,1.0,1.0,True,True
p98WJxUC3Ca,2022,0.25,1.25,1.0,11.0,True,True
pC00NfsvnSK,2022,-0.25,1.25,0.0,1.0,True,True
pETy-HVvGtt,2022,0.5,1.25,1.0,1.0,True,True
pWBNOgdeURp,2022,0.25,1.25,1.0,2.0,True,True
pfNyExj7z2,2022,0.25,1.25,1.0,92.0,True,True
pgir5f7ekAL,2022,0.583333333333333,1.25,1.0,6.0,True,True
psQ6wcNXjS1,2022,-1.0,1.25,0.0,0.0,True,True
psh0oeMSBiF,2022,-0.25,1.25,1.0,1.0,True,True
ptxGmKMLH_,2022,-0.083333333333333,1.25,0.0,12.0,True,True
pzgENfIRBil,2022,0.0,1.25,0.0,0.0,True,True
q1QmAqT_4Zh,2022,0.0,1.25,0.0,1.0,True,True
q23I9kJE3gA,2022,-0.5,1.25,0.0,0.0,True,True
q79uMSC6ZBT,2022,1.0,1.25,1.0,8.0,True,True
q7n2RngwOM,2022,0.75,1.25,1.0,0.0,True,True
qDx6DXD3Fzt,2022,-0.1500000000000003,1.25,0.0,4.0,True,True
qEGBB9YB31,2022,-0.25,1.25,0.0,2.0,True,True
qI4542Y2s1D,2022,0.25,1.25,1.0,14.0,True,True
qPzR-M6HY8x,2022,-1.0,1.25,0.0,6.0,True,True
qRDQi3ocgR3,2022,0.583333333333333,1.25,1.0,10.0,True,True
qSTEPv2uLR8,2022,0.25,1.25,0.0,0.0,True,True
qSV5CuSaK_a,2022,0.25,1.25,1.0,21.0,True,True
qY79G8jGsep,2022,0.25,1.25,1.0,4.0,True,True
qZNw8Ao_BIC,2022,-0.25,1.25,0.0,12.0,True,True
qiMXBIf4NfB,2022,0.75,1.25,1.0,1.0,True,True
qjN4h_wwUO,2022,0.0,1.25,1.0,9.0,True,True
qpcG27kYK6z,2022,-0.5,1.25,0.0,0.0,True,True
qw674L9PfQE,2022,0.25,1.25,0.0,30.0,True,True
qwBK94cP1y,2022,0.916666666666667,1.25,1.0,1.0,True,True
qwULHx9zld,2022,1.25,1.25,1.0,0.0,True,True
qyzTEWWM0Pp,2022,-0.916666666666667,1.25,0.0,0.0,True,True
r5qumLiYwf9,2022,0.583333333333333,1.25,1.0,2.0,True,True
rF5UoZFrsF4,2022,-0.75,1.25,0.0,10.0,True,True
rFJWoYoxrDB,2022,0.4500000000000002,1.25,1.0,7.0,True,True
rFbR4Fv-D6-,2022,0.5,1.25,1.0,21.0,True,True
rI0LYgGeYaw,2022,0.0,1.25,1.0,2.0,True,True
rS9-7AuPKWK,2022,-0.75,1.25,1.0,0.0,True,True
rS9t6WH34p,2022,0.5,1.25,0.0,29.0,True,True
rTAclwH46Tb,2022,0.75,1.25,1.0,2.0,True,True
rUwm9wCjURV,2022,0.5,1.25,1.0,1.0,True,True
rbPg0zkHGi,2022,-1.083333333333333,1.25,0.0,2.0,True,True
reFFte7mA0F,2022,0.25,1.25,0.0,0.0,True,True
rhOiUS8KQM9,2022,0.5,1.25,1.0,0.0,True,True
rpxJc9j04U,2022,0.75,1.25,1.0,6.0,True,True
rq1-7_lwisw,2022,-0.75,1.25,0.0,0.0,True,True
rqcLsG8Kme9,2022,-1.25,1.25,0.0,0.0,True,True
rw1mZl_ss3L,2022,0.583333333333333,1.25,1.0,2.0,True,True
rwE8SshAlxw,2022,1.25,1.25,1.0,19.0,True,True
rxF4IN3R2ml,2022,-0.4166666666666669,1.25,0.0,5.0,True,True
s3V9I71JvkD,2022,-0.75,1.25,0.0,8.0,True,True
s5lIqsrOu3Z,2022,-1.083333333333333,1.25,0.0,18.0,True,True
sA4qIu3zv6v,2022,-0.5,1.25,1.0,4.0,True,True
sMqybmUh_u8,2022,-0.75,1.25,0.0,0.0,True,True
sNuFKTMktcY,2022,1.25,1.25,1.0,7.0,True,True
sPIFuucA3F,2022,0.25,1.25,1.0,2.0,True,True
sPfB2PI87BZ,2022,0.583333333333333,1.25,1.0,0.0,True,True
sTkY-RVYBz,2022,-0.25,1.25,0.0,0.0,True,True
sX3XaHwotOg,2022,0.75,1.25,1.0,2.0,True,True
sXNVFBc-0aP,2022,0.583333333333333,1.25,0.0,3.0,True,True
sk63PSiUyci,2022,-0.5,1.25,0.0,4.0,True,True
srtIXtySfT4,2022,0.5,1.25,1.0,1.0,True,True
swbAS4OpXW,2022,-0.4166666666666669,1.25,0.0,8.0,True,True
swiyAeGzFhQ,2022,-0.25,1.25,1.0,0.0,True,True
swrMQttr6wN,2022,0.583333333333333,1.25,1.0,4.0,True,True
t2LJBsPxQM,2022,0.0,1.25,0.0,2.0,True,True
t7y6MKiyiWx,2022,-1.25,1.25,0.0,17.0,True,True
tD7eCtaSkR,2022,1.25,1.25,1.0,11.0,True,True
tFgdrQbbaa,2022,0.5,1.25,1.0,2.0,True,True
tJCwZBHm-jW,2022,0.25,1.25,0.0,2.0,True,True
tQ2yZj4sCnk,2022,-0.25,1.25,0.0,2.0,True,True
tT9t_ZctZRL,2022,0.4500000000000002,1.25,1.0,7.0,True,True
tUa4REjGjTf,2022,1.0499999999999998,1.25,1.0,7.0,True,True
tgcAoUVHRIB,2022,0.25,1.25,1.0,10.0,True,True
tiKNfYpH8le,2022,-1.25,1.25,0.0,1.0,True,True
tlkHrUlNTiL,2022,0.0,1.25,0.0,0.0,True,True
tsg-Lf1MYp,2022,0.583333333333333,1.25,0.0,0.0,True,True
twv2QlJhXzo,2022,-0.083333333333333,1.25,1.0,0.0,True,True
tx4qfdJSFvG,2022,0.0,1.25,0.0,10.0,True,True
tyrJsbKAe6,2022,0.5,1.25,1.0,6.0,True,True
tzO3RXxzuM,2022,0.0,1.25,0.0,0.0,True,True
u2GZOiUTbt,2022,-0.083333333333333,1.25,1.0,1.0,True,True
u2JeVfXIQa,2022,0.25,1.25,0.0,0.0,True,True
u6TRGdzhfip,2022,0.75,1.25,1.0,20.0,True,True
u6s8dSporO8,2022,0.25,1.25,1.0,1.0,True,True
uEBrNNEfceE,2022,0.25,1.25,0.0,2.0,True,True
uF_Wl0xSA7O,2022,0.583333333333333,1.25,0.0,1.0,True,True
uPv9Y3gmAI5,2022,0.25,1.25,1.0,20.0,True,True
uVTp9Z-IUOC,2022,0.0,1.25,0.0,40.0,True,True
ucASPPD9GKN,2022,0.25,1.25,1.0,58.0,True,True
upnDJ7itech,2022,0.5,1.25,1.0,11.0,True,True
uqBOne3LUKy,2022,0.5,1.25,1.0,4.0,True,True
uxxFrDwrE7Y,2022,0.5,1.25,1.0,37.0,True,True
uydP1ykieNv,2022,-0.5,1.25,0.0,2.0,True,True
v-f7ifhKYps,2022,-1.1500000000000004,1.25,0.0,5.0,True,True
v-v1cpNNK_v,2022,0.75,1.25,1.0,7.0,True,True
v6s3HVjPerv,2022,0.25,1.25,1.0,5.0,True,True
v8OlxjGn23S,2022,0.75,1.25,1.0,1.0,True,True
vA7doMdgi75,2022,1.0,1.25,1.0,0.0,True,True
vDwBW49HmO,2022,0.6500000000000004,1.25,1.0,15.0,True,True
vIC-xLFuM6,2022,-0.75,1.25,1.0,1.0,True,True
vJb4I2ANmy,2022,1.25,1.25,1.0,0.0,True,True
vKMVrqvXbXu,2022,0.25,1.25,0.0,0.0,True,True
vPK-G5HbnWg,2022,-0.5,1.25,0.0,3.0,True,True
vSix3HPYKSU,2022,1.25,1.25,1.0,61.0,True,True
vUH85MOXO7h,2022,0.583333333333333,1.25,1.0,0.0,True,True
vaRCHVj0uGI,2022,0.916666666666667,1.25,1.0,138.0,True,True
vcUmUvQCloe,2022,1.25,1.25,1.0,2.0,True,True
vfsRB5MImo9,2022,0.0,1.25,1.0,40.0,True,True
vgqS1vkkCbE,2022,0.25,1.25,1.0,4.0,True,True
vh-0sUt8HlG,2022,0.583333333333333,1.25,1.0,142.0,True,True
vkZtFD0zga8,2022,-0.25,1.25,0.0,0.0,True,True
vqGi8Kp0wM,2022,0.916666666666667,1.25,1.0,16.0,True,True
vwLLQ-HwqhZ,2022,0.5,1.25,1.0,22.0,True,True
vwj6aUeocyf,2022,1.25,1.25,1.0,1.0,True,True
vyn49BUAkoD,2022,-1.0,1.25,0.0,10.0,True,True
w-CPUXXrAj,2022,1.25,1.25,1.0,0.0,True,True
w01vBAcewNX,2022,0.0,1.25,1.0,3.0,True,True
w1UbdvWH_R3,2022,1.25,1.25,1.0,19.0,True,True
w4cXZDDib1H,2022,0.583333333333333,1.25,1.0,46.0,True,True
w8HXzn2FyKm,2022,-0.75,1.25,0.0,3.0,True,True
wIK1fWFXvU9,2022,-1.0,1.25,0.0,15.0,True,True
wMXYbJB-gX,2022,-0.5,1.25,0.0,28.0,True,True
wMpS-Z_AI_E,2022,0.4500000000000002,1.25,1.0,5.0,True,True
wQfgfb8VKTn,2022,1.25,1.25,1.0,6.0,True,True
wTTjnvGphYj,2022,0.6500000000000004,1.25,1.0,25.0,True,True
wYqLTy4wkor,2022,-0.75,1.25,0.0,3.0,True,True
wfRZkDvxOqj,2022,-0.25,1.25,0.0,0.0,True,True
wkMG8cdvh7-,2022,0.75,1.25,1.0,26.0,True,True
wwDg3bbYBIq,2022,1.0,1.25,1.0,18.0,True,True
wxVpa5z4DU1,2022,-0.25,1.25,0.0,,True,False
xCVJMsPv3RT,2022,0.25,1.25,1.0,19.0,True,True
xENf4QUL4LW,2022,0.8499999999999996,1.25,1.0,49.0,True,True
xFOyMwWPkz,2022,0.5,1.25,1.0,5.0,True,True
xKZ4K0lTj_,2022,0.75,1.25,1.0,6.0,True,True
xLfAgCroImw,2022,1.25,1.25,1.0,2.0,True,True
xMJWUKJnFSw,2022,1.0,1.25,1.0,13.0,True,True
xNO7OEIcJc6,2022,0.0,1.25,1.0,2.0,True,True
xNOVfCCvDpM,2022,0.25,1.25,1.0,24.0,True,True
xP3cPq2hQC,2022,0.75,1.25,1.0,3.0,True,True
xQUe1pOKPam,2022,-0.25,1.25,1.0,152.0,True,True
xS8AMYiEav3,2022,1.0,1.25,1.0,7.0,True,True
xVGrCe5fCXY,2022,-0.25,1.25,0.0,6.0,True,True
xZ6H7wydGl,2022,-0.4166666666666669,1.25,1.0,0.0,True,True
xa6otUDdP2W,2022,0.75,1.25,1.0,5.0,True,True
xaTensJtCP5,2022,-0.5,1.25,0.0,0.0,True,True
xbu1tzbjvd,2022,-0.25,1.25,0.0,0.0,True,True
xbx7Hxjbd79,2022,-0.75,1.25,0.0,2.0,True,True
xf0B7-7MRo6,2022,-1.25,1.25,0.0,7.0,True,True
xkjqJYqRJy,2022,-0.25,1.25,1.0,24.0,True,True
xm6YD62D1Ub,2022,-0.5,1.25,1.0,285.0,True,True
xnYACQquaGV,2022,0.5,1.25,1.0,18.0,True,True
xo_5lb5ond,2022,-1.1500000000000004,1.25,0.0,0.0,True,True
xs-tJn58XKv,2022,-0.9500000000000002,1.25,0.0,2.0,True,True
xspalMXAB0M,2022,-0.75,1.25,0.0,,True,False
xtZXWpXVbiK,2022,1.25,1.25,0.0,2.0,True,True
xw04RdwI2kS,2022,-0.25,1.25,0.0,1.0,True,True
xy_2w3J3kH,2022,0.25,1.25,1.0,2.0,True,True
y0VvIg25yk,2022,1.0,1.25,1.0,1.0,True,True
y7tKDxxTo8T,2022,-1.083333333333333,1.25,0.0,14.0,True,True
yBYVUDj7yF,2022,-0.083333333333333,1.25,0.0,4.0,True,True
yCS5dckx_vj,2022,-0.75,1.25,0.0,3.0,True,True
yK_jcv_aLX,2022,0.0,1.25,0.0,5.0,True,True
yOBqNg-CqB0,2022,-0.25,1.25,0.0,11.0,True,True
yV4_fWe4nM,2022,-1.0,1.25,0.0,4.0,True,True
y_op4lLLaWL,2022,0.25,1.25,1.0,0.0,True,True
yfe1VMYAXa4,2022,0.25,1.25,1.0,50.0,True,True
yhCp5RcZD7,2022,1.0,1.25,1.0,23.0,True,True
yuv0mwPOlz3,2022,-1.0,1.25,0.0,6.0,True,True
z2zmSDKONK,2022,-1.083333333333333,1.25,0.0,0.0,True,True
z8xVlqWwRrK,2022,0.25,1.25,0.0,0.0,True,True
zAyZFRptzvh,2022,0.5,1.25,0.0,3.0,True,True
zBOI9LFpESK,2022,0.0,1.25,1.0,2.0,True,True
zFyCvjXof60,2022,0.25,1.25,0.0,9.0,True,True
zLb9oSWy933,2022,-0.5,1.25,0.0,7.0,True,True
zNR43c03lRy,2022,0.75,1.25,1.0,4.0,True,True
zU2v47WF0Ku,2022,0.0,1.25,0.0,0.0,True,True
zXM0b4hi5_B,2022,0.75,1.25,1.0,5.0,True,True
zXne1klXIQ,2022,-0.4166666666666669,1.25,0.0,21.0,True,True
zbZL1s-pBF,2022,-0.4166666666666669,1.25,0.0,0.0,True,True
zf_Ll3HZWgy,2022,0.5,1.25,1.0,152.0,True,True
ziRLU3Y2PN_,2022,1.0,1.25,1.0,1.0,True,True
zq1iJkNk3uN,2022,0.75,1.25,1.0,127.0,True,True
zrW-LVXj2k1,2022,0.25,1.25,1.0,1.0,True,True
zrdUVVAvcP2,2022,0.25,1.25,0.0,2.0,True,True
zuDmDfeoB_1,2022,-0.5,1.25,0.0,3.0,True,True
zxEfpcmTDnF,2022,-0.25,1.25,0.0,10.0,True,True
zz9hXVhf40,2022,1.0499999999999998,1.25,1.0,6.0,True,True
zzk231Ms1Ih,2022,0.25,1.25,1.0,1.0,True,True
-2zfgNS917,2023,0.5,1.2,1.0,28.0,True,True
-5EWhW_4qWP,2023,0.0,1.2,1.0,2.0,True,True
-CA8yFkPc7O,2023,1.0,1.2,1.0,6.0,True,True
-CIOGGhkEfy,2023,-1.0,1.2,0.0,0.0,True,True
-CefY2EOupj,2023,-0.333333333333333,1.2,1.0,4.0,True,True
-CoNloheTs,2023,-0.333333333333333,1.2,1.0,0.0,True,True
-ENYHCE8zBp,2023,1.0,1.2,1.0,2.0,True,True
-M0TNnyWFT5,2023,0.666666666666667,1.2,1.0,5.0,True,True
-P7G-8dmSh4,2023,1.0,1.2,1.0,24.0,True,True
-PL1Gk4jt7,2023,-0.75,1.2,0.0,0.0,True,True
-SBZ8c356Oc,2023,0.25,1.2,0.0,1.0,True,True
-SKvXtXPCaJ,2023,-0.333333333333333,1.2,0.0,0.0,True,True
-Y34L45JR6z,2023,0.25,1.2,1.0,5.0,True,True
-azium0cV9,2023,-0.5,1.2,0.0,6.0,True,True
-bVsNeR56KS,2023,-0.25,1.2,1.0,1.0,True,True
-cqvvvb-NkI,2023,-0.25,1.2,1.0,30.0,True,True
-htnolWDLvP,2023,0.5,1.2,1.0,6.0,True,True
-jTaz3CMk72,2023,1.0,1.2,1.0,0.0,True,True
-kAWfaLkPT3,2023,-1.0,1.2,0.0,1.0,True,True
-lGvSmht7a,2023,0.5,1.2,1.0,0.0,True,True
-ng-FXFlzgK,2023,0.25,1.2,1.0,1.0,True,True
-t4D61w4zvQ,2023,0.0,1.2,1.0,3.0,True,True
-tYCaP0phY_,2023,-0.75,1.2,0.0,5.0,True,True
-z9hdsyUwVQ,2023,0.25,1.2,1.0,1.0,True,True
01LMSeReNvY,2023,0.0,1.2,0.0,11.0,True,True
02Bt_4tx6r,2023,-0.5,1.2,0.0,1.0,True,True
04K3PMtMckp,2023,0.0,1.2,1.0,13.0,True,True
06mk-epSwZ,2023,0.5999999999999996,1.2,1.0,3.0,True,True
07tc5kKRIo,2023,0.5,1.2,1.0,5.0,True,True
086pmarAris,2023,0.5,1.2,1.0,6.0,True,True
09I1M8YRJBR,2023,-0.25,1.2,0.0,2.0,True,True
09hVcSDkea,2023,0.333333333333333,1.2,1.0,23.0,True,True
0MqQ88Z2Kta,2023,-0.25,1.2,0.0,42.0,True,True
0Q9H_Pgx132,2023,-0.25,1.2,1.0,3.0,True,True
0Vv4H4Ch0la,2023,0.666666666666667,1.2,1.0,4.0,True,True
0W1TQ_hoMFN,2023,-0.5,1.2,0.0,1.0,True,True
0WVNuEnqVu,2023,0.666666666666667,1.2,1.0,13.0,True,True
0YXmOFLb1wQ,2023,-1.0,1.2,0.0,7.0,True,True
0_TxFpAsEI,2023,0.5,1.2,1.0,0.0,True,True
0bLE93R9d0O,2023,-1.0,1.2,0.0,2.0,True,True
0cpM2ApF9p6,2023,0.0,1.2,1.0,29.0,True,True
0eTTKOOOQkV,2023,1.0,1.2,1.0,11.0,True,True
0g1JdUJF7Fr,2023,-0.5,1.2,0.0,3.0,True,True
0nroZT5gHsS,2023,-1.0,1.2,0.0,5.0,True,True
0paCJSFW7j,2023,0.333333333333333,1.2,1.0,0.0,True,True
0pdSt3oyJa1,2023,-0.5,1.2,1.0,16.0,True,True
0qSOodKmJaN,2023,0.666666666666667,1.2,1.0,38.0,True,True
0qmwFNJyxCL,2023,0.666666666666667,1.2,1.0,2.0,True,True
0uRm1YmFTu,2023,-0.25,1.2,1.0,3.0,True,True
0v4VkCSkHNm,2023,0.25,1.2,1.0,1.0,True,True
0vqjc50HfcC,2023,-0.75,1.2,1.0,17.0,True,True
1-MBdJssZ-S,2023,0.5,1.2,1.0,10.0,True,True
10R_bcjFwJ,2023,0.5,1.2,1.0,8.0,True,True
10uNUgI5Kl,2023,0.5,1.2,1.0,21.0,True,True
15hYIH0TUi,2023,-0.75,1.2,0.0,2.0,True,True
1C6nCCaRe6p,2023,0.666666666666667,1.2,1.0,5.0,True,True
1CHhsUY32a,2023,-0.5,1.2,0.0,1.0,True,True
1C_kSW1-k0,2023,0.75,1.2,1.0,6.0,True,True
1FxRPKrH8bw,2023,0.333333333333333,1.2,1.0,0.0,True,True
1J-ZTr7aypY,2023,0.5,1.2,1.0,0.0,True,True
1KtU2ya2zh5,2023,-0.5,1.2,0.0,0.0,True,True
1Lr5QxntGcM,2023,-1.0,1.2,0.0,1.0,True,True
1PL1NIMMrw,2023,0.75,1.2,1.0,679.0,True,True
1ROAstc9jv,2023,0.0,1.2,1.0,3.0,True,True
1UCaQYUdE_o,2023,0.0,1.2,1.0,5.0,True,True
1UbNwQC89a,2023,-0.2000000000000001,1.2,1.0,8.0,True,True
1Wo0vqaZ8WJ,2023,-0.5,1.2,0.0,0.0,True,True
1_jFneF07YC,2023,1.0,1.2,1.0,16.0,True,True
1fZd4owfJP6,2023,0.333333333333333,1.2,1.0,8.0,True,True
1jDN-RfQfrb,2023,-0.25,1.2,0.0,4.0,True,True
1mU6ADbjk-c,2023,-0.5,1.2,0.0,2.0,True,True
1tHAZRqftM,2023,0.0,1.2,1.0,7.0,True,True
1tXzHPdOJGZ,2023,-0.666666666666667,1.2,0.0,1.0,True,True
1usJZBGNrZ,2023,-0.333333333333333,1.2,0.0,1.0,True,True
1w_Amtk67X,2023,0.666666666666667,1.2,1.0,0.0,True,True
20GtJ6hIaPA,2023,1.0,1.2,1.0,3.0,True,True
24quGic59-,2023,-1.0,1.2,0.0,0.0,True,True
253DOGs6EF,2023,-1.166666666666667,1.2,0.0,2.0,True,True
29V3AWjVAFi,2023,0.5,1.2,1.0,11.0,True,True
2EFQ_QlcPs8,2023,0.0,1.2,0.0,4.0,True,True
2EpjkjzdCAa,2023,-0.5,1.2,1.0,14.0,True,True
2G-vUJ7XcSB,2023,0.0,1.2,0.0,1.0,True,True
2L9gzS80tA4,2023,0.25,1.2,1.0,6.0,True,True
2OETPKmG4S0,2023,-0.666666666666667,1.2,0.0,5.0,True,True
2QzNuaRHn4Z,2023,0.25,1.2,1.0,1.0,True,True
2RwXVje1rAh,2023,1.0,1.2,1.0,3.0,True,True
2SV2dlfBuE3,2023,-0.5,1.2,1.0,1.0,True,True
2WklawyeI08,2023,0.0,1.2,1.0,1.0,True,True
2XLRBjY46O6,2023,-0.5,1.2,1.0,16.0,True,True
2YQrqe4RNv,2023,0.666666666666667,1.2,1.0,5.0,True,True
2_B-eiVbgBs,2023,0.5,1.2,0.0,0.0,True,True
2mvALOAWaxY,2023,1.0,1.2,1.0,3.0,True,True
2nLeOOfAjK,2023,1.0,1.2,1.0,1.0,True,True
2nocgE1m0A,2023,0.666666666666667,1.2,1.0,2.0,True,True
2t7L0lcDqAr,2023,-1.0,1.2,0.0,1.0,True,True
2vmGv5wPDBZ,2023,0.666666666666667,1.2,1.0,0.0,True,True
35QyoZv8cKO,2023,0.0,1.2,1.0,1.0,True,True
38m4h8HcNRL,2023,0.4000000000000003,1.2,1.0,2.0,True,True
3Bh6sRPKS3J,2023,0.5,1.2,1.0,11.0,True,True
3DIpIf3wQMC,2023,0.5,1.2,1.0,11.0,True,True
3HnIBTjlXTS,2023,-0.75,1.2,0.0,22.0,True,True
3IFO8Jii0vI,2023,-0.333333333333333,1.2,0.0,2.0,True,True
3IXDfzaJ2LF,2023,-1.0,1.2,0.0,0.0,True,True
3KUfbI9_DQE,2023,-1.0,1.2,1.0,0.0,True,True
3KWnuT-R1bh,2023,0.75,1.2,1.0,404.0,True,True
3OaBBATwsvP,2023,0.666666666666667,1.2,1.0,1.0,True,True
3UHoYrglYkG,2023,0.5,1.2,1.0,0.0,True,True
3ULaIHxn9u7,2023,0.75,1.2,1.0,2.0,True,True
3VFQfAG3vwi,2023,-0.25,1.2,1.0,2.0,True,True
3VKiaagxw1S,2023,0.0,1.2,1.0,3.0,True,True
3VO1y5N7K1H,2023,1.0,1.2,1.0,12.0,True,True
3Y5Uhf5KgGK,2023,0.75,1.2,1.0,6.0,True,True
3YFDsSRSxB-,2023,0.0,1.2,1.0,17.0,True,True
3aBuJEza5sq,2023,0.75,1.2,1.0,7.0,True,True
3c13LptpIph,2023,-1.0,1.2,1.0,8.0,True,True
3dnrKbeVatv,2023,0.5,1.2,1.0,2.0,True,True
3eQEil044E,2023,-0.75,1.2,0.0,3.0,True,True
3gZop22KWP,2023,-0.666666666666667,1.2,0.0,16.0,True,True
3itjR9QxFw,2023,1.0,1.2,1.0,79.0,True,True
3k5CUGDLNdd,2023,1.0,1.2,1.0,11.0,True,True
3l36EPLnPzA,2023,0.0,1.2,0.0,0.0,True,True
3ly9cG9Ql9h,2023,-1.0,1.2,0.0,5.0,True,True
3mRwyG5one,2023,1.0,1.2,1.0,749.0,True,True
3mlITJRYYbs,2023,0.75,1.2,1.0,0.0,True,True
3nM5uhPlfv6,2023,-0.5,1.2,1.0,1.0,True,True
3oWo92cQyxL,2023,-0.25,1.2,1.0,8.0,True,True
3pfNb4pZBNp,2023,0.333333333333333,1.2,1.0,1.0,True,True
3tYvDb4dwab,2023,-0.333333333333333,1.2,0.0,1.0,True,True
3vOtC1t1kF,2023,-0.7999999999999998,1.2,0.0,9.0,True,True
3zSn48RUO8M,2023,0.0,1.2,1.0,2.0,True,True
42zs3qa2kpy,2023,0.0,1.2,1.0,6.0,True,True
45FFlw8N47,2023,-0.75,1.2,0.0,2.0,True,True
462z-gLgSht,2023,0.5,1.2,1.0,3.0,True,True
47B_ctC4pJ,2023,0.0,1.2,1.0,0.0,True,True
47DzlkyH3dM,2023,0.0,1.2,0.0,0.0,True,True
48EwqCCosOO,2023,-1.0,1.2,0.0,0.0,True,True
4BPFwvKOvo5,2023,-1.0,1.2,1.0,0.0,True,True
4C8ChYvMYBn,2023,0.25,1.2,1.0,1.0,True,True
4CQ9os3s4h3,2023,-0.333333333333333,1.2,0.0,2.0,True,True
4D4TSJE6-K,2023,-0.25,1.2,1.0,2.0,True,True
4DU_HCijfJp,2023,-0.333333333333333,1.2,1.0,0.0,True,True
4FBUihxz5nm,2023,0.2000000000000001,1.2,1.0,2.0,True,True
4LMIZY7gt7h,2023,1.0,1.2,1.0,2.0,True,True
4MbGnp4iPQ,2023,0.0,1.2,1.0,8.0,True,True
4PJUBT9f2Ol,2023,0.25,1.2,1.0,11.0,True,True
4Sp2v2DQcxX,2023,-0.25,1.2,0.0,2.0,True,True
4TyNEhI2GdN,2023,0.4000000000000003,1.2,1.0,4.0,True,True
4UldFtZ_CVF,2023,0.0,1.2,1.0,0.0,True,True
4Vwx-VwS5b3,2023,-0.1666666666666669,1.2,0.0,6.0,True,True
4WM4cy42B81,2023,0.333333333333333,1.2,1.0,12.0,True,True
4XE614GBuGR,2023,-0.2000000000000001,1.2,0.0,6.0,True,True
4bCsX2K0KuR,2023,-0.333333333333333,1.2,0.0,3.0,True,True
4fZc_79Lrqs,2023,0.0,1.2,1.0,7.0,True,True
4gc3MGZra1d,2023,-0.75,1.2,1.0,6.0,True,True
4hhtHQLGDQO,2023,-1.0,1.2,0.0,1.0,True,True
4nrZXPFN1c4,2023,0.2000000000000001,1.2,0.0,3.0,True,True
4oYUGeGBPm,2023,0.5,1.2,1.0,10.0,True,True
4rXMRuoJlai,2023,0.666666666666667,1.2,1.0,22.0,True,True
4u42KCQxCn8,2023,0.5,1.2,1.0,2.0,True,True
4vGwQqviud5,2023,-0.75,1.2,0.0,65.0,True,True
4wZiAXD29TQ,2023,0.5999999999999996,1.2,1.0,21.0,True,True
4yqxDCbzS98,2023,1.0,1.2,1.0,0.0,True,True
5-3YJbVPp6m,2023,-1.0,1.2,0.0,1.0,True,True
5-Df3tljit7,2023,1.0,1.2,1.0,6.0,True,True
5-X1XzdAWcC,2023,-1.0,1.2,0.0,0.0,True,True
51GXyzOKOp,2023,0.5,1.2,1.0,1.0,True,True
53T6FlFulCV,2023,-0.4000000000000003,1.2,0.0,0.0,True,True
5BaqCFVh5qL,2023,0.0,1.2,1.0,3.0,True,True
5Egggz1q575,2023,-0.5,1.2,1.0,0.0,True,True
5H9_FUPA9r8,2023,-0.75,1.2,0.0,0.0,True,True
5HLoTvVGDe,2023,0.5,1.2,1.0,13.0,True,True
5IND3TXJRb-,2023,0.25,1.2,1.0,3.0,True,True
5Jq1ASp33L,2023,-0.666666666666667,1.2,0.0,1.0,True,True
5KUPKjHYD-l,2023,0.5,1.2,1.0,1.0,True,True
5MkYIYCbva,2023,-0.25,1.2,1.0,44.0,True,True
5NTt8GFjUHkr,2023,0.25,1.2,1.0,234.0,True,True
5OygDd-4Eeh,2023,-0.333333333333333,1.2,1.0,0.0,True,True
5P96KWeULzE,2023,-0.666666666666667,1.2,0.0,46.0,True,True
5Qt6ZqXSDEZ,2023,-0.25,1.2,0.0,0.0,True,True
5RSq86IM6mE,2023,-0.333333333333333,1.2,0.0,18.0,True,True
5YHaMHg2Bfa,2023,-0.4285714285714288,1.2,0.0,0.0,True,True
5aT4ganOd98,2023,1.0,1.2,1.0,6.0,True,True
5fvXH49wk2,2023,-0.666666666666667,1.2,1.0,0.0,True,True
5g4FC-SHkaV,2023,-0.75,1.2,0.0,2.0,True,True
5gDz_yTcst,2023,0.0,1.2,1.0,0.0,True,True
5mqFra2ZSuf,2023,-0.333333333333333,1.2,1.0,0.0,True,True
5o8oFs5D9Z,2023,0.333333333333333,1.2,0.0,4.0,True,True
5s2v_0F7MG,2023,-0.25,1.2,0.0,0.0,True,True
5tKXUZil3X,2023,0.25,1.2,1.0,1.0,True,True
5vM51iamNeL,2023,0.5,1.2,1.0,0.0,True,True
65XDF_nwI61,2023,0.4000000000000003,1.2,1.0,26.0,True,True
6BHlZgyPOZY,2023,0.75,1.2,1.0,6.0,True,True
6JMXLWX68Kj,2023,0.5,1.2,1.0,0.0,True,True
6P9Y25Pljl6,2023,0.5,1.2,1.0,4.0,True,True
6PIrhAx1j4i,2023,0.25,1.2,1.0,12.0,True,True
6Pv8AMSylux,2023,-0.5,1.2,0.0,1.0,True,True
6SRDbbvU8s,2023,-0.25,1.2,1.0,9.0,True,True
6TxBxqNME1Y,2023,0.5,1.2,1.0,96.0,True,True
6Wl7-M2BC-,2023,-0.333333333333333,1.2,1.0,2.0,True,True
6dlC7E1H_9,2023,0.0,1.2,0.0,24.0,True,True
6doXHqwMayf,2023,1.0,1.2,1.0,1.0,True,True
6iVJOtr2zL2,2023,0.0,1.2,1.0,2.0,True,True
6jfbOWzWTcE,2023,0.5,1.2,1.0,0.0,True,True
6kxApT2r2i,2023,0.666666666666667,1.2,1.0,1.0,True,True
6lUEy1J5R7p,2023,0.5,1.2,1.0,1.0,True,True
6orC5MvgPBK,2023,1.0,1.2,1.0,9.0,True,True
6qZC7pfenQm,2023,-0.75,1.2,1.0,0.0,True,True
6qcYDVlVLnK,2023,0.5999999999999996,1.2,1.0,8.0,True,True
6ruVLB727MC,2023,0.25,1.2,1.0,97.0,True,True
6s8XPvu7bI8,2023,-0.5,1.2,0.0,3.0,True,True
6t0Kwf8-jrj,2023,-0.666666666666667,1.2,1.0,31.0,True,True
6u7mf9s2A9,2023,1.0,1.2,1.0,5.0,True,True
6ve2CkeQe5S,2023,0.75,1.2,1.0,15.0,True,True
6w1k-IixnL8,2023,0.333333333333333,1.2,1.0,5.0,True,True
6xXtM8bFFJ,2023,1.0,1.2,1.0,0.0,True,True
6zrOr_Rdhjs,2023,-0.25,1.2,1.0,1.0,True,True
70BaDC5ceIO,2023,-0.25,1.2,0.0,1.0,True,True
78xgBm6ckZr,2023,0.333333333333333,1.2,1.0,0.0,True,True
7BfWbjOqgMf,2023,-0.25,1.2,0.0,63.0,True,True
7Cb7Faxa1OB,2023,0.0,1.2,1.0,0.0,True,True
7IG0wsTND7w,2023,-0.5,1.2,1.0,4.0,True,True
7KSeWGIOYM,2023,0.0,1.2,0.0,0.0,True,True
7T2XgpklLDA,2023,0.0,1.2,0.0,7.0,True,True
7XHiDnUb_hj,2023,-0.5,1.2,0.0,0.0,True,True
7bJizxLKrR,2023,0.5,1.2,1.0,15.0,True,True
7h5KSs2PCRi,2023,0.0,1.2,1.0,4.0,True,True
7qSpaOSbRVO,2023,-0.333333333333333,1.2,0.0,7.0,True,True
7qyLeRm1e3,2023,-0.75,1.2,0.0,0.0,True,True
7sWLxZBLPO5,2023,-0.25,1.2,0.0,0.0,True,True
7sn6Vxp92xV,2023,-0.5,1.2,1.0,7.0,True,True
7tJyBmu9iCj,2023,0.666666666666667,1.2,1.0,0.0,True,True
7wrq3vHcMM,2023,-0.25,1.2,1.0,3.0,True,True
7ynoX1ojPMt,2023,0.666666666666667,1.2,1.0,7.0,True,True
81VJDmOE2ol,2023,-0.25,1.2,1.0,1.0,True,True
8CJrjp73sfk,2023,-1.0,1.2,0.0,5.0,True,True
8HRvyxc606,2023,0.5,1.2,1.0,3.0,True,True
8IN-qLkl215,2023,1.0,1.2,1.0,5.0,True,True
8JqINxA-2a,2023,0.25,1.2,1.0,8.0,True,True
8JsaP7j1cL0,2023,0.333333333333333,1.2,1.0,0.0,True,True
8KYeilT3Ow,2023,0.5,1.2,1.0,22.0,True,True
8U4joMeLRF,2023,1.0,1.2,1.0,1.0,True,True
8Vxuz_PJNus,2023,-1.0,1.2,0.0,3.0,True,True
8WTAh0tj2jC,2023,0.0,1.2,1.0,2.0,True,True
8aHzds2uUyB,2023,1.0,1.2,1.0,54.0,True,True
8aeSJNbmbQq,2023,0.5,1.2,1.0,0.0,True,True
8foynpwwRb,2023,-0.25,1.2,0.0,1.0,True,True
8gd4M-_Rj1,2023,0.5,1.2,1.0,17.0,True,True
8jU7wy7N7mA,2023,0.333333333333333,1.2,1.0,1.0,True,True
8pOVAeo8ie,2023,1.0,1.2,1.0,19.0,True,True
8pvnfTAbu1f,2023,-0.25,1.2,1.0,3.0,True,True
8sSnD78NqTN,2023,0.25,1.2,1.0,4.0,True,True
8tYRqb05pVn,2023,0.75,1.2,1.0,25.0,True,True
8uu6JStuYm,2023,1.0,1.2,1.0,3.0,True,True
9-umxtNPx5E,2023,0.0,1.2,1.0,29.0,True,True
92gvk82DE-,2023,0.666666666666667,1.2,1.0,297.0,True,True
98p5x51L5af,2023,-0.25,1.2,1.0,68.0,True,True
9AuIMiZhkL2,2023,-0.75,1.2,0.0,14.0,True,True
9DZKk85Z4zA,2023,0.75,1.2,1.0,0.0,True,True
9EAQVEINuum,2023,0.25,1.2,1.0,22.0,True,True
9F_xlC7sk9,2023,1.0,1.2,1.0,3.0,True,True
9HiGqC9C-KA,2023,-0.333333333333333,1.2,1.0,23.0,True,True
9IaN4FkVSR1,2023,1.0,1.2,1.0,1.0,True,True
9IlzJa5cAv,2023,0.0,1.2,0.0,5.0,True,True
9Jaz4APHtWD,2023,-0.5,1.2,1.0,5.0,True,True
9MO7bjoAfIA,2023,0.0,1.2,1.0,5.0,True,True
9MbhFHqrti9,2023,0.5,1.2,1.0,5.0,True,True
9MniHf5dmH,2023,-0.2000000000000001,1.2,0.0,0.0,True,True
9Nj_gNdvqYf,2023,0.2000000000000001,1.2,1.0,0.0,True,True
9OEW_t2uO4u,2023,-0.75,1.2,0.0,1.0,True,True
9OoFFWDPDQ,2023,-0.75,1.2,0.0,1.0,True,True
9Q7wZ0Uq4Z6,2023,-1.0,1.2,0.0,0.0,True,True
9RQh6MOOaD,2023,-0.666666666666667,1.2,0.0,5.0,True,True
9WdB5yVICCA,2023,-1.0,1.2,0.0,6.0,True,True
9X-hgLDLYkQ,2023,-0.25,1.2,1.0,16.0,True,True
9ZpciCOunFb,2023,0.5,1.2,1.0,2.0,True,True
9Zx6tTcX0SE,2023,-1.0,1.2,0.0,1.0,True,True
9aokcgBVIj1,2023,0.7999999999999998,1.2,1.0,9.0,True,True
9bVBH1GD5sr,2023,-1.0,1.2,0.0,5.0,True,True
9dFQcu9vmX,2023,-0.333333333333333,1.2,0.0,0.0,True,True
9gfir3fSy3J,2023,1.0,1.2,1.0,1.0,True,True
9krnQ-ue9M,2023,0.666666666666667,1.2,1.0,8.0,True,True
9qgOs_IwRS3,2023,-1.0,1.2,0.0,3.0,True,True
9rRhMKNOkeT,2023,-0.25,1.2,0.0,1.0,True,True
9vcXCMp9VEp,2023,-0.25,1.2,1.0,2.0,True,True
9x3CO0ZU9LR,2023,0.75,1.2,1.0,1.0,True,True
9yE2xEj0BH7,2023,-0.666666666666667,1.2,1.0,10.0,True,True
A7v2DqLjZdq,2023,-0.25,1.2,1.0,1.0,True,True
ALDM5SN2r7M,2023,0.666666666666667,1.2,1.0,3.0,True,True
AP0iZoaRaS,2023,0.25,1.2,1.0,7.0,True,True
AZFvpnnewr,2023,0.0,1.2,1.0,6.0,True,True
AatUEvC-Wjv,2023,1.0,1.2,1.0,4.0,True,True
Ab8hkaJSJI,2023,-0.5,1.2,0.0,6.0,True,True
AdPJb9cud_Y,2023,-0.75,1.2,1.0,4.0,True,True
AjC0KBjiMu,2023,0.333333333333333,1.2,1.0,1.0,True,True
AsOLzq1S-p,2023,-1.0,1.2,0.0,0.0,True,True
AuEgNlEAmed,2023,0.0,1.2,1.0,2.0,True,True
AwWaBXLIJE,2023,0.25,1.2,1.0,0.0,True,True
B-dM7df9Axo,2023,-0.5,1.2,0.0,1.0,True,True
B4maZQLLW0_,2023,0.5,1.2,1.0,1.0,True,True
B73niNjbPs,2023,1.0,1.2,1.0,14.0,True,True
B8a1FcY0vi,2023,0.0,1.2,1.0,4.0,True,True
B92TMCG_7rp,2023,0.25,1.2,1.0,27.0,True,True
BGF9IeDfmlH,2023,0.666666666666667,1.2,1.0,3.0,True,True
BGvOEUEMBzE,2023,-0.333333333333333,1.2,0.0,1.0,True,True
BO5_Lm7iD_,2023,-1.0,1.2,0.0,1.0,True,True
BPwIgvf5iQ,2023,0.5,1.2,1.0,13.0,True,True
BT4N_v7CLrk,2023,1.0,1.2,1.0,2.0,True,True
BYWWwSY2G5s,2023,0.75,1.2,1.0,7.0,True,True
B_pCIsX8KL_,2023,0.4000000000000003,1.2,1.0,0.0,True,True
BaWtp9o25zN,2023,-0.5,1.2,0.0,0.0,True,True
Bo7eeXm6An8,2023,1.0,1.2,1.0,28.0,True,True
BqxE86ufTzq,2023,-1.0,1.2,0.0,0.0,True,True
BrJATVZDWEH,2023,0.5999999999999996,1.2,1.0,3.0,True,True
Bvnjqe3ZroD,2023,0.25,1.2,0.0,0.0,True,True
C1ns08q9jZ,2023,0.25,1.2,1.0,1.0,True,True
C2ulri4duIs,2023,0.25,1.2,1.0,5.0,True,True
C9sU3Tnnki8,2023,-0.333333333333333,1.2,0.0,12.0,True,True
C9uEwyfklBE,2023,-0.666666666666667,1.2,0.0,0.0,True,True
CAsH4Z_Xzj7,2023,-0.666666666666667,1.2,0.0,25.0,True,True
CBfYffLqWqb,2023,-0.666666666666667,1.2,1.0,1.0,True,True
CCF5eG4UPNS,2023,-1.0,1.2,0.0,1.0,True,True
CGBCTp2M6lA,2023,-0.333333333333333,1.2,1.0,18.0,True,True
CIFOsnhZvON,2023,0.0,1.2,1.0,0.0,True,True
CIoSZ_HKHS7,2023,0.666666666666667,1.2,1.0,62.0,True,True
CJd-BtnwtXq,2023,-0.333333333333333,1.2,1.0,9.0,True,True
CKATCkQFcdJ,2023,0.75,1.2,0.0,0.0,True,True
CL-sVR9pvF,2023,-0.25,1.2,1.0,5.0,True,True
CMPIBjmhpo,2023,-0.5,1.2,1.0,2.0,True,True
COZDy0WYGg,2023,0.666666666666667,1.2,1.0,116.0,True,True
CPIy9TWFYBG,2023,0.5,1.2,1.0,6.0,True,True
CRNwGauQpb6,2023,0.5,1.2,1.0,19.0,True,True
CROlOA9Nd8C,2023,0.0,1.2,1.0,0.0,True,True
CRhzJqLhnwU,2023,-0.5,1.2,0.0,1.0,True,True
CUOaVn6mYEj,2023,0.25,1.2,1.0,3.0,True,True
CW6KmU5wPh,2023,0.0,1.2,1.0,3.0,True,True
CZmHHj9MgkP,2023,0.75,1.2,1.0,4.0,True,True
C_PRLz8bEJx,2023,-0.25,1.2,1.0,26.0,True,True
CcXTudu9bvu,2023,-1.0,1.2,0.0,8.0,True,True
CgCmwcfgEdH,2023,0.333333333333333,1.2,1.0,1.0,True,True
CjTHVo1dvR,2023,-0.333333333333333,1.2,1.0,17.0,True,True
ConT6H7MWL,2023,0.5,1.2,1.0,5.0,True,True
CrfhZAsJDsZ,2023,0.75,1.2,1.0,3.0,True,True
CsKwavjr7A,2023,0.75,1.2,1.0,45.0,True,True
D-zfUK7BR6c,2023,0.0,1.2,1.0,2.0,True,True
D1Sawu2y1QG,2023,-0.7999999999999998,1.2,0.0,5.0,True,True
D4JQEKlTyG,2023,-1.0,1.2,0.0,5.0,True,True
D7srTrGhAs,2023,0.666666666666667,1.2,1.0,9.0,True,True
DAxQXzdq8SF,2023,-1.0,1.2,0.0,3.0,True,True
DBMttEEoLbw,2023,0.0,1.2,1.0,1.0,True,True
DEGjDDV22pI,2023,1.0,1.2,1.0,3.0,True,True
DHyHRBwJUTN,2023,0.2000000000000001,1.2,1.0,41.0,True,True
DL8dTTvCpU,2023,-0.7999999999999998,1.2,0.0,3.0,True,True
DSy8tP4WctmZ,2023,1.0,1.2,1.0,31.0,True,True
DWn1TEb2fK,2023,0.666666666666667,1.2,1.0,0.0,True,True
DjzBCrMBJ_p,2023,1.0,1.2,1.0,16.0,True,True
Dk7QQp8jHEo,2023,1.0,1.2,1.0,1.0,True,True
DpE5UYUQzZH,2023,0.0,1.2,1.0,6.0,True,True
DrtSx1z40Ib,2023,-0.25,1.2,1.0,2.0,True,True
DxmF48B_49z,2023,0.0,1.2,0.0,6.0,True,True
E08kaoSiQl0,2023,-0.333333333333333,1.2,0.0,2.0,True,True
E3ip6qBLF7,2023,0.5,1.2,1.0,1.0,True,True
E8mzu3JbdR,2023,1.0,1.2,1.0,4.0,True,True
EA6YF_qwVe,2023,-1.166666666666667,1.2,0.0,2.0,True,True
EBS4C77p_5S,2023,-0.5,1.2,1.0,14.0,True,True
ED3WvUgu09,2023,-0.5,1.2,0.0,1.0,True,True
EFTpmFg9cb,2023,-1.0,1.2,0.0,0.0,True,True
EIgLnNx_lC,2023,0.666666666666667,1.2,1.0,14.0,True,True
EKdBD-1qHW6,2023,-0.25,1.2,0.0,0.0,True,True
EMvG1Jdhw_8,2023,-0.25,1.2,1.0,0.0,True,True
EQfeudmWLQ,2023,0.25,1.2,1.0,21.0,True,True
ERjQnrmLKH4,2023,-0.5,1.2,0.0,0.0,True,True
ESR6hysKDsW,2023,-0.333333333333333,1.2,0.0,3.0,True,True
ETKGuby0hcs,2023,0.0,1.2,1.0,45.0,True,True
EXnIyMVTL8s,2023,0.75,1.2,1.0,12.0,True,True
EeEU0b9CPD3,2023,0.0,1.2,0.0,1.0,True,True
ElC6LYO4MfD,2023,-0.7999999999999998,1.2,1.0,2.0,True,True
EnrY5TOrbQ,2023,0.25,1.2,1.0,0.0,True,True
EwoBTLCY-Y,2023,-1.0,1.2,0.0,3.0,True,True
EzLtB4M1SbM,2023,0.25,1.2,1.0,12.0,True,True
F0KTk2plQzO,2023,0.0,1.2,1.0,3.0,True,True
F0UQv_MNWCt,2023,-1.0,1.2,0.0,10.0,True,True
F5uYcwABMu,2023,-0.75,1.2,0.0,5.0,True,True
F7f4BYnDAIc,2023,0.25,1.2,0.0,1.0,True,True
F8VKQyDgRVj,2023,1.0,1.2,1.0,15.0,True,True
F91SROvVJ_6,2023,0.5,1.2,1.0,4.0,True,True
FBMLeaXpZN,2023,1.0,1.2,1.0,1.0,True,True
FCnohuR6AnM,2023,0.75,1.2,1.0,8.0,True,True
FE99-fDrWd5,2023,0.5,1.2,1.0,1.0,True,True
FI5IysDR8pG,2023,-0.25,1.2,0.0,2.0,True,True
FJXf1FXN8C,2023,0.25,1.2,1.0,2.0,True,True
FVW7Mi2ph6C,2023,0.333333333333333,1.2,1.0,1.0,True,True
FYZCHEtt6H0,2023,0.25,1.2,1.0,16.0,True,True
FZCFlj2_c7z,2023,-0.25,1.2,0.0,17.0,True,True
F_EhNDSamN,2023,1.0,1.2,1.0,0.0,True,True
FbRY1XVfwK,2023,0.0,1.2,1.0,0.0,True,True
Fg3mYW8owg,2023,0.0,1.2,1.0,9.0,True,True
Fh97BDaR6I,2023,0.333333333333333,1.2,1.0,1.0,True,True
FkRMv-mlSTy,2023,-0.5,1.2,0.0,5.0,True,True
FkSp8VW8RjH,2023,1.0,1.2,1.0,17.0,True,True
FlCg47MNvBA,2023,0.5,1.2,1.0,17.0,True,True
Fsd-6ax4T1m,2023,0.4000000000000003,1.2,1.0,0.0,True,True
FtOxgKe_Zg2,2023,0.666666666666667,1.2,1.0,10.0,True,True
FvevdI0aA_h,2023,1.0,1.2,1.0,6.0,True,True
FwlV6h4KxVE,2023,-0.333333333333333,1.2,0.0,3.0,True,True
G1H4NSATlr,2023,0.7999999999999998,1.2,1.0,2.0,True,True
GKB566-8WkZ,2023,-0.333333333333333,1.2,0.0,0.0,True,True
GKpwIa9wgwR,2023,-0.333333333333333,1.2,0.0,1.0,True,True
GMRodZ8OlVr,2023,0.0,1.2,1.0,4.0,True,True
GPJVuyX4p_h,2023,-0.75,1.2,1.0,2.0,True,True
GPTjnA57h_3,2023,0.333333333333333,1.2,1.0,23.0,True,True
GRZtigJljLY,2023,0.75,1.2,1.0,1.0,True,True
GVMwL15UrZO,2023,-0.75,1.2,0.0,3.0,True,True
GVSf7Z7DbYL,2023,0.5,1.2,1.0,1.0,True,True
G_HSyfLk0m,2023,-1.0,1.2,1.0,0.0,True,True
Gb2Rndy5595,2023,-0.25,1.2,0.0,9.0,True,True
H0HGljkxQFN,2023,0.0,1.2,1.0,22.0,True,True
H0gdPxSwkPb,2023,0.0,1.2,1.0,30.0,True,True
H4Ncs5jhTCu,2023,0.5,1.2,1.0,0.0,True,True
HDxgaKk956l,2023,0.75,1.2,1.0,19.0,True,True
HE_75XY5Ljh,2023,0.75,1.2,1.0,18.0,True,True
HLQyRgRnoXo,2023,-0.75,1.2,0.0,13.0,True,True
HN0ehX-ov5Q,2023,-0.75,1.2,0.0,2.0,True,True
HPdxC1THU8T,2023,0.5,1.2,1.0,0.0,True,True
HQ67mj5rJdR,2023,-0.75,1.2,1.0,12.0,True,True
HRwN7IQLUKA,2023,-0.666666666666667,1.2,1.0,3.0,True,True
HWt4BBZjVW,2023,0.5,1.2,1.0,3.0,True,True
HZf7UbpWHuA,2023,1.0,1.2,1.0,65.0,True,True
Ha2MnQM9Ph,2023,0.0,1.2,1.0,6.0,True,True
HaHCoGcpV9,2023,0.25,1.2,1.0,1.0,True,True
He7UIpiEq_O,2023,0.0,1.2,0.0,8.0,True,True
HehQobsr0S,2023,0.666666666666667,1.2,1.0,3.0,True,True
HgQR0mXQ1_a,2023,1.0,1.2,1.0,5.0,True,True
Hnk1WRMAYqg,2023,0.25,1.2,1.0,35.0,True,True
Hq16Jk2bVlp,2023,-0.666666666666667,1.2,0.0,3.0,True,True
HtoA0oT30jC,2023,0.25,1.2,1.0,63.0,True,True
Hu4r-dedqR0,2023,0.5,1.2,1.0,5.0,True,True
Hyan74saltV,2023,-0.5,1.2,0.0,1.0,True,True
I29Kt0RwChs,2023,1.0,1.2,1.0,0.0,True,True
I8ly64E5Nt,2023,-0.75,1.2,0.0,25.0,True,True
IA96Pn7A08h,2023,0.0,1.2,0.0,0.0,True,True
ICYasJBlZNs,2023,0.25,1.2,1.0,6.0,True,True
IDJx97BC38,2023,0.5,1.2,1.0,16.0,True,True
IJwhRE510b,2023,-0.5,1.2,0.0,1.0,True,True
ILQVw4cA5F9,2023,0.5,1.2,1.0,2.0,True,True
I_IJf5oDRo,2023,-1.0,1.2,0.0,0.0,True,True
Idusfje4-Wq,2023,0.0,1.2,1.0,4.0,True,True
IpGgfpMucHj,2023,0.5,1.2,1.0,4.0,True,True
IrzkT99fDJH,2023,0.0,1.2,1.0,0.0,True,True
IskSBCo0-0,2023,-0.666666666666667,1.2,0.0,0.0,True,True
Ix4Ytiwor4U,2023,-0.5,1.2,0.0,3.0,True,True
IxmWsm4xrua,2023,1.0,1.2,1.0,5.0,True,True
J3Y7cgZOOS,2023,0.0,1.2,1.0,14.0,True,True
JHklpEZqduQ,2023,0.0,1.2,1.0,6.0,True,True
JIl_kij_aov,2023,-0.4000000000000003,1.2,0.0,43.0,True,True
JLLTtEdh1ZY,2023,0.75,1.2,1.0,0.0,True,True
JLR_B7n_Wqr,2023,0.333333333333333,1.2,1.0,1.0,True,True
JLg5aHHv7j,2023,1.0,1.2,1.0,17.0,True,True
JTGimap_-F,2023,1.0,1.2,1.0,7.0,True,True
JXkz3zm8gJ,2023,-0.25,1.2,0.0,7.0,True,True
JZMR727O29,2023,-0.25,1.2,1.0,11.0,True,True
Jbdc0vTOcol,2023,0.0,1.2,1.0,535.0,True,True
JdTnc9gjVfJ,2023,0.5,1.2,1.0,8.0,True,True
JdgO-ht1uTN,2023,0.0,1.2,1.0,3.0,True,True
Jifob4dSh99,2023,1.0,1.2,1.0,3.0,True,True
JjCAdMUlu9v,2023,-0.25,1.2,1.0,0.0,True,True
JknGeelZJpHP,2023,0.75,1.2,1.0,5.0,True,True
JmC_Tld3v-f,2023,-0.25,1.2,1.0,2.0,True,True
JmkjrlVE-DG,2023,0.0,1.2,1.0,2.0,True,True
JpRExTbl1-,2023,0.2000000000000001,1.2,1.0,6.0,True,True
Js4vqB4bWVh,2023,-1.0,1.2,0.0,0.0,True,True
JtC6yOHRoJJ,2023,0.333333333333333,1.2,1.0,6.0,True,True
JunUr1y3Wa6,2023,-0.333333333333333,1.2,0.0,0.0,True,True
K2OixmPDou3,2023,-0.5,1.2,0.0,1.0,True,True
K2spEiswXVf,2023,-1.0,1.2,0.0,0.0,True,True
K5qR1F14qPE,2023,-0.75,1.2,0.0,8.0,True,True
K8oz8DyuJD,2023,-0.333333333333333,1.2,0.0,3.0,True,True
K9RHxPpjn2,2023,0.666666666666667,1.2,1.0,0.0,True,True
KB1sc5pNKFv,2023,0.0,1.2,1.0,3.0,True,True
KE_wJD2RK4,2023,0.0,1.2,1.0,0.0,True,True
KKBMz-EL4tD,2023,0.666666666666667,1.2,1.0,3.0,True,True
KRLUvxh8uaX,2023,1.0,1.2,1.0,36.0,True,True
KUP3ic8jdGo,2023,-0.5,1.2,0.0,4.0,True,True
KVljrqehulG,2023,-0.75,1.2,0.0,1.0,True,True
KaKXygtEGK,2023,-1.0,1.2,0.0,10.0,True,True
KaeYRGTaODt,2023,-0.75,1.2,0.0,4.0,True,True
KdwnGErdT6,2023,1.0,1.2,1.0,2.0,True,True
Kf7Yyf4O0u,2023,0.5,1.2,1.0,3.0,True,True
KfptQCEKVW4,2023,0.75,1.2,1.0,1.0,True,True
Ki4ocDm364,2023,0.25,1.2,1.0,1.0,True,True
Ki_26lfEmey,2023,-0.75,1.2,0.0,0.0,True,True
Kn-HA8DFik,2023,-0.333333333333333,1.2,1.0,3.0,True,True
Kn6i2BZW69w,2023,-0.25,1.2,1.0,2.0,True,True
Kot3IIgXGbb,2023,-0.333333333333333,1.2,0.0,1.0,True,True
Kpdewuy7RU6,2023,1.0,1.2,1.0,0.0,True,True
KwmPfARgOTD,2023,0.25,1.2,1.0,64.0,True,True
KyoVpYvWWnK,2023,1.0,1.2,1.0,0.0,True,True
KyxJ9Yfxo2,2023,-0.5,1.2,0.0,0.0,True,True
KzkLAE49H9b,2023,0.75,1.2,1.0,11.0,True,True
L2MUOUp0beo,2023,0.5,1.2,1.0,3.0,True,True
L8iZdgeKmI6,2023,0.5,1.2,1.0,4.0,True,True
LE5LxBgjB4V,2023,-0.25,1.2,1.0,0.0,True,True
LOTGOB5_Xh2,2023,-0.75,1.2,0.0,16.0,True,True
LQIjzPdDt3q,2023,1.0,1.2,1.0,1.0,True,True
LR_KWiUgS8F,2023,-1.0,1.2,0.0,6.0,True,True
LSz-gQyd0zE,2023,0.333333333333333,1.2,1.0,5.0,True,True
LfdEuhjR5GV,2023,1.0,1.2,1.0,6.0,True,True
LiXDW7CF94J,2023,0.0,1.2,1.0,6.0,True,True
Ll21hhIJ_oG,2023,-0.666666666666667,1.2,0.0,0.0,True,True
LnQn5-rN-LR,2023,-1.0,1.2,0.0,0.0,True,True
Lnxl5pr018,2023,0.2000000000000001,1.2,1.0,10.0,True,True
Loek7hfb46P,2023,0.25,1.2,1.0,58.0,True,True
Lr8cOOtYbfL,2023,0.25,1.2,1.0,15.0,True,True
Lt8bMlhiwx2,2023,0.333333333333333,1.2,1.0,24.0,True,True
M0_sUuEyHs,2023,0.333333333333333,1.2,1.0,19.0,True,True
M2unceRvqhh,2023,1.0,1.2,1.0,0.0,True,True
M95oDwJXayG,2023,0.5,1.2,1.0,2.0,True,True
M9u_ctqFUlg,2023,0.5,1.2,1.0,0.0,True,True
MB_O268uCY,2023,-0.75,1.2,0.0,,True,False
MCe881WzBr0,2023,-1.0,1.2,0.0,1.0,True,True
MLJ5TF5FtXH,2023,-0.333333333333333,1.2,1.0,2.0,True,True
MLStcoDEhqi,2023,-0.75,1.2,0.0,0.0,True,True
MQcmfgRxf7a,2023,0.4000000000000003,1.2,1.0,2.0,True,True
MR8pqi9R7xP,2023,-0.75,1.2,0.0,1.0,True,True
MTTPLcwvqTt,2023,0.666666666666667,1.2,1.0,0.0,True,True
MWoZh1gvbxA,2023,-0.333333333333333,1.2,0.0,7.0,True,True
M_MvkWgQSt,2023,1.0,1.2,1.0,1.0,True,True
MhuFzFsrfvH,2023,-0.5,1.2,1.0,2.0,True,True
Mj7K4lglGyj,2023,0.0,1.2,1.0,7.0,True,True
MjsDeTcDEy,2023,0.666666666666667,1.2,1.0,0.0,True,True
MkbcAHIYgyS,2023,1.0,1.2,1.0,52.0,True,True
Mof47lISH6N,2023,0.0,1.2,0.0,14.0,True,True
MpGP-z07TmM,2023,-0.25,1.2,0.0,30.0,True,True
MtGmCCPJD-,2023,-0.5,1.2,0.0,13.0,True,True
My57qBufZWs,2023,0.666666666666667,1.2,1.0,3.0,True,True
N-eul1pdagX,2023,-0.666666666666667,1.2,0.0,1.0,True,True
N7ts-GTfuy,2023,-0.75,1.2,0.0,8.0,True,True
N9Pk5iSCzAn,2023,0.5,1.2,1.0,4.0,True,True
NAQvF08TcyG,2023,1.0,1.2,1.0,464.0,True,True
NDWl9qcUpvy,2023,0.5,1.2,1.0,0.0,True,True
NE2911Kq1sp,2023,0.5,1.2,1.0,12.0,True,True
NE5P2sEK4Z5,2023,-0.75,1.2,0.0,1.0,True,True
NFcRC4aYSWf,2023,-0.5,1.2,0.0,0.0,True,True
NI7StoWHJPT,2023,0.0,1.2,1.0,1.0,True,True
NPrsUQgMjKK,2023,1.0,1.2,1.0,5.0,True,True
NRHajbzg8y0P,2023,0.0,1.2,1.0,10.0,True,True
NRxydtWup1S,2023,0.333333333333333,1.2,1.0,37.0,True,True
NUl0ylt7SM,2023,-0.5,1.2,1.0,3.0,True,True
NVZvalzCLg,2023,0.5,1.2,1.0,7.0,True,True
NZZoABNZECq,2023,-0.2000000000000001,1.2,0.0,2.0,True,True
Nayau9fwXU,2023,0.5,1.2,1.0,46.0,True,True
NeDc-Ak-H_,2023,1.0,1.2,1.0,0.0,True,True
Nk2pDtuhTq,2023,0.5,1.2,1.0,30.0,True,True
Nkd7AS2USRd,2023,-0.5,1.2,0.0,34.0,True,True
NmZXv4467ai,2023,0.0,1.2,1.0,3.0,True,True
NpsVSN6o4ul,2023,-0.5,1.2,1.0,50.0,True,True
NqaGPQXblk,2023,-0.666666666666667,1.2,0.0,0.0,True,True
Nvlqsofsc6-,2023,0.5,1.2,0.0,1.0,True,True
O2cW5Q3bH_M,2023,-0.25,1.2,0.0,1.0,True,True
O5rKg7IRQIO,2023,0.75,1.2,1.0,4.0,True,True
O7gAffL9a0,2023,-0.333333333333333,1.2,0.0,1.0,True,True
O8Vc52xFSUR,2023,0.666666666666667,1.2,1.0,2.0,True,True
OAsXFPBfTBh,2023,0.333333333333333,1.2,1.0,3.0,True,True
OIcMPYZXFPL,2023,-0.5,1.2,0.0,0.0,True,True
OIe3kpwl40D,2023,0.25,1.2,1.0,5.0,True,True
OOWLRfAI_V_,2023,0.666666666666667,1.2,1.0,3.0,True,True
ORp91sAbzI,2023,0.25,1.2,1.0,0.0,True,True
OTbRTIY4YS,2023,0.0,1.2,1.0,11.0,True,True
OXP9Ns0gnIq,2023,0.25,1.2,1.0,1.0,True,True
O_lFCPaF48t,2023,0.5,1.2,1.0,1.0,True,True
OboQ71j1Bn,2023,-0.5,1.2,0.0,14.0,True,True
Oc2vlWU0jFY,2023,0.0,1.2,1.0,21.0,True,True
Ogh8umAChpo,2023,-0.25,1.2,0.0,4.0,True,True
OhUAblg27z,2023,0.5,1.2,1.0,1.0,True,True
OiLPUTbiic5Y,2023,-0.2000000000000001,1.2,0.0,0.0,True,True
OjDkC57x5sz,2023,0.0,1.2,1.0,11.0,True,True
Om_QvnjjBL2,2023,-0.333333333333333,1.2,0.0,1.0,True,True
OnD9zGAGT0k,2023,1.0,1.2,1.0,152.0,True,True
OnM3R47KIiU,2023,0.75,1.2,1.0,1.0,True,True
OoOIW-3uadi,2023,1.0,1.2,1.0,8.0,True,True
Opcegzztjay,2023,-1.0,1.2,0.0,2.0,True,True
OpzV3lp3IMC,2023,-0.75,1.2,0.0,21.0,True,True
Ovnwe_sDQW,2023,0.333333333333333,1.2,1.0,1.0,True,True
P3PJokAqGW,2023,0.75,1.2,1.0,0.0,True,True
P44WPn1_aJV,2023,-1.0,1.2,1.0,2.0,True,True
P4bXCawRi5J,2023,0.25,1.2,1.0,10.0,True,True
P63GxgD7LIl,2023,-1.0,1.2,0.0,2.0,True,True
P8DHF1Y_dph,2023,-0.5,1.2,0.0,2.0,True,True
P8YIphWNEGO,2023,0.5,1.2,1.0,12.0,True,True
PDG4-Y3aboN,2023,0.4000000000000003,1.2,1.0,1.0,True,True
PDrUPTXJI_A,2023,1.0,1.2,1.0,139.0,True,True
PEuxUXIMLlA,2023,0.4000000000000003,1.2,1.0,0.0,True,True
PFbzoWZyZRX,2023,1.0,1.2,1.0,11.0,True,True
PHpK5B2iGpq,2023,-0.25,1.2,0.0,1.0,True,True
PHtzmXK8am,2023,0.0,1.2,0.0,2.0,True,True
PINRbk7h01,2023,0.5,1.2,1.0,0.0,True,True
PLUXnnxUdr4,2023,0.75,1.2,1.0,13.0,True,True
PQOlkgsBsik,2023,-0.333333333333333,1.2,1.0,6.0,True,True
PUIqjT4rzq7,2023,0.0,1.2,1.0,70.0,True,True
PUwbwZJz9dO,2023,-0.333333333333333,1.2,0.0,22.0,True,True
PYbe4MoHf32,2023,0.666666666666667,1.2,1.0,1.0,True,True
PZZUcxazxSw,2023,0.0,1.2,0.0,0.0,True,True
PaEUQiY40Dk,2023,0.5,1.2,1.0,6.0,True,True
PbfgkZ2HdbE,2023,0.75,1.2,1.0,4.0,True,True
PbkBDQ5_UbV,2023,0.0,1.2,1.0,0.0,True,True
Peot1SFDX0,2023,0.25,1.2,1.0,4.0,True,True
PfHk0P9lgMy,2023,0.2000000000000001,1.2,0.0,0.0,True,True
PfpEtB3-csK,2023,1.0,1.2,1.0,14.0,True,True
Ph5cJSfD2XN,2023,0.666666666666667,1.2,1.0,4.0,True,True
PhkWyijGi5b,2023,1.0,1.2,1.0,4.0,True,True
Pia70sP2Oi1,2023,0.25,1.2,1.0,7.0,True,True
Pkb5FA5AjqP,2023,0.25,1.2,0.0,16.0,True,True
PsIk0kO3hKd,2023,1.0,1.2,1.0,1.0,True,True
Pv1GPQzRrC8,2023,1.0,1.2,1.0,23.0,True,True
PxohstFQm9q,2023,0.0,1.2,0.0,1.0,True,True
PzBGIu-llo7,2023,1.0,1.2,1.0,0.0,True,True
Pza24zf9FpS,2023,0.0,1.2,1.0,8.0,True,True
Q-WfHzmiG9m,2023,-0.25,1.2,1.0,5.0,True,True
Q-neeWNVv1,2023,0.5999999999999996,1.2,1.0,3.0,True,True
Q3-1vRh3HOA,2023,0.5999999999999996,1.2,1.0,18.0,True,True
QCrw0u9LQ7,2023,1.0,1.2,1.0,4.0,True,True
QDE5hzxVpS,2023,-0.75,1.2,0.0,2.0,True,True
QEfpL9Iy2KD,2023,-0.333333333333333,1.2,0.0,3.0,True,True
QHWXmoYNw-Z,2023,-0.666666666666667,1.2,0.0,2.0,True,True
QIRtAqoXwj,2023,-0.25,1.2,1.0,1.0,True,True
QIpfInYnAu2,2023,-1.0,1.2,0.0,1.0,True,True
QP02DQ-FG-8,2023,-1.0,1.2,0.0,0.0,True,True
QPtMRyk5rb,2023,0.7999999999999998,1.2,1.0,17.0,True,True
QUK1ExlbbA,2023,0.5,1.2,1.0,10.0,True,True
QWQM0ZwZdRS,2023,0.0,1.2,1.0,4.0,True,True
QZfdDpTX1uM,2023,-0.25,1.2,1.0,0.0,True,True
Q_Jexl8-qDi,2023,0.5,1.2,1.0,8.0,True,True
Qamz7Q_Ta1k,2023,0.375,1.2,1.0,1.0,True,True
Qc_OopMEBnC,2023,0.0,1.2,1.0,3.0,True,True
QjQibO3scV_,2023,0.333333333333333,1.2,1.0,2.0,True,True
QrnDe_9ZFd8,2023,-0.25,1.2,1.0,8.0,True,True
QwKvL6wC8Yi,2023,-0.5,1.2,1.0,3.0,True,True
Qx8lUU8CzQ,2023,-0.5,1.2,0.0,35.0,True,True
R0Xxvr_X3ZA,2023,0.0,1.2,1.0,3.0,True,True
R1U5G2spbLd,2023,0.0,1.2,1.0,3.0,True,True
RDy3IbvjMqT,2023,0.5,1.2,1.0,7.0,True,True
RKiWwhocuiU,2023,0.0,1.2,0.0,1.0,True,True
RQY2AXFMRiu,2023,0.5,1.2,1.0,2.0,True,True
RUzSobdYy0V,2023,0.333333333333333,1.2,1.0,2.0,True,True
RZHdb7FnqlY,2023,0.0,1.2,0.0,25.0,True,True
R_OL5mLhsv,2023,0.5,1.2,1.0,1.0,True,True
ReDQ1OUQR0X,2023,-1.0,1.2,1.0,15.0,True,True
RecZ9nB9Q4,2023,0.75,1.2,1.0,11.0,True,True
RgUPdudkWlN,2023,0.4000000000000003,1.2,1.0,15.0,True,True
RiTjKoscnNd,2023,0.0,1.2,1.0,6.0,True,True
Rkxj1GXn9_,2023,-0.75,1.2,0.0,24.0,True,True
Rl4ihTreFnV,2023,0.25,1.2,0.0,8.0,True,True
RrO3xNCqz7J,2023,-0.75,1.2,0.0,5.0,True,True
Rsrd5wK4kEh,2023,-1.0,1.2,0.0,2.0,True,True
Rvee9CAX4fi,2023,-0.666666666666667,1.2,1.0,6.0,True,True
S-h1oFv-mq,2023,0.0,1.2,1.0,1.0,True,True
S0v71vsLBYhM,2023,-1.0,1.2,0.0,0.0,True,True
S3D9NLzjnQ5,2023,-0.25,1.2,1.0,7.0,True,True
S8-A2FXnIh,2023,0.75,1.2,1.0,41.0,True,True
S80I3NwbbpS,2023,0.25,1.2,0.0,0.0,True,True
S9GpoS2TmN,2023,-0.5,1.2,0.0,0.0,True,True
SEcSahl0Ql,2023,-0.5,1.2,1.0,1.0,True,True
SEh5SfEQtqB,2023,0.333333333333333,1.2,1.0,2.0,True,True
SM7XkJouWHm,2023,0.5,1.2,1.0,10.0,True,True
SNwH0dDGl7_,2023,-0.25,1.2,1.0,0.0,True,True
SRIQZTh0IK,2023,0.75,1.2,1.0,0.0,True,True
SUcUqu_X30,2023,0.0,1.2,0.0,0.0,True,True
SWPFPk9Tm81,2023,-0.75,1.2,0.0,1.0,True,True
SZdfz5k7cd1,2023,-0.25,1.2,1.0,0.0,True,True
SZynfVLGd5,2023,-0.25,1.2,1.0,2.0,True,True
SaRj2ka1XZ3,2023,0.25,1.2,1.0,17.0,True,True
SdXv2C2-tnj,2023,-0.666666666666667,1.2,0.0,0.0,True,True
SlzEll3EsKv,2023,-0.5,1.2,0.0,2.0,True,True
SoAnNZ7Z3xw,2023,-0.5,1.2,0.0,2.0,True,True
SoyOsp7i_l,2023,0.0,1.2,1.0,4.0,True,True
T5nUQDrM4u,2023,0.75,1.2,1.0,12.0,True,True
TAVBJ4aHsWt,2023,0.4000000000000003,1.2,1.0,4.0,True,True
TBOFHtBariC,2023,-0.666666666666667,1.2,0.0,8.0,True,True
TDf-XFAwc79,2023,1.0,1.2,1.0,6.0,True,True
TGJSPbRpJX-,2023,1.0,1.2,1.0,20.0,True,True
TJ2nxciYCk-,2023,0.4000000000000003,1.2,1.0,10.0,True,True
TN9gQ4x0Ep3,2023,1.0,1.2,1.0,1.0,True,True
TPiwkItUSu,2023,0.0,1.2,1.0,0.0,True,True
TQ5WUwS_4ai,2023,0.5,1.2,1.0,1.0,True,True
TTLLGx3eet,2023,0.25,1.2,1.0,2.0,True,True
TUBpc5rqGA,2023,1.0,1.2,1.0,1.0,True,True
TUhgwGQBtE,2023,-0.7999999999999998,1.2,0.0,3.0,True,True
TVY6GoURrw,2023,0.5,1.2,1.0,2.0,True,True
TXPN6MtdSE4,2023,0.666666666666667,1.2,1.0,3.0,True,True
TatRHT_1cK,2023,0.25,1.2,1.0,157.0,True,True
TdBaDGCpjly,2023,0.5,1.2,1.0,4.0,True,True
Th98b8dH4yr,2023,-0.75,1.2,0.0,0.0,True,True
ThXqBsRI-cY,2023,1.0,1.2,1.0,1.0,True,True
TrwE8l9aJzs,2023,0.0,1.2,1.0,4.0,True,True
TtxOsdYU92d,2023,-0.666666666666667,1.2,0.0,1.0,True,True
TuHkVOjSAR,2023,0.25,1.2,1.0,0.0,True,True
Tuk3Pqaizx,2023,0.75,1.2,1.0,5.0,True,True
U2WjB9xxZ9q,2023,-0.25,1.2,1.0,0.0,True,True
U5XOGxAgccS,2023,0.75,1.2,1.0,3.0,True,True
U9yFP90jU0,2023,0.5,1.2,1.0,8.0,True,True
UClBPxIZqnY,2023,0.5,1.2,1.0,3.0,True,True
UERcQuXlwy,2023,-0.333333333333333,1.2,0.0,45.0,True,True
UFKW7EVrJAm,2023,0.0,1.2,0.0,0.0,True,True
UG8bQcD3Emv,2023,0.25,1.2,1.0,9.0,True,True
UJTgQBc91_,2023,1.0,1.2,1.0,15.0,True,True
ULnHxczCBaE,2023,0.666666666666667,1.2,1.0,0.0,True,True
ULsuEVQbV-9,2023,0.0,1.2,1.0,3.0,True,True
UP_GHHPw7rP,2023,0.0,1.2,1.0,2.0,True,True
UT-_SVOyD1H,2023,0.75,1.2,1.0,0.0,True,True
UVAmFAtC5ye,2023,0.75,1.2,1.0,17.0,True,True
UYS38ssi1M,2023,-1.0,1.2,0.0,5.0,True,True
UYcIheNY9Pf,2023,0.5,1.2,1.0,0.0,True,True
U_2kuqoTcB,2023,0.4000000000000003,1.2,1.0,4.0,True,True
UaAD-Nu86WX,2023,0.666666666666667,1.2,1.0,70.0,True,True
UrEwJebCxk,2023,0.0,1.2,1.0,3.0,True,True
Ur_qORZ6-9R,2023,-1.0,1.2,0.0,0.0,True,True
UvmDCdSPDOW,2023,0.25,1.2,1.0,1.0,True,True
Uzgfy7_v7BH,2023,-0.666666666666667,1.2,0.0,1.0,True,True
V7CYzdruWdm,2023,0.666666666666667,1.2,1.0,2.0,True,True
VB75Pi89p7,2023,-0.5,1.2,0.0,114.0,True,True
VBB4fh45HF,2023,-0.25,1.2,0.0,3.0,True,True
VE1s3e5xriA,2023,0.0,1.2,1.0,3.0,True,True
VGI9dSmTgPF,2023,0.5,1.2,1.0,1.0,True,True
VIwEYmMID9R,2023,-0.75,1.2,0.0,0.0,True,True
VLnODGVVAsL,2023,-0.333333333333333,1.2,0.0,1.0,True,True
VWqiPBB_EM,2023,0.0,1.2,1.0,1.0,True,True
VZ5EaTI6dqa,2023,0.5,1.2,1.0,0.0,True,True
V_06QV-kZX,2023,0.25,1.2,1.0,0.0,True,True
Vk-34OQ7rFo,2023,1.0,1.2,1.0,1.0,True,True
Vo1MVffQED,2023,-0.5,1.2,0.0,0.0,True,True
VzwfoFyYDga,2023,-0.25,1.2,1.0,5.0,True,True
W-nZDQyuy8D,2023,0.5,1.2,1.0,5.0,True,True
W0VPud1QV69,2023,-1.0,1.2,0.0,0.0,True,True
W6cTWszOQSo,2023,-0.5,1.2,0.0,4.0,True,True
W918Ora75q,2023,0.5,1.2,1.0,2.0,True,True
WBXbRs63oVu,2023,0.25,1.2,1.0,21.0,True,True
WDX-0gwK7C,2023,0.2000000000000001,1.2,0.0,0.0,True,True
WFBksaezAs,2023,0.4000000000000003,1.2,0.0,16.0,True,True
WFewvIEb0aT,2023,-0.2000000000000001,1.2,0.0,2.0,True,True
WGApODQvwRg,2023,1.0,1.2,1.0,0.0,True,True
WVRb98rwbv9,2023,0.333333333333333,1.2,1.0,0.0,True,True
WZH7099tgfM,2023,1.0,1.2,1.0,318.0,True,True
WcTLZrpzfe,2023,-0.5,1.2,0.0,4.0,True,True
WdN2gD6EsXm,2023,-0.666666666666667,1.2,0.0,0.0,True,True
WmIwYTd0YTF,2023,0.333333333333333,1.2,1.0,5.0,True,True
WpGqKAEwMn,2023,0.0,1.2,0.0,0.0,True,True
WsUMeHPo-2,2023,0.666666666666667,1.2,1.0,6.0,True,True
WtW_s7EDWPe,2023,-0.25,1.2,0.0,3.0,True,True
WumysvcMvV6,2023,0.0,1.2,1.0,1.0,True,True
X5SUR7g2vVw,2023,0.25,1.2,1.0,7.0,True,True
X5ZMzRYqUjB,2023,0.75,1.2,1.0,0.0,True,True
X8-VWbONvr,2023,-0.5999999999999996,1.2,0.0,30.0,True,True
X9yCkmT5Qrl,2023,-0.4000000000000003,1.2,1.0,4.0,True,True
XCTVFJwS9LJ,2023,0.5,1.2,1.0,14.0,True,True
XDJwuEYHhme,2023,0.5999999999999996,1.2,1.0,21.0,True,True
XFSCKELP3bp,2023,1.0,1.2,1.0,3.0,True,True
XGHRFuJ_ue-,2023,-1.0,1.2,0.0,0.0,True,True
XHc5zRPxqV9,2023,0.25,1.2,1.0,18.0,True,True
XIzO8zr-WbM,2023,-0.25,1.2,1.0,7.0,True,True
XSEBx0iSjFQ,2023,-0.25,1.2,1.0,44.0,True,True
XSRSWxyJIC,2023,0.25,1.2,1.0,17.0,True,True
XUxad2Gj40n,2023,0.25,1.2,1.0,24.0,True,True
XVjTT1nw5z,2023,0.666666666666667,1.2,1.0,75.0,True,True
XWkWK2UagFR,2023,-0.2000000000000001,1.2,1.0,1.0,True,True
XXTyv1zD9zD,2023,0.666666666666667,1.2,1.0,3.0,True,True
XYDSqLaHFVq,2023,0.0,1.2,0.0,1.0,True,True
XfQlcpWESqV,2023,-0.666666666666667,1.2,0.0,5.0,True,True
Xj9V-stmIcO,2023,-0.333333333333333,1.2,0.0,0.0,True,True
Xo2E217_M4n,2023,0.25,1.2,1.0,17.0,True,True
XomEU3eNeSQ,2023,0.5,1.2,1.0,18.0,True,True
XqcQhVUr2h0,2023,0.5,1.2,1.0,0.0,True,True
XrMWUuEevr,2023,1.0,1.2,1.0,12.0,True,True
YAxV_Krcdjm,2023,-1.0,1.2,0.0,7.0,True,True
YCMKCwN4PQw,2023,0.333333333333333,1.2,0.0,3.0,True,True
YJ7o2wetJ2,2023,1.0,1.2,1.0,35.0,True,True
YPChvOgRXRA,2023,0.666666666666667,1.2,1.0,0.0,True,True
YV8tP7bW6Kt,2023,0.0,1.2,1.0,5.0,True,True
YWVkyLV53X,2023,-0.75,1.2,0.0,0.0,True,True
YdFkY-QHkPl,2023,-0.333333333333333,1.2,0.0,0.0,True,True
YfwMIDhPccD,2023,0.2000000000000001,1.2,1.0,33.0,True,True
Yg7ExbCxzt6,2023,-0.5,1.2,0.0,7.0,True,True
Yo06F8kfMa1,2023,0.5,1.2,1.0,3.0,True,True
YrmoVzxBLSa,2023,-0.75,1.2,0.0,4.0,True,True
YsdscENWse9,2023,-0.333333333333333,1.2,0.0,1.0,True,True
Yt-yM-JbYFO,2023,0.333333333333333,1.2,1.0,0.0,True,True
YtntjusJV6,2023,-0.333333333333333,1.2,1.0,2.0,True,True
Z4QNXXyLhGN,2023,0.0,1.2,0.0,0.0,True,True
Z4lOwCEJQ8Z,2023,-1.0,1.2,0.0,0.0,True,True
Z63RvyAZ2Vh,2023,0.666666666666667,1.2,1.0,28.0,True,True
ZADNbI_3sbS,2023,-0.25,1.2,0.0,0.0,True,True
ZAgV_f00Mm,2023,-0.5,1.2,0.0,2.0,True,True
ZBMpG7fWwOP,2023,-0.5,1.2,0.0,0.0,True,True
ZKDUlVMqG_O,2023,0.25,1.2,1.0,8.0,True,True
ZMz-sW6gCLF,2023,1.166666666666667,1.2,1.0,1.0,True,True
ZPHE4fht19t,2023,1.0,1.2,1.0,0.0,True,True
ZS8L3Fbv-L,2023,-0.5,1.2,0.0,3.0,True,True
ZUXy6d49JNJ,2023,0.0,1.2,0.0,0.0,True,True
ZW5aK4yCRqU,2023,-0.75,1.2,1.0,5.0,True,True
ZZCJv2biATn,2023,-1.0,1.2,0.0,1.0,True,True
Z_tmYu060Kr,2023,0.5,1.2,1.0,2.0,True,True
Zb6c8A-Fghk,2023,0.5,1.2,1.0,31.0,True,True
ZbzcLy5I4rz,2023,-1.0,1.2,0.0,2.0,True,True
ZccFLU-Yk65,2023,0.25,1.2,1.0,12.0,True,True
Zeb5mTuqT5,2023,0.25,1.2,1.0,4.0,True,True
ZhuXksSJYWn,2023,0.25,1.2,1.0,24.0,True,True
Zo9MZCOn0u,2023,-0.4000000000000003,1.2,0.0,0.0,True,True
Zob4P9bRNcK,2023,0.666666666666667,1.2,1.0,14.0,True,True
ZrEbzL9eQ3W,2023,-0.25,1.2,1.0,3.0,True,True
Zuc_MHtUma4,2023,0.25,1.2,1.0,0.0,True,True
ZzdBhtEH9yB,2023,1.0,1.2,1.0,1.0,True,True
_-FN9mJsgg,2023,-0.75,1.2,1.0,4.0,True,True
_01dDd3f78,2023,0.25,1.2,1.0,5.0,True,True
_4n3k3d1ob,2023,-0.2000000000000001,1.2,1.0,6.0,True,True
_9k5kTgyHT,2023,0.666666666666667,1.2,1.0,0.0,True,True
_BoPed4tYww,2023,0.25,1.2,1.0,2.0,True,True
_DYi95e8CAe,2023,-0.75,1.2,0.0,0.0,True,True
_V-nKeWvs7p,2023,-0.2000000000000001,1.2,0.0,161.0,True,True
_X12NmQKvX,2023,0.0,1.2,1.0,11.0,True,True
_d2f3hRn0hT,2023,-0.5,1.2,0.0,1.0,True,True
_eTZBs-yedr,2023,0.5,1.2,1.0,1.0,True,True
_g-D1zNps_,2023,-0.75,1.2,0.0,5.0,True,True
_hHYaKu0jcj,2023,0.75,1.2,1.0,3.0,True,True
_i0-12XqVJZ,2023,-1.0,1.2,1.0,6.0,True,True
_nGgzQjzaRy,2023,0.5,1.2,1.0,94.0,True,True
_p6enPE4Xa,2023,-0.5,1.2,0.0,1.0,True,True
_qVhsWyWB9,2023,-0.333333333333333,1.2,1.0,3.0,True,True
_xlsjehDvlY,2023,0.25,1.2,1.0,2.0,True,True
a2jNdqE2102,2023,0.5,1.2,1.0,2.0,True,True
a3-QYAgcDBl,2023,-0.333333333333333,1.2,0.0,7.0,True,True
a3OY2j9kJc-,2023,-0.75,1.2,0.0,1.0,True,True
a4COps0uokg,2023,0.75,1.2,1.0,3.0,True,True
a65YK0cqH8g,2023,-0.25,1.2,1.0,5.0,True,True
a6rCdfABJXg,2023,0.0,1.2,1.0,0.0,True,True
a70lGJ-rwy,2023,-0.333333333333333,1.2,1.0,5.0,True,True
aBH_DydEvoH,2023,0.333333333333333,1.2,1.0,9.0,True,True
aBWnqqsuot7,2023,-0.333333333333333,1.2,1.0,1.0,True,True
aCQt_BrkSjC,2023,0.5,1.2,1.0,2.0,True,True
aCuFa-RRqtI,2023,0.75,1.2,1.0,0.0,True,True
aEFaE0W5pAd,2023,0.5,1.2,1.0,24.0,True,True
adN-ccNeW4d,2023,-0.666666666666667,1.2,0.0,2.0,True,True
aibmXGQJPs0,2023,-0.25,1.2,0.0,1.0,True,True
ashPce_W8F-,2023,0.0,1.2,1.0,6.0,True,True
ashgrQnYsm,2023,0.4000000000000003,1.2,0.0,0.0,True,True
azCKuYyS74,2023,-0.25,1.2,1.0,16.0,True,True
b0JxQC7JLWh,2023,0.5,1.2,1.0,3.0,True,True
b0RuGUYo8pA,2023,1.0,1.2,1.0,18.0,True,True
b0UksKFcTOL,2023,0.0,1.2,1.0,1.0,True,True
b39dQt_uffW,2023,0.25,1.2,1.0,3.0,True,True
b3itJyarLM0,2023,0.333333333333333,1.2,1.0,0.0,True,True
b9tUk-f_aG,2023,0.25,1.2,1.0,31.0,True,True
bAMTaeqluh4,2023,-0.25,1.2,1.0,1.0,True,True
bAz2DBS35i,2023,0.5,1.2,1.0,1.0,True,True
bBpT6dEjeRG,2023,0.666666666666667,1.2,1.0,3.0,True,True
bG0TaFFa1c9,2023,-1.0,1.2,0.0,1.0,True,True
bHW9njOSON,2023,1.0,1.2,1.0,0.0,True,True
bPiHuNUNv_R,2023,-0.75,1.2,1.0,2.0,True,True
bQB6qozaBw,2023,0.0,1.2,1.0,1.0,True,True
bRwBpKrNzF7,2023,0.25,1.2,1.0,2.0,True,True
bSuY3hSRJPP,2023,-0.666666666666667,1.2,0.0,0.0,True,True
bTy4D3KHwWU,2023,0.333333333333333,1.2,0.0,2.0,True,True
bXNl-myZkJl,2023,1.0,1.2,1.0,87.0,True,True
bZjxxYURKT,2023,-0.333333333333333,1.2,1.0,12.0,True,True
b_CQDy9vrD1,2023,0.666666666666667,1.2,1.0,21.0,True,True
bcYZwYo-0t,2023,-0.25,1.2,1.0,1.0,True,True
bhUPJnS2g0X,2023,1.0,1.2,1.0,74.0,True,True
bjPPypbLre,2023,0.333333333333333,1.2,1.0,5.0,True,True
bn0GZZdDfI1,2023,1.0,1.2,1.0,0.0,True,True
boNyg20-JDm,2023,-0.75,1.2,1.0,10.0,True,True
bz3MAU-RhnW,2023,-0.5999999999999996,1.2,0.0,2.0,True,True
bzaPGEllsjE,2023,0.666666666666667,1.2,1.0,0.0,True,True
c5tbxWXU9-y,2023,0.25,1.2,1.0,4.0,True,True
c7rM7F7jQjN,2023,0.75,1.2,1.0,6.0,True,True
cA77NrVEuqn,2023,0.333333333333333,1.2,1.0,3.0,True,True
cB4N3G5udUS,2023,0.333333333333333,1.2,1.0,1.0,True,True
cCFqcrq0d8,2023,-1.0,1.2,1.0,6.0,True,True
cEygmQNOeI,2023,0.75,1.2,1.0,45.0,True,True
cHf1DcCwcH3,2023,0.5,1.2,1.0,4.0,True,True
cIbjyd2Vcy,2023,0.0,1.2,1.0,1.0,True,True
cP2QVK-uygd,2023,0.333333333333333,1.2,1.0,9.0,True,True
cRxYWKiTan,2023,-0.333333333333333,1.2,1.0,13.0,True,True
cS45VNtZLW,2023,-1.0,1.2,0.0,0.0,True,True
cVFD6qE8gnY,2023,0.5,1.2,1.0,4.0,True,True
cXMHQD-xQas,2023,0.666666666666667,1.2,1.0,4.0,True,True
cYZupNY8DS4,2023,-1.0,1.2,0.0,1.0,True,True
cbpRzMy-UZH,2023,0.75,1.2,1.0,0.0,True,True
cddbeL1HWaD,2023,0.25,1.2,1.0,0.0,True,True
cgUFZvSEXG,2023,-0.75,1.2,0.0,,True,False
chDrutUTs0K,2023,0.333333333333333,1.2,1.0,5.0,True,True
cnsHSSLnHVV,2023,-0.25,1.2,0.0,35.0,True,True
cp5PvcI6w8_,2023,1.0,1.2,1.0,95.0,True,True
ctmLBs8lITa,2023,0.5,1.2,1.0,2.0,True,True
cxCEOSF99f,2023,0.25,1.2,1.0,1.0,True,True
cxul04S-aG,2023,0.25,1.2,0.0,0.0,True,True
cxvEGLCHpgl,2023,0.5,1.2,1.0,0.0,True,True
cyg2YXn_BqF,2023,0.25,1.2,1.0,2.0,True,True
d5LLy8_6_YV,2023,-1.0,1.2,0.0,0.0,True,True
d77RVuVg-Mf,2023,-0.75,1.2,0.0,58.0,True,True
d7Q0vVfJ0wO,2023,1.0,1.2,1.0,0.0,True,True
d8mr8lKIZ3n,2023,0.0,1.2,1.0,2.0,True,True
dBk3hsg-n6,2023,0.5,1.2,1.0,2.0,True,True
dCSFiAl_VO3,2023,0.0,1.2,1.0,3.0,True,True
dF0g-5k05h_,2023,-1.0,1.2,0.0,26.0,True,True
dGdoZds9qAs,2023,-0.75,1.2,0.0,12.0,True,True
dL35lx-mTEs,2023,0.5,1.2,1.0,1.0,True,True
dMMPUvNSYJr,2023,-0.25,1.2,1.0,1.0,True,True
dNqxZgyjcYA,2023,1.0,1.2,1.0,0.0,True,True
dPs6BGO2QT0,2023,0.5,1.2,1.0,1.0,True,True
dRjWsd3gwsm,2023,0.333333333333333,1.2,1.0,3.0,True,True
dZrQR7OR11,2023,0.0,1.2,1.0,1.0,True,True
dcN0CaXQhT,2023,0.0,1.2,1.0,2.0,True,True
ddad0PNUvV,2023,0.25,1.2,1.0,1.0,True,True
de-_FHXQ4--,2023,-0.75,1.2,0.0,16.0,True,True
dhYUMMy0_Eg,2023,-0.25,1.2,1.0,1.0,True,True
dlQIh4mUtQ8,2023,-1.0,1.2,0.0,0.0,True,True
dnjZSPGmY5O,2023,0.4000000000000003,1.2,1.0,11.0,True,True
dpuAkczrTOt,2023,0.25,1.2,0.0,0.0,True,True
dqnNW2omZL6,2023,0.333333333333333,1.2,1.0,16.0,True,True
dyifcA9UuRo,2023,-0.2000000000000001,1.2,0.0,8.0,True,True
e-M4E3Jmnkq,2023,-0.666666666666667,1.2,0.0,0.0,True,True
eAR9bgWrUsa,2023,-0.75,1.2,0.0,2.0,True,True
eGm22rqG93,2023,0.0,1.2,1.0,7.0,True,True
eHkWu_OXBGt,2023,-1.0,1.2,0.0,8.0,True,True
eHrqmewX1B-,2023,-0.75,1.2,0.0,6.0,True,True
eKllxpLOOm,2023,0.666666666666667,1.2,1.0,2.0,True,True
eR2dG8yjnQ,2023,0.666666666666667,1.2,1.0,3.0,True,True
eSQh8rG8Oa,2023,0.666666666666667,1.2,1.0,3.0,True,True
eWtMdr6yCmL,2023,0.25,1.2,1.0,0.0,True,True
eXkhH12DTD9,2023,-0.25,1.2,1.0,0.0,True,True
eZr_xEPesc7,2023,0.0,1.2,0.0,6.0,True,True
eb_cpjZZ3GH,2023,0.5,1.2,1.0,5.0,True,True
eiuj6cNv4iI,2023,0.25,1.2,0.0,6.0,True,True
elDEe8LYW7-,2023,0.5,1.2,1.0,8.0,True,True
em4xg1Gvxa,2023,-0.75,1.2,0.0,6.0,True,True
eoqfMQJogx0,2023,-0.666666666666667,1.2,0.0,0.0,True,True
erHaiO9gz3m,2023,-0.333333333333333,1.2,0.0,6.0,True,True
esFxSb_0pSL,2023,0.0,1.2,1.0,10.0,True,True
ezgCdnzApo,2023,-0.666666666666667,1.2,0.0,0.0,True,True
f0a_dWEYg-Td,2023,0.666666666666667,1.2,1.0,4.0,True,True
f25VGPzATcn,2023,-1.0,1.2,0.0,6.0,True,True
f3dqV4KLZV1,2023,0.0,1.2,0.0,0.0,True,True
fB4V-2QvCEm,2023,0.25,1.2,1.0,0.0,True,True
fBoNN1Y6PjG,2023,-0.25,1.2,0.0,5.0,True,True
fGm87trHel_,2023,-0.25,1.2,0.0,0.0,True,True
fR3wGCk-IXp,2023,0.333333333333333,1.2,1.0,52.0,True,True
fSa5IjNMmmi,2023,0.0,1.2,1.0,0.0,True,True
fUX3bszZSOw,2023,-1.0,1.2,0.0,4.0,True,True
fVm3nZMZs9,2023,0.666666666666667,1.2,1.0,1.0,True,True
fWWFv--P0xP,2023,0.75,1.2,1.0,10.0,True,True
fYzLpCsGZVf,2023,1.0,1.2,1.0,0.0,True,True
fadoo8Xs6pH,2023,-0.333333333333333,1.2,0.0,1.0,True,True
fe2S7736sNS,2023,0.5,1.2,1.0,12.0,True,True
fjh7UGQgOB,2023,0.666666666666667,1.2,1.0,2.0,True,True
flap0Bo6TK_,2023,-0.25,1.2,1.0,1.0,True,True
frE4fUwz_h,2023,0.75,1.2,1.0,103.0,True,True
fxC7kJYwA_a,2023,0.0,1.2,1.0,4.0,True,True
fyD8adDrXo,2023,-0.666666666666667,1.2,0.0,26.0,True,True
fzberKYWKsI,2023,-0.333333333333333,1.2,1.0,15.0,True,True
g-qWfKQlL3,2023,-0.666666666666667,1.2,0.0,1.0,True,True
g1GnnCI1OrC,2023,-0.25,1.2,1.0,3.0,True,True
g4OTKRKfS7R,2023,0.75,1.2,1.0,13.0,True,True
g7U9jD_2CUr,2023,0.666666666666667,1.2,1.0,35.0,True,True
gHi_bIxFdDZ,2023,-0.5,1.2,0.0,1.0,True,True
gJW8hSGBys8,2023,0.75,1.2,1.0,39.0,True,True
gLPkzWjdhBN,2023,1.0,1.2,1.0,3.0,True,True
gLl0fZQo6Vu,2023,-0.4000000000000003,1.2,0.0,0.0,True,True
gMOhS9EvJDX,2023,0.0,1.2,0.0,7.0,True,True
gNI4_85Cyve,2023,-0.25,1.2,1.0,1.0,True,True
gOZ_pKANaPW,2023,-0.5,1.2,1.0,8.0,True,True
gPWtHmCaBiY,2023,-0.25,1.2,0.0,1.0,True,True
gU5sJ6ZggcX,2023,0.666666666666667,1.2,1.0,11.0,True,True
gUL6zYN4Uaf,2023,-0.5,1.2,0.0,30.0,True,True
gUZWOE42l6Q,2023,-0.2000000000000001,1.2,1.0,11.0,True,True
gVOXZproe-e,2023,0.2000000000000001,1.2,1.0,3.0,True,True
gaIMkuIFwCG,2023,-1.0,1.2,0.0,7.0,True,True
gcD2UtCGMc2,2023,0.5,1.2,1.0,0.0,True,True
gfWNItGOES6,2023,0.333333333333333,1.2,1.0,4.0,True,True
gm0VZ-h-hPy,2023,0.666666666666667,1.2,1.0,0.0,True,True
gmL46YMpu2J,2023,0.75,1.2,1.0,46.0,True,True
gmSZ-GPNY6,2023,-0.25,1.2,1.0,2.0,True,True
gmwDKo-4cY,2023,0.75,1.2,1.0,7.0,True,True
goLFJ0ZNwl,2023,-0.25,1.2,0.0,1.0,True,True
gu-SC0dpkvw,2023,1.0,1.2,1.0,0.0,True,True
guSxooOK9E,2023,-0.25,1.2,0.0,1.0,True,True
gvOSQjGTtxj,2023,-1.0,1.2,0.0,0.0,True,True
gwPea8qxdzz,2023,-1.0,1.2,0.0,2.0,True,True
gwTP_sA-aj-,2023,-0.5,1.2,0.0,1.0,True,True
gx2yJS-ENqI,2023,0.5,1.2,1.0,13.0,True,True
h1o7Ry9Zctm,2023,0.0,1.2,1.0,2.0,True,True
h3vfP9ASoXEK,2023,-0.25,1.2,0.0,0.0,True,True
h5z_RaWLdG1,2023,-0.333333333333333,1.2,0.0,0.0,True,True
h8T5dZWTZ-Z,2023,0.25,1.2,1.0,6.0,True,True
h9O0wsmL-cT,2023,1.0,1.2,1.0,0.0,True,True
hDDV1lsRV8,2023,-0.4000000000000003,1.2,1.0,0.0,True,True
hFCUPkSSRE,2023,-1.0,1.2,0.0,64.0,True,True
hH36JeQZDaO,2023,0.25,1.2,1.0,30.0,True,True
hJqGbUpDGV,2023,0.75,1.2,1.0,0.0,True,True
hLbeJ6jObDD,2023,1.0,1.2,1.0,0.0,True,True
hNyJBk3CwR,2023,1.0,1.2,1.0,0.0,True,True
hQ4K9Bf4G2B,2023,0.666666666666667,1.2,1.0,3.0,True,True
hQwb-lbM6EL,2023,1.0,1.2,1.0,139.0,True,True
hRfJzvTYvD-,2023,-0.666666666666667,1.2,0.0,0.0,True,True
hVrXUps3LFA,2023,0.5999999999999996,1.2,1.0,15.0,True,True
hY6M0JHl3uL,2023,0.75,1.2,1.0,7.0,True,True
hZRxiAZFJC,2023,-1.0,1.2,0.0,3.0,True,True
hdghx6wbGuD,2023,0.333333333333333,1.2,1.0,10.0,True,True
hfUJ4ShyDEU,2023,-0.5,1.2,1.0,4.0,True,True
hfaNXjEQB47,2023,-0.25,1.2,0.0,0.0,True,True
hmpjFiUly1,2023,0.5999999999999996,1.2,0.0,3.0,True,True
hp_RwhKDJ5,2023,0.4000000000000003,1.2,1.0,17.0,True,True
htL4UZ344nF,2023,0.0,1.2,1.0,2.0,True,True
hxUwnEGxW87,2023,0.0,1.2,1.0,1.0,True,True
hzjQWjPC04A,2023,-0.5,1.2,0.0,65.0,True,True
i-DleYh34BM,2023,0.25,1.2,1.0,7.0,True,True
i2_TvOFmEml,2023,0.5,1.2,1.0,15.0,True,True
i2e2wqt0nAI,2023,-0.666666666666667,1.2,0.0,7.0,True,True
i8AnfJYMvz,2023,-1.0,1.2,0.0,0.0,True,True
i8L9qoeZOS,2023,0.666666666666667,1.2,1.0,1.0,True,True
i9ogGQHYbkY,2023,1.0,1.2,1.0,0.0,True,True
iBdwKIsg4m,2023,0.333333333333333,1.2,1.0,2.0,True,True
iI8zWfCyCIQ,2023,-0.75,1.2,0.0,0.0,True,True
iLMgk2IGNyv,2023,0.25,1.2,1.0,4.0,True,True
iN3Lh-Vy2TH,2023,0.0,1.2,1.0,2.0,True,True
iNUtsk4h2q1,2023,-0.25,1.2,0.0,0.0,True,True
iPWiwWHc1V,2023,1.0,1.2,1.0,9.0,True,True
iUYpN14qjTF,2023,0.0,1.2,1.0,6.0,True,True
iYvbPx8GTta,2023,-0.666666666666667,1.2,0.0,0.0,True,True
i_1rbq8yFWC,2023,1.0,1.2,1.0,3.0,True,True
icmTV7mhxuQ,2023,-0.75,1.2,0.0,2.0,True,True
ik91mY-2GN,2023,1.0,1.2,1.0,1.0,True,True
inU2quhGdNU,2023,0.25,1.2,1.0,3.0,True,True
ipRGZ91NvG4,2023,0.0,1.2,0.0,4.0,True,True
ipflrGaf7ry,2023,0.0,1.2,1.0,3.0,True,True
isiQ5KIXbjj,2023,0.666666666666667,1.2,1.0,4.0,True,True
itZ6ggvMnzS,2023,0.75,1.2,1.0,0.0,True,True
ivwZO-HnzG_,2023,0.25,1.2,1.0,11.0,True,True
j1zQGmQQOX1,2023,-0.25,1.2,1.0,3.0,True,True
j3AyKG-H3uM,2023,-0.666666666666667,1.2,0.0,1.0,True,True
j8IiQUM33s,2023,0.5,1.2,1.0,6.0,True,True
jBEXnEMdNOL,2023,0.666666666666667,1.2,1.0,2.0,True,True
jCdoLxMZxf,2023,-0.75,1.2,0.0,4.0,True,True
jClGv3Qjhb,2023,0.0,1.2,1.0,1.0,True,True
jCpTofV7iY_,2023,-0.333333333333333,1.2,0.0,3.0,True,True
jIu4hk04776,2023,0.0,1.2,0.0,0.0,True,True
jNt9ql72mBg,2023,-1.0,1.2,0.0,1.0,True,True
jPVAFXHlbL,2023,-1.0,1.2,1.0,0.0,True,True
jQj-_rLVXsj,2023,0.75,1.2,1.0,94.0,True,True
jREF4bkfi_S,2023,0.75,1.2,1.0,0.0,True,True
jT1HcWv6PgO,2023,-0.5,1.2,0.0,2.0,True,True
jXQ0ipgMdU,2023,0.5,1.2,1.0,1.0,True,True
jZdJd1dGF2A,2023,-0.5,1.2,0.0,2.0,True,True
ja4Lpp5mqc2,2023,0.0,1.2,1.0,5.0,True,True
jbIYfq4Tr-,2023,0.0,1.2,1.0,9.0,True,True
jgmuRzM-sb6,2023,0.5,1.2,1.0,4.0,True,True
jh1nCir1R3d,2023,0.0,1.2,1.0,3.0,True,True
jsZsEd8VEY,2023,0.666666666666667,1.2,1.0,1.0,True,True
ju_Uqw384Oq,2023,0.666666666666667,1.2,1.0,421.0,True,True
jwdqNwyREyh,2023,0.0,1.2,1.0,5.0,True,True
k1FHgri5y3-,2023,0.5,1.2,1.0,8.0,True,True
k3VANp85b4S,2023,-0.5,1.2,0.0,3.0,True,True
k4fevFqSQcX,2023,0.75,1.2,1.0,3.0,True,True
k5PEHHY4spM,2023,-1.0,1.2,1.0,2.0,True,True
k7p_YAO7yE,2023,0.666666666666667,1.2,1.0,69.0,True,True
k8_yVW3Wqln,2023,0.666666666666667,1.2,1.0,2.0,True,True
k9CF4h3muD,2023,-0.25,1.2,1.0,2.0,True,True
kDSmxOspsXQ,2023,0.5999999999999996,1.2,1.0,3.0,True,True
kJWcI39kXY,2023,0.5,1.2,1.0,4.0,True,True
kJqXEPXMsE0,2023,-0.666666666666667,1.2,1.0,78.0,True,True
kKF8_K-mBbS,2023,0.5,1.2,1.0,325.0,True,True
kN4IkQvvrBD,2023,0.0,1.2,0.0,0.0,True,True
kPPVmUF6bM_,2023,1.0,1.2,1.0,2.0,True,True
kXiS0PpoSP6,2023,-0.333333333333333,1.2,0.0,1.0,True,True
kXwdL1cWOAi,2023,-1.0,1.2,1.0,6.0,True,True
kcemndN1Tw,2023,-0.75,1.2,0.0,0.0,True,True
khF4d1SRrGH,2023,-0.5,1.2,0.0,0.0,True,True
kj6oK_Hj40,2023,0.7999999999999998,1.2,1.0,4.0,True,True
kjPLodRa0n,2023,-0.25,1.2,0.0,6.0,True,True
kjkdzBW3b8p,2023,0.0,1.2,1.0,2.0,True,True
kkpL4zUXtiw,2023,0.0,1.2,1.0,2.0,True,True
klK17OQ3KB,2023,0.75,1.2,1.0,11.0,True,True
kqHkCVS7wbj,2023,0.333333333333333,1.2,1.0,3.0,True,True
ktrw68Cmu9c,2023,0.75,1.2,1.0,64.0,True,True
l02pjIT6JWy,2023,-0.25,1.2,0.0,3.0,True,True
l1tSyx67_J,2023,-1.0,1.2,0.0,0.0,True,True
l5XHUBGrBkD,2023,-0.666666666666667,1.2,0.0,5.0,True,True
lCzuxqRbThP,2023,0.25,1.2,0.0,0.0,True,True
lGz9u1ubUXE,2023,0.666666666666667,1.2,1.0,0.0,True,True
lIu-ixf-Tzf,2023,0.75,1.2,1.0,2.0,True,True
lJX9okHBVMb,2023,-0.666666666666667,1.2,0.0,1.0,True,True
lLp-C5nTdJG,2023,0.666666666666667,1.2,1.0,2.0,True,True
lMO7TC7cuuh,2023,-0.25,1.2,1.0,4.0,True,True
lQVpasnQS62,2023,-0.25,1.2,1.0,5.0,True,True
lRdhvzMpVYV,2023,0.5,1.2,1.0,1.0,True,True
lTb1kzFA84J,2023,-1.0,1.2,0.0,1.0,True,True
lUpjsrKItz4,2023,-0.25,1.2,1.0,3.0,True,True
lYZZl2hp1gp,2023,-0.5,1.2,0.0,0.0,True,True
lcSfirnflpW,2023,0.4000000000000003,1.2,1.0,3.0,True,True
lgIPsrxrU7,2023,-0.25,1.2,0.0,0.0,True,True
li4GQCQWkv,2023,0.0,1.2,1.0,1.0,True,True
li7qeBbCR1t,2023,-0.5,1.2,1.0,21.0,True,True
lid14UkLPd4,2023,0.333333333333333,1.2,1.0,0.0,True,True
lj1Eb1OPeNw,2023,0.333333333333333,1.2,1.0,6.0,True,True
loIfC8WHevK,2023,0.25,1.2,1.0,2.0,True,True
lrzX-rNuRvw,2023,-0.75,1.2,0.0,8.0,True,True
ltWade-cpK,2023,0.25,1.2,1.0,0.0,True,True
lu6qxw6-QEV,2023,0.0,1.2,0.0,8.0,True,True
luEG3j9LW5-,2023,-0.666666666666667,1.2,0.0,1.0,True,True
luajgSjRlew,2023,-0.75,1.2,0.0,3.0,True,True
m3QhpKNXU6-,2023,-1.0,1.2,0.0,4.0,True,True
m3twGT2bAug,2023,0.25,1.2,1.0,6.0,True,True
m6ahb1mpwwX,2023,-0.75,1.2,1.0,0.0,True,True
m7rFrsO0YWb,2023,-0.25,1.2,0.0,4.0,True,True
m9LCdYgN8-6,2023,0.0,1.2,1.0,0.0,True,True
mAWJpM7S21-,2023,-1.0,1.2,0.0,3.0,True,True
mE91GkXYipg,2023,0.0,1.2,1.0,9.0,True,True
mFDU0fP3EQH,2023,0.5,1.2,1.0,1.0,True,True
mKILD5MLR2C,2023,0.0,1.2,0.0,0.0,True,True
mMaInr0r0c,2023,0.333333333333333,1.2,1.0,2.0,True,True
mPxsHDgsimT,2023,-0.5,1.2,0.0,0.0,True,True
mPzpPv0geS2,2023,-0.333333333333333,1.2,0.0,63.0,True,True
mQpmZVzXK1h,2023,-0.25,1.2,1.0,1.0,True,True
mTOB_VK_BWk,2023,-1.0,1.2,0.0,2.0,True,True
mWRngkvIki3,2023,1.0,1.2,1.0,7.0,True,True
mX56bKDybu5,2023,0.0,1.2,1.0,0.0,True,True
m_GDIItaI3o,2023,0.75,1.2,1.0,15.0,True,True
mbxz9Cjehr,2023,-0.333333333333333,1.2,1.0,2.0,True,True
mcJvCys7DX7,2023,-0.75,1.2,0.0,0.0,True,True
me09xlTmm8,2023,0.0,1.2,0.0,2.0,True,True
mfIX4QpsARJ,2023,-0.25,1.2,1.0,5.0,True,True
mjHlitXvReu,2023,-1.0,1.2,1.0,36.0,True,True
mjzm6btqgV,2023,1.0,1.2,1.0,2.0,True,True
mkJm5Uy4HrQ,2023,-0.75,1.2,1.0,1.0,True,True
mnVf1W6ipGm,2023,0.75,1.2,1.0,0.0,True,True
mumZwT6OrEV,2023,-0.75,1.2,0.0,1.0,True,True
n-hKHMzBgy,2023,0.5,1.2,1.0,0.0,True,True
n0Pb9T5kmb,2023,-0.333333333333333,1.2,1.0,2.0,True,True
n6H86gW8u0d,2023,0.333333333333333,1.2,1.0,3.0,True,True
nAgdXgfmqj,2023,-0.25,1.2,1.0,0.0,True,True
nG08xiRT2As,2023,-0.333333333333333,1.2,0.0,4.0,True,True
nI2HmVA0hvt,2023,0.75,1.2,1.0,6.0,True,True
nIGza1_wxk,2023,-0.25,1.2,0.0,3.0,True,True
nIMifqu2EO,2023,1.0,1.2,1.0,6.0,True,True
nJ3Vx78Nf7p,2023,0.0,1.2,1.0,3.0,True,True
nJfylDvgzlq,2023,0.25,1.2,1.0,312.0,True,True
nMAbvsQo5YY,2023,-0.333333333333333,1.2,0.0,1.0,True,True
nUmCcZ5RKF,2023,0.5,1.2,1.0,56.0,True,True
nUsP9lFADUF,2023,0.25,1.2,1.0,10.0,True,True
nXOhmfFu5n,2023,-0.25,1.2,1.0,2.0,True,True
nYOlSqq9nv2,2023,-1.0,1.2,0.0,0.0,True,True
nYWqxUwFc3x,2023,1.0,1.2,1.0,3.0,True,True
nYqCVDAXAPE,2023,-0.333333333333333,1.2,0.0,1.0,True,True
naAzVF_v0yA,2023,-1.0,1.2,0.0,0.0,True,True
nchvKfvNeX0,2023,0.5,1.2,1.0,2.0,True,True
ndYXTEL6cZz,2023,0.0,1.2,1.0,23.0,True,True
ndYrOsNw_B2,2023,-0.75,1.2,0.0,1.0,True,True
o2Udz4LZsL5,2023,-0.833333333333333,1.2,0.0,18.0,True,True
o3Q4m8jg4BR,2023,0.75,1.2,1.0,1.0,True,True
o58JtGDs6y,2023,1.0,1.2,1.0,0.0,True,True
o7koEEMA1bR,2023,0.25,1.2,1.0,4.0,True,True
o8xdgmwCP8l,2023,1.0,1.2,1.0,1.0,True,True
oFoRPrl9CYX,2023,-0.75,1.2,0.0,1.0,True,True
oGDKSt9JrZi,2023,1.0,1.2,1.0,0.0,True,True
oHBgj83w1MB,2023,-1.0,1.2,0.0,6.0,True,True
oIkZyOytR3g,2023,-1.0,1.2,0.0,12.0,True,True
oJpVVGXu9i,2023,1.0,1.2,1.0,6.0,True,True
oKTl_-4qLJ,2023,-0.666666666666667,1.2,0.0,8.0,True,True
oLIZ2jGTiv,2023,0.25,1.2,1.0,2.0,True,True
oMsN9TYwJ0j,2023,0.666666666666667,1.2,1.0,49.0,True,True
oN7tNztrYa3,2023,-0.666666666666667,1.2,0.0,2.0,True,True
oWRcXhIeWw2,2023,-0.5999999999999996,1.2,0.0,0.0,True,True
oX3tGygjW1q,2023,0.25,1.2,1.0,0.0,True,True
okwxL_c4x84,2023,1.0,1.2,1.0,21.0,True,True
ooqH4D9Xys,2023,0.0,1.2,0.0,1.0,True,True
ooxDOe7ZtBe,2023,-0.25,1.2,1.0,7.0,True,True
op-ceGueqc4,2023,0.0,1.2,1.0,22.0,True,True
osei3IzUia,2023,0.333333333333333,1.2,1.0,0.0,True,True
ovZE0KsbM3S,2023,1.0,1.2,1.0,0.0,True,True
oztkQizr3kk,2023,0.5,1.2,1.0,0.0,True,True
p0yrSRbN5Bu,2023,0.5,1.2,1.0,5.0,True,True
p5cvsNww5dB,2023,0.0,1.2,0.0,1.0,True,True
p66AzKi6Xim,2023,0.25,1.2,1.0,2.0,True,True
p6jsTidUkPx,2023,-0.25,1.2,1.0,1.0,True,True
p6qlG1zXs9v,2023,-0.75,1.2,0.0,0.0,True,True
p7hvOJ6Gq0i,2023,0.75,1.2,1.0,18.0,True,True
p8coElqiSDw,2023,0.666666666666667,1.2,1.0,1.0,True,True
p9zz7hLzH-4,2023,-0.5,1.2,0.0,1.0,True,True
pBaSwBkHBE,2023,-0.666666666666667,1.2,0.0,1.0,True,True
pOyi9KqE56b,2023,0.0,1.2,1.0,3.0,True,True
pRCMXcfdihq,2023,0.0,1.2,1.0,13.0,True,True
pX21pH4CsNB,2023,-0.666666666666667,1.2,0.0,21.0,True,True
p_jIy5QFB7,2023,1.0,1.2,1.0,2.0,True,True
pd1P2eUBVfq,2023,0.5,1.2,1.0,52.0,True,True
pfuqQQCB34,2023,0.4000000000000003,1.2,1.0,5.0,True,True
pgHNOcxEdRI,2023,0.5,1.2,1.0,2.0,True,True
pgU3k7QXuz0,2023,-0.5,1.2,1.0,8.0,True,True
plKu2GByCNW,2023,0.75,1.2,1.0,204.0,True,True
pmUH7A8wZz,2023,-1.0,1.2,0.0,2.0,True,True
po-oqRst4Xm,2023,-1.0,1.2,0.0,10.0,True,True
ppxKnb1SIB,2023,-1.0,1.2,0.0,2.0,True,True
ptbePrczhRt,2023,-1.0,1.2,0.0,19.0,True,True
pvgEL1yS3Ql,2023,0.25,1.2,1.0,1.0,True,True
q-PbpHD3EOk,2023,0.0,1.2,1.0,15.0,True,True
q3F0UBAruO,2023,0.666666666666667,1.2,1.0,2.0,True,True
q89i5jKql38,2023,-0.666666666666667,1.2,0.0,1.0,True,True
qBvBycTqVJ,2023,1.0,1.2,1.0,0.0,True,True
qFVVBzXxR2V,2023,0.2000000000000001,1.2,1.0,38.0,True,True
qGuU8To1y7x,2023,-0.25,1.2,0.0,0.0,True,True
qLOaeRvteqbx,2023,0.5,1.2,1.0,7.0,True,True
qU6NIcpaSi-,2023,0.5,1.2,1.0,2.0,True,True
qUKsCztWlKq,2023,0.4000000000000003,1.2,1.0,89.0,True,True
qWt3YobXdwe,2023,-0.666666666666667,1.2,0.0,2.0,True,True
qY1hlv7gwg,2023,0.0,1.2,1.0,63.0,True,True
qYO0f9WnUup,2023,-0.333333333333333,1.2,0.0,0.0,True,True
qcJmsP3oE9,2023,0.5,1.2,1.0,2.0,True,True
qhu9uX4QlP8,2023,-0.75,1.2,0.0,0.0,True,True
qihMOPw4Sf_,2023,-0.4000000000000003,1.2,1.0,3.0,True,True
qoSNQprgGDs,2023,-1.0,1.2,0.0,4.0,True,True
r0BrY4BiEXO,2023,0.5999999999999996,1.2,1.0,10.0,True,True
r0otLtOwYW,2023,0.5,1.2,1.0,15.0,True,True
r0xte-t40I,2023,0.0,1.2,1.0,0.0,True,True
rB3zRN0lBYr,2023,0.25,1.2,1.0,0.0,True,True
rB6TpjAuSRy,2023,0.2000000000000001,1.2,1.0,116.0,True,True
rByagyHWlpb,2023,-1.0,1.2,0.0,1.0,True,True
rHqa5_nzaCA,2023,-0.333333333333333,1.2,0.0,0.0,True,True
rLguqxYvYHB,2023,-0.75,1.2,1.0,0.0,True,True
rMQ1Wme3S0c,2023,0.25,1.2,0.0,0.0,True,True
rMbrVNxYuqZ,2023,0.25,1.2,0.0,1.0,True,True
rMkd7_6fB7,2023,-0.25,1.2,0.0,4.0,True,True
rOFKmzNTbC,2023,-0.25,1.2,1.0,0.0,True,True
rSUCajhLsQ,2023,0.75,1.2,1.0,3.0,True,True
rVM8wD2G7Dy,2023,1.0,1.2,1.0,4.0,True,True
rYgeBuEHlh,2023,0.25,1.2,0.0,2.0,True,True
raU07GpP0P,2023,0.75,1.2,1.0,9.0,True,True
rde9B5ue32F,2023,-0.25,1.2,0.0,0.0,True,True
rdfgqiwz7lZ,2023,-0.25,1.2,1.0,3.0,True,True
resApVNcqSB,2023,0.5999999999999996,1.2,1.0,5.0,True,True
rieUBLynDqm,2023,-0.75,1.2,0.0,0.0,True,True
rimcq1oIFeR,2023,0.5,1.2,1.0,2.0,True,True
rnRiiHw8Vy,2023,-0.25,1.2,1.0,0.0,True,True
rpVxn-rX2Wh,2023,-1.0,1.2,0.0,2.0,True,True
rvsbw2YthH_,2023,1.0,1.2,1.0,1.0,True,True
rwo-ls5GqGn,2023,0.5,1.2,1.0,19.0,True,True
s0ceCGfcIKb,2023,0.0,1.2,0.0,7.0,True,True
s130rTE3U_X,2023,0.75,1.2,1.0,1.0,True,True
s1KljJpAukm,2023,0.0,1.2,1.0,1.0,True,True
s4WVupnJjmX,2023,0.5999999999999996,1.2,1.0,16.0,True,True
s7oOe6cNRT8,2023,0.4000000000000003,1.2,1.0,0.0,True,True
sAJDi9lD06L,2023,-0.25,1.2,1.0,0.0,True,True
sAOOeI878Ns,2023,-0.25,1.2,1.0,13.0,True,True
sBfTc3SD9gp,2023,0.0,1.2,0.0,7.0,True,True
sC-PmTsiTB,2023,0.5,1.2,1.0,13.0,True,True
sCrnllCtjoE,2023,-0.25,1.2,1.0,36.0,True,True
sE7-XhLxHA,2023,0.25,1.2,1.0,394.0,True,True
sIoED-yPK9l,2023,0.666666666666667,1.2,1.0,1.0,True,True
sKDtBKYOdIP,2023,-0.25,1.2,0.0,0.0,True,True
sKHqgFOaFXI,2023,0.25,1.2,1.0,0.0,True,True
sKWlRDzPfd7,2023,0.666666666666667,1.2,1.0,3.0,True,True
sNKZaNkyi7Q,2023,-1.0,1.2,0.0,2.0,True,True
sO1QiAftQFv,2023,-0.25,1.2,1.0,13.0,True,True
sOXU-PEJSgQ,2023,0.5,1.2,1.0,3.0,True,True
sP1fo2K9DFG,2023,1.0,1.2,1.0,31.0,True,True
sPCKNl5qDps,2023,0.75,1.2,1.0,0.0,True,True
sPgP6aISLTD,2023,0.0,1.2,1.0,4.0,True,True
sWOsRj4nT1n,2023,0.666666666666667,1.2,1.0,6.0,True,True
sXfWoK4KvSW,2023,0.0,1.2,1.0,8.0,True,True
s_2Rye-RctO,2023,-0.7999999999999998,1.2,0.0,1.0,True,True
sbS10BCtc7,2023,0.75,1.2,1.0,2.0,True,True
sbWVtxq8-zE,2023,0.75,1.2,1.0,1.0,True,True
sd90a2ytrt,2023,0.666666666666667,1.2,1.0,0.0,True,True
shzu8d6_YAR,2023,-0.25,1.2,1.0,0.0,True,True
slHNW9yRie0,2023,-0.5,1.2,0.0,105.0,True,True
syfgJE6nFRW,2023,0.4000000000000003,1.2,1.0,4.0,True,True
t-hNmA0cVSW,2023,-0.25,1.2,0.0,1.0,True,True
t8Jk_Vo1jHS,2023,-0.25,1.2,0.0,4.0,True,True
tAfyE2V7oye,2023,0.0,1.2,0.0,7.0,True,True
tDG-zrQ8S1Q,2023,-0.5,1.2,0.0,1.0,True,True
tF_iDkYA_Z5,2023,-0.7999999999999998,1.2,0.0,,True,False
tFvr-kYWs_Y,2023,0.5,1.2,1.0,2.0,True,True
tJbbQfw-5wv,2023,0.25,1.2,1.0,22.0,True,True
tLScKVhcCR,2023,0.75,1.2,1.0,4.0,True,True
tNAYMjSd296,2023,-0.666666666666667,1.2,0.0,2.0,True,True
tQG-o3SeipT,2023,0.666666666666667,1.2,1.0,0.0,True,True
tcHwiu6CJ_B,2023,-1.0,1.2,0.0,0.0,True,True
tgAI50giBbg,2023,-1.0,1.2,0.0,3.0,True,True
ti6fH3EhFkv,2023,-0.5,1.2,0.0,14.0,True,True
tkwP32nsEq,2023,0.75,1.2,1.0,0.0,True,True
tmIiMPl4IPa,2023,0.5999999999999996,1.2,1.0,9.0,True,True
to3qCB3tOh9,2023,0.75,1.2,1.0,40.0,True,True
txlWziuCE5W,2023,1.0,1.2,1.0,25.0,True,True
u05JdX1Qz-b,2023,-0.7999999999999998,1.2,0.0,0.0,True,True
u2Pd6x794I,2023,0.0,1.2,1.0,20.0,True,True
u89Eq-_3oE4,2023,-1.0,1.2,0.0,0.0,True,True
u9hnCwX99I1,2023,-1.0,1.2,0.0,1.0,True,True
uBKBoix9NXa,2023,0.25,1.2,1.0,0.0,True,True
uHaWaNhCvZD,2023,1.0,1.2,1.0,3.0,True,True
uNHWPiNJBsV,2023,-0.5,1.2,0.0,0.0,True,True
uR6x8Be7o_M,2023,0.0,1.2,1.0,7.0,True,True
uagC-X9XMi8,2023,-0.25,1.2,1.0,5.0,True,True
udNhDCr2KQe,2023,-1.0,1.2,1.0,0.0,True,True
ueEMZjY9WiM,2023,-1.0,1.2,0.0,1.0,True,True
ugA1HX69sf,2023,0.666666666666667,1.2,1.0,6.0,True,True
uqg3FhRZaq,2023,0.666666666666667,1.2,1.0,0.0,True,True
urF_CBK5XC0,2023,1.0,1.2,1.0,2.0,True,True
usa87QW3_r9,2023,-0.25,1.2,0.0,0.0,True,True
uu1GBD9SlLe,2023,0.5,1.2,1.0,9.0,True,True
uyqks-LILZX,2023,1.0,1.2,1.0,0.0,True,True
v3y68gz-WEz,2023,0.0,1.2,1.0,2.0,True,True
v6dqNREneyw,2023,-0.25,1.2,0.0,2.0,True,True
v8JIQdiN9Sh,2023,0.5,1.2,1.0,6.0,True,True
vCJ9-Ri-6xU,2023,0.75,1.2,1.0,0.0,True,True
vDFA1tpuLvk,2023,0.5,1.2,1.0,8.0,True,True
vINj_Hv9szL,2023,-0.333333333333333,1.2,1.0,2.0,True,True
vOEXS39nOF,2023,0.5,1.2,1.0,79.0,True,True
vPXp7K_Yhre,2023,0.0,1.2,1.0,0.0,True,True
vRq1XIHV8Go,2023,-0.25,1.2,0.0,8.0,True,True
vVJZtlZB9D,2023,1.0,1.2,1.0,1.0,True,True
vZTp1oPV3PC,2023,0.25,1.2,1.0,4.0,True,True
vaf8KQ8bhS,2023,-0.5,1.2,0.0,0.0,True,True
vdv6CmGksr0,2023,0.25,1.2,1.0,6.0,True,True
vep-Hlmn0tc,2023,-0.5,1.2,0.0,2.0,True,True
vsMyHUq_C1c,2023,1.0,1.2,1.0,1.0,True,True
vtVDI3w_BLL,2023,0.5,1.2,1.0,2.0,True,True
w-x7U26GM7j,2023,1.0,1.2,1.0,18.0,True,True
w1w4dGJ4qV,2023,0.0,1.2,0.0,3.0,True,True
w2P7fMy_RH,2023,0.333333333333333,1.2,1.0,3.0,True,True
w2mDq-p9EEf,2023,-1.0,1.2,0.0,1.0,True,True
wCFB37bzud4,2023,0.75,1.2,1.0,18.0,True,True
wGvzQWFyUB,2023,0.0,1.2,1.0,0.0,True,True
wKPmPBHSnT6,2023,-0.5,1.2,1.0,18.0,True,True
wNUgn1n6esQ,2023,0.5,1.2,1.0,0.0,True,True
wPVw218szF,2023,-0.5,1.2,0.0,2.0,True,True
wQ-Tqt4eYQ,2023,-0.333333333333333,1.2,0.0,2.0,True,True
wR08RrAsLz5,2023,-0.25,1.2,0.0,0.0,True,True
wV09GfqYC-n,2023,0.333333333333333,1.2,0.0,0.0,True,True
wXdEKf5mV6N,2023,-0.333333333333333,1.2,0.0,4.0,True,True
wZ2SVhOTzBX,2023,0.666666666666667,1.2,1.0,1.0,True,True
wcNtbEtcGIC,2023,0.5,1.2,1.0,0.0,True,True
wfU0emciOcM,2023,-0.333333333333333,1.2,0.0,1.0,True,True
wsZsjOSytRA,2023,0.333333333333333,1.2,1.0,100.0,True,True
wtcud6HroZr,2023,0.333333333333333,1.2,1.0,8.0,True,True
wysXxmukfCA,2023,-0.666666666666667,1.2,0.0,1.0,True,True
wzlWiO_WY4,2023,0.5,1.2,1.0,0.0,True,True
x-mXzBgCX3a,2023,0.25,1.2,1.0,5.0,True,True
x5mtJD2ovc,2023,0.25,1.2,1.0,46.0,True,True
x9tAJ3_N0k,2023,-0.333333333333333,1.2,0.0,3.0,True,True
xACeXHo4sf,2023,-0.75,1.2,0.0,0.0,True,True
xE-LtsE-xx,2023,1.0,1.2,1.0,6.0,True,True
xIWfWvKM7aQ,2023,-0.25,1.2,1.0,0.0,True,True
xJz9LTHP0K,2023,0.25,1.2,0.0,6.0,True,True
xKYlWJaLFi,2023,-0.333333333333333,1.2,0.0,0.0,True,True
xLr0I_xYGAs,2023,0.5,1.2,1.0,13.0,True,True
xPkJYRsQGM,2023,0.25,1.2,1.0,25.0,True,True
xQAjSr64PTc,2023,0.0,1.2,1.0,1.0,True,True
xTWoeTdHgH-,2023,-0.5,1.2,0.0,1.0,True,True
xYWqSjBcGMl,2023,0.0,1.2,1.0,2.0,True,True
xZD10GhCvM,2023,0.333333333333333,1.2,1.0,4.0,True,True
xb333aboIu,2023,0.25,1.2,0.0,2.0,True,True
xc5ajsvLzFO,2023,-1.0,1.2,0.0,20.0,True,True
xfqDe72zh41,2023,1.0,1.2,1.0,17.0,True,True
xjxUjHa_Wpa,2023,0.75,1.2,1.0,17.0,True,True
xnscpQU6lvh,2023,-1.0,1.2,0.0,1.0,True,True
xtbog7cfsr,2023,1.0,1.2,1.0,3.0,True,True
xveTeHVlF7j,2023,0.25,1.2,1.0,30.0,True,True
y4uc4NtTWaq,2023,0.0,1.2,1.0,9.0,True,True
y5W8tpojhtJ,2023,0.5,1.2,1.0,22.0,True,True
y81ppNf_vg,2023,0.666666666666667,1.2,1.0,0.0,True,True
yIxtevizEA,2023,-0.333333333333333,1.2,1.0,0.0,True,True
yKbprarjc5B,2023,-0.25,1.2,1.0,40.0,True,True
yLzLfM-Esnu,2023,0.0,1.2,1.0,3.0,True,True
yQdBtFfleh6,2023,0.0,1.2,1.0,2.0,True,True
yQpZ4WnRZM,2023,-0.25,1.2,0.0,0.0,True,True
ySCL-NG_I3,2023,0.5,1.2,1.0,1.0,True,True
yTbNYYcopd,2023,0.666666666666667,1.2,1.0,6.0,True,True
yVqC6gCNf4d,2023,1.0,1.2,1.0,0.0,True,True
yYEb8v65X8,2023,0.25,1.2,1.0,1.0,True,True
yYbhKqdi7Hz,2023,1.0,1.2,1.0,1.0,True,True
ybFkELZjuc,2023,-0.75,1.2,0.0,0.0,True,True
ydv0gtW4WLU,2023,-0.666666666666667,1.2,0.0,0.0,True,True
yf1icZHC-l9,2023,0.25,1.2,1.0,73.0,True,True
ygYXtbb3og3,2023,-1.0,1.2,0.0,0.0,True,True
ylMq8MBnAp,2023,-0.7999999999999998,1.2,1.0,2.0,True,True
ytZIYmztET,2023,0.25,1.2,1.0,2.0,True,True
yyBis80iUuU,2023,0.5,1.2,1.0,7.0,True,True
z289SIQOQna,2023,1.0,1.2,1.0,0.0,True,True
z2kUV2XQBT2,2023,-1.0,1.2,0.0,0.0,True,True
z4g0Vpf5Zki,2023,0.0,1.2,0.0,0.0,True,True
z57WK5lGeHd,2023,0.333333333333333,1.2,1.0,12.0,True,True
z9SIj-IM7tn,2023,1.0,1.2,1.0,10.0,True,True
zAxuIJLb38,2023,-0.25,1.2,0.0,4.0,True,True
zClyiZ5V6sL,2023,0.75,1.2,1.0,0.0,True,True
zDjtZZBZtqK,2023,0.0,1.2,1.0,5.0,True,True
zGy_wqpRGTa,2023,-1.0,1.2,0.0,0.0,True,True
zQWqV2tzDv,2023,-0.25,1.2,1.0,3.0,True,True
zS9sRyaPFlJ,2023,0.0,1.2,1.0,8.0,True,True
zT5T9gHpGI,2023,-1.0,1.2,0.0,6.0,True,True
zVrw4OH1Lch,2023,0.0,1.2,1.0,7.0,True,True
zWy7dqOcel,2023,0.75,1.2,1.0,2.0,True,True
zZXztocaN9,2023,-0.666666666666667,1.2,0.0,3.0,True,True
zfiYcbeQkH,2023,-0.25,1.2,0.0,7.0,True,True
zlbci7019Z3,2023,0.333333333333333,1.2,1.0,1.0,True,True
zlwBI2gQL3K,2023,0.0,1.2,1.0,9.0,True,True
znLlSgN-4S0,2023,0.25,1.2,1.0,4.0,True,True
zoTUH3Fjup,2023,0.333333333333333,1.2,0.0,7.0,True,True
zoz7Ze4STUL,2023,0.75,1.2,1.0,8.0,True,True
ztgT8Iok130,2023,-0.5,1.2,0.0,6.0,True,True
zzqBoIFOQ1,2023,0.5,1.2,1.0,0.0,True,True
02f3mUtqnM,2024,0.0,1.179,1.0,6.0,True,True
030cjlZm4a,2024,-0.083333333333333,1.179,0.0,0.0,True,True
09iOdaeOzp,2024,0.25,1.179,1.0,20.0,True,True
0A5o6dCKeK,2024,0.25,1.179,0.0,94.0,True,True
0AYosSFETw,2024,0.583333333333333,1.179,0.0,2.0,True,True
0D6mUZTWoF,2024,-0.25,1.179,0.0,3.0,True,True
0H6DFoZZXZ,2024,0.0,1.179,1.0,2.0,True,True
0IaTFNJner,2024,-0.5,1.179,0.0,1.0,True,True
0NruoU6s5Z,2024,-0.5,1.179,0.0,16.0,True,True
0Nui91LBQS,2024,0.583333333333333,1.179,1.0,8.0,True,True
0SOhDO7xI0,2024,0.0,1.179,0.0,0.0,True,True
0VZP2Dr9KX,2024,-0.5,1.179,0.0,35.0,True,True
0aEUd9UtiA,2024,-0.4166666666666669,1.179,0.0,0.0,True,True
0aR1s9YxoL,2024,0.25,1.179,1.0,1.0,True,True
0b328CMwn1,2024,-0.5,1.179,0.0,0.0,True,True
0bMmZ3fkCk,2024,0.0,1.179,1.0,12.0,True,True
0cJ8ERfnrM,2024,-0.25,1.179,0.0,2.0,True,True
0d1gQI114C,2024,0.25,1.179,1.0,4.0,True,True
0gTW5JUFTW,2024,0.75,1.179,1.0,2.0,True,True
0i6Z9N5MLY,2024,0.25,1.179,1.0,1.0,True,True
0jHkUDyEO9,2024,0.75,1.179,1.0,75.0,True,True
0jsfesDZDq,2024,1.0,1.179,1.0,2.0,True,True
0kWd8SJq8d,2024,0.75,1.179,1.0,1.0,True,True
0sbIEkIutN,2024,-0.25,1.179,0.0,0.0,True,True
0t1O8ziRZp,2024,0.4500000000000002,1.179,1.0,0.0,True,True
0tWTxYYPnW,2024,0.5,1.179,1.0,2.0,True,True
0uI5415ry7,2024,0.75,1.179,1.0,1.0,True,True
0w42S2Gp70,2024,-0.4166666666666669,1.179,1.0,1.0,True,True
11WAKGH8uv,2024,-1.0,1.179,0.0,7.0,True,True
12Acp6ZcRa,2024,-0.25,1.179,0.0,5.0,True,True
12zKEh2APn,2024,-0.4166666666666669,1.179,0.0,3.0,True,True
14rn7HpKVk,2024,0.916666666666667,1.179,1.0,18.0,True,True
17BA0Tl2Id,2024,-0.25,1.179,0.0,1.0,True,True
1AXvGjfF0V,2024,-0.4166666666666669,1.179,0.0,7.0,True,True
1CPta0bfN2,2024,0.5,1.179,1.0,0.0,True,True
1JR20YOE0H,2024,0.0499999999999998,1.179,0.0,1.0,True,True
1JbsdayvhO,2024,0.75,1.179,1.0,2.0,True,True
1M0qIxVKf6,2024,-0.4166666666666669,1.179,0.0,0.0,True,True
1NHgmKqOzZ,2024,0.583333333333333,1.179,1.0,0.0,True,True
1OP4crhgkD,2024,-0.75,1.179,0.0,4.0,True,True
1OfAO2mes1,2024,0.25,1.179,1.0,2.0,True,True
1P1nxem1jU,2024,0.25,1.179,0.0,0.0,True,True
1RE0H6mU7M,2024,0.25,1.179,1.0,2.0,True,True
1RrOtCmuKr,2024,0.583333333333333,1.179,1.0,0.0,True,True
1SIBN5Xyw7,2024,-0.083333333333333,1.179,1.0,19.0,True,True
1SbkubNdbW,2024,0.4500000000000002,1.179,1.0,2.0,True,True
1Wi0Ys33Nm,2024,0.5,1.179,1.0,0.0,True,True
1XDG1Z5Nhk,2024,-1.0,1.179,0.0,2.0,True,True
1YO4EE3SPB,2024,-0.25,1.179,1.0,36.0,True,True
1YPfmglNRU,2024,1.0,1.179,1.0,0.0,True,True
1bAUywYJTU,2024,0.0,1.179,1.0,20.0,True,True
1bbPQShCT2,2024,0.75,1.179,1.0,0.0,True,True
1d2cLKeNgY,2024,0.0,1.179,1.0,3.0,True,True
1gkePTsAWf,2024,0.4500000000000002,1.179,0.0,2.0,True,True
1hsVvgW0rU,2024,0.25,1.179,1.0,1.0,True,True
1jbh2e0b2K,2024,0.25,1.179,1.0,1.0,True,True
1mjsP8RYAw,2024,0.25,1.179,1.0,0.0,True,True
1ndDmZdT4g,2024,0.25,1.179,1.0,5.0,True,True
1op5YGZu8X,2024,0.6500000000000004,1.179,1.0,0.0,True,True
1oqedRt6Z7,2024,0.0,1.179,1.0,0.0,True,True
1pSL2cXWoz,2024,0.5,1.179,1.0,0.0,True,True
1pTlvxIfuV,2024,-0.25,1.179,0.0,9.0,True,True
1qDRwhe379,2024,-0.083333333333333,1.179,0.0,0.0,True,True
1qzUPE5QDZ,2024,-0.5,1.179,0.0,0.0,True,True
1tZbq88f27,2024,-0.25,1.179,1.0,474.0,True,True
1vmSEVL19f,2024,0.25,1.179,1.0,7.0,True,True
1vqHTUTod9,2024,-0.75,1.179,0.0,5.0,True,True
1vrS1zwekw,2024,0.5,1.179,1.0,4.0,True,True
1zhM0XkQh0,2024,0.0,1.179,0.0,1.0,True,True
20KYsQ8Q4Z,2024,-0.25,1.179,0.0,1.0,True,True
22OTbutug9,2024,0.5,1.179,1.0,15.0,True,True
22pyNMuIoa,2024,0.0,1.179,1.0,5.0,True,True
23OEmHVkpq,2024,-0.5,1.179,0.0,1.0,True,True
258EqEA05w,2024,-0.5,1.179,0.0,4.0,True,True
28L2FCtMWq,2024,0.75,1.179,1.0,5.0,True,True
28gMnEAgl9,2024,-0.4166666666666669,1.179,0.0,1.0,True,True
2C3CWCPxNS,2024,-0.75,1.179,0.0,1.0,True,True
2DbVeuoa6a,2024,1.0,1.179,1.0,2.0,True,True
2DldCIjAdX,2024,0.0,1.179,0.0,3.0,True,True
2FAPahXyVh,2024,-1.0,1.179,0.0,8.0,True,True
2GJm8yT2jN,2024,-0.083333333333333,1.179,0.0,0.0,True,True
2JF8mJRJ7M,2024,0.0,1.179,1.0,0.0,True,True
2Mo7v69otj,2024,0.5,1.179,1.0,0.0,True,True
2Oiee202rd,2024,0.25,1.179,1.0,0.0,True,True
2Q8TZWAHv4,2024,0.5,1.179,1.0,2.0,True,True
2UlfvGU6rL,2024,0.25,1.179,0.0,3.0,True,True
2UnCj3jeao,2024,0.25,1.179,1.0,4.0,True,True
2V1Z0Jdmss,2024,0.5,1.179,1.0,2.0,True,True
2XkTz7gdpc,2024,0.25,1.179,1.0,0.0,True,True
2Y5Gseybzp,2024,0.25,1.179,0.0,8.0,True,True
2Y5kBPtU0o,2024,0.5,1.179,1.0,0.0,True,True
2dhxxIKhqz,2024,0.916666666666667,1.179,1.0,0.0,True,True
2eIembMRQJ,2024,-0.5,1.179,0.0,0.0,True,True
2gMwe9Duc4,2024,-1.083333333333333,1.179,0.0,0.0,True,True
2gwo9cjOEz,2024,0.25,1.179,0.0,0.0,True,True
2inBuwTyL2,2024,0.25,1.179,1.0,0.0,True,True
2msbbX3ydD,2024,0.916666666666667,1.179,1.0,43.0,True,True
2pvECsmld3,2024,0.5,1.179,1.0,6.0,True,True
2tVHNRZuCs,2024,0.25,1.179,1.0,1.0,True,True
2y8XnaIiB8,2024,-0.25,1.179,0.0,0.0,True,True
30aSE3FB3L,2024,-0.083333333333333,1.179,1.0,,True,False
31IOmrnoP4,2024,0.25,1.179,1.0,0.0,True,True
327tbF3S65,2024,0.25,1.179,1.0,0.0,True,True
32camXjW25,2024,-0.25,1.179,0.0,0.0,True,True
38E4yUbrgr,2024,0.25,1.179,1.0,2.0,True,True
39HaKNXpsu,2024,0.25,1.179,0.0,0.0,True,True
39cPKijBed,2024,0.25,1.179,1.0,0.0,True,True
3ARfhjGfdF,2024,-0.25,1.179,0.0,0.0,True,True
3EWTEy9MTM,2024,0.583333333333333,1.179,1.0,5.0,True,True
3J7foqnJkA,2024,-0.083333333333333,1.179,0.0,0.0,True,True
3JjJezzVkT,2024,-0.25,1.179,1.0,1.0,True,True
3K3s9qxSn7,2024,0.583333333333333,1.179,1.0,2.0,True,True
3NmO9lY4Jn,2024,-0.5,1.179,1.0,3.0,True,True
3OzQhhPLyW,2024,-0.583333333333333,1.179,0.0,1.0,True,True
3PWYAlAQxv,2024,0.25,1.179,0.0,,True,False
3QLkwU40EE,2024,0.916666666666667,1.179,1.0,3.0,True,True
3QR230r11w,2024,-0.25,1.179,0.0,4.0,True,True
3QkzYBSWqL,2024,-0.25,1.179,1.0,1.0,True,True
3ROGsTX3IR,2024,0.0499999999999998,1.179,1.0,1.0,True,True
3TAhlGaMKD,2024,-1.0,1.179,0.0,3.0,True,True
3TO3TtnOFl,2024,0.75,1.179,1.0,1.0,True,True
3UWuFoksGb,2024,-0.25,1.179,1.0,0.0,True,True
3VD4PNEt5q,2024,0.5,1.179,1.0,3.0,True,True
3Z1gxuAQrA,2024,0.25,1.179,1.0,2.0,True,True
3ZqKxMHcAg,2024,-0.4166666666666669,1.179,1.0,3.0,True,True
3aZCPl3ZvR,2024,0.25,1.179,1.0,0.0,True,True
3b8CgMO5ix,2024,-0.25,1.179,0.0,0.0,True,True
3bmjHYX42n,2024,-0.5,1.179,0.0,0.0,True,True
3bqesUzZPH,2024,-0.4166666666666669,1.179,0.0,0.0,True,True
3d0OmYTNui,2024,0.916666666666667,1.179,1.0,1.0,True,True
3fEKavFsnv,2024,0.75,1.179,1.0,1.0,True,True
3i7iNGxw6r,2024,-0.75,1.179,0.0,0.0,True,True
3j5bsiwRv6,2024,-0.25,1.179,0.0,0.0,True,True
3jXCF5dNpC,2024,0.25,1.179,0.0,5.0,True,True
3klVRLhK7w,2024,-0.75,1.179,0.0,1.0,True,True
3mXJ9o2DNx,2024,-1.1500000000000004,1.179,0.0,2.0,True,True
3mY9aGiMn0,2024,-0.4166666666666669,1.179,0.0,0.0,True,True
3mdCet7vVv,2024,0.0,1.179,0.0,1.0,True,True
3oTPsORaDH,2024,0.916666666666667,1.179,1.0,2.0,True,True
3pf2hEdu8B,2024,0.25,1.179,1.0,0.0,True,True
3qo1pJHabg,2024,-0.083333333333333,1.179,1.0,1.0,True,True
3w6xuXDOdY,2024,0.75,1.179,1.0,2.0,True,True
3xDaj4pRna,2024,0.583333333333333,1.179,1.0,0.0,True,True
3y2TfP966N,2024,0.25,1.179,1.0,1.0,True,True
3z60EWfh1p,2024,0.5,1.179,1.0,0.0,True,True
3zKtaqxLhW,2024,0.75,1.179,1.0,3.0,True,True
3zQo5oUvia,2024,0.25,1.179,1.0,0.0,True,True
3zvB14IF6D,2024,0.0,1.179,1.0,1.0,True,True
43cYe4oogi,2024,0.5,1.179,1.0,1.0,True,True
468KWV14ll,2024,0.25,1.179,0.0,3.0,True,True
488A64eOf6,2024,0.5,1.179,1.0,1.0,True,True
48CXLrx7K3,2024,-0.4166666666666669,1.179,0.0,0.0,True,True
49z97Y9lMq,2024,0.25,1.179,1.0,0.0,True,True
4Ay23yeuz0,2024,1.0,1.179,1.0,23.0,True,True
4DoSULcfG6,2024,-0.4166666666666669,1.179,1.0,2.0,True,True
4JbrdrHxYy,2024,0.25,1.179,1.0,1.0,True,True
4KZpDGD4Nh,2024,0.25,1.179,1.0,0.0,True,True
4L0xnS4GQM,2024,-0.25,1.179,1.0,10.0,True,True
4MsfQ2H0lP,2024,0.25,1.179,1.0,0.0,True,True
4N97bz1sP6,2024,0.916666666666667,1.179,1.0,1.0,True,True
4QaKdsh15T,2024,-0.5,1.179,0.0,15.0,True,True
4Qz9BT4mpM,2024,0.0,1.179,0.0,1.0,True,True
4UIBysXjVq,2024,0.25,1.179,1.0,3.0,True,True
4Ua4hKiAJX,2024,-0.25,1.179,1.0,0.0,True,True
4VIgNuQ1pY,2024,0.916666666666667,1.179,1.0,6.0,True,True
4VgBjsOC8k,2024,0.5,1.179,1.0,0.0,True,True
4WM0OogPTx,2024,1.0,1.179,1.0,0.0,True,True
4WnqRR915j,2024,0.916666666666667,1.179,1.0,13.0,True,True
4YESQqIys7,2024,0.25,1.179,1.0,0.0,True,True
4Zz5UELkIt,2024,0.75,1.179,1.0,0.0,True,True
4aJg9e4nvF,2024,-1.0,1.179,0.0,20.0,True,True
4bLXfRd0CX,2024,0.0,1.179,1.0,1.0,True,True
4bSQ3lsfEV,2024,0.0,1.179,1.0,0.0,True,True
4g02l2N2Nx,2024,0.583333333333333,1.179,1.0,3.0,True,True
4h1apFjO99,2024,0.583333333333333,1.179,1.0,11.0,True,True
4i4fgCOBDE,2024,0.25,1.179,0.0,4.0,True,True
4iPw1klFWa,2024,0.75,1.179,1.0,2.0,True,True
4kLVvIh8cp,2024,0.5,1.179,1.0,0.0,True,True
4lOWCkhr4g,2024,-0.5,1.179,0.0,0.0,True,True
4pW8NL1UwH,2024,-0.5499999999999998,1.179,0.0,0.0,True,True
4qFIkOhq24,2024,0.75,1.179,0.0,43.0,True,True
4rBEgZCubP,2024,0.75,1.179,1.0,1.0,True,True
4stB7DFLp6,2024,0.583333333333333,1.179,0.0,6.0,True,True
4uaogMQgNL,2024,-0.5,1.179,0.0,0.0,True,True
4vPVBh3fhz,2024,0.6500000000000004,1.179,1.0,0.0,True,True
4zZFGliCl9,2024,0.6500000000000004,1.179,1.0,1.0,True,True
4znwzG92CE,2024,0.916666666666667,1.179,1.0,15.0,True,True
50P9TDPEsh,2024,-1.083333333333333,1.179,0.0,0.0,True,True
52fz5sUAy2,2024,1.0,1.179,1.0,0.0,True,True
532tcx7IHF,2024,-1.083333333333333,1.179,0.0,0.0,True,True
53kW6e1uNN,2024,0.75,1.179,0.0,0.0,True,True
55uj7mU7Cv,2024,0.5,1.179,1.0,1.0,True,True
567BjxgaTp,2024,1.0,1.179,1.0,6.0,True,True
5BCFlnfE1g,2024,1.0,1.179,1.0,22.0,True,True
5CBxA1l5RO,2024,-0.75,1.179,0.0,0.0,True,True
5COCYDObes,2024,-0.75,1.179,0.0,1.0,True,True
5ES5Hdlbxw,2024,0.0,1.179,1.0,0.0,True,True
5EniAcsO7f,2024,0.916666666666667,1.179,1.0,0.0,True,True
5HCnKDeTws,2024,1.0,1.179,1.0,28.0,True,True
5JWAOLBxwp,2024,0.0499999999999998,1.179,1.0,0.0,True,True
5KojubHBr8,2024,-0.1500000000000003,1.179,1.0,18.0,True,True
5LhYYajlqV,2024,-0.4166666666666669,1.179,0.0,12.0,True,True
5Lp6qU9hzV,2024,0.75,1.179,1.0,13.0,True,True
5M2MjyNR2w,2024,-0.25,1.179,0.0,,True,False
5NJzNAXAmx,2024,0.0,1.179,0.0,0.0,True,True
5RUf9nEdyC,2024,0.25,1.179,1.0,0.0,True,True
5a79AqFr0c,2024,-0.25,1.179,1.0,34.0,True,True
5dlfiJIXoh,2024,0.75,1.179,1.0,1.0,True,True
5ep85sakT3,2024,0.25,1.179,1.0,0.0,True,True
5j6wtOO6Fk,2024,-1.083333333333333,1.179,0.0,0.0,True,True
5jWsW08zUh,2024,0.0,1.179,1.0,1.0,True,True
5jcav5RcKw,2024,-0.25,1.179,1.0,5.0,True,True
5liV2xUdJL,2024,0.583333333333333,1.179,1.0,0.0,True,True
5nM2AHzqUj,2024,0.25,1.179,1.0,2.0,True,True
5o9G4XF1LI,2024,0.5,1.179,1.0,1.0,True,True
5oJlyJXUxK,2024,0.75,1.179,0.0,1.0,True,True
5sjxMwWmk8,2024,0.5,1.179,1.0,0.0,True,True
5t44vPlv9x,2024,0.25,1.179,1.0,0.0,True,True
5tGGWOijvq,2024,0.75,1.179,1.0,1.0,True,True
5xKixQzhDE,2024,-0.75,1.179,0.0,0.0,True,True
60e1hl06Ec,2024,0.0,1.179,0.0,1.0,True,True
62K7mALO2q,2024,0.25,1.179,1.0,0.0,True,True
64kSvC4iPg,2024,0.0,1.179,1.0,1.0,True,True
64t9er38Zs,2024,0.0,1.179,0.0,0.0,True,True
66arKkGiFy,2024,0.0,1.179,1.0,0.0,True,True
68k0KcHFrW,2024,-0.083333333333333,1.179,0.0,0.0,True,True
6CZ50WgfCG,2024,0.5,1.179,1.0,0.0,True,True
6GySuKTJcd,2024,0.5,1.179,0.0,0.0,True,True
6Gzkhoc6YS,2024,0.916666666666667,1.179,1.0,65.0,True,True
6HwamHLDa6,2024,-0.75,1.179,0.0,0.0,True,True
6I7UsvlDPj,2024,-0.083333333333333,1.179,0.0,4.0,True,True
6IjN7oxjXt,2024,-0.25,1.179,1.0,1.0,True,True
6J3ehSUrMU,2024,0.0,1.179,1.0,1.0,True,True
6K81ILDnuv,2024,-0.5,1.179,0.0,1.0,True,True
6LLho5X6xV,2024,0.583333333333333,1.179,1.0,0.0,True,True
6LNTSrJjBe,2024,-1.0,1.179,0.0,9.0,True,True
6NEJ0ReNzr,2024,0.0,1.179,0.0,1.0,True,True
6PjS5RnxeK,2024,-0.75,1.179,0.0,0.0,True,True
6RR3wU4mSZ,2024,-0.3499999999999996,1.179,1.0,0.0,True,True
6W35Wcs077,2024,0.5,1.179,0.0,1.0,True,True
6YZmkpivVH,2024,-0.25,1.179,0.0,0.0,True,True
6bcAD6g688,2024,0.0,1.179,1.0,2.0,True,True
6c4gv0E9sF,2024,0.583333333333333,1.179,0.0,2.0,True,True
6cFcw1Rxww,2024,0.916666666666667,1.179,1.0,0.0,True,True
6cMmSnOpCs,2024,0.0,1.179,0.0,0.0,True,True
6hzNVNSz8O,2024,-0.75,1.179,0.0,0.0,True,True
6iwg437CZs,2024,0.75,1.179,1.0,1.0,True,True
6mLjDwYte5,2024,1.0,1.179,1.0,20.0,True,True
6okaSfANzh,2024,0.916666666666667,1.179,1.0,2.0,True,True
6p8lpe4MNf,2024,-0.25,1.179,1.0,4.0,True,True
6rEcB9m9AI,2024,-1.0,1.179,0.0,0.0,True,True
6ssOs9BBxa,2024,-1.0,1.179,0.0,2.0,True,True
6tqgL8VluV,2024,0.25,1.179,1.0,0.0,True,True
6uUmpPvqUU,2024,-0.75,1.179,0.0,2.0,True,True
6ujgouOiAA,2024,-0.25,1.179,0.0,3.0,True,True
6vF0ZJGor4,2024,-0.75,1.179,1.0,0.0,True,True
70IgE3tRbu,2024,0.75,1.179,1.0,1.0,True,True
70xhiS0AQS,2024,-1.0,1.179,0.0,7.0,True,True
71kocBuhNO,2024,-0.3499999999999996,1.179,0.0,1.0,True,True
71mqtQdKB9,2024,0.8499999999999996,1.179,0.0,4.0,True,True
72MSbSZtHv,2024,-0.4166666666666669,1.179,0.0,1.0,True,True
78iGZdqxYY,2024,0.25,1.179,1.0,0.0,True,True
79rfgv3jw4,2024,1.0,1.179,1.0,1.0,True,True
7ArYyAmDGQ,2024,-0.4166666666666669,1.179,0.0,0.0,True,True
7JU8TwFXGC,2024,-0.75,1.179,0.0,2.0,True,True
7JfKCZQPxJ,2024,-0.5,1.179,1.0,0.0,True,True
7M0EzjugaN,2024,0.25,1.179,1.0,0.0,True,True
7NzgkEdGyr,2024,0.583333333333333,1.179,1.0,2.0,True,True
7Ol6foUi1G,2024,0.916666666666667,1.179,1.0,1.0,True,True
7Scc7Nl7lg,2024,-0.9500000000000002,1.179,0.0,2.0,True,True
7TOs9gjAg1,2024,0.75,1.179,1.0,3.0,True,True
7UhxsmbdaQ,2024,1.0,1.179,1.0,0.0,True,True
7VVGO0kuuY,2024,0.0499999999999998,1.179,0.0,0.0,True,True
7W3GLNImfS,2024,0.75,1.179,1.0,6.0,True,True
7Zbg38nA0J,2024,-0.75,1.179,0.0,2.0,True,True
7avlrpzWqo,2024,0.25,1.179,1.0,0.0,True,True
7etoNfU9uF,2024,0.0,1.179,1.0,3.0,True,True
7gDENzTzw1,2024,0.5,1.179,1.0,0.0,True,True
7gLfQT52Nn,2024,0.0,1.179,1.0,0.0,True,True
7hxoYxKDTV,2024,0.916666666666667,1.179,1.0,3.0,True,True
7m5jhNXklB,2024,-0.4166666666666669,1.179,0.0,0.0,True,True
7n360rsYAq,2024,0.25,1.179,0.0,0.0,True,True
7oLshfEIC2,2024,-0.083333333333333,1.179,1.0,86.0,True,True
7pVIFJW2Hp,2024,-0.25,1.179,0.0,1.0,True,True
7q7s5fXEpP,2024,-0.25,1.179,0.0,0.0,True,True
7rex8lEZH2,2024,0.25,1.179,0.0,0.0,True,True
7v3tkQmtpE,2024,-0.5,1.179,0.0,3.0,True,True
7wY67ZDQTE,2024,0.0499999999999998,1.179,1.0,2.0,True,True
7zY781bMDO,2024,0.25,1.179,1.0,0.0,True,True
80faVLl6ji,2024,0.25,1.179,0.0,0.0,True,True
816T4ab9Z5,2024,0.0499999999999998,1.179,0.0,0.0,True,True
84Hk01tFKq,2024,0.0,1.179,0.0,1.0,True,True
85Af6AcMo5,2024,0.0,1.179,0.0,3.0,True,True
86NGO8qeWs,2024,0.75,1.179,1.0,1.0,True,True
87XbxDnPqj,2024,-0.25,1.179,0.0,1.0,True,True
87YOFayjcG,2024,-0.5,1.179,0.0,18.0,True,True
88FcNOwNvM,2024,0.583333333333333,1.179,0.0,0.0,True,True
88MalncLgU,2024,-0.083333333333333,1.179,0.0,0.0,True,True
89A5c6enfc,2024,0.0,1.179,1.0,0.0,True,True
89XNDtqhpL,2024,0.25,1.179,0.0,3.0,True,True
8FP6eJsVCv,2024,-0.5,1.179,0.0,1.0,True,True
8FhwHJGUPZ,2024,-0.3499999999999996,1.179,0.0,5.0,True,True
8HCARN2hhw,2024,0.916666666666667,1.179,1.0,2.0,True,True
8ISRqgtjPc,2024,0.8499999999999996,1.179,1.0,4.0,True,True
8JCn0kmS8W,2024,-0.75,1.179,0.0,6.0,True,True
8Ju0VmvMCW,2024,0.916666666666667,1.179,1.0,0.0,True,True
8OBuqbLb8h,2024,0.25,1.179,1.0,1.0,True,True
8OxL034uEr,2024,0.75,1.179,1.0,5.0,True,True
8Q4uVOJ5bX,2024,0.25,1.179,1.0,1.0,True,True
8QfK9Dq4q0,2024,0.25,1.179,1.0,1.0,True,True
8SPSIfR2e0,2024,0.0,1.179,0.0,0.0,True,True
8Ur2xmuw7w,2024,0.5,1.179,1.0,4.0,True,True
8VPWfqtQMX,2024,0.75,1.179,1.0,0.0,True,True
8Wuvhh0LYW,2024,0.6500000000000004,1.179,1.0,13.0,True,True
8Xx0mKoCMd,2024,-0.25,1.179,0.0,0.0,True,True
8cNMMrWRbZ,2024,-0.25,1.179,0.0,0.0,True,True
8dkp41et6U,2024,0.0499999999999998,1.179,0.0,13.0,True,True
8g26Yv1EOu,2024,-0.25,1.179,1.0,0.0,True,True
8hc2UvwTaL,2024,-1.083333333333333,1.179,0.0,5.0,True,True
8htNAnMSyP,2024,-0.5,1.179,1.0,0.0,True,True
8ishA3LxN8,2024,0.75,1.179,1.0,12.0,True,True
8jKuUHsndT,2024,-0.25,1.179,0.0,29.0,True,True
8nxy1bQWTG,2024,0.0,1.179,1.0,1.0,True,True
8oYjW8QxuC,2024,-0.083333333333333,1.179,0.0,0.0,True,True
8p3fu56lKc,2024,0.25,1.179,1.0,2.0,True,True
8sKcAWOf2D,2024,-0.083333333333333,1.179,1.0,3.0,True,True
8w6FzR68DS,2024,-0.5,1.179,0.0,0.0,True,True
8y5vlBuRll,2024,-0.083333333333333,1.179,0.0,1.0,True,True
90QOM1xB88,2024,-0.75,1.179,0.0,3.0,True,True
90yw2uM6J5,2024,0.25,1.179,1.0,1.0,True,True
92KV9xAMhF,2024,1.0,1.179,1.0,0.0,True,True
93LoCyww8o,2024,0.5,1.179,1.0,4.0,True,True
95ObXevgHx,2024,0.4500000000000002,1.179,0.0,20.0,True,True
95joD3Yc5t,2024,-1.0,1.179,0.0,20.0,True,True
97Dl82avFs,2024,0.583333333333333,1.179,1.0,1.0,True,True
99hq9VMkbg,2024,0.25,1.179,0.0,0.0,True,True
99tKiMVJhY,2024,0.583333333333333,1.179,1.0,1.0,True,True
9BERij4Gbv,2024,-0.4166666666666669,1.179,0.0,1.0,True,True
9DXXMXnIGm,2024,0.25,1.179,1.0,0.0,True,True
9DvDRTTdlu,2024,-0.25,1.179,1.0,8.0,True,True
9F0xInGNBF,2024,-0.5,1.179,0.0,2.0,True,True
9FXGX00iMF,2024,-0.4166666666666669,1.179,0.0,0.0,True,True
9JxQyat11M,2024,-1.0,1.179,0.0,0.0,True,True
9Kgnvknvwd,2024,-0.75,1.179,0.0,0.0,True,True
9Klj7QG0NO,2024,0.583333333333333,1.179,0.0,42.0,True,True
9NqC72m31m,2024,0.75,1.179,1.0,0.0,True,True
9RNfX0ah0K,2024,0.5,1.179,1.0,4.0,True,True
9ROuKblmi7,2024,0.0,1.179,1.0,3.0,True,True
9SwObx9Jdn,2024,-1.0,1.179,0.0,0.0,True,True
9TSv6ZVhvN,2024,-1.083333333333333,1.179,0.0,2.0,True,True
9W6KaAcYlr,2024,-0.25,1.179,1.0,1.0,True,True
9XdLlbxZCC,2024,-0.75,1.179,0.0,5.0,True,True
9Z0yB8rmQ2,2024,0.25,1.179,0.0,2.0,True,True
9ZUYJpvIys,2024,0.25,1.179,1.0,2.0,True,True
9cQtXpRshE,2024,-0.25,1.179,1.0,5.0,True,True
9hjVoPWPnh,2024,0.25,1.179,1.0,0.0,True,True
9k0krNzvlV,2024,0.0,1.179,1.0,2.0,True,True
9kG7TwgLYu,2024,0.916666666666667,1.179,1.0,0.0,True,True
9m02ib92Wz,2024,0.25,1.179,1.0,5.0,True,True
9mX0AZVEet,2024,0.25,1.179,0.0,0.0,True,True
9nT8ouPui8,2024,-0.9500000000000002,1.179,0.0,2.0,True,True
9nXgWT12tb,2024,0.0,1.179,0.0,1.0,True,True
9nsNyN0vox,2024,0.5,1.179,1.0,3.0,True,True
9ux2cgxw6O,2024,-0.75,1.179,0.0,4.0,True,True
9v5uZPWZoV,2024,-0.25,1.179,0.0,3.0,True,True
9vZ8UjP2Mz,2024,-0.75,1.179,0.0,0.0,True,True
9wSWiavGwU,2024,-0.75,1.179,0.0,0.0,True,True
9x6yrFAPnx,2024,0.25,1.179,1.0,0.0,True,True
9zHxXaYEgw,2024,-0.75,1.179,0.0,5.0,True,True
A0HKeKl4Nl,2024,0.916666666666667,1.179,1.0,4.0,True,True
A18gWgc5mi,2024,1.0499999999999998,1.179,1.0,1.0,True,True
A1z0JnxnGp,2024,-0.9500000000000002,1.179,0.0,0.0,True,True
A2mRcRyGdl,2024,0.583333333333333,1.179,1.0,1.0,True,True
A4mJuFRMN8,2024,0.083333333333333,1.179,1.0,0.0,True,True
A7t7z6g6tM,2024,0.25,1.179,1.0,1.0,True,True
A81iom2Y41,2024,0.5,1.179,0.0,2.0,True,True
ABIcBDLBVG,2024,-0.25,1.179,0.0,0.0,True,True
ADSxCpCu9s,2024,0.25,1.179,1.0,0.0,True,True
AF9Q8Vip84,2024,0.0,1.179,1.0,11.0,True,True
AHgc5SMdtd,2024,-0.5499999999999998,1.179,1.0,6.0,True,True
AIbQ3HDDHU,2024,-1.083333333333333,1.179,0.0,4.0,True,True
AJBGSVSTT2,2024,0.25,1.179,1.0,4.0,True,True
AJgVY0zOB0,2024,-0.75,1.179,0.0,0.0,True,True
AKJLnDgzkm,2024,0.583333333333333,1.179,0.0,1.0,True,True
AL1fq05o7H,2024,0.5,1.179,0.0,970.0,True,True
ANJxbH4eQQ,2024,-0.5499999999999998,1.179,0.0,1.0,True,True
AOJyfhWYHf,2024,0.25,1.179,1.0,26.0,True,True
AP779Zy70y,2024,-0.3499999999999996,1.179,0.0,0.0,True,True
ARFRZh6pzI,2024,0.25,1.179,0.0,3.0,True,True
ATEawsFUj4,2024,0.75,1.179,1.0,2.0,True,True
ATFPZbSZia,2024,-0.4166666666666669,1.179,0.0,1.0,True,True
ATaE46G1eJ,2024,0.0,1.179,0.0,13.0,True,True
AVBw2Ul4X9,2024,0.25,1.179,0.0,0.0,True,True
AXbN2qMNiW,2024,-0.083333333333333,1.179,1.0,4.0,True,True
AY6aM13gGF,2024,0.5,1.179,1.0,5.0,True,True
AZGIwqCyYY,2024,0.0,1.179,1.0,0.0,True,True
AZW3qlCGTe,2024,-0.083333333333333,1.179,1.0,0.0,True,True
Abr7dU98ME,2024,0.75,1.179,1.0,0.0,True,True
AcRfzLS6se,2024,-0.25,1.179,1.0,2.0,True,True
AcSChDWL6V,2024,0.75,1.179,1.0,0.0,True,True
AcoXPIPh4A,2024,0.25,1.179,1.0,0.0,True,True
Aemqy6Hjdj,2024,-0.083333333333333,1.179,0.0,0.0,True,True
AgCz44ebFe,2024,-1.0,1.179,0.0,1.0,True,True
AgDICX1h50,2024,0.0,1.179,1.0,14.0,True,True
AgM3MzT99c,2024,0.5,1.179,1.0,4.0,True,True
Agyicd577r,2024,0.5,1.179,1.0,1.0,True,True
AhMEkBSdIV,2024,-0.4166666666666669,1.179,0.0,,True,False
AhizIPytk4,2024,1.0499999999999998,1.179,1.0,3.0,True,True
Aj1wftldeR,2024,-1.0,1.179,0.0,2.0,True,True
AnuHbhwv9Q,2024,0.5,1.179,0.0,0.0,True,True
ApjY32f3Xr,2024,-0.5,1.179,0.0,21.0,True,True
AqN23oqraW,2024,1.0,1.179,1.0,24.0,True,True
ArpwmicoYW,2024,0.25,1.179,1.0,3.0,True,True
AwyxtyMwaG,2024,0.25,1.179,1.0,4.0,True,True
Ax2yRhCQr1,2024,1.0,1.179,1.0,1.0,True,True
AyXIDfvYg8,2024,0.0,1.179,1.0,1.0,True,True
AyzkDpuqcl,2024,1.0499999999999998,1.179,1.0,0.0,True,True
B1Tl99XWXC,2024,-0.5,1.179,0.0,0.0,True,True
B21c9hT1D7,2024,0.583333333333333,1.179,0.0,0.0,True,True
B4XM9nQ8Ns,2024,0.25,1.179,0.0,5.0,True,True
B4nhr6OJWI,2024,0.916666666666667,1.179,0.0,1.0,True,True
B4vzu2aokv,2024,0.0499999999999998,1.179,1.0,0.0,True,True
B5Tp4WwZl8,2024,0.5,1.179,0.0,0.0,True,True
B6t5wy6g5a,2024,-0.75,1.179,0.0,12.0,True,True
B9klVS7Ddk,2024,1.0,1.179,1.0,2.0,True,True
BE5aK0ETbp,2024,-0.5,1.179,1.0,3.0,True,True
BEyEziZ4R6,2024,0.583333333333333,1.179,1.0,0.0,True,True
BI1N3lTWtn,2024,0.0,1.179,1.0,0.0,True,True
BIveOmD1Nh,2024,0.583333333333333,1.179,1.0,0.0,True,True
BLGQ3oqldb,2024,0.25,1.179,1.0,0.0,True,True
BPHcEpGvF8,2024,0.0,1.179,1.0,1.0,True,True
BPb5AhT2Vf,2024,0.916666666666667,1.179,1.0,5.0,True,True
BRdEBlwUW6,2024,0.5,1.179,1.0,0.0,True,True
BTKAeLqLMw,2024,0.583333333333333,1.179,1.0,14.0,True,True
BUSZQWbRaR,2024,-1.0,1.179,0.0,1.0,True,True
BWSTBrmRqD,2024,0.25,1.179,0.0,0.0,True,True
BZtEthuXRF,2024,0.916666666666667,1.179,1.0,1.0,True,True
Bb21JPnhhr,2024,0.5,1.179,1.0,8.0,True,True
Bb4VGOWELI,2024,1.0,1.179,1.0,91.0,True,True
BdWLzmPKst,2024,-1.083333333333333,1.179,0.0,0.0,True,True
BfMQIJ0nLc,2024,-0.5,1.179,0.0,32.0,True,True
BgzE4zwkFW,2024,-0.4166666666666669,1.179,0.0,1.0,True,True
BifeBRhikU,2024,1.0,1.179,1.0,7.0,True,True
BjG6McP5nA,2024,0.583333333333333,1.179,0.0,0.0,True,True
BkvdAYhyqm,2024,0.583333333333333,1.179,0.0,6.0,True,True
Bl8u7ZRlbM,2024,0.5,1.179,1.0,9.0,True,True
BnQY9XiRAS,2024,-0.75,1.179,1.0,6.0,True,True
Bpcgcr8E8Z,2024,1.0499999999999998,1.179,1.0,19.0,True,True
Bpkhu2ExxU,2024,0.75,1.179,1.0,1.0,True,True
BqEvdOS1Hs,2024,0.25,1.179,1.0,0.0,True,True
BqHaLnans2,2024,0.4500000000000002,1.179,1.0,9.0,True,True
BrjLHbqiYs,2024,0.916666666666667,1.179,1.0,1.0,True,True
BtT6o5tfHu,2024,0.916666666666667,1.179,1.0,3.0,True,True
BtZ7vCt5QY,2024,0.916666666666667,1.179,1.0,0.0,True,True
BteuUysuXX,2024,0.916666666666667,1.179,1.0,4.0,True,True
BuFNoKBiMs,2024,0.583333333333333,1.179,1.0,0.0,True,True
Buvbx3xRdu,2024,-0.75,1.179,0.0,0.0,True,True
BwG8hwohU4,2024,-0.4166666666666669,1.179,0.0,0.0,True,True
BxHgpC6FNv,2024,-0.083333333333333,1.179,1.0,0.0,True,True
ByOPJantEd,2024,-0.25,1.179,0.0,6.0,True,True
ByXWN19vWP,2024,0.25,1.179,0.0,1.0,True,True
C36v8541Ns,2024,0.75,1.179,1.0,0.0,True,True
C4BikKsgmK,2024,0.25,1.179,1.0,7.0,True,True
C4CxQmp9wc,2024,0.5,1.179,1.0,3.0,True,True
C53xlgEqVh,2024,-0.5499999999999998,1.179,0.0,1.0,True,True
C5sxQsqv7X,2024,-0.3499999999999996,1.179,0.0,0.0,True,True
C5u71ph75Q,2024,-0.083333333333333,1.179,0.0,1.0,True,True
C6zFUEvgiU,2024,-1.083333333333333,1.179,0.0,2.0,True,True
C9uv8qR7RX,2024,-0.083333333333333,1.179,0.0,0.0,True,True
CAqdG2dy5s,2024,-0.25,1.179,1.0,3.0,True,True
CE7lUzrp1o,2024,-0.25,1.179,0.0,1.0,True,True
CH6DQGcI3a,2024,0.5,1.179,0.0,0.0,True,True
CHGcP6lVWd,2024,0.4500000000000002,1.179,1.0,1.0,True,True
CIqjp9yTDq,2024,0.5,1.179,1.0,0.0,True,True
CK5Hfb5hBG,2024,0.75,1.179,1.0,6.0,True,True
CMzF2aOfqp,2024,0.0,1.179,1.0,1.0,True,True
CNL2bku4ra,2024,-0.5,1.179,1.0,1.0,True,True
COYDmKkQH4,2024,-0.083333333333333,1.179,1.0,0.0,True,True
CTlUHIKF71,2024,-0.5,1.179,1.0,0.0,True,True
CUfSCwcgqm,2024,0.916666666666667,1.179,1.0,0.0,True,True
CX2RgsS29V,2024,0.5,1.179,1.0,0.0,True,True
CXjz7p4qha,2024,-0.5,1.179,0.0,0.0,True,True
CY9f6G89Rv,2024,-0.4166666666666669,1.179,0.0,0.0,True,True
CZiY6OLktd,2024,0.25,1.179,1.0,0.0,True,True
CeJEfNKstt,2024,-0.5,1.179,0.0,17.0,True,True
Cf4FJGmHRQ,2024,0.25,1.179,1.0,0.0,True,True
CfXh93NDgH,2024,0.25,1.179,1.0,108.0,True,True
CgPs04l9TO,2024,-0.4166666666666669,1.179,1.0,0.0,True,True
Ch7WqGcGmb,2024,0.0,1.179,1.0,1.0,True,True
CkDon7WpX1,2024,-0.5,1.179,0.0,0.0,True,True
ClqyY6Bvb7,2024,0.0,1.179,0.0,0.0,True,True
CpnKq3UJwp,2024,0.75,1.179,1.0,0.0,True,True
CtOA9aN8fr,2024,-0.5,1.179,1.0,0.0,True,True
CupHThqQl3,2024,-1.0,1.179,0.0,0.0,True,True
CvYBvgEUK9,2024,0.4500000000000002,1.179,1.0,0.0,True,True
D0zeqL7Vnz,2024,-0.25,1.179,0.0,0.0,True,True
D2eOVqPX9g,2024,0.5,1.179,1.0,1.0,True,True
D7KJmfEDQP,2024,0.25,1.179,1.0,2.0,True,True
D9rJdtmIG6,2024,0.916666666666667,1.179,1.0,0.0,True,True
DDX1u29Gqr,2024,0.5,1.179,1.0,24.0,True,True
DEJIDCmWOz,2024,0.25,1.179,1.0,23.0,True,True
DJZDgMOLXQ,2024,0.75,1.179,1.0,3.0,True,True
DL7JWbdGr3,2024,-1.0,1.179,0.0,0.0,True,True
DLJznSp6X3,2024,0.0,1.179,1.0,11.0,True,True
DO2WFXU1Be,2024,0.75,1.179,1.0,24.0,True,True
DQCZiKb3Uy,2024,-0.25,1.179,0.0,6.0,True,True
DS5qRs0tQz,2024,0.25,1.179,0.0,241.0,True,True
DTwpuoaea4,2024,0.25,1.179,0.0,0.0,True,True
DUkYDXqxKp,2024,-1.0,1.179,0.0,18.0,True,True
DYIIRgwg2i,2024,-0.75,1.179,1.0,0.0,True,True
DZUzOKE6og,2024,0.25,1.179,1.0,4.0,True,True
DZyhUXpEee,2024,0.0,1.179,0.0,1.0,True,True
Dc4rXq3HIA,2024,0.916666666666667,1.179,1.0,2.0,True,True
DesYwmUG00,2024,0.583333333333333,1.179,1.0,4.0,True,True
DfPtC8uSot,2024,1.0,1.179,1.0,2.0,True,True
Di7xKawV7x,2024,-0.4166666666666669,1.179,0.0,0.0,True,True
Diq6urt3lS,2024,-0.5,1.179,1.0,0.0,True,True
DjeQ39QoLQ,2024,0.75,1.179,1.0,1.0,True,True
Djw0XhjHZb,2024,0.25,1.179,1.0,0.0,True,True
Dk1ybhMrJv,2024,-0.4166666666666669,1.179,0.0,0.0,True,True
DmD1wboID9,2024,0.5,1.179,1.0,3.0,True,True
DpFeMH4l8Q,2024,-0.083333333333333,1.179,1.0,0.0,True,True
Dq7iJqKKM7,2024,-1.083333333333333,1.179,0.0,1.0,True,True
DqD59dQP37,2024,-0.083333333333333,1.179,1.0,0.0,True,True
DsEhqQtfAG,2024,0.75,1.179,1.0,6.0,True,True
DuQkqSe9en,2024,0.0,1.179,1.0,0.0,True,True
DwcV654WBP,2024,0.75,1.179,0.0,2.0,True,True
Dxl0EuFjlf,2024,0.25,1.179,0.0,5.0,True,True
DzxaRFVsgC,2024,-0.25,1.179,0.0,32.0,True,True
E296x0YpML,2024,-0.25,1.179,0.0,0.0,True,True
E34AlVLN0v,2024,0.25,1.179,1.0,1.0,True,True
E3jq8f8t3d,2024,0.916666666666667,1.179,0.0,1.0,True,True
E60SIDItyT,2024,0.25,1.179,1.0,0.0,True,True
E6EbeJR20o,2024,-0.25,1.179,0.0,1.0,True,True
EA8dTp96GY,2024,-0.75,1.179,0.0,0.0,True,True
EAkjVCtRO2,2024,0.25,1.179,0.0,0.0,True,True
EAvcKbUXwb,2024,-0.4166666666666669,1.179,0.0,0.0,True,True
EBUoTvVtMM,2024,-0.25,1.179,0.0,2.0,True,True
EDPxCjXzSb,2024,-0.25,1.179,1.0,3.0,True,True
EDXkkUAIFW,2024,-0.5,1.179,1.0,0.0,True,True
EE75tyB5Ay,2024,-0.4166666666666669,1.179,0.0,0.0,True,True
EFGwiZ2pAW,2024,-1.083333333333333,1.179,0.0,6.0,True,True
EGQBpkIEuu,2024,0.25,1.179,1.0,3.0,True,True
EGjvMcKrrl,2024,0.25,1.179,0.0,0.0,True,True
EHg5GDnyq1,2024,0.25,1.179,1.0,,True,False
EIPLdFy3vp,2024,0.8499999999999996,1.179,1.0,1.0,True,True
EJPIzl7mgc,2024,0.25,1.179,1.0,0.0,True,True
EJvFFedM2I,2024,0.0499999999999998,1.179,0.0,4.0,True,True
EMCXCTsmSx,2024,-0.25,1.179,0.0,3.0,True,True
EPNEazJoAg,2024,0.25,1.179,1.0,2.0,True,True
EPfGHb9Y68,2024,-1.0,1.179,0.0,0.0,True,True
ESq3U7z6FD,2024,0.25,1.179,0.0,0.0,True,True
EanCFCwAjM,2024,0.75,1.179,1.0,3.0,True,True
Ebt7JgMHv1,2024,0.583333333333333,1.179,1.0,1.0,True,True
Eh0Od2BJIM,2024,0.583333333333333,1.179,1.0,9.0,True,True
EhmEwfavOW,2024,0.75,1.179,1.0,4.0,True,True
EmQSOi1X2f,2024,0.25,1.179,1.0,46.0,True,True
EnXJfQqy0K,2024,0.75,1.179,1.0,37.0,True,True
Eo7kv0sllr,2024,0.75,1.179,1.0,3.0,True,True
Ep0TtjVoap,2024,1.0,1.179,1.0,20.0,True,True
EpYnZpDpsQ,2024,0.4500000000000002,1.179,1.0,3.0,True,True
EraNITdn34,2024,-0.083333333333333,1.179,0.0,0.0,True,True
EriR6Ec69a,2024,0.75,1.179,1.0,0.0,True,True
Ev10F9TWML,2024,0.25,1.179,1.0,0.0,True,True
EvDeiLv7qc,2024,1.0,1.179,1.0,11.0,True,True
EvwnYpesoD,2024,0.0,1.179,0.0,0.0,True,True
ExZ5gonvhs,2024,-0.4166666666666669,1.179,0.0,0.0,True,True
EyC5qvRPz7,2024,-1.0,1.179,0.0,,True,False
EyfOZKXpcN,2024,-0.25,1.179,0.0,10.0,True,True
F0XXA9OG13,2024,-0.75,1.179,0.0,1.0,True,True
F76bwRSLeK,2024,-0.9500000000000002,1.179,1.0,40.0,True,True
F9Qy7mH34l,2024,0.0,1.179,0.0,0.0,True,True
FAO4VS9QRV,2024,-0.75,1.179,0.0,7.0,True,True
FDb2JQZsFH,2024,1.0499999999999998,1.179,1.0,0.0,True,True
FGoq622oqY,2024,-0.1500000000000003,1.179,0.0,2.0,True,True
FHqAzWl2wE,2024,0.25,1.179,1.0,1.0,True,True
FIGXAxr9E4,2024,0.25,1.179,1.0,2.0,True,True
FIplmUWdm3,2024,0.25,1.179,1.0,11.0,True,True
FJWT0692hw,2024,0.25,1.179,1.0,1.0,True,True
FJiUyzOF1m,2024,0.75,1.179,1.0,0.0,True,True
FMMF1a9ifL,2024,0.75,1.179,1.0,2.0,True,True
FNq3nIvP4F,2024,-0.25,1.179,1.0,12.0,True,True
FOSBQuXgAq,2024,-0.1500000000000003,1.179,1.0,1.0,True,True
FPpLTTvzR0,2024,0.5,1.179,0.0,0.0,True,True
FQepisCUWu,2024,-0.1500000000000003,1.179,1.0,54.0,True,True
FRCHDhbxZF,2024,0.25,1.179,1.0,0.0,True,True
FUgrjq2pbB,2024,0.75,1.179,1.0,72.0,True,True
FWJAmwE0xH,2024,0.5,1.179,1.0,4.0,True,True
FbuyDzZTPt,2024,0.25,1.179,1.0,0.0,True,True
FcxwXnYXWh,2024,-1.0,1.179,0.0,0.0,True,True
FdVXgSJhvz,2024,0.25,1.179,1.0,15.0,True,True
FddFxi08J3,2024,0.75,1.179,1.0,3.0,True,True
Feiz5HtCD0,2024,-0.083333333333333,1.179,1.0,15.0,True,True
FeqxK6PW79,2024,-1.0,1.179,0.0,1.0,True,True
Ffjc8ApSbt,2024,0.916666666666667,1.179,1.0,7.0,True,True
Fj7Fzm5lWL,2024,-0.5,1.179,1.0,0.0,True,True
FlEUIydMMh,2024,-0.9500000000000002,1.179,0.0,1.0,True,True
FlvtjAB0gl,2024,0.5,1.179,1.0,3.0,True,True
Fn655mJ4bv,2024,-0.75,1.179,1.0,0.0,True,True
Fq8tKtjACC,2024,0.25,1.179,0.0,98.0,True,True
FvK2noilxT,2024,0.75,1.179,1.0,2.0,True,True
FwdnG0xR02,2024,-1.083333333333333,1.179,0.0,4.0,True,True
G0EVNrBQh6,2024,-0.1500000000000003,1.179,0.0,0.0,True,True
G0uzEweZB1,2024,-1.1500000000000004,1.179,0.0,6.0,True,True
G0vdDSt9XM,2024,0.916666666666667,1.179,1.0,8.0,True,True
G1DoOVM3xZ,2024,-0.5,1.179,0.0,1.0,True,True
G1Hlubz1fR,2024,0.25,1.179,1.0,1.0,True,True
G7UtIGQmjm,2024,-0.916666666666667,1.179,1.0,12.0,True,True
GH2LYb9XV0,2024,-0.25,1.179,1.0,0.0,True,True
GIUjLsDP4Z,2024,0.0,1.179,1.0,2.0,True,True
GKxmmAwxj1,2024,0.0,1.179,0.0,2.0,True,True
GOt2kP383R,2024,-0.5,1.179,0.0,0.0,True,True
GPKTIktA0k,2024,0.75,1.179,1.0,31.0,True,True
GRlKzhHl9Z,2024,-0.4166666666666669,1.179,0.0,3.0,True,True
GSBHKiw19c,2024,0.75,1.179,1.0,0.0,True,True
GTk0AdOYLq,2024,0.0,1.179,1.0,1.0,True,True
GURqUuTebY,2024,0.5,1.179,1.0,0.0,True,True
GW4j4n2cjH,2024,0.5,1.179,1.0,7.0,True,True
GXtmuiVrOM,2024,0.25,1.179,1.0,0.0,True,True
GY1fKFXG5i,2024,0.8499999999999996,1.179,0.0,0.0,True,True
GaLCLvJaoF,2024,0.75,1.179,1.0,0.0,True,True
GdTOzdAX5A,2024,0.0,1.179,0.0,0.0,True,True
Gdm87rRjep,2024,0.0,1.179,0.0,5.0,True,True
Ge0GEOvifh,2024,-1.083333333333333,1.179,0.0,0.0,True,True
Gf15GsnfTy,2024,-0.083333333333333,1.179,1.0,0.0,True,True
GgEAdqYPNA,2024,-0.25,1.179,1.0,3.0,True,True
GhYXocT75t,2024,-1.083333333333333,1.179,0.0,1.0,True,True
GkJiNn2QDF,2024,-0.75,1.179,1.0,9.0,True,True
Glcsog6zOe,2024,-0.5,1.179,1.0,6.0,True,True
GlpawHh80l,2024,0.0,1.179,1.0,1.0,True,True
GnOLWS4Llt,2024,-0.75,1.179,1.0,0.0,True,True
Gq1Zjhovjr,2024,-1.1500000000000004,1.179,0.0,0.0,True,True
GruDNzQ4ux,2024,0.0,1.179,1.0,1.0,True,True
GtnNhtuVrc,2024,-0.5,1.179,0.0,6.0,True,True
GxCGsxiAaK,2024,0.0,1.179,1.0,8.0,True,True
GzNhzX9kVa,2024,-0.75,1.179,1.0,1.0,True,True
H3IUunLy8s,2024,0.916666666666667,1.179,1.0,1.0,True,True
H3N5JJfqMX,2024,-0.5,1.179,0.0,0.0,True,True
H4zAFFyoXK,2024,0.5,1.179,0.0,2.0,True,True
H5XZLeXWPS,2024,-0.25,1.179,0.0,9.0,True,True
H7R0z6V9fR,2024,-0.5,1.179,0.0,1.0,True,True
H8CtXin7mZ,2024,-0.5,1.179,0.0,0.0,True,True
H8Qg1IIMaR,2024,-0.25,1.179,0.0,4.0,True,True
H98CVcX1eh,2024,0.75,1.179,1.0,0.0,True,True
H9DYMIpz9c,2024,-0.75,1.179,0.0,0.0,True,True
HANfmG6tQK,2024,-0.083333333333333,1.179,0.0,0.0,True,True
HC0msxE3sf,2024,0.25,1.179,1.0,2.0,True,True
HD5Y7M8Xdk,2024,1.0,1.179,1.0,0.0,True,True
HFtrXBfNru,2024,0.25,1.179,1.0,0.0,True,True
HHWlwxDeRn,2024,0.25,1.179,1.0,2.0,True,True
HHbRxoDTxE,2024,0.583333333333333,1.179,1.0,0.0,True,True
HKGQDDTuvZ,2024,0.25,1.179,1.0,7.0,True,True
HKV45Y0rFz,2024,-1.0,1.179,0.0,1.0,True,True
HKgRwNhI9R,2024,0.0,1.179,1.0,2.0,True,True
HKkiX32Zw1,2024,0.0499999999999998,1.179,0.0,27.0,True,True
HRkyLbBRHI,2024,0.583333333333333,1.179,1.0,0.0,True,True
HT2dAhh4uV,2024,0.75,1.179,1.0,0.0,True,True
HW2lIdrvPb,2024,-0.083333333333333,1.179,0.0,1.0,True,True
HX5ujdsSon,2024,0.916666666666667,1.179,1.0,0.0,True,True
HXWTXXtHNl,2024,0.0,1.179,1.0,0.0,True,True
HXc5aXeoc8,2024,1.0,1.179,1.0,1.0,True,True
HXjXPQU3yJ,2024,0.5,1.179,0.0,1.0,True,True
HXoq9EqR9e,2024,0.75,1.179,1.0,0.0,True,True
HYyRwm367m,2024,0.75,1.179,1.0,0.0,True,True
HZ3S17EI0o,2024,0.5,1.179,1.0,0.0,True,True
HZndRcfyNI,2024,0.75,1.179,1.0,0.0,True,True
HaLxcQ6OOm,2024,-0.5,1.179,0.0,3.0,True,True
HadkNCPhfU,2024,-0.5,1.179,0.0,0.0,True,True
HdAoLSBYXj,2024,0.25,1.179,1.0,1.0,True,True
HexshmBu0P,2024,-0.4166666666666669,1.179,0.0,15.0,True,True
Hf17y6u9BC,2024,0.916666666666667,1.179,1.0,4.0,True,True
HfXDrAzFvG,2024,0.25,1.179,1.0,0.0,True,True
HgVEz6wwbM,2024,-1.1500000000000004,1.179,0.0,7.0,True,True
HgZUcwFhjr,2024,0.6500000000000004,1.179,1.0,0.0,True,True
HhVns87e74,2024,-0.5,1.179,0.0,1.0,True,True
HiYMiZYwkw,2024,0.25,1.179,1.0,1.0,True,True
HoY24hOeVP,2024,-0.3499999999999996,1.179,0.0,0.0,True,True
HrRKc9ei7h,2024,0.5,1.179,1.0,0.0,True,True
HrTGl8AhnS,2024,-0.75,1.179,0.0,2.0,True,True
I0gwsdSgsk,2024,-0.75,1.179,0.0,0.0,True,True
I1jIKhMJ8y,2024,-0.5,1.179,0.0,0.0,True,True
I1quoTXZzc,2024,0.6500000000000004,1.179,1.0,1.0,True,True
I2mIxuXA72,2024,-1.0,1.179,1.0,0.0,True,True
I4wB3HA3dJ,2024,0.5,1.179,1.0,2.0,True,True
I5webNFDgQ,2024,0.5,1.179,1.0,31.0,True,True
IAWIgFT71j,2024,-0.5,1.179,0.0,17.0,True,True
IB1HqbA2Pn,2024,-0.25,1.179,0.0,6.0,True,True
ICSvW69W5K,2024,-0.75,1.179,0.0,0.0,True,True
IEduRUO55F,2024,0.5,1.179,1.0,48.0,True,True
IKOAJG6mru,2024,-0.75,1.179,0.0,3.0,True,True
IKkFJgAdlW,2024,-1.0,1.179,0.0,3.0,True,True
ILqA09Oeq2,2024,0.4500000000000002,1.179,1.0,0.0,True,True
IOEEDkla96,2024,0.25,1.179,1.0,0.0,True,True
IPhm01y9a9,2024,0.25,1.179,1.0,0.0,True,True
ISfY3YMXxU,2024,0.0,1.179,0.0,0.0,True,True
ITq4ZRUT4a,2024,0.25,1.179,1.0,8.0,True,True
IZMPWmcS3H,2024,0.916666666666667,1.179,1.0,5.0,True,True
IcR1OOFzxm,2024,0.75,1.179,1.0,0.0,True,True
IcVNBR7qZi,2024,0.5,1.179,1.0,0.0,True,True
IhWtRwIbos,2024,-1.083333333333333,1.179,0.0,0.0,True,True
Iip7rt9UL3,2024,-1.0,1.179,0.0,27.0,True,True
IkmD3fKBPQ,2024,1.0,1.179,1.0,32.0,True,True
ImwrWH6U0Y,2024,-1.0,1.179,0.0,0.0,True,True
Io0Q37X5fP,2024,-0.75,1.179,0.0,2.0,True,True
IoKRezZMxF,2024,0.25,1.179,1.0,0.0,True,True
IsGsv8qEHp,2024,-0.75,1.179,0.0,1.0,True,True
IuXR1CCrSi,2024,0.25,1.179,1.0,10.0,True,True
Iyve2ycvGZ,2024,0.25,1.179,1.0,0.0,True,True
IzqZbNMZ0M,2024,0.5,1.179,1.0,0.0,True,True
J1SzMZn5lH,2024,-0.083333333333333,1.179,0.0,0.0,True,True
J9Vwp7TiE5,2024,0.25,1.179,0.0,0.0,True,True
J9wzKfgZVK,2024,-0.4166666666666669,1.179,0.0,4.0,True,True
JAKcnjzQI3,2024,-0.5,1.179,0.0,0.0,True,True
JB3lbDtsFS,2024,-0.25,1.179,0.0,0.0,True,True
JLulsRraDc,2024,0.25,1.179,0.0,1.0,True,True
JN7TcCm9LF,2024,0.583333333333333,1.179,1.0,0.0,True,True
JORAfH2xFd,2024,1.0,1.179,1.0,1.0,True,True
JTBe1WG3Ws,2024,0.25,1.179,0.0,2.0,True,True
JW3jTjaaAB,2024,0.75,1.179,1.0,5.0,True,True
JWpwDdVbaM,2024,0.25,1.179,1.0,0.0,True,True
JWrl5pJCnl,2024,-0.75,1.179,0.0,30.0,True,True
JXjXeTsqgW,2024,-0.5,1.179,0.0,1.0,True,True
JXm3QYlNPn,2024,-0.5,1.179,0.0,1.0,True,True
JYu5Flqm9D,2024,0.0,1.179,1.0,2.0,True,True
JZC8cEmMWY,2024,-1.0,1.179,0.0,0.0,True,True
JauBLBEjOy,2024,0.25,1.179,0.0,1.0,True,True
JbcwfmYrob,2024,0.916666666666667,1.179,1.0,0.0,True,True
JewzobRhay,2024,0.75,1.179,1.0,4.0,True,True
Jf5gplvglq,2024,0.583333333333333,1.179,1.0,6.0,True,True
JfqN3gu0i7,2024,-0.25,1.179,1.0,1.0,True,True
JgqftqZQZ7,2024,0.75,1.179,1.0,10.0,True,True
Jhu4dQv5rY,2024,-1.083333333333333,1.179,0.0,0.0,True,True
JiTVtCUOpS,2024,0.25,1.179,1.0,4.0,True,True
JnRStoIuTe,2024,-0.5499999999999998,1.179,1.0,6.0,True,True
JpyWPfzu0b,2024,-0.083333333333333,1.179,0.0,26.0,True,True
JrmPG9ufKg,2024,0.583333333333333,1.179,1.0,0.0,True,True
Js5PJPHDyY,2024,0.25,1.179,1.0,1.0,True,True
JshLcbPI9J,2024,-0.75,1.179,0.0,1.0,True,True
JsnR0YO4Fq,2024,0.75,1.179,1.0,1.0,True,True
JtKGkz9fAe,2024,0.5,1.179,1.0,1.0,True,True
JzAuFCKiov,2024,-0.25,1.179,0.0,4.0,True,True
JzG7kSpjJk,2024,0.25,1.179,1.0,1.0,True,True
K2c04ulKXn,2024,0.5,1.179,1.0,0.0,True,True
K4fd38VWHt,2024,-1.0,1.179,0.0,0.0,True,True
K6iBe17Y16,2024,-0.3499999999999996,1.179,0.0,0.0,True,True
K6kt50zAiG,2024,0.0,1.179,1.0,0.0,True,True
K7KQkiHanD,2024,-0.25,1.179,0.0,29.0,True,True
K804zYw6Wc,2024,0.0,1.179,0.0,3.0,True,True
K8Mbkn9c4Q,2024,0.0,1.179,0.0,0.0,True,True
K98byXpOpU,2024,-0.75,1.179,0.0,0.0,True,True
KAk6ngZ09F,2024,1.0,1.179,1.0,15.0,True,True
KEpR8hFzvO,2024,-0.75,1.179,0.0,2.0,True,True
KFjCFxiGk4,2024,0.25,1.179,0.0,2.0,True,True
KI9NqjLVDT,2024,0.583333333333333,1.179,1.0,4.0,True,True
KJYIgEteHX,2024,1.0499999999999998,1.179,0.0,4.0,True,True
KJzwUyryyl,2024,-0.75,1.179,0.0,0.0,True,True
KNtcoAM5Gy,2024,-0.25,1.179,0.0,0.0,True,True
KNvubydSB5,2024,0.6500000000000004,1.179,1.0,1.0,True,True
KOZu91CzbK,2024,-0.083333333333333,1.179,1.0,4.0,True,True
KQ2i6jazVK,2024,0.8499999999999996,1.179,1.0,1.0,True,True
KQe9tHd0k8,2024,0.0499999999999998,1.179,1.0,0.0,True,True
KSjPaXtxP8,2024,0.75,1.179,1.0,3.0,True,True
KSvRZFCy7s,2024,-1.0,1.179,0.0,1.0,True,True
KTf4DGAzus,2024,-0.25,1.179,1.0,1.0,True,True
KUnFOgAy1D,2024,-0.5499999999999998,1.179,0.0,0.0,True,True
KW3aAxkhE1,2024,0.25,1.179,0.0,0.0,True,True
KWO8LSUC5W,2024,-0.1500000000000003,1.179,1.0,0.0,True,True
KZaEdLM4Gn,2024,-1.083333333333333,1.179,0.0,3.0,True,True
KjegfPGRde,2024,0.25,1.179,1.0,1.0,True,True
KknWbD5j95,2024,-0.3499999999999996,1.179,0.0,17.0,True,True
KkrDUGIASk,2024,1.0,1.179,1.0,2.0,True,True
Km3Kprwyua,2024,0.25,1.179,0.0,3.0,True,True
Kn7tWhuetn,2024,1.0499999999999998,1.179,1.0,0.0,True,True
KpoQSgxbKH,2024,0.0,1.179,1.0,0.0,True,True
Kq5avXrkpY,2024,0.0,1.179,0.0,2.0,True,True
KqbCvIFBY7,2024,0.25,1.179,1.0,3.0,True,True
KrOmLMFYHi,2024,-0.75,1.179,0.0,1.0,True,True
KrtGfTGaGe,2024,1.0,1.179,1.0,0.0,True,True
KuPixIqPiq,2024,0.25,1.179,1.0,72.0,True,True
Kuh5qgCGCp,2024,-0.25,1.179,1.0,13.0,True,True
L2kbdthX5M,2024,0.5,1.179,0.0,1.0,True,True
L3FHMoKZcS,2024,0.25,1.179,1.0,7.0,True,True
L3yJ54gv3H,2024,-1.0,1.179,0.0,1.0,True,True
L4nOxziGf9,2024,0.25,1.179,1.0,1.0,True,True
L6CgvBarc4,2024,0.5,1.179,0.0,0.0,True,True
L6L1CJQ2PE,2024,1.0,1.179,1.0,5.0,True,True
L9kwewFGQZ,2024,-1.1500000000000004,1.179,0.0,0.0,True,True
LAEd3kHao9,2024,-0.5,1.179,0.0,3.0,True,True
LCQ7YTzgRQ,2024,0.5,1.179,0.0,0.0,True,True
LEYUkvdUhq,2024,0.0,1.179,1.0,6.0,True,True
LH2JNpfwdH,2024,-0.083333333333333,1.179,0.0,0.0,True,True
LJWizuuBUy,2024,0.6500000000000004,1.179,1.0,0.0,True,True
LNLjU5C5dK,2024,0.75,1.179,1.0,1.0,True,True
LQ6LQ8f4y8,2024,0.0,1.179,1.0,0.0,True,True
LSYhE2hLWG,2024,0.75,1.179,1.0,1.0,True,True
LTHWoQ9ac1,2024,0.25,1.179,0.0,0.0,True,True
LUEe72DwPG,2024,-1.0,1.179,0.0,0.0,True,True
LUcdXA8hAa,2024,-1.0,1.179,0.0,0.0,True,True
LWmuPfEYhH,2024,-0.75,1.179,1.0,2.0,True,True
LWuYsSD94h,2024,0.25,1.179,1.0,0.0,True,True
LY3ukUANko,2024,0.583333333333333,1.179,1.0,0.0,True,True
LYS3RhIYCq,2024,0.4500000000000002,1.179,0.0,0.0,True,True
LZIOBA2oDU,2024,-0.4166666666666669,1.179,1.0,1.0,True,True
LbJqRGNYCf,2024,0.0,1.179,1.0,0.0,True,True
LemSSn8htt,2024,0.916666666666667,1.179,1.0,0.0,True,True
Let8OMe20n,2024,0.25,1.179,1.0,0.0,True,True
LfDUzzQa3g,2024,-0.25,1.179,0.0,0.0,True,True
LfhG5znxzR,2024,-0.25,1.179,0.0,2.0,True,True
LfmZh91tDI,2024,0.25,1.179,1.0,0.0,True,True
LjeqMvQpen,2024,0.75,1.179,1.0,0.0,True,True
LjivA1SLZ6,2024,0.25,1.179,1.0,3.0,True,True
LjygLD0AkT,2024,-0.75,1.179,0.0,0.0,True,True
LnLySuf1vp,2024,-0.5,1.179,1.0,5.0,True,True
LojXXo2xaf,2024,0.25,1.179,0.0,9.0,True,True
LokR2TTFMs,2024,0.75,1.179,1.0,5.0,True,True
LqRGsGWOTX,2024,1.0499999999999998,1.179,1.0,1.0,True,True
LqaEEs3UxU,2024,0.0,1.179,1.0,5.0,True,True
LsURkIPYR5,2024,0.25,1.179,1.0,10.0,True,True
Lu5gGqhFTw,2024,-0.5,1.179,0.0,0.0,True,True
Lvf7GnaLru,2024,0.0,1.179,1.0,1.0,True,True
LxruQOI93v,2024,-0.75,1.179,0.0,1.0,True,True
M0QHJI9OuF,2024,-1.083333333333333,1.179,0.0,0.0,True,True
M36m3buBVD,2024,-1.0,1.179,0.0,0.0,True,True
MCNqgUFTHI,2024,0.583333333333333,1.179,1.0,2.0,True,True
MEGQGNUfPx,2024,0.25,1.179,1.0,0.0,True,True
MHQMZ8FOL5,2024,-0.25,1.179,0.0,0.0,True,True
MIEnYtlGyv,2024,0.75,1.179,1.0,4.0,True,True
MJ3K7uDGGl,2024,0.75,1.179,1.0,4.0,True,True
MJksrOhurE,2024,0.5,1.179,1.0,3.0,True,True
MM30SJ4wAf,2024,-0.25,1.179,0.0,0.0,True,True
MNShbDSxKH,2024,0.0,1.179,1.0,1.0,True,True
MO632iPq3I,2024,0.5,1.179,1.0,1.0,True,True
MOmqfJovQ6,2024,0.0,1.179,1.0,1.0,True,True
MREQ0k6qvD,2024,0.583333333333333,1.179,1.0,2.0,True,True
MSe8YFbhUE,2024,0.75,1.179,1.0,3.0,True,True
MU6jInwj7p,2024,-0.5,1.179,0.0,0.0,True,True
MVmT6uQ3cQ,2024,0.25,1.179,1.0,0.0,True,True
MXI8aSgl53,2024,-1.0,1.179,0.0,1.0,True,True
MY8SBpUece,2024,-0.25,1.179,0.0,2.0,True,True
MZs2dgOudB,2024,-0.75,1.179,0.0,0.0,True,True
MZzlUyU2ih,2024,0.5,1.179,0.0,4.0,True,True
MbfAK4s61A,2024,1.0,1.179,1.0,14.0,True,True
MeB86edZ1P,2024,0.75,1.179,1.0,2.0,True,True
MloaGA6WwX,2024,0.25,1.179,1.0,0.0,True,True
MnMWa94t12,2024,0.916666666666667,1.179,1.0,0.0,True,True
MpyFAhH9CK,2024,0.25,1.179,1.0,1.0,True,True
Mqukp3Lsnt,2024,-0.75,1.179,0.0,0.0,True,True
MrYiwlDRQO,2024,0.583333333333333,1.179,1.0,1.0,True,True
Mtlt3RQTXJ,2024,-1.0,1.179,0.0,3.0,True,True
My7lkRNnL9,2024,0.75,1.179,1.0,7.0,True,True
N0I2RtD8je,2024,-0.1500000000000003,1.179,1.0,6.0,True,True
N0gT4A0jNV,2024,0.25,1.179,1.0,3.0,True,True
N0isTh3rml,2024,-1.083333333333333,1.179,0.0,0.0,True,True
N0nTk5BSvO,2024,0.0,1.179,1.0,3.0,True,True
N1gmpVd4iE,2024,0.0499999999999998,1.179,0.0,8.0,True,True
N23A4ybMJr,2024,0.0,1.179,1.0,0.0,True,True
N2Kdq5biZx,2024,-0.4166666666666669,1.179,0.0,1.0,True,True
N2WchST43h,2024,0.0,1.179,1.0,2.0,True,True
N5ID99rsUq,2024,-0.5,1.179,0.0,0.0,True,True
N6o0ZtPzTg,2024,0.25,1.179,1.0,5.0,True,True
NDkpxG94sF,2024,0.25,1.179,1.0,4.0,True,True
NL6bspkWft,2024,-0.5,1.179,0.0,6.0,True,True
NLPzL6HWNl,2024,-0.25,1.179,1.0,5.0,True,True
NLevOah0CJ,2024,0.583333333333333,1.179,1.0,0.0,True,True
NSDszJ2uIV,2024,0.583333333333333,1.179,1.0,6.0,True,True
NSIVHTbZBR,2024,-0.25,1.179,1.0,1.0,True,True
NTNLlEmx8Y,2024,-1.0,1.179,0.0,0.0,True,True
NTWtNjlThd,2024,-0.5,1.179,0.0,0.0,True,True
NY3wMJuaLf,2024,0.25,1.179,1.0,2.0,True,True
NZtF0um8S7,2024,-0.25,1.179,0.0,0.0,True,True
NdbUfhttc1,2024,-0.75,1.179,0.0,2.0,True,True
NddKiWtdUm,2024,0.4500000000000002,1.179,1.0,15.0,True,True
Nf4Lm6fXN8,2024,0.75,1.179,1.0,1.0,True,True
Nfu3bUkmdH,2024,-0.083333333333333,1.179,0.0,2.0,True,True
Ng7OYC3PT8,2024,-1.1500000000000004,1.179,0.0,1.0,True,True
NgaLU2fP5D,2024,1.0,1.179,1.0,2.0,True,True
Nil8G449BI,2024,-0.25,1.179,0.0,2.0,True,True
NltzxpG0nz,2024,-0.25,1.179,1.0,4.0,True,True
NnYaYVODyV,2024,0.8499999999999996,1.179,1.0,0.0,True,True
NnyD0Rjx2B,2024,0.25,1.179,1.0,1.0,True,True
Nq45xeghcL,2024,1.0,1.179,1.0,0.0,True,True
NqQjoncEDR,2024,-1.0,1.179,0.0,0.0,True,True
NsCXDyv2Bn,2024,0.25,1.179,1.0,0.0,True,True
Nu7dDaVF5a,2024,0.25,1.179,1.0,2.0,True,True
Nu9mOSq7eH,2024,-0.25,1.179,1.0,0.0,True,True
NvJxTjTQtq,2024,0.25,1.179,0.0,2.0,True,True
NvSwR4IvLO,2024,-1.083333333333333,1.179,0.0,148.0,True,True
NvbeD9Ttkx,2024,0.5,1.179,1.0,0.0,True,True
NxoFmGgWC9,2024,-0.25,1.179,1.0,4.0,True,True
Ny150AblPu,2024,0.25,1.179,1.0,0.0,True,True
NzxCMe88HX,2024,0.0,1.179,1.0,0.0,True,True
O04DqGdAqQ,2024,-0.25,1.179,0.0,0.0,True,True
O072Rc8uUy,2024,0.0,1.179,1.0,4.0,True,True
O9PArxKLe1,2024,0.75,1.179,1.0,0.0,True,True
OCqyFVFNeF,2024,0.583333333333333,1.179,1.0,0.0,True,True
OCx7dp58H1,2024,0.0,1.179,0.0,0.0,True,True
OEL4FJMg1b,2024,0.25,1.179,1.0,33.0,True,True
OF5x1dzWSS,2024,0.916666666666667,1.179,1.0,0.0,True,True
OHpvivXrQr,2024,-0.5,1.179,1.0,,True,False
OMwD6pGYB4,2024,0.0,1.179,0.0,0.0,True,True
ONPECq0Rk7,2024,0.75,1.179,1.0,0.0,True,True
ONhwvkaIe6,2024,0.25,1.179,0.0,0.0,True,True
OPpqmSp0wK,2024,-0.75,1.179,0.0,4.0,True,True
OROKjdAfjs,2024,0.25,1.179,0.0,6.0,True,True
ORUiqcLpV6,2024,0.25,1.179,1.0,3.0,True,True
OTMPdMH9JL,2024,0.75,1.179,0.0,1.0,True,True
OXv0zQ1umU,2024,0.5,1.179,1.0,2.0,True,True
OZ3syNYe7D,2024,-0.75,1.179,0.0,0.0,True,True
OZitfSXpdT,2024,0.75,1.179,1.0,2.0,True,True
Od39h4XQ3Y,2024,0.25,1.179,1.0,2.0,True,True
OeH6Fdhv7q,2024,0.75,1.179,1.0,1.0,True,True
Of2RhzJ8UJ,2024,-0.75,1.179,0.0,0.0,True,True
OlwW4ZG3Ta,2024,-1.0,1.179,0.0,0.0,True,True
OqTMUPuLuC,2024,0.5,1.179,1.0,37.0,True,True
OqlmgmS4Wr,2024,0.25,1.179,0.0,2.0,True,True
OsGUnYOzii,2024,0.75,1.179,1.0,,True,False
OuV9ZrkQlc,2024,1.0,1.179,1.0,3.0,True,True
OvlcyABNQT,2024,1.0499999999999998,1.179,1.0,0.0,True,True
Oz6ABL8o8C,2024,-0.75,1.179,0.0,0.0,True,True
P1ANzoGg3W,2024,0.75,1.179,1.0,1.0,True,True
P2gnDEHGu3,2024,-0.5,1.179,0.0,2.0,True,True
PAfnMGXief,2024,-0.75,1.179,1.0,0.0,True,True
PBSmr51fCR,2024,-0.75,1.179,0.0,3.0,True,True
PCm1oT8pZI,2024,0.0,1.179,1.0,0.0,True,True
PEuO8WTolW,2024,-0.9500000000000002,1.179,0.0,,True,False
PHGxChm1l5,2024,0.583333333333333,1.179,1.0,2.0,True,True
PJwAkg0z7h,2024,0.25,1.179,1.0,6.0,True,True
PKICZXVY9M,2024,0.25,1.179,1.0,1.0,True,True
PN9uaKA1nV,2024,0.0,1.179,0.0,2.0,True,True
PORUmWsgBN,2024,0.25,1.179,0.0,0.0,True,True
PQbFUMKLFp,2024,0.583333333333333,1.179,1.0,1.0,True,True
PXD3FAVHJT,2024,-0.083333333333333,1.179,1.0,13.0,True,True
PXNrncg2DF,2024,0.25,1.179,1.0,1.0,True,True
PYDOCManeN,2024,-1.1500000000000004,1.179,0.0,3.0,True,True
PYwYYwsbSo,2024,-0.083333333333333,1.179,0.0,11.0,True,True
PaOuEBMvTG,2024,-0.5,1.179,0.0,0.0,True,True
PcBJ4pA6bF,2024,-0.9500000000000002,1.179,0.0,0.0,True,True
PcxQgtHGj2,2024,-0.083333333333333,1.179,1.0,0.0,True,True
Pe2lo3QOvo,2024,0.5,1.179,1.0,0.0,True,True
PfPnugdxup,2024,0.0,1.179,1.0,22.0,True,True
PfqBfC7bO9,2024,-0.25,1.179,0.0,3.0,True,True
PhJUd3mbhP,2024,0.0,1.179,0.0,5.0,True,True
PhMrGCMIRL,2024,0.75,1.179,1.0,2.0,True,True
PhnGhO4VfF,2024,-0.083333333333333,1.179,0.0,1.0,True,True
Piod76RSrx,2024,-0.25,1.179,0.0,0.0,True,True
PlpPflNCKV,2024,-0.5,1.179,0.0,3.0,True,True
PoBB8n52oi,2024,-0.25,1.179,0.0,1.0,True,True
PsDFgTosqb,2024,-0.75,1.179,1.0,,True,False
PudduufFLa,2024,1.0,1.179,1.0,11.0,True,True
PvJnX3dwsD,2024,0.6500000000000004,1.179,1.0,2.0,True,True
PvyOYleymy,2024,1.0,1.179,1.0,0.0,True,True
PxoFut3dWW,2024,0.5,1.179,1.0,52.0,True,True
Pzir15nPfc,2024,-0.5,1.179,0.0,2.0,True,True
Q1u25ahSuy,2024,0.75,1.179,1.0,25.0,True,True
Q1vkAhdI6j,2024,0.916666666666667,1.179,1.0,1.0,True,True
Q3YaCghZNt,2024,0.0,1.179,1.0,3.0,True,True
Q53QLftNkA,2024,-0.5,1.179,1.0,0.0,True,True
Q8RGmICUkJ,2024,-0.083333333333333,1.179,0.0,1.0,True,True
Q8cVivO5k5,2024,-0.25,1.179,0.0,1.0,True,True
Q9R10ZKd8z,2024,-0.75,1.179,0.0,1.0,True,True
QAgwFiIY4p,2024,0.25,1.179,0.0,0.0,True,True
QAwaaLJNCk,2024,0.25,1.179,0.0,87.0,True,True
QFYVVwiAM8,2024,0.25,1.179,1.0,3.0,True,True
QFo2wxQEW6,2024,-0.75,1.179,0.0,2.0,True,True
QGR5IeMNDF,2024,0.0,1.179,0.0,4.0,True,True
QHROe7Mfcb,2024,-1.083333333333333,1.179,1.0,1.0,True,True
QHzzAU7Qf9,2024,0.25,1.179,0.0,0.0,True,True
QIrYb3Vlze,2024,0.5,1.179,0.0,0.0,True,True
QJGj07PD9C,2024,1.0,1.179,1.0,4.0,True,True
QO3yH7X8JJ,2024,-0.5,1.179,0.0,3.0,True,True
QQYpgReSRk,2024,0.5,1.179,1.0,3.0,True,True
QQt0MwXA81,2024,0.4500000000000002,1.179,0.0,5.0,True,True
QXCjvHnDmu,2024,-0.75,1.179,0.0,9.0,True,True
Qa0ULgosc9,2024,0.916666666666667,1.179,1.0,0.0,True,True
Qbf1hy8b7m,2024,0.5,1.179,1.0,0.0,True,True
QeemQCJAdQ,2024,0.916666666666667,1.179,0.0,1.0,True,True
QgwAYFrh9t,2024,0.0,1.179,1.0,1.0,True,True
QhoehDVFeJ,2024,0.0,1.179,0.0,2.0,True,True
QibPzdVrRu,2024,0.75,1.179,1.0,0.0,True,True
QlqdXrzzD1,2024,0.916666666666667,1.179,1.0,3.0,True,True
QmYNBVukex,2024,-0.25,1.179,1.0,3.0,True,True
QmZKc7UZCy,2024,0.75,1.179,1.0,25.0,True,True
Qmw9ne6SOQ,2024,0.75,1.179,1.0,1.0,True,True
Qn4HEhezKW,2024,-0.75,1.179,0.0,1.0,True,True
Qp33jnRKda,2024,-0.5,1.179,0.0,0.0,True,True
QqdloE1QH2,2024,-0.25,1.179,0.0,1.0,True,True
QqjFHyQwtF,2024,0.8499999999999996,1.179,1.0,3.0,True,True
QrEHs9w5UF,2024,0.5,1.179,1.0,0.0,True,True
QuVlUn4T2G,2024,1.0,1.179,1.0,0.0,True,True
Qvoe4wXWFi,2024,0.0,1.179,0.0,1.0,True,True
Qwq4cpLtoX,2024,-0.25,1.179,1.0,0.0,True,True
QxItoEAVMb,2024,0.75,1.179,1.0,14.0,True,True
QyFm3D3Tzi,2024,0.75,1.179,1.0,0.0,True,True
QzQSR56JZr,2024,-0.083333333333333,1.179,0.0,3.0,True,True
R0c2qtalgG,2024,0.5,1.179,1.0,5.0,True,True
R3CDj2DLln,2024,-0.5,1.179,0.0,0.0,True,True
R3Tf7LDdX4,2024,0.25,1.179,1.0,1.0,True,True
R4gqcDRJ9l,2024,0.0,1.179,0.0,3.0,True,True
R6AA1NZhLd,2024,0.25,1.179,0.0,0.0,True,True
RBs0IfPj5e,2024,-0.75,1.179,0.0,4.0,True,True
RDSTjtnqCg,2024,0.5,1.179,1.0,2.0,True,True
RDSj6S8WJe,2024,0.0499999999999998,1.179,1.0,0.0,True,True
REKRLIXtQG,2024,-0.75,1.179,0.0,0.0,True,True
RFjhxXrTlX,2024,-1.083333333333333,1.179,0.0,1.0,True,True
RIEW6M9YoV,2024,0.75,1.179,1.0,0.0,True,True
RIcYTbpO38,2024,0.0,1.179,1.0,0.0,True,True
RIu5lyNXjT,2024,0.916666666666667,1.179,1.0,40.0,True,True
RIuevDSK5V,2024,0.75,1.179,1.0,1.0,True,True
RJDjSXNuAZ,2024,-0.25,1.179,1.0,0.0,True,True
RLSWbk9kPw,2024,0.25,1.179,1.0,0.0,True,True
RLhS1TrjK3,2024,-0.75,1.179,0.0,1.0,True,True
RN2lIjrtSR,2024,0.25,1.179,0.0,2.0,True,True
RNgZTA4CTP,2024,-0.25,1.179,0.0,0.0,True,True
RR70yWYenC,2024,0.5,1.179,1.0,0.0,True,True
RR8y0WKrFv,2024,0.8499999999999996,1.179,1.0,0.0,True,True
RRayv1ZPN3,2024,0.4500000000000002,1.179,1.0,0.0,True,True
RVrINT6MT7,2024,0.0,1.179,1.0,0.0,True,True
RXFVcynVe1,2024,-0.083333333333333,1.179,1.0,17.0,True,True
RaqZX9LSGA,2024,0.0,1.179,1.0,1.0,True,True
RbKThNNFxr,2024,-0.4166666666666669,1.179,0.0,10.0,True,True
Rc3RP9OoEJ,2024,-0.75,1.179,0.0,1.0,True,True
RcANissyP4,2024,-0.083333333333333,1.179,0.0,0.0,True,True
RgELE1dQXx,2024,-0.4166666666666669,1.179,1.0,2.0,True,True
RlfD5cE1ep,2024,0.25,1.179,0.0,0.0,True,True
RmRA7Q0lwQ,2024,-0.4166666666666669,1.179,0.0,5.0,True,True
Rn3qJGOitY,2024,-1.0,1.179,0.0,0.0,True,True
RofU5v2BvZ,2024,-0.25,1.179,0.0,0.0,True,True
Rry1SeSOQL,2024,1.0,1.179,1.0,2.0,True,True
RsJwmWvE6Q,2024,1.0,1.179,1.0,0.0,True,True
RsztjXcvUf,2024,0.75,1.179,1.0,0.0,True,True
Rt6btdXS2b,2024,-1.083333333333333,1.179,0.0,0.0,True,True
RtOTTdWbZd,2024,-0.5,1.179,0.0,5.0,True,True
RthOl4jHw5,2024,0.25,1.179,1.0,0.0,True,True
RyUvzda8GH,2024,-0.5,1.179,1.0,8.0,True,True
RzV7QRowUl,2024,-1.083333333333333,1.179,0.0,0.0,True,True
S1qSHSFOew,2024,-0.25,1.179,0.0,0.0,True,True
S2oTVrlcp3,2024,1.0,1.179,1.0,1.0,True,True
S5EqslEHnz,2024,-0.1500000000000003,1.179,1.0,3.0,True,True
S5yOuNfSA0,2024,0.75,1.179,1.0,0.0,True,True
S7T0slMrTD,2024,-0.083333333333333,1.179,0.0,6.0,True,True
S7j1sNVIm9,2024,-0.4166666666666669,1.179,0.0,0.0,True,True
SBoRhRCzM3,2024,0.916666666666667,1.179,1.0,3.0,True,True
SCQfYpdoGE,2024,0.25,1.179,1.0,1.0,True,True
SEPaEuPwpr,2024,-0.5,1.179,0.0,0.0,True,True
SHUQtRK0eU,2024,0.916666666666667,1.179,0.0,0.0,True,True
SIZWiya7FE,2024,0.25,1.179,1.0,1.0,True,True
SJPUmX4LXD,2024,-1.083333333333333,1.179,0.0,0.0,True,True
SKulT2VX9p,2024,0.916666666666667,1.179,1.0,0.0,True,True
SLA7VOqwwT,2024,-0.75,1.179,0.0,0.0,True,True
SNGXbZtK6Q,2024,1.0,1.179,1.0,4.0,True,True
SQFDJLyJNB,2024,-1.0,1.179,0.0,0.0,True,True
SQpnEfv9WH,2024,-1.0,1.179,1.0,2.0,True,True
SUUrkC3STJ,2024,-0.25,1.179,1.0,3.0,True,True
SWRFC2EupO,2024,-0.25,1.179,0.0,4.0,True,True
SXMTK2eltf,2024,-0.75,1.179,0.0,39.0,True,True
SXTr9hIvJ1,2024,0.0,1.179,0.0,0.0,True,True
SXj1qjFEpQ,2024,0.0,1.179,0.0,,True,False
SYBdkHcXXK,2024,0.25,1.179,1.0,0.0,True,True
SYPx4NukeB,2024,-1.083333333333333,1.179,0.0,2.0,True,True
SZOQ9RKYJu,2024,-0.25,1.179,1.0,4.0,True,True
SZzQz8ikwg,2024,-0.083333333333333,1.179,1.0,2.0,True,True
SdBApv9iT4,2024,0.5,1.179,1.0,0.0,True,True
SdeAPV1irk,2024,0.25,1.179,1.0,2.0,True,True
Sf2A2PUXO3,2024,0.0,1.179,1.0,1.0,True,True
SgjAojPKb3,2024,0.25,1.179,1.0,0.0,True,True
ShjMHfmPs0,2024,0.916666666666667,1.179,1.0,16.0,True,True
SksPFxRRiJ,2024,-0.75,1.179,0.0,0.0,True,True
Spp2i1hKwV,2024,0.25,1.179,1.0,0.0,True,True
SqNi6Se1NT,2024,-0.75,1.179,0.0,1.0,True,True
StYc4hQAEi,2024,0.75,1.179,1.0,0.0,True,True
StkLULT1i1,2024,-0.75,1.179,0.0,0.0,True,True
Sx038qxjek,2024,0.75,1.179,1.0,57.0,True,True
T0FuEDnODP,2024,-0.25,1.179,0.0,3.0,True,True
T16M4SzH1v,2024,-0.25,1.179,0.0,1.0,True,True
T1Y2KmVtUn,2024,0.75,1.179,0.0,1.0,True,True
T8RiH35Hy6,2024,-0.75,1.179,0.0,0.0,True,True
T97kxctihq,2024,-0.75,1.179,0.0,36.0,True,True
TBLe2BHBsr,2024,-0.75,1.179,0.0,1.0,True,True
TCJbcjS0c2,2024,0.083333333333333,1.179,0.0,0.0,True,True
THJEa8adBn,2024,0.916666666666667,1.179,1.0,0.0,True,True
TJ2PQ9QaDF,2024,-0.1500000000000003,1.179,0.0,0.0,True,True
TJNCnkDRkY,2024,-0.5,1.179,0.0,0.0,True,True
TKDwsJmrDJ,2024,0.25,1.179,0.0,3.0,True,True
TKqMmKlmA7,2024,0.25,1.179,1.0,0.0,True,True
TLADT8Wrhn,2024,0.5,1.179,1.0,1.0,True,True
TLBPjECC5D,2024,-0.5,1.179,0.0,1.0,True,True
TMYxJIcdgS,2024,-0.5,1.179,0.0,2.0,True,True
TOE6N8dp4w,2024,-1.0,1.179,0.0,2.0,True,True
TOveLu4O51,2024,0.0,1.179,0.0,1.0,True,True
TS8HoIWAPQ,2024,0.916666666666667,1.179,1.0,0.0,True,True
TS8PXBN6B6,2024,-0.083333333333333,1.179,0.0,6.0,True,True
TTEwosByrg,2024,0.5,1.179,0.0,24.0,True,True
TTonmgTT9X,2024,0.8499999999999996,1.179,1.0,0.0,True,True
TVDUVpgu9s,2024,0.25,1.179,1.0,3.0,True,True
TW0MVSflg5,2024,-1.0,1.179,0.0,0.0,True,True
TWVMVPx2wO,2024,0.583333333333333,1.179,1.0,1.0,True,True
TdhkAcXkRi,2024,0.0,1.179,1.0,2.0,True,True
Te5v4EcFGL,2024,0.25,1.179,0.0,25.0,True,True
TeeyHEi25C,2024,0.5,1.179,0.0,0.0,True,True
TgSRPRz8cI,2024,-0.25,1.179,1.0,3.0,True,True
TgeVptDYAt,2024,0.25,1.179,0.0,1.0,True,True
Tj3xLVuE9f,2024,1.0499999999999998,1.179,1.0,5.0,True,True
Tj6Wcx7gVk,2024,0.916666666666667,1.179,1.0,4.0,True,True
TjGJFkU3xL,2024,0.916666666666667,1.179,1.0,0.0,True,True
TjfXcDgvzk,2024,0.25,1.179,1.0,1.0,True,True
TlyiaPXaVN,2024,1.0,1.179,1.0,0.0,True,True
Tpk0p9QBM6,2024,-1.083333333333333,1.179,0.0,0.0,True,True
TqL2xBwXP3,2024,-0.1500000000000003,1.179,1.0,28.0,True,True
TskzCtpMEO,2024,0.916666666666667,1.179,1.0,2.0,True,True
Tuh4nZVb0g,2024,0.25,1.179,1.0,20.0,True,True
Tusy7IlWWw,2024,-0.5,1.179,0.0,0.0,True,True
TvkvWjxj3T,2024,-1.0,1.179,0.0,18.0,True,True
Tvwf4Vsi5F,2024,0.0,1.179,1.0,0.0,True,True
TwBY17Hgiy,2024,0.25,1.179,1.0,0.0,True,True
TyZhiK6fDf,2024,-0.1500000000000003,1.179,0.0,1.0,True,True
Tz6HnhBzLl,2024,-0.25,1.179,0.0,0.0,True,True
TzAJbTClAz,2024,1.0,1.179,1.0,4.0,True,True
TzE7EG7S4i,2024,-0.083333333333333,1.179,0.0,0.0,True,True
TzoHLiGVMo,2024,0.583333333333333,1.179,1.0,5.0,True,True
U0IOMStUQ8,2024,0.25,1.179,1.0,6.0,True,True
U0P622bfUN,2024,-0.5,1.179,0.0,5.0,True,True
U2ZIgcrg7Z,2024,-1.0,1.179,0.0,1.0,True,True
U4RoAyYGJZ,2024,0.75,1.179,0.0,2.0,True,True
U6Qulbv2qT,2024,1.0499999999999998,1.179,1.0,0.0,True,True
U6hEOZlDf5,2024,0.25,1.179,1.0,2.0,True,True
U7VW3KBm34,2024,0.25,1.179,1.0,0.0,True,True
U7iiF79kI3,2024,0.916666666666667,1.179,1.0,0.0,True,True
U9NHClvopO,2024,-1.0,1.179,0.0,0.0,True,True
UCfz492fM8,2024,0.916666666666667,1.179,1.0,1.0,True,True
UDbEpJojik,2024,-0.1500000000000003,1.179,0.0,0.0,True,True
UHjE5v5MB7,2024,0.25,1.179,1.0,1.0,True,True
UIGAtKp8nW,2024,0.0,1.179,0.0,3.0,True,True
UJkgGbLfWA,2024,-0.75,1.179,0.0,2.0,True,True
UM6QLuOVNi,2024,-0.4166666666666669,1.179,0.0,3.0,True,True
UMOlFJzLfL,2024,0.0,1.179,1.0,0.0,True,True
UMfcdRIotC,2024,0.25,1.179,1.0,7.0,True,True
UNv8RzIf5x,2024,-0.5,1.179,0.0,0.0,True,True
UOdz9U4fxg,2024,-1.083333333333333,1.179,0.0,0.0,True,True
UPvufoBAIs,2024,0.25,1.179,1.0,1.0,True,True
URCfZ2NgaR,2024,-0.4166666666666669,1.179,0.0,0.0,True,True
UTGv8CayNt,2024,-0.25,1.179,0.0,2.0,True,True
UU9Icwbhin,2024,-1.0,1.179,0.0,107.0,True,True
UVb0g26xyH,2024,-0.25,1.179,0.0,2.0,True,True
UaMgmoKEBj,2024,-0.083333333333333,1.179,1.0,0.0,True,True
UbxWjq0UO2,2024,0.583333333333333,1.179,1.0,36.0,True,True
UfBIxpTK10,2024,0.25,1.179,1.0,20.0,True,True
UgTrngiN16,2024,-0.75,1.179,0.0,2.0,True,True
UmMa3UNDAz,2024,0.75,1.179,1.0,4.0,True,True
Un0rgm9f04,2024,0.25,1.179,1.0,9.0,True,True
UnUwSIgK5W,2024,0.5,1.179,1.0,82.0,True,True
UoBymIwPJR,2024,0.916666666666667,1.179,1.0,0.0,True,True
UulwvAU1W0,2024,0.5,1.179,1.0,2.0,True,True
UvRjDCYIHw,2024,-0.25,1.179,0.0,2.0,True,True
V01FPV3SNY,2024,-0.4166666666666669,1.179,0.0,6.0,True,True
V0CUOBWUHa,2024,-0.083333333333333,1.179,0.0,9.0,True,True
V2cBKtdC3a,2024,0.75,1.179,1.0,1.0,True,True
V3j5d0GQgH,2024,0.25,1.179,1.0,3.0,True,True
V4oQAR8uoE,2024,-0.4166666666666669,1.179,0.0,0.0,True,True
V5tdi14ple,2024,0.5,1.179,1.0,3.0,True,True
V6JRkfj9dU,2024,-1.083333333333333,1.179,0.0,1.0,True,True
V8Lj9eoGl8,2024,-0.5,1.179,0.0,0.0,True,True
V8aD5pUcVX,2024,-0.4166666666666669,1.179,0.0,5.0,True,True
VIEbRFp6s3,2024,0.0499999999999998,1.179,0.0,1.0,True,True
VJvbOSXRUq,2024,0.0,1.179,1.0,3.0,True,True
VLFhbOCz5D,2024,0.25,1.179,1.0,2.0,True,True
VP20ZB6DHL,2024,-1.0,1.179,0.0,39.0,True,True
VPx3Jw2MSk,2024,0.25,1.179,0.0,3.0,True,True
VTF8yNQM66,2024,0.5,1.179,1.0,37.0,True,True
VTYg5ykEGS,2024,0.75,1.179,1.0,1.0,True,True
VVgGbB9TNV,2024,-0.4166666666666669,1.179,1.0,11.0,True,True
VXDPXuq4oG,2024,0.6500000000000004,1.179,1.0,0.0,True,True
VXak3CZZGC,2024,-0.75,1.179,1.0,1.0,True,True
VZVXqiaI4U,2024,-0.4166666666666669,1.179,0.0,0.0,True,True
Vaf4sIrRUC,2024,-1.0,1.179,0.0,5.0,True,True
VdkGRV1vcf,2024,0.25,1.179,1.0,2.0,True,True
VeFmnRmoaW,2024,-0.75,1.179,0.0,3.0,True,True
VfPWJM5FMr,2024,-1.083333333333333,1.179,0.0,1.0,True,True
ViPtjIVzUw,2024,0.75,1.179,1.0,4.0,True,True
Vja3ecieXY,2024,-0.25,1.179,1.0,3.0,True,True
VkWbxFrCC8,2024,0.916666666666667,1.179,1.0,2.0,True,True
VmqTuFMk68,2024,0.0,1.179,0.0,2.0,True,True
VoLDkQ6yR3,2024,0.916666666666667,1.179,1.0,1.0,True,True
VrHiF2hsrm,2024,0.0,1.179,1.0,3.0,True,True
VtmBAGCN7o,2024,0.583333333333333,1.179,1.0,133.0,True,True
VvAiCXwPvD,2024,-0.083333333333333,1.179,0.0,5.0,True,True
Vw24wtSddM,2024,0.75,1.179,1.0,0.0,True,True
VzPGV19Bnp,2024,-1.0,1.179,0.0,8.0,True,True
W0zgCR6FIE,2024,0.0,1.179,0.0,2.0,True,True
W2d3LZbhhI,2024,0.25,1.179,1.0,1.0,True,True
W3VsHuga3j,2024,0.5,1.179,1.0,2.0,True,True
W478nWXfwO,2024,-0.75,1.179,0.0,0.0,True,True
W8S8SxS9Ng,2024,0.5,1.179,1.0,3.0,True,True
WEQS3oUPs3,2024,-0.4166666666666669,1.179,0.0,2.0,True,True
WKuimaBj4I,2024,0.25,1.179,1.0,0.0,True,True
WNQjN5HzXt,2024,0.916666666666667,1.179,1.0,1.0,True,True
WNSjteBJd9,2024,-0.4166666666666669,1.179,0.0,4.0,True,True
WNxlJJIEVj,2024,-0.5,1.179,0.0,0.0,True,True
WO4BCqEyWc,2024,-0.75,1.179,0.0,6.0,True,True
WOiOzHG2zD,2024,0.916666666666667,1.179,1.0,1.0,True,True
WPZ2yPag4K,2024,0.0,1.179,1.0,10.0,True,True
WR9M6AA4LT,2024,0.25,1.179,0.0,0.0,True,True
WS7GuBDFa2,2024,0.5,1.179,1.0,6.0,True,True
WSzRdcOkEx,2024,-0.75,1.179,0.0,3.0,True,True
WTh6EnJXWQ,2024,-0.75,1.179,0.0,1.0,True,True
WWlxFtR5sV,2024,0.583333333333333,1.179,1.0,5.0,True,True
WX9cd9iII4,2024,0.25,1.179,0.0,1.0,True,True
WZu4gUGN13,2024,0.75,1.179,1.0,0.0,True,True
Wa6Ebn4AYL,2024,-0.5,1.179,0.0,1.0,True,True
WdWGe88RdX,2024,-0.5,1.179,0.0,0.0,True,True
WdvT2UgsTK,2024,-0.083333333333333,1.179,0.0,,True,False
WesY0H9ghM,2024,0.583333333333333,1.179,1.0,3.0,True,True
WfjJOEfAf7,2024,0.25,1.179,0.0,1.0,True,True
WhgB5sispV,2024,0.916666666666667,1.179,1.0,33.0,True,True
WipsLtH77t,2024,0.583333333333333,1.179,1.0,2.0,True,True
WjRPZsfeBO,2024,0.25,1.179,1.0,0.0,True,True
WnqD3EiylC,2024,-0.75,1.179,0.0,4.0,True,True
WqovbCMrOp,2024,0.0499999999999998,1.179,0.0,1.0,True,True
WqsYs05Ri7,2024,-0.5499999999999998,1.179,0.0,0.0,True,True
WvFoJccpo8,2024,0.583333333333333,1.179,1.0,21.0,True,True
WvVyG8qBCt,2024,-0.75,1.179,0.0,0.0,True,True
Ww9rWUAcdo,2024,-0.25,1.179,1.0,1.0,True,True
X0fDR10B7c,2024,-1.0,1.179,0.0,2.0,True,True
X1p0eNzTGH,2024,-0.083333333333333,1.179,0.0,0.0,True,True
X5u72wkdH3,2024,-1.083333333333333,1.179,0.0,0.0,True,True
X6tNkN6ate,2024,0.25,1.179,1.0,3.0,True,True
X7gqOBG8ow,2024,-0.5499999999999998,1.179,0.0,4.0,True,True
X7nz6ljg9Y,2024,-0.75,1.179,0.0,14.0,True,True
XEFWBxi075,2024,0.75,1.179,1.0,2.0,True,True
XHPjs3ivdV,2024,-1.0,1.179,0.0,4.0,True,True
XIZEFyVGC9,2024,-0.083333333333333,1.179,1.0,0.0,True,True
XIaS66XkNA,2024,0.25,1.179,1.0,4.0,True,True
XIxhINXtQk,2024,0.583333333333333,1.179,1.0,2.0,True,True
XJ9vjEAqbx,2024,0.25,1.179,1.0,4.0,True,True
XJiN1VkgA0,2024,0.25,1.179,0.0,35.0,True,True
XLjlLQz2y2,2024,-0.6071428571428568,1.179,0.0,0.0,True,True
XM7INBbvwT,2024,-1.083333333333333,1.179,0.0,,True,False
XMJBrvRDI8,2024,0.5,1.179,0.0,0.0,True,True
XN6ZPINdSg,2024,0.6500000000000004,1.179,1.0,1.0,True,True
XNa6r6ZjoB,2024,0.75,1.179,1.0,6.0,True,True
XTHfNGI3zT,2024,-0.25,1.179,1.0,2.0,True,True
XUZ2S0JVJP,2024,1.0,1.179,0.0,50.0,True,True
XVhm3X8Fum,2024,0.916666666666667,1.179,1.0,0.0,True,True
XW0gD13oQp,2024,-1.083333333333333,1.179,0.0,0.0,True,True
XXpH3D0TVP,2024,0.0,1.179,0.0,1.0,True,True
XZGklkaOsL,2024,-0.5,1.179,0.0,0.0,True,True
XaqaitclOA,2024,-0.75,1.179,0.0,0.0,True,True
XdSYtriYfI,2024,-0.75,1.179,0.0,2.0,True,True
XgklTOdV4J,2024,-0.083333333333333,1.179,0.0,0.0,True,True
XhYWgjqCrV,2024,0.75,1.179,1.0,21.0,True,True
XjlZJJFyla,2024,-0.75,1.179,0.0,5.0,True,True
XkLMGx60aZ,2024,-0.25,1.179,0.0,1.0,True,True
XlTDBZFXWp,2024,0.75,1.179,1.0,0.0,True,True
Xlayxj2fWp,2024,0.916666666666667,1.179,1.0,20.0,True,True
XlkN11Xj6J,2024,0.25,1.179,1.0,1.0,True,True
XmkuQfWZAB,2024,-1.083333333333333,1.179,0.0,0.0,True,True
XqLcFMMwNb,2024,0.0,1.179,0.0,0.0,True,True
XsHqr9dEGH,2024,0.25,1.179,1.0,2.0,True,True
Xvfz8NHmCj,2024,1.0,1.179,1.0,0.0,True,True
XwiA1nDahv,2024,0.75,1.179,1.0,2.0,True,True
XyrB1Ay44j,2024,0.25,1.179,1.0,4.0,True,True
Xz13DtbOVW,2024,0.5,1.179,1.0,0.0,True,True
Y3BbxvAQS9,2024,0.4500000000000002,1.179,1.0,7.0,True,True
Y3wpuxd7u9,2024,0.5,1.179,1.0,17.0,True,True
Y9t7MqZtCR,2024,0.6500000000000004,1.179,1.0,0.0,True,True
YBSEwwveMr,2024,0.0,1.179,0.0,0.0,True,True
YCWjhGrJFD,2024,0.5,1.179,1.0,21.0,True,True
YD0GQBOFFZ,2024,-1.083333333333333,1.179,0.0,2.0,True,True
YEhQs8POIo,2024,0.5,1.179,1.0,0.0,True,True
YH3tFtwuzb,2024,-0.3499999999999996,1.179,0.0,7.0,True,True
YH5w12OUuU,2024,0.583333333333333,1.179,1.0,35.0,True,True
YH9tnuUYds,2024,0.4500000000000002,1.179,0.0,1.0,True,True
YHUGlwTzFB,2024,1.0,1.179,1.0,1.0,True,True
YHihO8Ka3O,2024,0.25,1.179,0.0,2.0,True,True
YItWKZci78,2024,1.0499999999999998,1.179,1.0,0.0,True,True
YKfESGFdas,2024,-0.75,1.179,0.0,0.0,True,True
YLJs4mKJCF,2024,0.25,1.179,1.0,0.0,True,True
YOKnEkIuoi,2024,0.0499999999999998,1.179,1.0,2.0,True,True
YPIA7bgd5y,2024,0.75,1.179,1.0,4.0,True,True
YPpkFqMX6V,2024,-0.5,1.179,0.0,2.0,True,True
YUefWMfPoc,2024,0.0,1.179,0.0,0.0,True,True
YXn76HMetm,2024,-0.4166666666666669,1.179,0.0,1.0,True,True
YZrg56G0JV,2024,0.5,1.179,1.0,0.0,True,True
Yb5KvPkKQg,2024,0.583333333333333,1.179,1.0,12.0,True,True
YbSUcEd7oR,2024,-0.5,1.179,0.0,0.0,True,True
YbZxT0SON4,2024,0.25,1.179,1.0,0.0,True,True
YcM6ofShwY,2024,0.75,1.179,1.0,1.0,True,True
YcW8i9VCf5,2024,0.25,1.179,1.0,2.0,True,True
YfZMfrpEnl,2024,-0.4166666666666669,1.179,0.0,0.0,True,True
YkEW5TabYN,2024,-0.75,1.179,0.0,0.0,True,True
YlleMywQzX,2024,0.0,1.179,0.0,0.0,True,True
Yol6nUVIJD,2024,0.25,1.179,0.0,4.0,True,True
You77eOFDv,2024,0.25,1.179,0.0,16.0,True,True
YqyTXmF8Y2,2024,0.25,1.179,1.0,0.0,True,True
YrTI2Zu0dd,2024,0.75,1.179,1.0,1.0,True,True
YrXHEb2qMb,2024,0.25,1.179,1.0,1.0,True,True
Yui55YzCao,2024,0.25,1.179,0.0,1.0,True,True
YxvmODVWny,2024,-0.25,1.179,0.0,1.0,True,True
YzJT0Y67Go,2024,-0.75,1.179,0.0,0.0,True,True
Z1m5uqUpO9,2024,-0.25,1.179,0.0,0.0,True,True
Z59Rb5bPPP,2024,0.25,1.179,1.0,1.0,True,True
Z8RPghUs3W,2024,0.0,1.179,0.0,,True,False
Z9AZsU1Tju,2024,0.4500000000000002,1.179,1.0,4.0,True,True
ZA9XUTseA9,2024,0.25,1.179,0.0,0.0,True,True
ZDGKPbF0VQ,2024,0.5,1.179,1.0,0.0,True,True
ZEZ0CPmoSI,2024,-0.75,1.179,1.0,0.0,True,True
ZFMiHfZwIf,2024,0.5,1.179,1.0,0.0,True,True
ZG2AiVMj1I,2024,-0.75,1.179,0.0,0.0,True,True
ZJHdiYDD5k,2024,-0.25,1.179,0.0,1.0,True,True
ZKEuFKfCKA,2024,1.0,1.179,1.0,0.0,True,True
ZL6yd6N1S2,2024,-0.083333333333333,1.179,1.0,0.0,True,True
ZLSdwjDevK,2024,-0.083333333333333,1.179,0.0,3.0,True,True
ZMZc3KqjEb,2024,-1.1500000000000004,1.179,0.0,0.0,True,True
ZMv6zKYYUs,2024,0.75,1.179,1.0,,True,False
ZPdZLlNXSm,2024,-0.3499999999999996,1.179,1.0,1.0,True,True
ZS4m74kZpH,2024,0.75,1.179,1.0,20.0,True,True
ZSD3MloKe6,2024,0.25,1.179,1.0,6.0,True,True
ZTssMmhC2X,2024,0.6500000000000004,1.179,1.0,5.0,True,True
ZWyZeqE928,2024,0.25,1.179,1.0,0.0,True,True
ZYm1Ql6udy,2024,0.916666666666667,1.179,1.0,0.0,True,True
ZZCPSC5OgD,2024,0.25,1.179,1.0,1.0,True,True
ZZTkLDRmkg,2024,0.8499999999999996,1.179,1.0,0.0,True,True
Zc2aIcucwc,2024,0.4500000000000002,1.179,1.0,,True,False
Zh2iqiOtMt,2024,0.75,1.179,1.0,0.0,True,True
ZhXymWfdcN,2024,-0.25,1.179,0.0,1.0,True,True
ZhY1XSYqO4,2024,-0.5,1.179,0.0,3.0,True,True
ZhlwoC1XaN,2024,1.0,1.179,1.0,9.0,True,True
Zj12nzlQbz,2024,0.75,1.179,1.0,3.0,True,True
ZlEtXIxl3q,2024,0.25,1.179,0.0,4.0,True,True
ZlQRiFmq7Y,2024,0.916666666666667,1.179,1.0,0.0,True,True
Zr96FfaUGR,2024,-0.25,1.179,0.0,1.0,True,True
ZuYvrjh2od,2024,-0.75,1.179,0.0,1.0,True,True
ZuoeYIGaSW,2024,-0.75,1.179,0.0,0.0,True,True
ZwhHSOHMTM,2024,0.916666666666667,1.179,1.0,0.0,True,True
Zww4Xqmk38,2024,-1.0,1.179,0.0,1.0,True,True
ZyH5ijgx9C,2024,0.0,1.179,0.0,0.0,True,True
ZyXWIJ99nh,2024,0.5,1.179,0.0,0.0,True,True
Zz594UBNOH,2024,0.25,1.179,1.0,0.0,True,True
Zz61cEY84L,2024,0.5,1.179,0.0,1.0,True,True
ZzmKEpze8e,2024,0.75,1.179,1.0,0.0,True,True
a01qbkxbve,2024,-0.75,1.179,0.0,1.0,True,True
a24gfxA7jD,2024,-0.75,1.179,0.0,0.0,True,True
a4DBEeGfQq,2024,-0.5,1.179,1.0,0.0,True,True
a6SntIisgg,2024,-0.75,1.179,0.0,1.0,True,True
a7eIuzEh2R,2024,0.5,1.179,0.0,2.0,True,True
aA33A70IO6,2024,0.25,1.179,1.0,4.0,True,True
aAEBTnTGo3,2024,-1.0,1.179,0.0,1.0,True,True
aBUidW4Nkd,2024,0.5,1.179,1.0,0.0,True,True
aFMiKm9Qcx,2024,-1.0,1.179,0.0,0.0,True,True
aGH43rjoe4,2024,0.0499999999999998,1.179,1.0,2.0,True,True
aIok3ZD9to,2024,1.0499999999999998,1.179,1.0,33.0,True,True
aJl5aK9n7e,2024,-0.5,1.179,0.0,1.0,True,True
aKJEHWmBEf,2024,0.916666666666667,1.179,1.0,0.0,True,True
aKivEaIbN2,2024,-1.083333333333333,1.179,0.0,0.0,True,True
aM7US5jKCd,2024,-0.5,1.179,0.0,4.0,True,True
aNuQyV30Yw,2024,0.0,1.179,0.0,1.0,True,True
aOnUe8ah7j,2024,-0.083333333333333,1.179,1.0,2.0,True,True
aPNwsJgnZJ,2024,0.25,1.179,1.0,0.0,True,True
aVtQChA6WH,2024,0.0,1.179,0.0,0.0,True,True
aZH1dM3GOX,2024,-0.1500000000000003,1.179,1.0,3.0,True,True
aaBnFAyW9O,2024,1.0,1.179,1.0,0.0,True,True
abL5LJNZ49,2024,0.75,1.179,1.0,0.0,True,True
adQ2YC2IV7,2024,-1.0,1.179,0.0,1.0,True,True
adSGeugiuj,2024,0.0,1.179,1.0,1.0,True,True
afQuNt3Ruh,2024,0.5,1.179,1.0,0.0,True,True
ag3o2T51Ht,2024,0.8499999999999996,1.179,1.0,2.0,True,True
am7BPV3Cwo,2024,0.0,1.179,0.0,,True,False
anG2Y15mwc,2024,1.0,1.179,0.0,0.0,True,True
ap1ByuwQrX,2024,0.75,1.179,1.0,2.0,True,True
apA6SSXx2e,2024,0.0,1.179,1.0,1.0,True,True
apXtolxDaJ,2024,0.25,1.179,1.0,0.0,True,True
aqTipMg9CZ,2024,-0.5,1.179,0.0,0.0,True,True
atQqW27RMQ,2024,-1.083333333333333,1.179,0.0,0.0,True,True
auUngos7eR,2024,0.916666666666667,1.179,1.0,0.0,True,True
awHTL3Hpto,2024,0.583333333333333,1.179,1.0,0.0,True,True
awWpHnEJDw,2024,0.25,1.179,1.0,3.0,True,True
b0IRscfEOb,2024,-0.083333333333333,1.179,0.0,0.0,True,True
b2UlHeyyC0,2024,-0.083333333333333,1.179,1.0,4.0,True,True
b3kDP3IytM,2024,0.5,1.179,1.0,0.0,True,True
b3l0piOrGU,2024,1.0,1.179,1.0,3.0,True,True
bAMPOUF227,2024,-0.75,1.179,1.0,2.0,True,True
bC50ZOyPQm,2024,-0.75,1.179,0.0,4.0,True,True
bCNYFOaWsy,2024,-0.5,1.179,0.0,2.0,True,True
bDkisS75zy,2024,0.5,1.179,1.0,2.0,True,True
bEDTZxwJjT,2024,-0.25,1.179,0.0,4.0,True,True
bGGYcvw8mp,2024,-0.25,1.179,1.0,1.0,True,True
bHOcs4PBgR,2024,-0.75,1.179,0.0,0.0,True,True
bKzX0m6TEZ,2024,0.5,1.179,0.0,0.0,True,True
bLKcCe7hYh,2024,0.0499999999999998,1.179,1.0,0.0,True,True
bLhqPxRy3G,2024,0.0,1.179,0.0,0.0,True,True
bLpUtGyf9g,2024,0.0,1.179,1.0,5.0,True,True
bO1UP57GAw,2024,-0.75,1.179,0.0,0.0,True,True
bQWE2UqXmf,2024,0.75,1.179,1.0,5.0,True,True
bSlAUCyY4T,2024,-0.5,1.179,0.0,0.0,True,True
bWNJFD1l8M,2024,0.916666666666667,1.179,1.0,1.0,True,True
bWzxhtl1HP,2024,0.25,1.179,1.0,0.0,True,True
bZMyHBSnEI,2024,-0.5,1.179,0.0,2.0,True,True
ba84RDHFnz,2024,0.25,1.179,1.0,1.0,True,True
bbCL5aRjUx,2024,0.916666666666667,1.179,1.0,0.0,True,True
bcHty5VvkQ,2024,-0.25,1.179,0.0,7.0,True,True
bdJaYLiOxi,2024,-1.0,1.179,0.0,0.0,True,True
bfRDhzG3vn,2024,0.0,1.179,0.0,0.0,True,True
bgyWXX8HCk,2024,0.916666666666667,1.179,0.0,0.0,True,True
biNhA3jbHc,2024,-0.5,1.179,0.0,0.0,True,True
bjFJrdK0nO,2024,-0.75,1.179,0.0,0.0,True,True
bjyf5FyQ0a,2024,-1.0,1.179,0.0,30.0,True,True
bkNx3O0sND,2024,0.25,1.179,1.0,0.0,True,True
bkdWThqE6q,2024,0.25,1.179,1.0,5.0,True,True
bnPALC6S4l,2024,-0.25,1.179,0.0,2.0,True,True
bozbTTWcaw,2024,1.0,1.179,1.0,0.0,True,True
bpheRCxzb4,2024,0.75,1.179,0.0,0.0,True,True
btpgDo4u4j,2024,1.0,1.179,1.0,0.0,True,True
buC4E91xZE,2024,0.4166666666666669,1.179,1.0,31.0,True,True
bxITGFPVWh,2024,0.083333333333333,1.179,1.0,0.0,True,True
c0MyyXyGfn,2024,-0.083333333333333,1.179,1.0,0.0,True,True
c1QBcYLd7f,2024,0.25,1.179,0.0,0.0,True,True
c2R7ajodcI,2024,0.25,1.179,1.0,13.0,True,True
c43FGk8Pcg,2024,0.75,1.179,1.0,3.0,True,True
c4QgNn9WeO,2024,-0.25,1.179,0.0,6.0,True,True
c7DND1iIgb,2024,0.916666666666667,1.179,1.0,1.0,True,True
c85tdYOOju,2024,0.25,1.179,1.0,3.0,True,True
c8McWs4Av0,2024,0.5,1.179,1.0,18.0,True,True
c93SBwz1Ma,2024,-0.5,1.179,1.0,8.0,True,True
c9xsaASm9L,2024,0.75,1.179,1.0,1.0,True,True
cLqCZ740vw,2024,-0.5,1.179,0.0,0.0,True,True
cMPm8YFXZe,2024,0.0,1.179,1.0,1.0,True,True
cMQeDPwSrB,2024,-0.5499999999999998,1.179,0.0,1.0,True,True
cPgh4gWZlz,2024,0.25,1.179,1.0,16.0,True,True
cUSNs8nGaV,2024,0.583333333333333,1.179,1.0,1.0,True,True
cVUOnF7iVp,2024,0.583333333333333,1.179,1.0,0.0,True,True
cVea4KQ4xm,2024,-0.75,1.179,0.0,3.0,True,True
cWdAYDLmPa,2024,0.916666666666667,1.179,1.0,0.0,True,True
cWiEN1plhJ,2024,-0.75,1.179,1.0,6.0,True,True
cZo6pDtDZr,2024,-0.25,1.179,0.0,,True,False
cZttUMTiPL,2024,1.0499999999999998,1.179,1.0,0.0,True,True
caW7LdAALh,2024,0.5,1.179,1.0,0.0,True,True
ccxD4mtkTU,2024,-1.0,1.179,1.0,36.0,True,True
cdUpf6t6LZ,2024,0.25,1.179,1.0,1.0,True,True
cijO0f8u35,2024,-0.5,1.179,0.0,8.0,True,True
cijOBlCxMa,2024,-0.083333333333333,1.179,0.0,4.0,True,True
ck4SG9lnrQ,2024,0.583333333333333,1.179,0.0,16.0,True,True
ckzglrAMsh,2024,-0.5,1.179,0.0,2.0,True,True
cmcD05NPKa,2024,0.25,1.179,1.0,0.0,True,True
cnAeyjtMFM,2024,-0.4166666666666669,1.179,0.0,,True,False
ctXZJLBbyb,2024,0.0499999999999998,1.179,0.0,1.0,True,True
cxfPefbu1s,2024,0.916666666666667,1.179,1.0,0.0,True,True
cxt2Auexc3,2024,0.0,1.179,0.0,2.0,True,True
czpx02orl7,2024,-1.0,1.179,0.0,0.0,True,True
d0BXudm2S4,2024,-0.4166666666666669,1.179,0.0,0.0,True,True
d2TOOGbrtP,2024,-0.75,1.179,0.0,0.0,True,True
d4uL2MSe0z,2024,1.0,1.179,1.0,1.0,True,True
d5DGVHMdsC,2024,-0.5,1.179,0.0,2.0,True,True
d6tUsZeVs7,2024,0.25,1.179,1.0,1.0,True,True
dCHbFDsCZz,2024,0.25,1.179,1.0,0.0,True,True
dEz3ge8QSo,2024,0.75,1.179,1.0,1.0,True,True
dGH4kHFKFj,2024,1.0,1.179,1.0,0.0,True,True
dHdXvu5ehy,2024,-1.0,1.179,0.0,0.0,True,True
dKl6lMwbCy,2024,0.75,1.179,1.0,1.0,True,True
dLoAdIKENc,2024,0.0,1.179,1.0,4.0,True,True
dNe1T0Ahby,2024,0.75,1.179,1.0,1.0,True,True
dPHLbUqGbr,2024,0.583333333333333,1.179,1.0,5.0,True,True
dTpbEdN9kr,2024,0.25,1.179,1.0,33.0,True,True
dXRWP4n15q,2024,-0.25,1.179,0.0,0.0,True,True
daEqXJ0yZo,2024,0.0,1.179,1.0,0.0,True,True
dbQH9AOVd5,2024,0.583333333333333,1.179,1.0,2.0,True,True
dcjtMYkpXx,2024,0.75,1.179,1.0,1.0,True,True
de1218PoEl,2024,0.0,1.179,1.0,1.0,True,True
dgmcE0RsTi,2024,-0.25,1.179,0.0,0.0,True,True
dh0RmiwkWY,2024,-0.5,1.179,0.0,1.0,True,True
dhLIno8FmH,2024,1.0,1.179,1.0,8.0,True,True
djM3WzpOmK,2024,1.0,1.179,1.0,1.0,True,True
dl0u4ODCuW,2024,0.25,1.179,1.0,4.0,True,True
dlIMcmlAdk,2024,0.75,1.179,1.0,6.0,True,True
dm8e7gsH0d,2024,0.25,1.179,1.0,1.0,True,True
dnqPvUjyRI,2024,0.25,1.179,1.0,4.0,True,True
dpcVXiMlcv,2024,0.25,1.179,1.0,3.0,True,True
dsUB4bst9S,2024,0.25,1.179,1.0,8.0,True,True
duBCwjb68o,2024,-0.25,1.179,0.0,37.0,True,True
duZANm2ABX,2024,-0.1500000000000003,1.179,1.0,7.0,True,True
dyG2oLJYyX,2024,0.0,1.179,1.0,3.0,True,True
e0kaVlC5ue,2024,-0.3499999999999996,1.179,0.0,0.0,True,True
e1IMBXiDhW,2024,0.0,1.179,0.0,1.0,True,True
e1vqloonRy,2024,0.5,1.179,1.0,0.0,True,True
e4FG5PJ9uC,2024,0.25,1.179,1.0,0.0,True,True
e4wgZqF9uG,2024,-1.0,1.179,0.0,2.0,True,True
eBeECjacpw,2024,0.25,1.179,1.0,1.0,True,True
eC4WlSZc4H,2024,1.0,1.179,0.0,2.0,True,True
eCGpNGDeNu,2024,0.5,1.179,1.0,1.0,True,True
eFVQaqkf8Z,2024,-1.083333333333333,1.179,0.0,1.0,True,True
eFWG9Cy3WK,2024,0.583333333333333,1.179,1.0,3.0,True,True
eJFt8ZRQ9a,2024,-0.25,1.179,0.0,0.0,True,True
eJHnSg783t,2024,0.75,1.179,1.0,2.0,True,True
eMHn77ZKOp,2024,0.25,1.179,1.0,1.0,True,True
eNoiRal5xi,2024,0.0,1.179,1.0,1.0,True,True
eP6ZSy5uRj,2024,-0.3499999999999996,1.179,0.0,13.0,True,True
ePOjNlOjLC,2024,0.5,1.179,1.0,0.0,True,True
eT6oLkm1cm,2024,0.25,1.179,1.0,0.0,True,True
eUAr4HwU0X,2024,0.25,1.179,0.0,5.0,True,True
eWLOoaShEH,2024,-0.25,1.179,0.0,3.0,True,True
eY7sLb0dVF,2024,0.5,1.179,1.0,2.0,True,True
ecbRyZZmKG,2024,-0.5,1.179,0.0,6.0,True,True
eeaKRQIaYd,2024,-0.75,1.179,0.0,1.0,True,True
eepoE7iLpL,2024,-0.083333333333333,1.179,1.0,0.0,True,True
efFmBWioSc,2024,0.25,1.179,1.0,6.0,True,True
ehXWDitaKt,2024,0.0,1.179,0.0,0.0,True,True
eiF7TU1E8E,2024,0.25,1.179,1.0,5.0,True,True
ekz1hN5QNh,2024,0.25,1.179,1.0,2.0,True,True
eo9dHwtTFt,2024,0.0,1.179,1.0,0.0,True,True
eoB6JmdmVf,2024,-1.0,1.179,0.0,0.0,True,True
eoTCKKOgIs,2024,0.5,1.179,1.0,1.0,True,True
eojWsJQ2fe,2024,-1.0,1.179,0.0,11.0,True,True
esh9JYzmTq,2024,-1.083333333333333,1.179,0.0,1.0,True,True
etGEIggjWS,2024,0.25,1.179,0.0,1.0,True,True
exKHibougU,2024,0.25,1.179,1.0,3.0,True,True
extpNXo6hB,2024,0.25,1.179,1.0,19.0,True,True
ey3GhWXQ97,2024,0.583333333333333,1.179,1.0,0.0,True,True
ezBH9WE9s2,2024,0.75,1.179,1.0,8.0,True,True
ezscMer8L0,2024,0.25,1.179,1.0,12.0,True,True
f1xnBr4WD6,2024,1.0,1.179,1.0,0.0,True,True
f3TQxxuquZ,2024,-0.25,1.179,0.0,0.0,True,True
f3g5XpL9Kb,2024,0.916666666666667,1.179,1.0,1.0,True,True
f5H8WGLQm5,2024,0.0,1.179,1.0,20.0,True,True
f5juXkyorf,2024,-0.5,1.179,0.0,0.0,True,True
f6BIRu23ow,2024,-0.75,1.179,0.0,6.0,True,True
f8S3aLm0Vp,2024,0.75,1.179,1.0,0.0,True,True
fACNPcPcrs,2024,-0.25,1.179,0.0,1.0,True,True
fAGEAEQvRr,2024,-0.25,1.179,0.0,0.0,True,True
fCQe7ei2f5,2024,0.25,1.179,0.0,0.0,True,True
fDZumshwym,2024,0.0,1.179,0.0,0.0,True,True
fDaLmkdSKU,2024,0.0499999999999998,1.179,1.0,0.0,True,True
fGAIgO75dG,2024,-0.083333333333333,1.179,1.0,1.0,True,True
fH9eqpCcR3,2024,-0.5499999999999998,1.179,0.0,16.0,True,True
fJNnerz6iH,2024,0.5,1.179,1.0,1.0,True,True
fK9RkJ4fgo,2024,-0.083333333333333,1.179,0.0,2.0,True,True
fLO9VaAb3B,2024,-0.25,1.179,0.0,3.0,True,True
fPEWP3we45,2024,-0.4166666666666669,1.179,0.0,1.0,True,True
fQHb1uZzl7,2024,-0.25,1.179,1.0,0.0,True,True
fUtxNAKpdV,2024,0.75,1.179,1.0,18.0,True,True
fWk5Qx0exc,2024,0.25,1.179,0.0,0.0,True,True
fZmdNb5ThL,2024,-0.75,1.179,0.0,0.0,True,True
farT6XXntP,2024,1.0,1.179,1.0,27.0,True,True
fcqWJ8JgMR,2024,0.25,1.179,1.0,1.0,True,True
fe6ANBxcKM,2024,-0.25,1.179,1.0,0.0,True,True
fe8CzLTMG1,2024,-1.0,1.179,0.0,6.0,True,True
ffTRtzXkIW,2024,-1.083333333333333,1.179,0.0,0.0,True,True
ffcHGwb4KF,2024,-0.75,1.179,0.0,1.0,True,True
fg772k6x6U,2024,-0.25,1.179,0.0,4.0,True,True
fh8EYKFKns,2024,-0.5,1.179,1.0,62.0,True,True
fht65Wm5JC,2024,-0.5,1.179,0.0,0.0,True,True
fibxvahvs3,2024,1.0,1.179,1.0,9.0,True,True
fj2E5OcLFn,2024,0.6500000000000004,1.179,1.0,1.0,True,True
fj5SqqXfn1,2024,-0.75,1.179,0.0,0.0,True,True
fjpfCOV4ru,2024,-0.083333333333333,1.179,1.0,0.0,True,True
fkrYDQaHOJ,2024,-0.25,1.179,1.0,0.0,True,True
flg9EB6ikY,2024,-0.75,1.179,0.0,1.0,True,True
fpYIlzOpIA,2024,-0.4166666666666669,1.179,0.0,1.0,True,True
fpoAYV6Wsk,2024,0.75,1.179,1.0,3.0,True,True
fq1wNrC2ai,2024,0.5,1.179,1.0,0.0,True,True
frRDT6EOhg,2024,0.75,1.179,1.0,0.0,True,True
fszrlQ2DuP,2024,0.25,1.179,1.0,1.0,True,True
ft1mr3WlGM,2024,0.916666666666667,1.179,1.0,6.0,True,True
fw1oizreEF,2024,-0.75,1.179,0.0,2.0,True,True
fyCPspuM5L,2024,-1.0,1.179,0.0,5.0,True,True
g0mlwqs8pi,2024,0.75,1.179,1.0,3.0,True,True
g1S72T3FGc,2024,0.75,1.179,1.0,1.0,True,True
g5TIh84amg,2024,-0.25,1.179,0.0,0.0,True,True
g6rZtxaXRm,2024,0.25,1.179,1.0,1.0,True,True
g8oaZRhDcf,2024,-0.75,1.179,0.0,2.0,True,True
gAnRV4UaUv,2024,-0.75,1.179,0.0,1.0,True,True
gCjeBKuDlc,2024,-0.75,1.179,0.0,0.0,True,True
gDlsMWost9,2024,-0.5,1.179,0.0,97.0,True,True
gEUN4FCCrS,2024,-1.0,1.179,0.0,0.0,True,True
gEwKAZZmSw,2024,0.75,1.179,1.0,0.0,True,True
gFBTNDNDUG,2024,0.25,1.179,0.0,4.0,True,True
gG38EBe2S8,2024,0.25,1.179,1.0,3.0,True,True
gIiz7tBtYZ,2024,0.25,1.179,1.0,3.0,True,True
gK7HIepdn7,2024,-1.083333333333333,1.179,0.0,3.0,True,True
gMLQwKDY3N,2024,-0.5,1.179,1.0,5.0,True,True
gT5hALch9z,2024,0.25,1.179,1.0,11.0,True,True
gXfKPj4s7C,2024,-0.75,1.179,0.0,3.0,True,True
gbrHZq07mq,2024,-0.1500000000000003,1.179,1.0,2.0,True,True
gctmyMiPHH,2024,0.5,1.179,1.0,0.0,True,True
gd0lAEtWso,2024,0.75,1.179,1.0,5.0,True,True
gfFVATffPd,2024,0.25,1.179,1.0,3.0,True,True
gjXor87Xfy,2024,0.25,1.179,1.0,0.0,True,True
gjeQKFxFpZ,2024,0.25,1.179,1.0,50.0,True,True
gjfOL9z5Xr,2024,0.75,1.179,1.0,0.0,True,True
glwwbaeKm2,2024,0.75,1.179,1.0,2.0,True,True
gmg7t8b4s0,2024,0.5,1.179,1.0,11.0,True,True
gp5dPMBzMH,2024,-0.75,1.179,0.0,0.0,True,True
gppLqZLQeY,2024,0.75,1.179,1.0,2.0,True,True
gqtbL7j2JW,2024,-0.75,1.179,0.0,0.0,True,True
gsZAtAdzkY,2024,-0.25,1.179,0.0,14.0,True,True
gtkFw6sZGS,2024,-0.4166666666666669,1.179,1.0,5.0,True,True
guRNebwZBb,2024,0.75,1.179,1.0,2.0,True,True
gwDuW7Ok5f,2024,1.0499999999999998,1.179,1.0,1.0,True,True
gyJpajLkX2,2024,0.25,1.179,0.0,1.0,True,True
gzT61ziSCu,2024,1.0,1.179,1.0,0.0,True,True
h05eQniJsQ,2024,-0.25,1.179,1.0,2.0,True,True
h1SSQ6Dekc,2024,0.5,1.179,0.0,0.0,True,True
h1ZEMXxSz1,2024,-0.5,1.179,0.0,6.0,True,True
h1sFUGlI09,2024,-0.083333333333333,1.179,1.0,16.0,True,True
h4pNROsO06,2024,0.75,1.179,1.0,2.0,True,True
h57gkDO2Yg,2024,0.4500000000000002,1.179,1.0,0.0,True,True
h6Tz85BqRI,2024,0.6500000000000004,1.179,1.0,1.0,True,True
h7nOCxFsPg,2024,-0.083333333333333,1.179,1.0,0.0,True,True
h8GeqOxtd4,2024,0.5,1.179,1.0,3.0,True,True
hAYHmV1gM8,2024,0.25,1.179,1.0,2.0,True,True
hB7SlfEmze,2024,1.0,1.179,1.0,2.0,True,True
hCrFG9cyuC,2024,0.25,1.179,1.0,5.0,True,True
hD3sGVqPsr,2024,0.25,1.179,1.0,0.0,True,True
hDzjO41IOO,2024,-0.75,1.179,0.0,3.0,True,True
hESD2NJFg8,2024,0.75,1.179,1.0,10.0,True,True
hI18CDyadM,2024,-0.083333333333333,1.179,1.0,1.0,True,True
hJCinlknXn,2024,-0.4166666666666669,1.179,0.0,0.0,True,True
hJEMTDOwKx,2024,-0.25,1.179,0.0,1.0,True,True
hLZQTFGToA,2024,1.0,1.179,1.0,2.0,True,True
hORCalGn3Z,2024,0.5,1.179,1.0,2.0,True,True
hOxgrGM63n,2024,0.5,1.179,1.0,0.0,True,True
hP4iZU8I3Y,2024,-0.083333333333333,1.179,0.0,1.0,True,True
hQVCCxQrYN,2024,0.916666666666667,1.179,1.0,5.0,True,True
hUs8YHAUEr,2024,-0.5499999999999998,1.179,0.0,1.0,True,True
hVsiTj9aOO,2024,-0.5,1.179,0.0,0.0,True,True
hWS4MueyzC,2024,1.0,1.179,1.0,2.0,True,True
hbHwZYqk9T,2024,0.25,1.179,1.0,0.0,True,True
hdYqGkSr9S,2024,-0.5499999999999998,1.179,0.0,0.0,True,True
hdoD5OYHPJ,2024,-0.083333333333333,1.179,0.0,1.0,True,True
he4CPgU44D,2024,-1.0,1.179,0.0,1.0,True,True
he6mX9LTyE,2024,0.25,1.179,1.0,6.0,True,True
hgehGq2bDv,2024,0.25,1.179,1.0,5.0,True,True
hj9ZuNimRl,2024,0.25,1.179,1.0,1.0,True,True
hkL8djXrMM,2024,-0.5,1.179,0.0,1.0,True,True
hkSjjs4o5d,2024,0.75,1.179,1.0,0.0,True,True
hkjcdmz8Ro,2024,-1.0,1.179,0.0,45.0,True,True
hmv1LpNfXa,2024,0.25,1.179,1.0,5.0,True,True
homn1jOKI5,2024,0.5,1.179,1.0,1.0,True,True
hp4yOjhwTs,2024,0.0,1.179,1.0,0.0,True,True
hss35aoQ1Y,2024,0.0,1.179,1.0,2.0,True,True
htEL8LrrVe,2024,-1.0,1.179,0.0,0.0,True,True
huGECz8dPp,2024,0.0,1.179,1.0,1.0,True,True
huwR9N2ea0,2024,-0.25,1.179,0.0,0.0,True,True
hv3SklibkL,2024,0.25,1.179,1.0,0.0,True,True
hvoVD7x7f8,2024,-0.75,1.179,0.0,2.0,True,True
hywpSoHwgX,2024,0.75,1.179,1.0,29.0,True,True
i4eDGZFcva,2024,-0.9500000000000002,1.179,0.0,3.0,True,True
i6JcQpiFdR,2024,0.25,1.179,0.0,0.0,True,True
i7LCsDMcZ4,2024,0.583333333333333,1.179,1.0,2.0,True,True
i7oU4nfKEA,2024,0.5,1.179,0.0,5.0,True,True
i8PjQT3Uig,2024,0.916666666666667,1.179,1.0,0.0,True,True
iAYIRHOYy8,2024,0.583333333333333,1.179,1.0,1.0,True,True
iCNOK45Csv,2024,0.0,1.179,1.0,0.0,True,True
iHcTLIor0m,2024,0.75,1.179,1.0,0.0,True,True
iIT02bAKzv,2024,-0.25,1.179,1.0,1.0,True,True
iPWxqnt2ke,2024,0.75,1.179,1.0,1.0,True,True
iS5ADHNg2A,2024,0.75,1.179,1.0,0.0,True,True
iSAgvYhZzg,2024,-0.5,1.179,0.0,3.0,True,True
iT1ttQXwOg,2024,0.25,1.179,0.0,0.0,True,True
iTFdNLHE7k,2024,1.0,1.179,1.0,0.0,True,True
iUD9FklwQf,2024,-0.5,1.179,0.0,1.0,True,True
ia9fKO1Vjq,2024,-0.3499999999999996,1.179,1.0,1.0,True,True
iad1yyyGme,2024,1.0,1.179,1.0,1.0,True,True
ibggY9ZJ1T,2024,-1.083333333333333,1.179,0.0,4.0,True,True
icTZCUbtD6,2024,0.4500000000000002,1.179,1.0,0.0,True,True
idpV2AqusC,2024,0.5,1.179,0.0,0.0,True,True
igfDXfMvm5,2024,-0.25,1.179,1.0,1.0,True,True
ijK5hyxs0n,2024,0.25,1.179,1.0,1.0,True,True
ijoqFqSC7p,2024,0.0,1.179,1.0,4.0,True,True
ikX6D1oM1c,2024,0.75,1.179,1.0,1.0,True,True
ikwEDva1JZ,2024,0.75,1.179,1.0,2.0,True,True
imZcqOrbig,2024,0.25,1.179,1.0,0.0,True,True
ip5LHJs6QX,2024,0.25,1.179,1.0,2.0,True,True
irorVob9Eq,2024,-0.083333333333333,1.179,0.0,1.0,True,True
itGkF993gz,2024,-0.083333333333333,1.179,1.0,10.0,True,True
itKMOWSP6K,2024,-0.5,1.179,0.0,5.0,True,True
itNHdOzZig,2024,-0.083333333333333,1.179,0.0,1.0,True,True
izrOLJov5y,2024,1.0,1.179,1.0,0.0,True,True
j0ZvKSNZiP,2024,0.25,1.179,1.0,0.0,True,True
j511LaqEeP,2024,0.25,1.179,1.0,2.0,True,True
jDy2Djjrge,2024,-0.25,1.179,0.0,18.0,True,True
jE8xbmvFin,2024,1.0,1.179,1.0,41.0,True,True
jFa5KESW65,2024,0.5,1.179,1.0,0.0,True,True
jGuXGNcK6O,2024,-0.3499999999999996,1.179,0.0,0.0,True,True
jH67LHVOIO,2024,0.583333333333333,1.179,1.0,1.0,True,True
jHdz0CIS2y,2024,-0.75,1.179,0.0,0.0,True,True
jId5PXbBbX,2024,0.5,1.179,1.0,0.0,True,True
jKHmjlpViu,2024,0.25,1.179,1.0,4.0,True,True
jNR6s6OSBT,2024,1.0,1.179,1.0,0.0,True,True
jODehvtTDx,2024,0.0499999999999998,1.179,1.0,0.0,True,True
jOm5p3q7c7,2024,0.75,1.179,1.0,1.0,True,True
jTSKkcbEsj,2024,0.0,1.179,1.0,0.0,True,True
jUWktnsplU,2024,0.75,1.179,1.0,2.0,True,True
jVEoydFOl9,2024,1.0,1.179,1.0,9.0,True,True
jYHRP6nj9Q,2024,-0.75,1.179,0.0,0.0,True,True
jb37oaGZXy,2024,-0.083333333333333,1.179,0.0,1.0,True,True
jd5GokdySz,2024,0.916666666666667,1.179,1.0,0.0,True,True
jdynlBj3b0,2024,0.5,1.179,0.0,0.0,True,True
jenyYQzue1,2024,1.0,1.179,1.0,5.0,True,True
jfTrsqRrpb,2024,-1.0,1.179,0.0,1.0,True,True
jhCzPwcVbG,2024,-0.75,1.179,0.0,4.0,True,True
jhPvuc7kxB,2024,0.75,1.179,1.0,0.0,True,True
jiDsk12qcz,2024,0.75,1.179,1.0,8.0,True,True
jjA4O1vJRz,2024,0.75,1.179,1.0,10.0,True,True
jlEjB8MVGa,2024,0.75,1.179,1.0,1.0,True,True
jnFcKjtUPN,2024,0.25,1.179,1.0,0.0,True,True
joMMM9eadc,2024,0.5,1.179,0.0,0.0,True,True
jolYuxpVn1,2024,0.25,1.179,0.0,25.0,True,True
jp3gWrMuIZ,2024,1.0,1.179,1.0,16.0,True,True
jrm33chK71,2024,-0.1500000000000003,1.179,0.0,0.0,True,True
juE0rWGCJW,2024,0.583333333333333,1.179,1.0,0.0,True,True
juuyW8B8ig,2024,0.25,1.179,1.0,0.0,True,True
jvtmdK69KQ,2024,0.25,1.179,1.0,1.0,True,True
jvveGAbkVx,2024,0.75,1.179,1.0,0.0,True,True
jx6njBKH8E,2024,0.0,1.179,0.0,0.0,True,True
jznbgiynus,2024,0.25,1.179,1.0,27.0,True,True
jzzEHTBFOT,2024,0.25,1.179,1.0,4.0,True,True
k2lkeCCfRK,2024,-0.75,1.179,0.0,0.0,True,True
k581sTMyPt,2024,0.916666666666667,1.179,1.0,0.0,True,True
k9NYnsC4Mq,2024,-0.083333333333333,1.179,0.0,19.0,True,True
k9SVcrmXL8,2024,0.916666666666667,1.179,1.0,2.0,True,True
k9t8dQ30kU,2024,1.0,1.179,1.0,7.0,True,True
kA7vZQG34x,2024,-0.4166666666666669,1.179,0.0,0.0,True,True
kB4yBiNmXX,2024,0.0,1.179,1.0,35.0,True,True
kBNIx4Biq4,2024,0.75,1.179,1.0,1.0,True,True
kGteeZ18Ir,2024,0.0,1.179,1.0,11.0,True,True
kILAd8RdzA,2024,0.583333333333333,1.179,1.0,1.0,True,True
kIP0duasBb,2024,0.916666666666667,1.179,1.0,5.0,True,True
kIZ3S3tel6,2024,-0.25,1.179,1.0,0.0,True,True
kJ0qp9Xdsh,2024,0.75,1.179,1.0,1.0,True,True
kKmi2UTlBN,2024,-1.083333333333333,1.179,0.0,2.0,True,True
kMp8zCsXNb,2024,0.583333333333333,1.179,1.0,0.0,True,True
kNPcOaqC5r,2024,0.0,1.179,1.0,1.0,True,True
kNm7TNIL6O,2024,-0.75,1.179,0.0,0.0,True,True
kOBkxFRKTA,2024,0.4500000000000002,1.179,1.0,4.0,True,True
kQPAAXRswY,2024,-0.083333333333333,1.179,0.0,1.0,True,True
kQwULZhiSF,2024,0.0,1.179,0.0,0.0,True,True
kTRGF2JEcx,2024,-0.75,1.179,0.0,0.0,True,True
kUCgHbmO11,2024,0.5,1.179,1.0,3.0,True,True
kUveo5k1GF,2024,0.5,1.179,1.0,2.0,True,True
kWS4iOkhXv,2024,-0.25,1.179,0.0,0.0,True,True
kXHEBK9uAY,2024,0.0,1.179,1.0,2.0,True,True
kZEXgtMNNo,2024,0.25,1.179,1.0,0.0,True,True
kce6LTZ5vY,2024,-0.75,1.179,0.0,2.0,True,True
keA1Ea7v6p,2024,-0.083333333333333,1.179,0.0,1.0,True,True
kgy2swARws,2024,-1.0,1.179,0.0,0.0,True,True
khAE1sTMdX,2024,0.5,1.179,1.0,2.0,True,True
kiwyQsZIGP,2024,-0.75,1.179,0.0,0.0,True,True
kkQSwtx0p3,2024,-0.5,1.179,0.0,0.0,True,True
kkpVgxHQ1S,2024,-0.75,1.179,0.0,3.0,True,True
kmnQYA8snK,2024,-1.0,1.179,0.0,11.0,True,True
koYsgfEwCQ,2024,-0.5,1.179,1.0,0.0,True,True
kqHxpHKMSz,2024,0.4500000000000002,1.179,0.0,0.0,True,True
krx55l2A6G,2024,0.4500000000000002,1.179,1.0,0.0,True,True
ktG8Tun1Cy,2024,1.0,1.179,1.0,8.0,True,True
ktJAF3lxbi,2024,0.25,1.179,1.0,2.0,True,True
ktdETU9JBg,2024,0.25,1.179,1.0,8.0,True,True
ktiikNTgK5,2024,-0.5,1.179,0.0,1.0,True,True
kuTZMZdCPZ,2024,0.25,1.179,1.0,6.0,True,True
kv5xE1p3jz,2024,-0.25,1.179,1.0,2.0,True,True
kvcbV8KQsi,2024,1.0,1.179,1.0,3.0,True,True
kxebDHZ7b7,2024,1.0,1.179,1.0,0.0,True,True
kxpswbhr1r,2024,0.0,1.179,0.0,3.0,True,True
kz5igjl04W,2024,-0.25,1.179,0.0,3.0,True,True
kzGuiRXZrQ,2024,0.0,1.179,1.0,6.0,True,True
l1U6sEgYkb,2024,0.4500000000000002,1.179,1.0,1.0,True,True
l1pNNQSzZv,2024,0.5,1.179,0.0,2.0,True,True
l60EM8md3t,2024,0.916666666666667,1.179,1.0,0.0,True,True
lAhQCHuANV,2024,0.583333333333333,1.179,1.0,0.0,True,True
lAhWGOkpSR,2024,0.0,1.179,1.0,0.0,True,True
lBdE9r5XZV,2024,0.0,1.179,0.0,2.0,True,True
lDbjooxLkD,2024,0.25,1.179,1.0,1.0,True,True
lF2aip4Scn,2024,0.75,1.179,1.0,0.0,True,True
lFYj0oibGR,2024,0.75,1.179,1.0,18.0,True,True
lJYAkDVnRU,2024,-0.25,1.179,1.0,3.0,True,True
lJkOCMP2aW,2024,0.916666666666667,1.179,1.0,35.0,True,True
lK2V2E2MNv,2024,0.0499999999999998,1.179,1.0,0.0,True,True
lK4QHgjUU8,2024,-0.75,1.179,0.0,3.0,True,True
lKxL5zkssv,2024,0.583333333333333,1.179,1.0,2.0,True,True
lNCnZwcH5Z,2024,0.0,1.179,1.0,0.0,True,True
lNLVvdHyAw,2024,-0.75,1.179,0.0,12.0,True,True
lWXedJyLuL,2024,-0.083333333333333,1.179,0.0,0.0,True,True
liKkG1zcWq,2024,0.75,1.179,1.0,0.0,True,True
lifLHzadgr,2024,-0.25,1.179,0.0,11.0,True,True
likXVjmh3E,2024,0.75,1.179,1.0,5.0,True,True
liuqDwmbQJ,2024,0.25,1.179,1.0,0.0,True,True
lm7MRcsFiS,2024,0.25,1.179,1.0,4.0,True,True
lrQlLqQase,2024,-0.25,1.179,1.0,0.0,True,True
lsvlvWB9vz,2024,0.75,1.179,1.0,1.0,True,True
ltZ9ianMth,2024,-0.25,1.179,1.0,1.0,True,True
lwtaEhDx9x,2024,-1.0,1.179,0.0,1.0,True,True
m0x0rv6Iwm,2024,0.5,1.179,1.0,0.0,True,True
m3RRWWFaVe,2024,0.75,1.179,1.0,0.0,True,True
m3ch3kJL7q,2024,0.916666666666667,1.179,1.0,5.0,True,True
m52uU0dVbH,2024,0.25,1.179,1.0,1.0,True,True
m7C04OET3V,2024,0.25,1.179,0.0,1.0,True,True
m7aPLHwsLr,2024,0.4500000000000002,1.179,1.0,2.0,True,True
m7tJxajC3G,2024,0.4500000000000002,1.179,1.0,0.0,True,True
mBzsKsrXf9,2024,-0.5,1.179,0.0,1.0,True,True
mCOBKZmrzD,2024,0.25,1.179,1.0,81.0,True,True
mCnWT9OVvK,2024,-0.5,1.179,0.0,0.0,True,True
mDBsBB1enO,2024,-0.75,1.179,0.0,15.0,True,True
mDIXfHvoqH,2024,1.0,1.179,0.0,7.0,True,True
mFBR2ksIwY,2024,-0.75,1.179,0.0,1.0,True,True
mFTPRV5hYw,2024,0.25,1.179,0.0,5.0,True,True
mHF35XVjmm,2024,-0.3499999999999996,1.179,0.0,5.0,True,True
mHXCByvrLd,2024,-0.75,1.179,0.0,0.0,True,True
mHv6wcBb0z,2024,-0.25,1.179,0.0,0.0,True,True
mIEHIcHGOo,2024,0.916666666666667,1.179,1.0,0.0,True,True
mIQ2puu82H,2024,-0.25,1.179,0.0,1.0,True,True
mL8Q9OOamV,2024,0.25,1.179,1.0,29.0,True,True
mM7VurbA4r,2024,0.916666666666667,1.179,1.0,3.0,True,True
mMaQvkMzDi,2024,-0.25,1.179,1.0,1.0,True,True
mNYF0IHbRy,2024,-0.25,1.179,1.0,0.0,True,True
mPOVOwsDOO,2024,-0.25,1.179,0.0,0.0,True,True
mR5pknv2oP,2024,-1.0,1.179,0.0,2.0,True,True
mRw9BuNO9i,2024,0.25,1.179,0.0,1.0,True,True
mYp2KwjCWx,2024,-1.0,1.179,0.0,0.0,True,True
mhgm0IXtHw,2024,0.916666666666667,1.179,1.0,1.0,True,True
mkjKqeBXkt,2024,-0.083333333333333,1.179,0.0,2.0,True,True
mmCIov21zD,2024,0.25,1.179,0.0,0.0,True,True
mnipav175N,2024,0.25,1.179,1.0,1.0,True,True
mqVgBbNCm9,2024,-0.083333333333333,1.179,1.0,12.0,True,True
ms0VgzSGF2,2024,1.0,1.179,1.0,1.0,True,True
msXxrttLOi,2024,0.5,1.179,1.0,2.0,True,True
mt5NPvTp5a,2024,0.0,1.179,0.0,2.0,True,True
mutJBk3ILg,2024,0.5,1.179,1.0,0.0,True,True
mvMI3N4AvD,2024,0.75,1.179,1.0,8.0,True,True
mxJEX6w5uN,2024,-0.5,1.179,0.0,0.0,True,True
mz8owj4DXu,2024,0.75,1.179,1.0,2.0,True,True
mzxKLZNbrQ,2024,-0.25,1.179,0.0,4.0,True,True
mzyZ4wzKlM,2024,1.0,1.179,1.0,1.0,True,True
n39ilTxSDY,2024,-0.4166666666666669,1.179,0.0,0.0,True,True
n3z5oALWci,2024,-1.0,1.179,0.0,0.0,True,True
n6mLhaBahJ,2024,1.0,1.179,1.0,2.0,True,True
nAs4LdaP9Y,2024,0.583333333333333,1.179,1.0,2.0,True,True
nBCuRzjqK7,2024,0.5,1.179,1.0,4.0,True,True
nFG1YmQTqi,2024,0.0,1.179,0.0,0.0,True,True
nFI3wFM9yN,2024,0.25,1.179,1.0,0.0,True,True
nJnky5K944,2024,0.916666666666667,1.179,1.0,0.0,True,True
nKvGCUoiuW,2024,0.25,1.179,0.0,66.0,True,True
nLxH6a6Afe,2024,-0.75,1.179,0.0,0.0,True,True
nNyjIMKGCH,2024,0.0,1.179,0.0,2.0,True,True
nO344avRib,2024,0.5,1.179,1.0,0.0,True,True
nQsimt9atc,2024,0.0,1.179,0.0,1.0,True,True
nR1EEDuov7,2024,-0.75,1.179,0.0,2.0,True,True
nTwb2vBLOV,2024,0.25,1.179,1.0,3.0,True,True
nUBLhhVM1l,2024,0.583333333333333,1.179,1.0,1.0,True,True
nUH5liW3c1,2024,-1.083333333333333,1.179,0.0,1.0,True,True
nY9nITZQjc,2024,0.75,1.179,1.0,0.0,True,True
nZP6NgD3QY,2024,0.75,1.179,1.0,5.0,True,True
ndCJeysCPe,2024,0.583333333333333,1.179,1.0,3.0,True,True
ndR8Ytrzhh,2024,0.0,1.179,1.0,2.0,True,True
nfIAEJFiBZ,2024,0.916666666666667,1.179,1.0,5.0,True,True
nh4vQ1tGCt,2024,-1.0,1.179,0.0,2.0,True,True
nhgTmx1TZJ,2024,-0.5,1.179,0.0,14.0,True,True
nji0ztL5rP,2024,-0.4166666666666669,1.179,0.0,0.0,True,True
nkKWY5JjtZ,2024,-0.083333333333333,1.179,0.0,0.0,True,True
nnicaG5xiH,2024,0.583333333333333,1.179,1.0,0.0,True,True
npoi2fr882,2024,-0.4166666666666669,1.179,0.0,1.0,True,True
nrctFaenIZ,2024,0.0,1.179,0.0,1.0,True,True
nsNyDvNQTc,2024,-0.75,1.179,1.0,2.0,True,True
nudMydhZZW,2024,0.5,1.179,0.0,0.0,True,True
nxnbPPVvOG,2024,-0.083333333333333,1.179,1.0,0.0,True,True
o0C2v4xTdS,2024,0.25,1.179,0.0,1.0,True,True
o1TKGCrSL7,2024,-1.0,1.179,0.0,0.0,True,True
o3BxOLoxm1,2024,0.75,1.179,1.0,0.0,True,True
o4AydSd3Lp,2024,0.25,1.179,0.0,0.0,True,True
o4CLLlIaaH,2024,0.75,1.179,1.0,0.0,True,True
o4Uheo6nR1,2024,-0.25,1.179,0.0,0.0,True,True
o7qhUMylLU,2024,0.25,1.179,1.0,0.0,True,True
o7x0XVlCpX,2024,0.916666666666667,1.179,1.0,2.0,True,True
o87xfYKQC1,2024,-0.75,1.179,0.0,0.0,True,True
oAMArMMQxb,2024,0.5,1.179,1.0,0.0,True,True
oEF7qExD9F,2024,0.0,1.179,1.0,2.0,True,True
oEzY6fRUMH,2024,-1.0,1.179,0.0,0.0,True,True
oGNdBvymod,2024,0.4500000000000002,1.179,1.0,0.0,True,True
oJ1tx3fXDA,2024,-0.75,1.179,0.0,0.0,True,True
oKn9c6ytLx,2024,0.583333333333333,1.179,1.0,23.0,True,True
oLLZhbBSOU,2024,0.75,1.179,1.0,7.0,True,True
oLTgo1dcIl,2024,-1.083333333333333,1.179,0.0,0.0,True,True
oM7Jbxdk6Z,2024,0.25,1.179,1.0,2.0,True,True
oNkYPgnfHt,2024,-0.083333333333333,1.179,0.0,4.0,True,True
oOGqJ6Z1sA,2024,0.583333333333333,1.179,1.0,2.0,True,True
oOwDQl8haC,2024,0.0,1.179,1.0,0.0,True,True
oPZZcLZXT1,2024,-0.5,1.179,0.0,0.0,True,True
oQKKlzxV1o,2024,1.0,1.179,1.0,0.0,True,True
oUeYSTIhpE,2024,-1.0,1.179,0.0,0.0,True,True
oZDJKTlOUe,2024,0.5,1.179,1.0,29.0,True,True
oZyAqjAjJW,2024,0.5,1.179,1.0,0.0,True,True
oaTkYHPINY,2024,-0.75,1.179,0.0,2.0,True,True
odY3PkI5VB,2024,0.583333333333333,1.179,1.0,0.0,True,True
ofzeypWosV,2024,0.6500000000000004,1.179,1.0,2.0,True,True
ohdVLirfbz,2024,-0.25,1.179,0.0,2.0,True,True
ojrVw6GFFD,2024,-0.25,1.179,0.0,0.0,True,True
okYdj8Ysru,2024,-0.5499999999999998,1.179,1.0,0.0,True,True
om5z1n0mXA,2024,0.25,1.179,0.0,1.0,True,True
oq5EF8parZ,2024,-0.25,1.179,0.0,2.0,True,True
otU31x3fus,2024,-0.5,1.179,1.0,1.0,True,True
owokKCrGYr,2024,0.0,1.179,1.0,7.0,True,True
ox2ATRM90I,2024,0.4500000000000002,1.179,1.0,7.0,True,True
oxjeePpgSP,2024,0.0,1.179,1.0,0.0,True,True
p09XyFxZkc,2024,-0.25,1.179,0.0,34.0,True,True
p34fRKp8qA,2024,1.083333333333333,1.179,1.0,0.0,True,True
p4S5Z6Sah4,2024,0.5,1.179,1.0,10.0,True,True
p4eG8rCa0b,2024,0.916666666666667,1.179,1.0,1.0,True,True
p8ujRTjEf3,2024,0.4500000000000002,1.179,1.0,0.0,True,True
pAVJKp3Dvn,2024,-0.083333333333333,1.179,1.0,0.0,True,True
pAsQSWlDUf,2024,0.75,1.179,1.0,3.0,True,True
pB1FeRSQxh,2024,0.25,1.179,1.0,0.0,True,True
pB9XVRGVu0,2024,0.0,1.179,0.0,0.0,True,True
pBxeZ6pVUD,2024,0.25,1.179,1.0,0.0,True,True
pC3WJHf51j,2024,1.0,1.179,1.0,20.0,True,True
pCEgna6Qco,2024,1.0,1.179,1.0,7.0,True,True
pDCublKPmG,2024,0.75,1.179,1.0,0.0,True,True
pEGSdJu52I,2024,0.25,1.179,1.0,8.0,True,True
pETSfWMUzy,2024,0.25,1.179,1.0,7.0,True,True
pFOoOdaiue,2024,0.75,1.179,1.0,1.0,True,True
pOBvr1PxFd,2024,0.25,1.179,0.0,2.0,True,True
pPJTQYOpNI,2024,0.75,1.179,1.0,0.0,True,True
pPh9p8anUi,2024,0.4166666666666669,1.179,1.0,0.0,True,True
pPjZIOuQuF,2024,0.583333333333333,1.179,1.0,12.0,True,True
pRpMAD3udW,2024,-0.25,1.179,0.0,1.0,True,True
pTHfApDakA,2024,0.25,1.179,1.0,12.0,True,True
pTN8dV2pL8,2024,0.25,1.179,1.0,0.0,True,True
pTqmVbBa8R,2024,-0.4166666666666669,1.179,0.0,,True,False
pUIANwOLBN,2024,-0.4166666666666669,1.179,0.0,0.0,True,True
pUKps5dL4s,2024,0.0,1.179,0.0,0.0,True,True
pUtTtiNksb,2024,-0.083333333333333,1.179,0.0,0.0,True,True
pVKEFtGkM6,2024,-0.25,1.179,0.0,1.0,True,True
pXt2EP0PW1,2024,0.0499999999999998,1.179,0.0,0.0,True,True
pZhdz4oyzo,2024,0.0,1.179,0.0,23.0,True,True
pbLjYjjWqd,2024,-0.75,1.179,0.0,7.0,True,True
pdJXYfJjz9,2024,0.4500000000000002,1.179,1.0,2.0,True,True
peZbJlOVAN,2024,-0.5,1.179,0.0,2.0,True,True
ph04CRkPdC,2024,-0.25,1.179,1.0,2.0,True,True
phBS6YpTzC,2024,0.916666666666667,1.179,1.0,2.0,True,True
piWvNRR0Ym,2024,-0.5,1.179,0.0,0.0,True,True
pk0iUCNVPa,2024,0.583333333333333,1.179,0.0,0.0,True,True
plmBsXHxgR,2024,0.5,1.179,1.0,11.0,True,True
pmweVpJ229,2024,0.916666666666667,1.179,1.0,1.0,True,True
poFAoivHQk,2024,0.25,1.179,0.0,2.0,True,True
pszewhybU9,2024,0.5,1.179,1.0,13.0,True,True
ptCIlV24YZ,2024,0.0499999999999998,1.179,1.0,0.0,True,True
pv2U1BeC5Z,2024,-0.75,1.179,0.0,0.0,True,True
pw2ssoOTpo,2024,0.75,1.179,1.0,2.0,True,True
pxI5IPeWgW,2024,1.0499999999999998,1.179,1.0,0.0,True,True
py4ZV2qYQI,2024,0.25,1.179,1.0,2.0,True,True
pyuCmLLluu,2024,-0.25,1.179,0.0,2.0,True,True
pz2E1Q9Wni,2024,0.75,1.179,1.0,0.0,True,True
pzUhfQ74c5,2024,0.5,1.179,1.0,7.0,True,True
pzpWBbnwiJ,2024,-0.5,1.179,1.0,2.0,True,True
q20O1J9ujh,2024,-0.25,1.179,0.0,2.0,True,True
q38SZkUmUh,2024,0.583333333333333,1.179,0.0,6.0,True,True
q3KNrmW6Ql,2024,0.25,1.179,1.0,1.0,True,True
q4AEBLHuA6,2024,0.0,1.179,1.0,1.0,True,True
q4SiDyYQbo,2024,0.583333333333333,1.179,1.0,0.0,True,True
q57JLSE2j5,2024,0.25,1.179,1.0,3.0,True,True
q6WXlm2Kxo,2024,-0.75,1.179,0.0,6.0,True,True
q9jQPA6zPK,2024,0.75,1.179,1.0,0.0,True,True
qA4foxO5Gf,2024,0.5,1.179,1.0,0.0,True,True
qAoxvePSlq,2024,0.0,1.179,1.0,3.0,True,True
qBL04XXex6,2024,0.25,1.179,1.0,1.0,True,True
qBWhjsNPEY,2024,0.25,1.179,1.0,3.0,True,True
qCUWVT0Ayy,2024,0.5,1.179,1.0,2.0,True,True
qCyhvr0GG8,2024,-0.25,1.179,1.0,0.0,True,True
qDKTMjoFbC,2024,-0.1500000000000003,1.179,0.0,1.0,True,True
qDMyhAxok3,2024,-1.083333333333333,1.179,0.0,0.0,True,True
qDdSRaOiyb,2024,0.0,1.179,1.0,0.0,True,True
qDhq1icpO8,2024,1.0,1.179,1.0,0.0,True,True
qH8ADnIVII,2024,0.0,1.179,0.0,0.0,True,True
qHGgNyQk31,2024,0.75,1.179,1.0,6.0,True,True
qJ5EFFGuFU,2024,-0.25,1.179,0.0,0.0,True,True
qODvxQ8TXW,2024,0.25,1.179,1.0,,True,False
qOFLn0pMoe,2024,-0.75,1.179,0.0,3.0,True,True
qPloNoDJZn,2024,-0.4166666666666669,1.179,1.0,0.0,True,True
qT1I15Zodx,2024,-1.0,1.179,0.0,3.0,True,True
qTui9aQ3VW,2024,0.25,1.179,0.0,0.0,True,True
qV83K9d5WB,2024,-1.0,1.179,1.0,19.0,True,True
qVBTlo0T4s,2024,-1.0,1.179,0.0,5.0,True,True
qYb0CANLGC,2024,0.25,1.179,0.0,1.0,True,True
qZB7KDN4L1,2024,-0.75,1.179,0.0,0.0,True,True
qaKRfobbTg,2024,0.25,1.179,1.0,0.0,True,True
qe49ybvvPs,2024,1.0,1.179,1.0,0.0,True,True
qg5JENs0N4,2024,-0.25,1.179,1.0,0.0,True,True
qhAx0fU9YE,2024,-0.25,1.179,0.0,14.0,True,True
qi5Xa2cOZg,2024,-0.083333333333333,1.179,1.0,0.0,True,True
qiduMcw3CU,2024,0.5,1.179,1.0,2.0,True,True
qmXedvwrT1,2024,0.916666666666667,1.179,1.0,1.0,True,True
qoYogklIPz,2024,1.0,1.179,1.0,5.0,True,True
qr4ECbGcSj,2024,1.0,1.179,1.0,0.0,True,True
qrGjFJVl3m,2024,-0.4166666666666669,1.179,0.0,132.0,True,True
qtE9K23ISq,2024,0.0499999999999998,1.179,1.0,1.0,True,True
qud5pDnpzo,2024,-1.083333333333333,1.179,0.0,0.0,True,True
qup9xD8mW4,2024,0.916666666666667,1.179,1.0,0.0,True,True
qxLVaYbsSI,2024,0.25,1.179,1.0,5.0,True,True
qz3mcn99cu,2024,0.583333333333333,1.179,1.0,1.0,True,True
r0BcyqWAcj,2024,-1.0,1.179,0.0,0.0,True,True
r125wFo0L3,2024,-0.75,1.179,0.0,3.0,True,True
r2uhY4pXrb,2024,-0.25,1.179,0.0,2.0,True,True
r65xfUb76p,2024,-0.083333333333333,1.179,1.0,25.0,True,True
r7cYRi7NxT,2024,-0.5,1.179,0.0,3.0,True,True
r8h2uUX22d,2024,0.0499999999999998,1.179,0.0,1.0,True,True
r9FsiXZxZt,2024,0.916666666666667,1.179,1.0,1.0,True,True
rAHcTCMaLc,2024,-0.0357142857142855,1.179,1.0,2.0,True,True
rAX55lDjtt,2024,-1.1500000000000004,1.179,0.0,3.0,True,True
rBH7x87VfJ,2024,0.75,1.179,1.0,0.0,True,True
rDH7dIFn20,2024,0.25,1.179,1.0,0.0,True,True
rDIqMB4mMg,2024,-1.0,1.179,0.0,1.0,True,True
rHzapPnCgT,2024,0.5,1.179,1.0,18.0,True,True
rINBD8jPoP,2024,-0.1500000000000003,1.179,1.0,8.0,True,True
rIx1YXVWZb,2024,-0.25,1.179,1.0,0.0,True,True
rL7xsg1aRn,2024,0.916666666666667,1.179,1.0,0.0,True,True
rM9VJPB20F,2024,0.5,1.179,1.0,0.0,True,True
rN3fh43D30,2024,-0.083333333333333,1.179,0.0,0.0,True,True
rR03qFesqk,2024,0.916666666666667,1.179,1.0,2.0,True,True
rTDyN8yajn,2024,0.6500000000000004,1.179,1.0,2.0,True,True
rUH2EDpToF,2024,0.25,1.179,0.0,0.0,True,True
rUf9G9k2im,2024,0.5,1.179,1.0,5.0,True,True
rYhDcQudVI,2024,-0.75,1.179,0.0,1.0,True,True
rYyu3jpk8z,2024,-0.9500000000000002,1.179,0.0,0.0,True,True
rfSfDSFrRL,2024,-0.25,1.179,0.0,3.0,True,True
rkplYfqUr0,2024,0.25,1.179,1.0,1.0,True,True
rnHqwPH4TZ,2024,-0.25,1.179,0.0,1.0,True,True
ro4CgvfUKy,2024,0.8499999999999996,1.179,0.0,2.0,True,True
rsY6J3ZaTF,2024,0.25,1.179,1.0,4.0,True,True
rsg1mvUahT,2024,0.75,1.179,1.0,2.0,True,True
rtl4XnJYBh,2024,-0.25,1.179,1.0,2.0,True,True
ruGY8v10mK,2024,0.75,1.179,1.0,0.0,True,True
ruQkcBfzpm,2024,-0.25,1.179,0.0,0.0,True,True
rulxyXjf46,2024,0.5,1.179,1.0,0.0,True,True
rvDQtdMnOl,2024,0.5,1.179,1.0,6.0,True,True
rvj1mn8q8D,2024,0.0,1.179,0.0,0.0,True,True
rxD2ZCExRG,2024,0.25,1.179,0.0,2.0,True,True
rxlF2Zv8x0,2024,-0.5,1.179,1.0,3.0,True,True
s1ByDEbpI8,2024,-0.5,1.179,0.0,1.0,True,True
s25i99RTCg,2024,-0.75,1.179,0.0,0.0,True,True
s2NjWfaYdZ,2024,1.0,1.179,1.0,0.0,True,True
s56xikpD92,2024,0.5,1.179,1.0,4.0,True,True
s90VIdza2K,2024,0.25,1.179,1.0,0.0,True,True
sAOtKKHh1i,2024,-0.75,1.179,0.0,0.0,True,True
sBQwvucduK,2024,0.25,1.179,1.0,10.0,True,True
sDlMJVXXeV,2024,-0.75,1.179,0.0,0.0,True,True
sFQe52N40m,2024,-0.5,1.179,0.0,0.0,True,True
sGVmr7KHfn,2024,-0.25,1.179,1.0,0.0,True,True
sIcPMMhl9W,2024,0.0499999999999998,1.179,0.0,0.0,True,True
sJ88Wg5Bp5,2024,0.75,1.179,1.0,13.0,True,True
sKPzAXoylB,2024,-0.5,1.179,1.0,1.0,True,True
sLGliHckR8,2024,0.583333333333333,1.179,0.0,0.0,True,True
sLQb8q0sUi,2024,0.75,1.179,1.0,15.0,True,True
sLkj91HIZU,2024,1.0499999999999998,1.179,1.0,1.0,True,True
sMFqEror1b,2024,-1.0,1.179,0.0,0.0,True,True
sNFLN3itAd,2024,-0.083333333333333,1.179,1.0,11.0,True,True
sNtDKdcI1f,2024,0.25,1.179,0.0,1.0,True,True
sP0Aev2Gis,2024,0.583333333333333,1.179,0.0,0.0,True,True
sPUrdFGepF,2024,1.0499999999999998,1.179,1.0,1.0,True,True
sRyGgkdQ47,2024,-0.5,1.179,0.0,4.0,True,True
sSaN4gxuEf,2024,0.25,1.179,1.0,2.0,True,True
sTYuRVrdK3,2024,0.5,1.179,1.0,6.0,True,True
sVEu295o70,2024,0.25,1.179,1.0,1.0,True,True
sVl1KO5K76,2024,-0.75,1.179,0.0,1.0,True,True
sZZ3R0lV9f,2024,-0.5,1.179,0.0,0.0,True,True
samyfu6G93,2024,0.25,1.179,1.0,1.0,True,True
sbiU3WZpTp,2024,-0.4166666666666669,1.179,0.0,6.0,True,True
sehRvaIPQQ,2024,-0.25,1.179,1.0,0.0,True,True
sfTsvy05MX,2024,-1.0,1.179,0.0,1.0,True,True
slSmYGc8ee,2024,1.0,1.179,1.0,3.0,True,True
smy4DsUbBo,2024,0.25,1.179,1.0,1.0,True,True
sp666x6Gh3,2024,-0.5,1.179,0.0,1.0,True,True
spvaV5LELF,2024,0.25,1.179,1.0,0.0,True,True
sqRgz88TM3,2024,0.583333333333333,1.179,1.0,3.0,True,True
svIdLLZpsA,2024,0.25,1.179,1.0,5.0,True,True
sysX9XMGdF,2024,-0.25,1.179,0.0,1.0,True,True
t0FI3Q66K5,2024,0.75,1.179,1.0,11.0,True,True
t3gOYtv1xV,2024,0.75,1.179,0.0,0.0,True,True
t3vnnLeajU,2024,-0.5,1.179,1.0,21.0,True,True
t4HiVGGzML,2024,-0.4166666666666669,1.179,0.0,0.0,True,True
t5LXyWbs5p,2024,-0.25,1.179,0.0,2.0,True,True
t84UBRhhvp,2024,-1.0,1.179,0.0,0.0,True,True
t8eO0CiZJV,2024,0.6500000000000004,1.179,1.0,1.0,True,True
t9dWHpGkPj,2024,-0.25,1.179,1.0,4.0,True,True
tAmfM1sORP,2024,-1.0,1.179,0.0,8.0,True,True
tB7p0SM5TH,2024,-1.083333333333333,1.179,0.0,,True,False
tBROYsEz9G,2024,0.5,1.179,1.0,2.0,True,True
tDuQNUQN6q,2024,-0.75,1.179,0.0,3.0,True,True
tEAF9LBdgu,2024,1.0,1.179,0.0,147.0,True,True
tEgrUrUuwA,2024,-0.25,1.179,1.0,7.0,True,True
tGOOP7DGxs,2024,-0.75,1.179,0.0,1.0,True,True
tGQirjzddO,2024,0.583333333333333,1.179,1.0,2.0,True,True
tI3eqOV6Yt,2024,-0.75,1.179,0.0,0.0,True,True
tOzCcDdH9O,2024,0.5,1.179,1.0,10.0,True,True
tPEwSYPtAC,2024,1.0,1.179,1.0,0.0,True,True
tQqLV2N0uz,2024,-0.3499999999999996,1.179,0.0,4.0,True,True
tUVG9nGzgE,2024,0.583333333333333,1.179,1.0,0.0,True,True
tVTN7Zs0ml,2024,0.25,1.179,1.0,10.0,True,True
tVuZa1bgOs,2024,0.25,1.179,0.0,0.0,True,True
tZ3JmSDbJM,2024,-0.75,1.179,0.0,2.0,True,True
tbznWbXq2b,2024,-1.0,1.179,0.0,2.0,True,True
tc1jaWpi7M,2024,0.0,1.179,0.0,1.0,True,True
tcx84iyqaC,2024,-0.4166666666666669,1.179,0.0,0.0,True,True
tf6nR1B8Nt,2024,-0.75,1.179,0.0,0.0,True,True
thFwKIRqmG,2024,-0.25,1.179,0.0,2.0,True,True
thbtoAkCe9,2024,-0.1500000000000003,1.179,1.0,0.0,True,True
tiiAzqi6Ol,2024,0.0,1.179,1.0,0.0,True,True
tjn2YZSHUv,2024,1.0,1.179,1.0,0.0,True,True
tm8s3696Ox,2024,-0.5,1.179,1.0,0.0,True,True
tnAPOvvNzZ,2024,-0.25,1.179,0.0,0.0,True,True
tnBaiidobu,2024,0.0,1.179,1.0,3.0,True,True
tqhAA26vXE,2024,-0.083333333333333,1.179,0.0,53.0,True,True
tqiAfRT1Lq,2024,-0.25,1.179,0.0,9.0,True,True
tsE5HLYtYg,2024,0.75,1.179,1.0,0.0,True,True
tvhaxkMKAn,2024,0.75,1.179,1.0,80.0,True,True
twSnZwiOIm,2024,0.25,1.179,1.0,1.0,True,True
tyIPw2m3Um,2024,-0.4166666666666669,1.179,0.0,1.0,True,True
u1eynu9DVf,2024,0.25,1.179,0.0,0.0,True,True
u2as4lHoyl,2024,-0.75,1.179,0.0,0.0,True,True
u3dHl287oB,2024,-0.083333333333333,1.179,1.0,1.0,True,True
u3dX2CEIZb,2024,0.25,1.179,1.0,3.0,True,True
u48tHG5f66,2024,0.75,1.179,1.0,14.0,True,True
u6imHU4Ebu,2024,0.0,1.179,1.0,7.0,True,True
u6jbcaCHqO,2024,-0.1500000000000003,1.179,0.0,16.0,True,True
u7559ZMvwY,2024,-0.083333333333333,1.179,1.0,2.0,True,True
u859gX7ADC,2024,0.5,1.179,1.0,0.0,True,True
uDNP1q5aZq,2024,-0.25,1.179,0.0,1.0,True,True
uFbWHyTlPn,2024,0.25,1.179,1.0,0.0,True,True
uGtfk2OphU,2024,-0.083333333333333,1.179,1.0,2.0,True,True
uH0FGECSEI,2024,-0.25,1.179,1.0,0.0,True,True
uHdf9F1tY4,2024,-0.25,1.179,0.0,12.0,True,True
uJPWeZffgl,2024,-0.5,1.179,0.0,1.0,True,True
uJVHygNeSZ,2024,0.5,1.179,1.0,0.0,True,True
uKB4cFNQFg,2024,-0.75,1.179,1.0,27.0,True,True
uLOFyiruin,2024,0.75,1.179,0.0,0.0,True,True
uNkKaD3MCs,2024,0.0,1.179,1.0,1.0,True,True
uREj4ZuGJE,2024,1.0,1.179,1.0,7.0,True,True
uUELOzcTk8,2024,-0.5,1.179,0.0,0.0,True,True
uWVC5FVidc,2024,0.8499999999999996,1.179,1.0,3.0,True,True
uWvKBCYh4S,2024,-0.75,1.179,1.0,2.0,True,True
uXjfOmTiDt,2024,1.0,1.179,1.0,0.0,True,True
uZfjFyPAvn,2024,1.0499999999999998,1.179,1.0,0.0,True,True
ucMRo9IIC1,2024,-0.75,1.179,0.0,4.0,True,True
udO3k28bEw,2024,-0.25,1.179,1.0,0.0,True,True
ueqTjOcuLc,2024,-0.75,1.179,0.0,9.0,True,True
uf5EAGmkrN,2024,-0.25,1.179,0.0,0.0,True,True
uhR7aYuf0i,2024,-1.0,1.179,0.0,0.0,True,True
uikf2Ue0XQ,2024,-0.25,1.179,0.0,0.0,True,True
ujX2l7mNX6,2024,0.0,1.179,0.0,3.0,True,True
ukidfml68f,2024,0.25,1.179,1.0,3.0,True,True
ukmwyfjqoN,2024,-0.5,1.179,0.0,0.0,True,True
ulaUJFd96G,2024,0.5,1.179,1.0,0.0,True,True
umUIYdLtvh,2024,-0.25,1.179,0.0,7.0,True,True
unE3TZSAVZ,2024,0.583333333333333,1.179,0.0,1.0,True,True
up6hr4hIQH,2024,0.25,1.179,1.0,4.0,True,True
uqPnesiGGi,2024,-1.1500000000000004,1.179,0.0,3.0,True,True
uqxBTcWRnj,2024,0.75,1.179,1.0,0.0,True,True
usrChqw6yK,2024,0.25,1.179,1.0,3.0,True,True
uvFhCUPjtI,2024,0.25,1.179,1.0,0.0,True,True
uvXK8Xk9Jk,2024,0.75,1.179,1.0,0.0,True,True
uwO71a8wET,2024,0.75,1.179,1.0,0.0,True,True
uxYye6i2Xi,2024,-0.5,1.179,0.0,3.0,True,True
uz7d2N2zul,2024,0.583333333333333,1.179,1.0,0.0,True,True
v1VvCWJAL8,2024,0.0,1.179,1.0,0.0,True,True
v3K5TVP8kZ,2024,0.75,1.179,1.0,2.0,True,True
v5BcZzkAXg,2024,-0.5,1.179,0.0,0.0,True,True
v63GWletn8,2024,1.0,1.179,1.0,0.0,True,True
v675Iyu0ta,2024,-0.1500000000000003,1.179,0.0,1.0,True,True
v6a1pXXADC,2024,-1.083333333333333,1.179,0.0,2.0,True,True
v7ZPwoHU1j,2024,1.0,1.179,1.0,0.0,True,True
v8L0pN6EOi,2024,-0.25,1.179,1.0,30.0,True,True
v8jdwkUNXb,2024,-0.75,1.179,1.0,2.0,True,True
vA5Rs9mu97,2024,-0.25,1.179,0.0,0.0,True,True
vBo7544jZx,2024,0.916666666666667,1.179,1.0,1.0,True,True
vDJ4tzczlG,2024,-0.3499999999999996,1.179,0.0,2.0,True,True
vE1e1mLJ0U,2024,1.0,1.179,1.0,3.0,True,True
vE5MyzpP92,2024,0.583333333333333,1.179,1.0,0.0,True,True
vEEWhGjx0M,2024,-0.75,1.179,0.0,1.0,True,True
vESNKdEMGp,2024,0.6500000000000004,1.179,1.0,16.0,True,True
vEgLnT9avP,2024,-0.25,1.179,0.0,0.0,True,True
vI95kcLAoU,2024,0.916666666666667,1.179,1.0,6.0,True,True
vKViCoKGcB,2024,0.25,1.179,1.0,1.0,True,True
vLJcd43U7a,2024,0.75,1.179,1.0,1.0,True,True
vLqkCvjHRD,2024,-1.0,1.179,0.0,4.0,True,True
vMNpv5OBGb,2024,-0.083333333333333,1.179,0.0,0.0,True,True
vN9fpfqoP1,2024,-0.083333333333333,1.179,1.0,34.0,True,True
vQqJJzL2Jf,2024,0.25,1.179,0.0,4.0,True,True
vR5h3cAfXS,2024,-1.0,1.179,0.0,0.0,True,True
vRyp2dhEQp,2024,0.0,1.179,1.0,6.0,True,True
vSh5ePa0ph,2024,1.0,1.179,1.0,1.0,True,True
vSwu81S33z,2024,0.25,1.179,1.0,0.0,True,True
vULHgaoASR,2024,0.0,1.179,0.0,4.0,True,True
vW1SkPl4kp,2024,-0.083333333333333,1.179,1.0,0.0,True,True
vXf8KYTJmm,2024,-0.5,1.179,0.0,0.0,True,True
vXrIQLzIKY,2024,1.0,1.179,1.0,6.0,True,True
vXxardq6db,2024,-0.1500000000000003,1.179,1.0,8.0,True,True
vY9nzQmQBw,2024,0.25,1.179,1.0,11.0,True,True
vYhglxSj8j,2024,0.75,1.179,1.0,2.0,True,True
vZ6r9GMT1n,2024,0.0,1.179,1.0,2.0,True,True
vZZ4hhniJU,2024,0.25,1.179,1.0,0.0,True,True
vbebD7QRxP,2024,-1.0,1.179,0.0,1.0,True,True
vePdNU3u6n,2024,0.5,1.179,1.0,3.0,True,True
vfzRRjumpX,2024,0.0,1.179,1.0,0.0,True,True
viC3cpWFTN,2024,-0.4166666666666669,1.179,0.0,0.0,True,True
vkkHqoerLV,2024,0.75,1.179,1.0,0.0,True,True
vlQ56aWJhl,2024,-0.75,1.179,0.0,3.0,True,True
vngVydDWft,2024,0.25,1.179,1.0,0.0,True,True
vogtAV1GGL,2024,0.0,1.179,0.0,0.0,True,True
vpV7fOFQy4,2024,0.25,1.179,1.0,5.0,True,True
vqIH0ObdqL,2024,0.25,1.179,1.0,23.0,True,True
vt5mnLVIVo,2024,0.25,1.179,1.0,0.0,True,True
vtyasLn4RM,2024,0.0,1.179,1.0,2.0,True,True
vxZW1aROZA,2024,-0.4166666666666669,1.179,0.0,7.0,True,True
vxmvbzw76R,2024,-1.0,1.179,0.0,4.0,True,True
vy42bYs1Wo,2024,1.0,1.179,1.0,0.0,True,True
vyGp9Mty2t,2024,-0.25,1.179,0.0,0.0,True,True
w1JanwReU6,2024,-0.25,1.179,1.0,2.0,True,True
w4DW6qkRmt,2024,0.6500000000000004,1.179,1.0,4.0,True,True
w50MQ9Vfty,2024,-0.25,1.179,1.0,3.0,True,True
w8JizpeY4y,2024,0.25,1.179,0.0,2.0,True,True
w8Zo7jACq7,2024,-0.5499999999999998,1.179,0.0,0.0,True,True
w8eCnnq57m,2024,-0.4166666666666669,1.179,0.0,7.0,True,True
wD8L86iCvD,2024,-0.5,1.179,0.0,5.0,True,True
wE1I9IGqeH,2024,0.25,1.179,0.0,1.0,True,True
wFf9m4v7oC,2024,0.0,1.179,1.0,1.0,True,True
wG12xUSqrI,2024,1.0,1.179,1.0,1.0,True,True
wHBfxhZu1u,2024,0.75,1.179,1.0,18.0,True,True
wKB3XcQHcX,2024,0.0,1.179,0.0,0.0,True,True
wKNKnXjCfT,2024,0.25,1.179,0.0,0.0,True,True
wMWZ78ulsK,2024,-0.75,1.179,0.0,0.0,True,True
wPhbtwlCDa,2024,0.75,1.179,1.0,0.0,True,True
wR9qVlPh0P,2024,-0.25,1.179,1.0,1.0,True,True
wT8G45QGdV,2024,-0.25,1.179,0.0,10.0,True,True
wTtDgucL7h,2024,0.0,1.179,0.0,0.0,True,True
wXWfvSpYHh,2024,0.25,1.179,1.0,5.0,True,True
wXpSidPpc5,2024,0.75,1.179,1.0,1.0,True,True
wYvuY60SdD,2024,0.25,1.179,1.0,0.0,True,True
wZWTHU7AsQ,2024,-0.4166666666666669,1.179,1.0,0.0,True,True
wZXlEFO3tZ,2024,0.5,1.179,1.0,0.0,True,True
wcKGK0tRHD,2024,-0.75,1.179,0.0,3.0,True,True
wfzXa8e783,2024,0.75,1.179,1.0,10.0,True,True
wg8NPfeMF9,2024,0.75,1.179,1.0,0.0,True,True
wgmOXVTGdb,2024,-0.5,1.179,0.0,2.0,True,True
whFQe4MRIY,2024,0.75,1.179,0.0,0.0,True,True
wiYV0KDAE6,2024,0.0,1.179,0.0,10.0,True,True
wkbeqr5XhC,2024,0.25,1.179,1.0,1.0,True,True
wm4WlHoXpC,2024,0.5,1.179,1.0,24.0,True,True
wmw3Jy8MVF,2024,0.0,1.179,0.0,0.0,True,True
wmzFZ9lJrD,2024,-0.25,1.179,0.0,1.0,True,True
wpXGPCBOTX,2024,1.0,1.179,1.0,1.0,True,True
wprSv7ichW,2024,0.916666666666667,1.179,1.0,3.0,True,True
wpuQonyeXN,2024,0.25,1.179,0.0,0.0,True,True
wsRXwlwx4w,2024,0.0,1.179,1.0,10.0,True,True
wsWGcw6qKD,2024,-0.5,1.179,1.0,1.0,True,True
wtJS8YDQBc,2024,-0.5,1.179,0.0,2.0,True,True
wwotGBxtC3,2024,0.0,1.179,0.0,0.0,True,True
wxJ0eXwwda,2024,-0.75,1.179,1.0,9.0,True,True
x13bw5VQkf,2024,-0.5,1.179,0.0,0.0,True,True
x36mCqVHnk,2024,-0.25,1.179,0.0,0.0,True,True
x3LxHdZX0f,2024,-0.75,1.179,0.0,6.0,True,True
x4OPJ7lHVU,2024,0.75,1.179,1.0,6.0,True,True
x5txICnnjC,2024,-0.25,1.179,1.0,3.0,True,True
x6u2BQ7xcq,2024,-0.1500000000000003,1.179,1.0,11.0,True,True
x7cuUZxwFS,2024,-0.75,1.179,0.0,0.0,True,True
x7d1qXEn1e,2024,0.5,1.179,1.0,0.0,True,True
x9cVJnlX9n,2024,-1.0,1.179,0.0,0.0,True,True
xAqcJ9XoTf,2024,0.25,1.179,1.0,1.0,True,True
xBfQZWeDRH,2024,0.75,1.179,1.0,2.0,True,True
xCRr9DrolJ,2024,0.5,1.179,1.0,2.0,True,True
xEJMoj1SpX,2024,0.6500000000000004,1.179,1.0,2.0,True,True
xHmCdSArUC,2024,-0.083333333333333,1.179,1.0,0.0,True,True
xI4yNlkaqh,2024,0.0,1.179,1.0,7.0,True,True
xJ5N8qrEPl,2024,0.6500000000000004,1.179,1.0,0.0,True,True
xJbsmB8UMx,2024,0.75,1.179,1.0,0.0,True,True
xLRAQiqd9I,2024,0.5,1.179,0.0,0.0,True,True
xLoxMvO695,2024,0.583333333333333,1.179,0.0,2.0,True,True
xTFgpfIMOt,2024,-0.083333333333333,1.179,0.0,2.0,True,True
xVlcbh0poD,2024,-0.5,1.179,0.0,14.0,True,True
xZDWO0oejD,2024,0.0,1.179,1.0,0.0,True,True
xbXASfz8MD,2024,-0.083333333333333,1.179,0.0,1.0,True,True
xbjSwwrQOe,2024,-0.083333333333333,1.179,1.0,7.0,True,True
xcMmebCT7s,2024,0.0499999999999998,1.179,1.0,,True,False
xhCZD9hiiA,2024,0.25,1.179,1.0,0.0,True,True
xhEN0kJh4q,2024,0.5,1.179,1.0,0.0,True,True
xmQMz9OPF5,2024,-0.5,1.179,1.0,16.0,True,True
xnUIMz5u2s,2024,-0.75,1.179,0.0,6.0,True,True
xnhvVtZtLD,2024,0.75,1.179,1.0,0.0,True,True
xpw7V0P136,2024,0.25,1.179,1.0,5.0,True,True
xsts7MRLey,2024,-1.083333333333333,1.179,0.0,1.0,True,True
xtOydkE1Ku,2024,0.25,1.179,1.0,2.0,True,True
xuKVVYxU5D,2024,-0.5499999999999998,1.179,0.0,1.0,True,True
xuxYaBMd9F,2024,-0.3499999999999996,1.179,0.0,7.0,True,True
xw29VvOMmU,2024,1.0,1.179,1.0,2.0,True,True
xwKt6bUkXj,2024,1.0,1.179,1.0,1.0,True,True
xx0ITyHp3u,2024,0.0,1.179,1.0,3.0,True,True
xxaEhwC1I4,2024,0.916666666666667,1.179,1.0,1.0,True,True
xyxU99Nutg,2024,0.75,1.179,1.0,0.0,True,True
y01KGvd9Bw,2024,0.916666666666667,1.179,1.0,15.0,True,True
y33lDRBgWI,2024,0.25,1.179,1.0,0.0,True,True
y4bvKRvUz5,2024,0.083333333333333,1.179,0.0,2.0,True,True
y6TIwYucUC,2024,0.0,1.179,0.0,1.0,True,True
yAcLwJu9qs,2024,-0.25,1.179,0.0,,True,False
yBIJRIYTqa,2024,0.25,1.179,1.0,1.0,True,True
yF19SY1i8M,2024,0.25,1.179,0.0,2.0,True,True
yID2fdta1Z,2024,-0.75,1.179,0.0,3.0,True,True
yMMIWHbjWS,2024,0.25,1.179,0.0,2.0,True,True
yN4Wv17ss3,2024,0.5,1.179,1.0,1.0,True,True
yQDFsuG9HP,2024,0.75,1.179,1.0,0.0,True,True
yR5QbFv4Xb,2024,-0.4166666666666669,1.179,0.0,0.0,True,True
yV6wwEbtkR,2024,0.916666666666667,1.179,1.0,1.0,True,True
yacRhge4zQ,2024,-1.083333333333333,1.179,0.0,2.0,True,True
ybiwT2yP1c,2024,-0.75,1.179,0.0,5.0,True,True
ycF7mKfVGO,2024,0.75,1.179,1.0,0.0,True,True
yfdtkYQesu,2024,-0.5,1.179,0.0,0.0,True,True
ygxTuVz9eU,2024,0.25,1.179,1.0,2.0,True,True
yisfNWUEsD,2024,-0.083333333333333,1.179,0.0,1.0,True,True
ym0ubZrsmm,2024,-0.4166666666666669,1.179,1.0,0.0,True,True
ymjI8feDTD,2024,0.75,1.179,1.0,15.0,True,True
ynguffsGfa,2024,0.583333333333333,1.179,0.0,1.0,True,True
yozwqhIHXj,2024,0.25,1.179,1.0,10.0,True,True
ypAT2ixD4X,2024,-0.25,1.179,1.0,0.0,True,True
yqIJoALgdD,2024,0.0,1.179,0.0,1.0,True,True
yrgQdA5NkI,2024,0.583333333333333,1.179,1.0,3.0,True,True
yroyhkhWS6,2024,1.0,1.179,1.0,0.0,True,True
yvxDJ8eyBu,2024,0.25,1.179,0.0,4.0,True,True
yxKZGQLzOP,2024,0.75,1.179,1.0,0.0,True,True
yzRXdhk2he,2024,0.5,1.179,1.0,15.0,True,True
z3dfuRcGAK,2024,0.916666666666667,1.179,1.0,3.0,True,True
z3mPLBLfGY,2024,0.25,1.179,0.0,4.0,True,True
z4Hcegjzph,2024,0.916666666666667,1.179,1.0,1.0,True,True
z62Xc88jgF,2024,0.0,1.179,0.0,2.0,True,True
z6KS9D1dxt,2024,0.583333333333333,1.179,1.0,2.0,True,True
z6n1fKMMC1,2024,1.0,1.179,1.0,0.0,True,True
z7K2faBrDG,2024,-0.5,1.179,1.0,0.0,True,True
z7usV2BlEE,2024,-0.25,1.179,0.0,5.0,True,True
z8TW0ttBPp,2024,0.0,1.179,1.0,4.0,True,True
z9FXRHoQdc,2024,-1.0,1.179,0.0,0.0,True,True
zAdUB0aCTQ,2024,0.4500000000000002,1.179,1.0,47.0,True,True
zCJFTA19K4,2024,-1.0,1.179,0.0,0.0,True,True
zDMM4ZX1UB,2024,-0.75,1.179,0.0,1.0,True,True
zEHGSN8Hy8,2024,1.0,1.179,1.0,0.0,True,True
zEOnlJaRKp,2024,-0.25,1.179,0.0,0.0,True,True
zFWKKYz2yn,2024,0.25,1.179,0.0,0.0,True,True
zI6mMl7UmW,2024,-0.25,1.179,0.0,0.0,True,True
zIJFG7wW2d,2024,-1.083333333333333,1.179,0.0,3.0,True,True
zMvMwNvs4R,2024,0.25,1.179,1.0,0.0,True,True
zNzVhX00h4,2024,-0.5,1.179,0.0,0.0,True,True
zRkM6UcA22,2024,-0.25,1.179,1.0,0.0,True,True
zSwH0Wo2wo,2024,-0.5,1.179,0.0,7.0,True,True
zWqr3MQuNs,2024,0.5,1.179,1.0,13.0,True,True
zYXFMeHRtO,2024,0.25,1.179,1.0,4.0,True,True
zamGHHs2u8,2024,0.0,1.179,0.0,0.0,True,True
zavLQJ1XjB,2024,0.916666666666667,1.179,1.0,0.0,True,True
zb3b6oKO77,2024,-0.25,1.179,1.0,1.0,True,True
zbKcFZ6Dbp,2024,0.583333333333333,1.179,1.0,0.0,True,True
zgQ0PHeGnL,2024,0.25,1.179,1.0,5.0,True,True
zhINOCrrqI,2024,0.0,1.179,0.0,1.0,True,True
zhZXk5Ctz2,2024,-0.25,1.179,0.0,0.0,True,True
ziDFH8TPPK,2024,0.5,1.179,1.0,0.0,True,True
zkVm3JqJzs,2024,0.75,1.179,0.0,0.0,True,True
zmJDzPh1Dm,2024,0.916666666666667,1.179,1.0,0.0,True,True
zpVPhvVKXk,2024,0.25,1.179,1.0,3.0,True,True
zrxlSviRqC,2024,-0.75,1.179,0.0,,True,False
zsfrzYWoOP,2024,-0.083333333333333,1.179,0.0,3.0,True,True
zt8bb6vC4m,2024,-0.5,1.179,0.0,0.0,True,True
ztpy1gsUpT,2024,0.25,1.179,1.0,2.0,True,True
ztuCObOc2i,2024,-0.3499999999999996,1.179,0.0,0.0,True,True
zwU9scoU4A,2024,0.916666666666667,1.179,1.0,0.0,True,True
zyBJodMrn5,2024,-0.083333333333333,1.179,1.0,0.0,True,True
02Od16GFRW,2025,-1.0,1.125,0.0,0.0,True,True
02haSpO453,2025,0.5,1.125,1.0,1.0,True,True
02kZwCo0C3,2025,-0.25,1.125,0.0,1.0,True,True
03EkqSCKuO,2025,1.0,1.125,1.0,0.0,True,True
04c5uWq9SA,2025,-0.25,1.125,0.0,0.0,True,True
06GH83hDIv,2025,-0.75,1.125,0.0,1.0,True,True
07N9jCfIE4,2025,-1.0,1.125,0.0,1.0,True,True
0823rvTIhs,2025,0.25,1.125,1.0,0.0,True,True
09FiNmvNMw,2025,-0.333333333333333,1.125,1.0,0.0,True,True
09LEjbLcZW,2025,-1.0,1.125,0.0,1.0,True,True
0AHkdAtFW8,2025,-0.4000000000000003,1.125,0.0,0.0,True,True
0ASCZrVzSX,2025,-0.666666666666667,1.125,0.0,0.0,True,True
0BujOfTqab,2025,-0.5,1.125,1.0,0.0,True,True
0CieWy9ONY,2025,0.5,1.125,1.0,0.0,True,True
0DZEs8NpUH,2025,0.0,1.125,1.0,1.0,True,True
0EP01yhDlg,2025,-1.0,1.125,0.0,0.0,True,True
0FxnSZJPmh,2025,-0.333333333333333,1.125,1.0,0.0,True,True
0GzqVqCKns,2025,0.5,1.125,1.0,0.0,True,True
0JjsZC0w8x,2025,-0.25,1.125,0.0,0.0,True,True
0KHW6yXdiZ,2025,-0.75,1.125,0.0,0.0,True,True
0Lpz2o6NDE,2025,-1.0,1.125,0.0,0.0,True,True
0MhlzybvAp,2025,-0.5,1.125,0.0,0.0,True,True
0NAVeUm7sk,2025,0.75,1.125,1.0,,True,False
0OTVNEm9N4,2025,1.0,1.125,1.0,1.0,True,True
0PcJAHbSmc,2025,-0.666666666666667,1.125,0.0,0.0,True,True
0QJPszYxpo,2025,-1.0,1.125,0.0,1.0,True,True
0QZcoGdmtJ,2025,0.25,1.125,0.0,0.0,True,True
0R8JUzjSdq,2025,-0.75,1.125,0.0,2.0,True,True
0RHMnPj8no,2025,0.0,1.125,0.0,0.0,True,True
0RUQmLFF1D,2025,-0.25,1.125,0.0,0.0,True,True
0UCoWxPhQ4,2025,0.666666666666667,1.125,1.0,2.0,True,True
0Xt7uT04cQ,2025,0.4000000000000003,1.125,1.0,0.0,True,True
0bcRCD7YUx,2025,-1.0,1.125,0.0,8.0,True,True
0cBttXaOUK,2025,-1.0,1.125,0.0,0.0,True,True
0dELcFHig2,2025,0.666666666666667,1.125,1.0,0.0,True,True
0eMsrRMmCw,2025,0.666666666666667,1.125,1.0,0.0,True,True
0er6aOyXUD,2025,-0.5999999999999996,1.125,0.0,0.0,True,True
0fD3iIBhlV,2025,0.2000000000000001,1.125,1.0,1.0,True,True
0fwJMANq9P,2025,-0.75,1.125,0.0,0.0,True,True
0gOQeSHNX1,2025,-0.25,1.125,0.0,0.0,True,True
0gqCIaBRQ9,2025,-0.75,1.125,0.0,0.0,True,True
0iscEAo2xB,2025,0.75,1.125,1.0,0.0,True,True
0jJ94VVgzi,2025,0.0,1.125,0.0,0.0,True,True
0mo2yqOS6Z,2025,-0.4000000000000003,1.125,0.0,0.0,True,True
0mtz0pet1z,2025,-0.25,1.125,1.0,0.0,True,True
0n4bS0R5MM,2025,0.2000000000000001,1.125,1.0,0.0,True,True
0nJEgNpb4l,2025,0.25,1.125,1.0,0.0,True,True
0no1Wp2R2j,2025,-0.75,1.125,1.0,0.0,True,True
0nxocR2qx4,2025,-0.333333333333333,1.125,0.0,0.0,True,True
0oWGVvC6oq,2025,0.5,1.125,1.0,0.0,True,True
0pLCDJVVRD,2025,1.0,1.125,1.0,1.0,True,True
0py3h7pops,2025,-0.5,1.125,0.0,0.0,True,True
0rACj8JLAL,2025,-0.5,1.125,0.0,0.0,True,True
0tAXMiSufG,2025,0.4000000000000003,1.125,1.0,1.0,True,True
0tIiMNNmdm,2025,-1.0,1.125,0.0,0.0,True,True
0tXmtd0vZG,2025,-1.0,1.125,0.0,0.0,True,True
0uRc3CfJIQ,2025,-0.1666666666666669,1.125,1.0,0.0,True,True
0wmfzWPAFu,2025,0.2000000000000001,1.125,1.0,0.0,True,True
0xUEBQV54B,2025,-1.0,1.125,0.0,9.0,True,True
0y3hGn1wOk,2025,-0.5999999999999996,1.125,1.0,1.0,True,True
0yXqV8VJKi,2025,-0.75,1.125,0.0,0.0,True,True
0ydseYDKRi,2025,-0.5,1.125,0.0,0.0,True,True
107ZsHD8h7,2025,-0.5,1.125,0.0,2.0,True,True
10DtLPsdro,2025,0.2000000000000001,1.125,1.0,0.0,True,True
10vaHIOdEe,2025,-1.0,1.125,0.0,0.0,True,True
12B3jBTL0V,2025,-1.0,1.125,0.0,0.0,True,True
14fFV0chUS,2025,0.75,1.125,1.0,0.0,True,True
15ASUbzg0N,2025,-0.25,1.125,0.0,0.0,True,True
16O8GCm8Wn,2025,0.4000000000000003,1.125,1.0,0.0,True,True
16kG5aNleS,2025,0.25,1.125,1.0,,True,False
19QWQSsbOA,2025,-1.0,1.125,0.0,0.0,True,True
1BdPHbuimc,2025,1.0,1.125,1.0,2.0,True,True
1CIUkpoata,2025,0.0,1.125,1.0,0.0,True,True
1DVgysiIt7,2025,0.0,1.125,1.0,0.0,True,True
1EJIax7ekV,2025,-0.666666666666667,1.125,0.0,0.0,True,True
1EnpStvBU8,2025,-0.2000000000000001,1.125,1.0,3.0,True,True
1ExfUpmIW4,2025,0.0,1.125,1.0,0.0,True,True
1F8xTfv6ah,2025,-0.75,1.125,1.0,0.0,True,True
1GTARJhxtq,2025,0.5,1.125,1.0,4.0,True,True
1IuwdOI4Zb,2025,1.0,1.125,1.0,0.0,True,True
1IwoEFyErz,2025,0.0,1.125,0.0,0.0,True,True
1KvYxcAihR,2025,-0.25,1.125,0.0,0.0,True,True
1L52bHEL5d,2025,0.0,1.125,1.0,0.0,True,True
1Njl73JKjB,2025,1.0,1.125,1.0,3.0,True,True
1NprT9Kz0d,2025,0.0,1.125,1.0,0.0,True,True
1Ogw1SHY3p,2025,1.0,1.125,1.0,0.0,True,True
1OyE9IK0kx,2025,-1.0,1.125,0.0,1.0,True,True
1PDz4Ny1N2,2025,0.5999999999999996,1.125,1.0,0.0,True,True
1Q2t6D4dK6,2025,-0.75,1.125,0.0,1.0,True,True
1Qpt43cqhg,2025,1.0,1.125,1.0,1.0,True,True
1R5BcYS8EC,2025,1.0,1.125,1.0,2.0,True,True
1SYUKPeM12,2025,0.25,1.125,1.0,0.0,True,True
1ThYY28HXg,2025,0.25,1.125,1.0,1.0,True,True
1X1R7P6yzt,2025,0.666666666666667,1.125,1.0,0.0,True,True
1X85iw7tqY,2025,-1.0,1.125,0.0,0.0,True,True
1Xg4JPPxJ0,2025,0.0,1.125,1.0,0.0,True,True
1YYp1rPRlm,2025,-0.25,1.125,0.0,0.0,True,True
1YlfHUVq7q,2025,-0.25,1.125,0.0,0.0,True,True
1Z3C49JQVf,2025,0.0,1.125,1.0,1.0,True,True
1Z6PSw7OL8,2025,0.5,1.125,1.0,0.0,True,True
1cM0yQe3pO,2025,-1.0,1.125,0.0,0.0,True,True
1dUdNzLJRF,2025,-0.5,1.125,0.0,0.0,True,True
1dkVCX4jlH,2025,-0.333333333333333,1.125,0.0,1.0,True,True
1durmugh3I,2025,1.0,1.125,1.0,5.0,True,True
1eQT9OzfNQ,2025,1.0,1.125,1.0,2.0,True,True
1hQKHHUsMx,2025,0.75,1.125,1.0,1.0,True,True
1hT2fsHbK9,2025,-0.75,1.125,0.0,0.0,True,True
1i6lkavJ94,2025,0.25,1.125,1.0,0.0,True,True
1lB5ErmIY0,2025,-0.5,1.125,0.0,0.0,True,True
1mXufFuv95,2025,1.0,1.125,1.0,0.0,True,True
1ou5noWgHM,2025,-0.5999999999999996,1.125,0.0,7.0,True,True
1p6xFLBU4J,2025,0.0,1.125,1.0,0.0,True,True
1qGkuxI9UX,2025,0.25,1.125,1.0,1.0,True,True
1qgZXeMTTU,2025,0.5999999999999996,1.125,1.0,,True,False
1qq1QJKM5q,2025,-0.333333333333333,1.125,1.0,0.0,True,True
1tBvzOYTLF,2025,0.0,1.125,1.0,0.0,True,True
1uLW9eYNJB,2025,0.5,1.125,1.0,0.0,True,True
1upXwlEW8y,2025,0.0,1.125,0.0,0.0,True,True
1v7SRWsYve,2025,0.333333333333333,1.125,1.0,0.0,True,True
1vggIT5vvj,2025,0.5,1.125,1.0,0.0,True,True
1vrpdV9U3i,2025,0.5,1.125,1.0,0.0,True,True
1x1gGg49jr,2025,0.5,1.125,1.0,1.0,True,True
1xG3MN1RRW,2025,-0.7999999999999998,1.125,0.0,0.0,True,True
1xzqz73hvL,2025,1.0,1.125,1.0,0.0,True,True
1yJP5TVWih,2025,0.25,1.125,1.0,0.0,True,True
1z3SOCwst9,2025,0.5,1.125,1.0,,True,False
204sPiwBbB,2025,-0.75,1.125,0.0,0.0,True,True
20qZK2T7fa,2025,0.5,1.125,1.0,0.0,True,True
22ywev7zMt,2025,-0.333333333333333,1.125,0.0,0.0,True,True
23uY3FpQxc,2025,0.5999999999999996,1.125,1.0,2.0,True,True
246rHKUnnf,2025,0.0,1.125,1.0,0.0,True,True
254NJe9JEw,2025,0.0,1.125,1.0,0.0,True,True
25l4SWH2eS,2025,-0.25,1.125,0.0,0.0,True,True
27Qk18IZum,2025,-0.5,1.125,1.0,0.0,True,True
27SSnLl85x,2025,0.0,1.125,1.0,,True,False
28U5Olm32r,2025,-0.25,1.125,0.0,0.0,True,True
28qOQwjuma,2025,0.333333333333333,1.125,1.0,0.0,True,True
29JDZxRgPZ,2025,0.0,1.125,0.0,0.0,True,True
2ATD8a8P3C,2025,-0.333333333333333,1.125,1.0,0.0,True,True
2CflgSMLoK,2025,-0.25,1.125,0.0,0.0,True,True
2Chkk5Ye2s,2025,-0.2000000000000001,1.125,1.0,0.0,True,True
2ET561DyPe,2025,-0.25,1.125,1.0,0.0,True,True
2G021ZqUEZ,2025,-0.75,1.125,1.0,1.0,True,True
2GcR9bO620,2025,1.0,1.125,1.0,2.0,True,True
2HjRezQ1nj,2025,0.0,1.125,1.0,0.0,True,True
2IoFFexvuw,2025,0.0,1.125,1.0,0.0,True,True
2J18i8T0oI,2025,0.5,1.125,1.0,0.0,True,True
2MLvV7fvAz,2025,-0.25,1.125,1.0,0.0,True,True
2MqyCIxLSi,2025,0.25,1.125,0.0,0.0,True,True
2NqssmiXLu,2025,1.0,1.125,1.0,0.0,True,True
2OANNtX3T5,2025,-0.75,1.125,0.0,1.0,True,True
2OMyAFjiJJ,2025,0.0,1.125,1.0,0.0,True,True
2OegVbwvY2,2025,-0.25,1.125,1.0,0.0,True,True
2Oh2EOcFSO,2025,-0.75,1.125,0.0,0.0,True,True
2P4p4RxUxT,2025,-0.5,1.125,0.0,2.0,True,True
2PKLRmU7ne,2025,-0.4000000000000003,1.125,0.0,0.0,True,True
2PzozgigiA,2025,0.0,1.125,1.0,0.0,True,True
2Q8gTck8Uq,2025,0.5,1.125,1.0,,True,False
2QdsjiNXgj,2025,1.0,1.125,1.0,,True,False
2R7498e2Tx,2025,0.0,1.125,1.0,1.0,True,True
2RfWRKwxYh,2025,0.25,1.125,1.0,,True,False
2TIYkqieKw,2025,0.0,1.125,1.0,0.0,True,True
2TasVD7FXp,2025,0.0,1.125,1.0,0.0,True,True
2TuUXtLGhT,2025,0.25,1.125,1.0,0.0,True,True
2U8owdruSQ,2025,0.7999999999999998,1.125,1.0,0.0,True,True
2XBPdPIcFK,2025,-1.0,1.125,0.0,4.0,True,True
2Y6xGE1K60,2025,-0.666666666666667,1.125,0.0,0.0,True,True
2ZK8zyIt7o,2025,-0.25,1.125,1.0,0.0,True,True
2cF3f9t31y,2025,0.5,1.125,1.0,0.0,True,True
2e4ECh0ikn,2025,-0.2000000000000001,1.125,1.0,0.0,True,True
2eFq6S35iB,2025,0.5,1.125,1.0,0.0,True,True
2ea5TNVR0c,2025,0.5,1.125,1.0,5.0,True,True
2edigk8yoU,2025,0.5,1.125,1.0,0.0,True,True
2ezRxhlAxJ,2025,-0.25,1.125,0.0,0.0,True,True
2fZ9iOVzpR,2025,-0.666666666666667,1.125,0.0,0.0,True,True
2fojNANZSv,2025,0.666666666666667,1.125,1.0,1.0,True,True
2gTEW29qsM,2025,-0.5,1.125,0.0,0.0,True,True
2gW8lTRh9m,2025,-0.75,1.125,0.0,0.0,True,True
2h1siDrSMl,2025,-0.333333333333333,1.125,0.0,1.0,True,True
2hbgKYuao1,2025,-0.25,1.125,0.0,0.0,True,True
2iYVBqRHK4,2025,-0.25,1.125,1.0,0.0,True,True
2jTdHYuguF,2025,-0.2000000000000001,1.125,0.0,3.0,True,True
2m5XI3nM46,2025,-1.0,1.125,0.0,0.0,True,True
2mGFmAQWUI,2025,-0.333333333333333,1.125,0.0,3.0,True,True
2mqb8bPHeb,2025,1.0,1.125,1.0,1.0,True,True
2oKkQTyfz7,2025,0.4000000000000003,1.125,1.0,0.0,True,True
2p03KljxE9,2025,0.0,1.125,1.0,,True,False
2pJpFtdVNe,2025,0.7999999999999998,1.125,1.0,0.0,True,True
2prShxdLkX,2025,0.75,1.125,1.0,0.0,True,True
2pvMZKGYDR,2025,-0.333333333333333,1.125,0.0,0.0,True,True
2rBLbNJwBm,2025,0.5,1.125,1.0,0.0,True,True
2rWbKbmOuM,2025,1.0,1.125,1.0,0.0,True,True
2rnOgyFQgb,2025,0.5,1.125,1.0,0.0,True,True
2snKOc7TVp,2025,-0.25,1.125,1.0,1.0,True,True
2tIyA5cri8,2025,0.25,1.125,1.0,1.0,True,True
2uPZ4aX1VV,2025,0.75,1.125,1.0,0.0,True,True
2uQBSa2X4R,2025,0.5,1.125,1.0,1.0,True,True
2vaTZH31oR,2025,-0.5,1.125,0.0,0.0,True,True
2veex1oOtc,2025,-0.25,1.125,0.0,0.0,True,True
2vlhdheveh,2025,-0.5999999999999996,1.125,0.0,0.0,True,True
2x1U8a3s7G,2025,-1.0,1.125,0.0,0.0,True,True
2xvisNIfdw,2025,-0.333333333333333,1.125,1.0,0.0,True,True
2ySt3cdGfJ,2025,-0.5,1.125,1.0,0.0,True,True
2yqAzFPT4F,2025,-0.75,1.125,0.0,0.0,True,True
2z1HT5lw5M,2025,0.7999999999999998,1.125,1.0,0.0,True,True
2zMHHZ569S,2025,0.4000000000000003,1.125,1.0,0.0,True,True
2zmO1GVT0Y,2025,-0.2000000000000001,1.125,1.0,1.0,True,True
30oIfmrcFO,2025,0.25,1.125,1.0,0.0,True,True
328vch6tRs,2025,0.5,1.125,1.0,3.0,True,True
34xYxTTiM0,2025,-0.5,1.125,0.0,0.0,True,True
369jumtah8,2025,-0.25,1.125,0.0,5.0,True,True
38BBWrXUhP,2025,0.666666666666667,1.125,1.0,0.0,True,True
38No4B8sx6,2025,0.0,1.125,1.0,0.0,True,True
39n570rxyO,2025,-0.7999999999999998,1.125,0.0,1.0,True,True
3A71qNKWAS,2025,0.4000000000000003,1.125,1.0,0.0,True,True
3ANoEa7roV,2025,-0.5714285714285712,1.125,0.0,2.0,True,True
3BhZCfJ73Y,2025,0.25,1.125,1.0,0.0,True,True
3E8YNv1HjU,2025,0.75,1.125,1.0,0.0,True,True
3Fgylj4uqL,2025,0.0,1.125,1.0,0.0,True,True
3GTtZFiajM,2025,0.75,1.125,1.0,6.0,True,True
3Gga05Jdmj,2025,0.0,1.125,1.0,0.0,True,True
3Gzz7ZQLiz,2025,0.5,1.125,1.0,0.0,True,True
3Hy00Wvabi,2025,0.25,1.125,1.0,1.0,True,True
3JoLo0mmHH,2025,-0.75,1.125,0.0,4.0,True,True
3JsU5QXNru,2025,0.5,1.125,1.0,0.0,True,True
3Mia9aFpgo,2025,-0.25,1.125,0.0,1.0,True,True
3MnMGLctKb,2025,0.75,1.125,1.0,1.0,True,True
3NFtzhFbYM,2025,0.0,1.125,0.0,0.0,True,True
3OyaXFQuDl,2025,1.0,1.125,1.0,1.0,True,True
3PRvlT8b1R,2025,0.5,1.125,1.0,2.0,True,True
3PguviI7Uf,2025,-1.0,1.125,1.0,4.0,True,True
3QinqLlMCj,2025,-0.5,1.125,0.0,1.0,True,True
3RLxccFPHz,2025,0.25,1.125,1.0,1.0,True,True
3RSLW9YSgk,2025,1.0,1.125,1.0,2.0,True,True
3SMBSTG3qN,2025,-1.0,1.125,0.0,0.0,True,True
3TnLGGHhNx,2025,0.0,1.125,1.0,0.0,True,True
3UKOzGWCVY,2025,0.5,1.125,1.0,2.0,True,True
3UaOlzDEt2,2025,0.7999999999999998,1.125,1.0,1.0,True,True
3Xfa63ggsq,2025,-0.666666666666667,1.125,0.0,0.0,True,True
3bcN6xlO6f,2025,0.5,1.125,1.0,0.0,True,True
3c4zQpIFNK,2025,0.0,1.125,0.0,0.0,True,True
3cnXu5iIP5,2025,-0.25,1.125,0.0,0.0,True,True
3cvwO5DBZn,2025,1.0,1.125,1.0,0.0,True,True
3ddi7Uss2A,2025,1.0,1.125,1.0,0.0,True,True
3ep9ZYMZS3,2025,-1.0,1.125,1.0,0.0,True,True
3fGwTRRudc,2025,-1.0,1.125,0.0,0.0,True,True
3flhuT2QGB,2025,-0.75,1.125,0.0,1.0,True,True
3j72egd8q1,2025,-0.75,1.125,0.0,1.0,True,True
3lDxKQepvn,2025,-0.25,1.125,0.0,0.0,True,True
3lZd6eoPJz,2025,-1.0,1.125,0.0,0.0,True,True
3ms8EQY7f8,2025,0.0,1.125,1.0,2.0,True,True
3n4RY25UWP,2025,0.25,1.125,1.0,0.0,True,True
3ogIALgghF,2025,1.0,1.125,1.0,0.0,True,True
3p4raemLAH,2025,-0.25,1.125,0.0,0.0,True,True
3qeOy7HwUT,2025,-0.333333333333333,1.125,1.0,0.0,True,True
3tukjsVyrE,2025,1.0,1.125,1.0,0.0,True,True
3usdM1AuI3,2025,0.25,1.125,1.0,,True,False
3vxfFFP3q5,2025,-0.4000000000000003,1.125,0.0,0.0,True,True
3wEGdrV5Cb,2025,0.333333333333333,1.125,1.0,0.0,True,True
3xqqYOKILp,2025,-0.666666666666667,1.125,1.0,0.0,True,True
3ygfMPLv0P,2025,0.5,1.125,1.0,0.0,True,True
4011PUI9vm,2025,0.5,1.125,1.0,0.0,True,True
41HlN8XYM5,2025,0.333333333333333,1.125,1.0,1.0,True,True
41WIgfdd5o,2025,0.25,1.125,1.0,0.0,True,True
421D67DY3i,2025,0.0,1.125,1.0,0.0,True,True
44CoQe6VCq,2025,1.0,1.125,1.0,2.0,True,True
44pbCtAdLx,2025,-1.0,1.125,0.0,1.0,True,True
45rvZkJbuX,2025,0.5,1.125,1.0,0.0,True,True
46mbA3vu25,2025,-0.25,1.125,0.0,2.0,True,True
49qqV4NTdy,2025,0.666666666666667,1.125,0.0,1.0,True,True
4A9IdSa1ul,2025,1.0,1.125,1.0,7.0,True,True
4AuyYxt7A2,2025,0.5,1.125,1.0,1.0,True,True
4BFzTrIjPN,2025,1.0,1.125,1.0,0.0,True,True
4CFVPCYfJ9,2025,0.0,1.125,0.0,0.0,True,True
4D0f16Vwc3,2025,0.5999999999999996,1.125,1.0,1.0,True,True
4E0lCxBD0U,2025,-0.25,1.125,0.0,0.0,True,True
4EjdYiNRzE,2025,0.666666666666667,1.125,1.0,1.0,True,True
4F1a8nNFGK,2025,-1.0,1.125,0.0,0.0,True,True
4FIjRodbW6,2025,-0.1666666666666669,1.125,1.0,0.0,True,True
4FRUNLuY54,2025,-0.666666666666667,1.125,0.0,1.0,True,True
4GSOESJrk6,2025,0.0,1.125,1.0,0.0,True,True
4GT9uTsAJE,2025,0.5,1.125,1.0,0.0,True,True
4HNfKrGlSJ,2025,-0.7999999999999998,1.125,0.0,0.0,True,True
4IYdCws9fc,2025,-0.75,1.125,1.0,0.0,True,True
4JK2XMGUc8,2025,0.0,1.125,1.0,0.0,True,True
4Kw4KAoVnx,2025,-0.5,1.125,0.0,1.0,True,True
4M0BRyGMnJ,2025,0.5,1.125,1.0,0.0,True,True
4MWUdp6deL,2025,-0.5,1.125,0.0,0.0,True,True
4NRjdISWby,2025,-0.1666666666666669,1.125,1.0,0.0,True,True
4O0v4s3IzY,2025,0.5,1.125,1.0,2.0,True,True
4R71pdPBZp,2025,1.0,1.125,1.0,1.0,True,True
4S2L519nIX,2025,0.5,1.125,1.0,1.0,True,True
4S9bBbX1be,2025,-0.25,1.125,0.0,2.0,True,True
4T33izzFpK,2025,0.25,1.125,1.0,1.0,True,True
4VHiptx7xe,2025,0.25,1.125,1.0,0.0,True,True
4YpMrGfldX,2025,1.0,1.125,1.0,0.0,True,True
4YzVF9isgD,2025,-0.75,1.125,1.0,,True,False
4ZX2a3OKEV,2025,1.0,1.125,1.0,0.0,True,True
4a9doRh3Jv,2025,-0.75,1.125,0.0,2.0,True,True
4anfpHj0wf,2025,1.0,1.125,1.0,0.0,True,True
4cQVUNpPkt,2025,-0.333333333333333,1.125,0.0,0.0,True,True
4dAgG8ma3B,2025,0.0,1.125,1.0,1.0,True,True
4es2oO9tw1,2025,-0.25,1.125,1.0,0.0,True,True
4fyg68nmd7,2025,-0.5,1.125,0.0,2.0,True,True
4hPwLg7zD3,2025,0.25,1.125,1.0,1.0,True,True
4iFSBgxvIO,2025,-0.666666666666667,1.125,1.0,0.0,True,True
4ikjWBs3tE,2025,0.75,1.125,1.0,0.0,True,True
4l3AH8Bhmt,2025,1.0,1.125,1.0,0.0,True,True
4muXQ5r8Ol,2025,-0.5,1.125,1.0,2.0,True,True
4pRwkYpa2u,2025,0.0,1.125,1.0,0.0,True,True
4rEI2JdHH6,2025,-1.0,1.125,1.0,,True,False
4sDicVEy6M,2025,0.0,1.125,1.0,0.0,True,True
4sJJixGIZX,2025,-1.0,1.125,0.0,,True,False
4v4nmYWzBa,2025,-0.75,1.125,1.0,0.0,True,True
4vzGQcVUG8,2025,0.5,1.125,1.0,0.0,True,True
4w99NAikOE,2025,0.7999999999999998,1.125,1.0,0.0,True,True
4xbwWerxvZ,2025,-0.75,1.125,0.0,0.0,True,True
4ytHislqDS,2025,0.4000000000000003,1.125,1.0,3.0,True,True
4ytRL3HJrq,2025,-0.4000000000000003,1.125,1.0,1.0,True,True
4z3IguA4Zg,2025,0.0,1.125,1.0,3.0,True,True
506BjJ1ziZ,2025,0.25,1.125,1.0,0.0,True,True
50cmx4SrkM,2025,-0.25,1.125,1.0,0.0,True,True
514rdneWOX,2025,-0.75,1.125,0.0,0.0,True,True
52x04chyQs,2025,0.0,1.125,1.0,1.0,True,True
55pCDKiS8B,2025,0.0,1.125,1.0,0.0,True,True
562B7aLi5X,2025,0.4000000000000003,1.125,1.0,0.0,True,True
56mg1JFd3n,2025,0.0,1.125,0.0,0.0,True,True
56vHbnk35S,2025,0.0,1.125,1.0,0.0,True,True
57NfyYxh5f,2025,0.25,1.125,1.0,0.0,True,True
57iQSl2G2Q,2025,-1.0,1.125,0.0,0.0,True,True
58AhfT4Zz1,2025,-1.0,1.125,0.0,2.0,True,True
590yfqz1LE,2025,0.75,1.125,1.0,0.0,True,True
5AtHrq3B5R,2025,-0.5,1.125,1.0,0.0,True,True
5AtlfHYCPa,2025,0.75,1.125,1.0,1.0,True,True
5BRFddsAai,2025,-0.25,1.125,1.0,0.0,True,True
5DUekOKWcS,2025,0.0,1.125,1.0,7.0,True,True
5EuAMDMPRK,2025,-0.25,1.125,0.0,0.0,True,True
5GZuEZDmUE,2025,-0.75,1.125,0.0,0.0,True,True
5GgjiRzYp3,2025,-0.5,1.125,1.0,1.0,True,True
5IWJBStfU7,2025,1.0,1.125,1.0,0.0,True,True
5J9B7Sb8rO,2025,0.0,1.125,1.0,1.0,True,True
5KqveQdXiZ,2025,-0.75,1.125,1.0,0.0,True,True
5LXcoDtNyq,2025,0.25,1.125,1.0,0.0,True,True
5MBUmj5mTI,2025,-0.5,1.125,0.0,0.0,True,True
5Qxx5KpFms,2025,0.0,1.125,1.0,1.0,True,True
5RUM1aIdok,2025,0.75,1.125,1.0,,True,False
5RZoYIT3u6,2025,0.0,1.125,1.0,0.0,True,True
5UQ0YmC2js,2025,-0.5,1.125,0.0,0.0,True,True
5V0f8igznO,2025,-0.666666666666667,1.125,1.0,,True,False
5WtovCb1ZE,2025,-0.25,1.125,0.0,0.0,True,True
5X5Z7Ffrjb,2025,0.0,1.125,1.0,0.0,True,True
5Y9NT6lW21,2025,1.0,1.125,1.0,,True,False
5YbuOTUFQ4,2025,0.5,1.125,1.0,0.0,True,True
5btFIv2PNb,2025,0.333333333333333,1.125,1.0,0.0,True,True
5ck9PIrTpH,2025,1.0,1.125,1.0,0.0,True,True
5ddsALwqkf,2025,-0.666666666666667,1.125,0.0,0.0,True,True
5f3brwjeTl,2025,0.25,1.125,0.0,2.0,True,True
5iUUorHeM3,2025,-1.0,1.125,0.0,0.0,True,True
5lIXRf8Lnw,2025,-0.5,1.125,0.0,2.0,True,True
5o0phqAhsP,2025,0.25,1.125,1.0,0.0,True,True
5o9JJJPPm6,2025,0.5,1.125,1.0,0.0,True,True
5oRB2Wgwtb,2025,-0.25,1.125,0.0,0.0,True,True
5pd78GmXC6,2025,0.333333333333333,1.125,1.0,,True,False
5sQiK2qTGa,2025,-0.75,1.125,0.0,2.0,True,True
5sU32OCxgZ,2025,0.0,1.125,1.0,0.0,True,True
5sdUTpDlbX,2025,-0.7999999999999998,1.125,0.0,1.0,True,True
5tjdRyqnSn,2025,0.5,1.125,1.0,0.0,True,True
5uUr3WFmyZ,2025,-1.0,1.125,0.0,0.0,True,True
5x88lQ2MsH,2025,0.0,1.125,1.0,0.0,True,True
5xP1HDvpXI,2025,0.5,1.125,1.0,,True,False
5xwx1Myosu,2025,0.5,1.125,1.0,,True,False
5xxGP9x5dZ,2025,0.333333333333333,1.125,1.0,0.0,True,True
5yDS32hKJc,2025,0.666666666666667,1.125,1.0,0.0,True,True
5z9GjHgerY,2025,0.333333333333333,1.125,1.0,7.0,True,True
5zjsZiYEnr,2025,0.0,1.125,0.0,0.0,True,True
60GeEoG5kD,2025,0.333333333333333,1.125,1.0,0.0,True,True
60TXv9Xif5,2025,-0.75,1.125,1.0,0.0,True,True
60Vd7QOXlM,2025,0.5,1.125,1.0,,True,False
61ss5RA1MM,2025,0.5,1.125,1.0,1.0,True,True
62Ff8LDAJZ,2025,0.7999999999999998,1.125,1.0,0.0,True,True
636M0nNbPs,2025,0.0,1.125,1.0,0.0,True,True
63r2sTjkCv,2025,-0.5,1.125,0.0,0.0,True,True
66NzcRQuOq,2025,1.0,1.125,1.0,2.0,True,True
67X93aZHII,2025,0.25,1.125,1.0,0.0,True,True
6AUzsrsNUx,2025,-1.0,1.125,0.0,0.0,True,True
6Ai8SuDsh3,2025,1.0,1.125,1.0,0.0,True,True
6BjEqGn1OO,2025,-0.75,1.125,0.0,0.0,True,True
6BoStmXGBf,2025,0.2000000000000001,1.125,0.0,0.0,True,True
6DkpewPCcO,2025,-0.25,1.125,0.0,0.0,True,True
6ESRicalFE,2025,0.5,1.125,1.0,1.0,True,True
6EkWIfvjj9,2025,-0.75,1.125,0.0,0.0,True,True
6F6qwdycgJ,2025,0.666666666666667,1.125,1.0,0.0,True,True
6GATHdOi1x,2025,-0.25,1.125,1.0,0.0,True,True
6H4jRWKFc3,2025,-0.25,1.125,1.0,1.0,True,True
6HcnC3pPkp,2025,0.0,1.125,1.0,0.0,True,True
6Hz1Ko087B,2025,1.0,1.125,1.0,0.0,True,True
6Imw3BwOMo,2025,-0.5,1.125,0.0,0.0,True,True
6Ire5JaobL,2025,-0.666666666666667,1.125,0.0,0.0,True,True
6JDpWJrjyK,2025,-0.25,1.125,0.0,3.0,True,True
6KZ80APcxf,2025,-0.5,1.125,0.0,2.0,True,True
6LKmaC4cO0,2025,-0.25,1.125,0.0,0.0,True,True
6LtdZCyuZR,2025,0.0,1.125,1.0,3.0,True,True
6MBqQLp17E,2025,1.0,1.125,1.0,0.0,True,True
6Mg7pjG7Sw,2025,0.0,1.125,1.0,0.0,True,True
6N5OM5Duuj,2025,0.0,1.125,1.0,0.0,True,True
6RiBl5sCDF,2025,1.0,1.125,1.0,0.0,True,True
6RjQ54M1rM,2025,0.0,1.125,1.0,,True,False
6S4WQD1LZR,2025,0.666666666666667,1.125,1.0,2.0,True,True
6TLdqAZgzn,2025,0.5,1.125,1.0,0.0,True,True
6U2KI1dpfl,2025,0.0,1.125,1.0,0.0,True,True
6VgwE2tCRm,2025,-0.333333333333333,1.125,1.0,5.0,True,True
6VhDQP7WGX,2025,-0.2000000000000001,1.125,1.0,0.0,True,True
6Vx28LSR7f,2025,0.0,1.125,1.0,0.0,True,True
6XUSDvBFkV,2025,0.0,1.125,1.0,1.0,True,True
6XodKiDS3B,2025,-0.5,1.125,0.0,0.0,True,True
6aHUmotXaw,2025,0.25,1.125,1.0,3.0,True,True
6awxwQEI82,2025,1.0,1.125,1.0,0.0,True,True
6bDJ3CIm5w,2025,1.0,1.125,1.0,1.0,True,True
6bKEWevgSd,2025,-0.25,1.125,1.0,1.0,True,True
6cQ6cBqzV3,2025,-0.25,1.125,1.0,0.0,True,True
6fDjUoEQvm,2025,0.75,1.125,1.0,0.0,True,True
6guG2OlXsr,2025,-0.25,1.125,1.0,0.0,True,True
6iM7mmVhXh,2025,-0.25,1.125,0.0,0.0,True,True
6jxUsDAdAu,2025,1.0,1.125,1.0,0.0,True,True
6jyEj4rGZJ,2025,-0.5999999999999996,1.125,0.0,0.0,True,True
6kPBThI6ZJ,2025,0.5,1.125,1.0,0.0,True,True
6ktqrC1Bpf,2025,-0.2000000000000001,1.125,0.0,2.0,True,True
6lB5qtdYAg,2025,0.0,1.125,1.0,4.0,True,True
6ldD8Y4gBQ,2025,0.25,1.125,1.0,1.0,True,True
6oWFn6fY4A,2025,0.5,1.125,1.0,0.0,True,True
6p74UyAdLa,2025,0.25,1.125,1.0,2.0,True,True
6qUUgw9bAZ,2025,0.5,1.125,1.0,0.0,True,True
6rMHcLWxl4,2025,-0.7999999999999998,1.125,0.0,1.0,True,True
6wXYXYSFPK,2025,-0.333333333333333,1.125,0.0,0.0,True,True
6yENDA7J4G,2025,0.0,1.125,1.0,3.0,True,True
6ycX677p2l,2025,0.5999999999999996,1.125,1.0,1.0,True,True
6z4YKr0GK6,2025,0.0,1.125,1.0,6.0,True,True
71XtUhazG0,2025,0.0,1.125,1.0,0.0,True,True
72OSO38a2z,2025,1.0,1.125,1.0,0.0,True,True
72nCh5JtLQ,2025,-0.25,1.125,0.0,0.0,True,True
73Q9U0vcja,2025,0.0,1.125,0.0,0.0,True,True
75PhjtbBdr,2025,0.25,1.125,1.0,0.0,True,True
7652tHbbVE,2025,-0.7999999999999998,1.125,0.0,0.0,True,True
77gQUdQhE7,2025,-0.333333333333333,1.125,1.0,1.0,True,True
7893vsQenk,2025,0.25,1.125,1.0,0.0,True,True
78NPsEq8cF,2025,-0.25,1.125,0.0,1.0,True,True
78tc3EiUrN,2025,0.0,1.125,1.0,3.0,True,True
79ZkWgY2FI,2025,-0.75,1.125,1.0,0.0,True,True
7B9FCDoUzB,2025,0.75,1.125,1.0,0.0,True,True
7Dub7UXTXN,2025,-0.5,1.125,0.0,0.0,True,True
7E7v5mJnfl,2025,0.7999999999999998,1.125,1.0,0.0,True,True
7EhS3YBxjY,2025,0.0,1.125,1.0,1.0,True,True
7El7K1DoyX,2025,1.0,1.125,1.0,1.0,True,True
7FHSPd3SRE,2025,0.0,1.125,1.0,0.0,True,True
7GKbQ1WT1C,2025,-0.75,1.125,1.0,6.0,True,True
7H1jbTaOIn,2025,-0.5,1.125,0.0,0.0,True,True
7HEMpBTb3R,2025,-0.5999999999999996,1.125,1.0,1.0,True,True
7JUrBLDjCq,2025,0.5,1.125,1.0,0.0,True,True
7JhGdZvW4T,2025,0.25,1.125,1.0,0.0,True,True
7JlL8ECPJ7,2025,0.25,1.125,0.0,0.0,True,True
7LGmXXZXtP,2025,0.666666666666667,1.125,1.0,1.0,True,True
7MYu2xO4pp,2025,-0.75,1.125,0.0,,True,False
7NL74jUiMg,2025,0.5,1.125,1.0,0.0,True,True
7PGluppo4k,2025,0.4000000000000003,1.125,1.0,2.0,True,True
7PLpiVdnUC,2025,0.5,1.125,1.0,1.0,True,True
7PQnFTbizU,2025,-0.333333333333333,1.125,0.0,2.0,True,True
7QGyDi9VsO,2025,-1.0,1.125,0.0,0.0,True,True
7Qa2SpjxIS,2025,-1.0,1.125,1.0,4.0,True,True
7S1xDos9pH,2025,-0.25,1.125,0.0,0.0,True,True
7UgQjFEadn,2025,-0.25,1.125,1.0,0.0,True,True
7UqQJUKaLM,2025,0.0,1.125,1.0,2.0,True,True
7WaRh4gCXp,2025,-1.0,1.125,1.0,0.0,True,True
7XIkRgYjK3,2025,0.5,1.125,1.0,0.0,True,True
7XNgVPxCiA,2025,1.0,1.125,1.0,0.0,True,True
7YKV7zkNpX,2025,0.5,1.125,1.0,0.0,True,True
7bAjVh3CG3,2025,-0.4000000000000003,1.125,1.0,0.0,True,True
7d2JwGbxhA,2025,-0.25,1.125,1.0,0.0,True,True
7dPrT34fHF,2025,0.25,1.125,0.0,0.0,True,True
7egJb0X9m2,2025,-1.0,1.125,0.0,5.0,True,True
7eoN0PpKtc,2025,-0.25,1.125,0.0,0.0,True,True
7gGVDrqVaz,2025,0.0,1.125,0.0,0.0,True,True
7gGl6HB5Zd,2025,0.5,1.125,1.0,0.0,True,True
7idCpuEAiR,2025,1.0,1.125,1.0,0.0,True,True
7igPXQFupX,2025,-0.25,1.125,1.0,0.0,True,True
7k4HVhUS9k,2025,-0.25,1.125,1.0,0.0,True,True
7lUdo8Vuqa,2025,0.0,1.125,1.0,0.0,True,True
7liN6uHAQZ,2025,0.5,1.125,1.0,0.0,True,True
7lpDn2MhM2,2025,0.333333333333333,1.125,1.0,0.0,True,True
7o6SG5gVev,2025,0.25,1.125,1.0,1.0,True,True
7oaWthT9EO,2025,-0.333333333333333,1.125,0.0,0.0,True,True
7ohlQUbTpp,2025,0.25,1.125,1.0,0.0,True,True
7orD38wzdi,2025,-1.0,1.125,0.0,0.0,True,True
7psWohxvxp,2025,0.25,1.125,1.0,0.0,True,True
7tOc6h8bea,2025,-1.0,1.125,0.0,0.0,True,True
7uDI7w5RQA,2025,-0.25,1.125,1.0,,True,False
7vV8KZ7VEl,2025,-0.5,1.125,0.0,1.0,True,True
7visV100Ms,2025,0.5999999999999996,1.125,1.0,0.0,True,True
7wuJMvK639,2025,0.5,1.125,1.0,1.0,True,True
7yncrX80CN,2025,-0.25,1.125,0.0,1.0,True,True
7zNYY1E2fq,2025,-0.25,1.125,1.0,0.0,True,True
7zPd1TjRc1,2025,0.0,1.125,0.0,0.0,True,True
81cta3WQVI,2025,0.5,1.125,1.0,3.0,True,True
83le3arfeA,2025,-0.5,1.125,0.0,,True,False
84WmbzikPP,2025,1.0,1.125,1.0,2.0,True,True
868masI331,2025,0.4000000000000003,1.125,1.0,0.0,True,True
87DtYFaH2d,2025,-0.7999999999999998,1.125,0.0,0.0,True,True
88AS5MQnmC,2025,0.5,1.125,1.0,0.0,True,True
88JJjsLtqr,2025,0.5,1.125,1.0,0.0,True,True
88Qm4fGWzX,2025,-1.0,1.125,0.0,0.0,True,True
88TC1AWV27,2025,0.0,1.125,1.0,0.0,True,True
88rjm6AXoC,2025,0.25,1.125,1.0,0.0,True,True
8DBTq09LgN,2025,0.666666666666667,1.125,1.0,0.0,True,True
8Dj6OEMj6W,2025,-0.5,1.125,0.0,0.0,True,True
8DuJ5FK2fa,2025,0.0,1.125,0.0,0.0,True,True
8EB8k6DdCU,2025,0.5,1.125,1.0,3.0,True,True
8EM1A6qfX5,2025,-1.0,1.125,0.0,0.0,True,True
8EtSBX41mt,2025,0.666666666666667,1.125,1.0,0.0,True,True
8G2CvYlfjw,2025,-0.333333333333333,1.125,0.0,0.0,True,True
8Gqz2opok1,2025,1.0,1.125,1.0,0.0,True,True
8HQS1X2AK4,2025,-0.666666666666667,1.125,0.0,0.0,True,True
8K36RkrI7N,2025,-0.25,1.125,0.0,1.0,True,True
8KQzoD5XAr,2025,1.0,1.125,1.0,1.0,True,True
8LZ1D1yqeg,2025,1.0,1.125,0.0,0.0,True,True
8Lt27D1qhE,2025,-1.0,1.125,0.0,0.0,True,True
8NdNniulYE,2025,0.2000000000000001,1.125,1.0,0.0,True,True
8NiTKmEzJV,2025,0.25,1.125,0.0,0.0,True,True
8NlUL0Cv1L,2025,0.25,1.125,1.0,0.0,True,True
8OcM1pTfHm,2025,-0.666666666666667,1.125,0.0,0.0,True,True
8Q0beBHq41,2025,-1.0,1.125,0.0,1.0,True,True
8RCmNLeeXx,2025,0.333333333333333,1.125,1.0,0.0,True,True
8Rov0fjpOL,2025,-0.2000000000000001,1.125,1.0,0.0,True,True
8TERgu1Lb2,2025,-0.25,1.125,1.0,1.0,True,True
8VG8tpPZhe,2025,1.0,1.125,1.0,2.0,True,True
8VXWQmNrca,2025,-1.0,1.125,0.0,0.0,True,True
8VtGeyJyx9,2025,0.75,1.125,1.0,1.0,True,True
8WQ7VTfPTl,2025,0.4000000000000003,1.125,1.0,3.0,True,True
8WtBrv2k2b,2025,-1.0,1.125,0.0,1.0,True,True
8X74NZpARg,2025,0.25,1.125,1.0,,True,False
8ZLzw5pIrc,2025,0.0,1.125,1.0,0.0,True,True
8bF1Vaj9tm,2025,0.4000000000000003,1.125,1.0,0.0,True,True
8dzKkeWUUb,2025,0.25,1.125,1.0,1.0,True,True
8e2LirwiJT,2025,0.4000000000000003,1.125,1.0,1.0,True,True
8eNLKk5by4,2025,0.0,1.125,1.0,,True,False
8eenzfwKqU,2025,-0.5,1.125,0.0,,True,False
8egnwady4b,2025,0.333333333333333,1.125,1.0,,True,False
8fLgt7PQza,2025,-0.4000000000000003,1.125,1.0,3.0,True,True
8g4XgC8HPF,2025,0.0,1.125,1.0,0.0,True,True
8g9fs6mdEG,2025,0.5,1.125,1.0,0.0,True,True
8iH8YHrGTh,2025,-0.75,1.125,0.0,0.0,True,True
8jOqCcLzeO,2025,0.0,1.125,1.0,0.0,True,True
8jvVNPHtVJ,2025,-0.25,1.125,1.0,0.0,True,True
8kGonpsiHb,2025,0.75,1.125,0.0,0.0,True,True
8m7p4k6Zeb,2025,0.0,1.125,1.0,1.0,True,True
8muemqlnG3,2025,0.5,1.125,1.0,0.0,True,True
8nuzsfiQfS,2025,0.0,1.125,1.0,0.0,True,True
8o08LSkuAj,2025,0.5,1.125,0.0,0.0,True,True
8pbyay0prT,2025,-0.4000000000000003,1.125,0.0,0.0,True,True
8pusxkLEQO,2025,0.25,1.125,1.0,1.0,True,True
8q9NOMzRDg,2025,-0.2000000000000001,1.125,1.0,0.0,True,True
8rbkePAapb,2025,0.2000000000000001,1.125,1.0,1.0,True,True
8roRgrjbjv,2025,0.0,1.125,1.0,0.0,True,True
8rvqpiTTFv,2025,0.0,1.125,1.0,,True,False
8sglLco8Ti,2025,-0.75,1.125,0.0,2.0,True,True
8shi3NhgJp,2025,-1.0,1.125,0.0,1.0,True,True
8vzMLo8LDN,2025,0.25,1.125,1.0,0.0,True,True
8w22WLy2R8,2025,-0.75,1.125,0.0,0.0,True,True
8w8d8j2FCy,2025,0.0,1.125,0.0,1.0,True,True
8wIgDG87jn,2025,-0.75,1.125,0.0,2.0,True,True
8wjWm5jr1w,2025,0.0,1.125,0.0,0.0,True,True
8x0SGbCpzs,2025,0.0,1.125,1.0,0.0,True,True
8y5Uf6oEiB,2025,-0.5,1.125,1.0,1.0,True,True
8yEoTBceap,2025,-0.75,1.125,0.0,0.0,True,True
90DC0IvlSs,2025,-0.25,1.125,1.0,0.0,True,True
90Db4RUBc7,2025,0.75,1.125,1.0,0.0,True,True
92vMaHotTM,2025,-0.5,1.125,1.0,0.0,True,True
93XT0lKOct,2025,0.0,1.125,1.0,0.0,True,True
94LyPGDi0Y,2025,-0.75,1.125,0.0,1.0,True,True
94kQgWXojH,2025,0.0,1.125,1.0,1.0,True,True
96GMFXsbJE,2025,0.4000000000000003,1.125,1.0,0.0,True,True
96beVMeHh9,2025,-0.75,1.125,1.0,0.0,True,True
96jZFqM5E0,2025,0.666666666666667,1.125,1.0,0.0,True,True
98d7DLMGdt,2025,0.5,1.125,1.0,0.0,True,True
99YEbiBbdy,2025,0.75,1.125,0.0,0.0,True,True
9AtlhmFVDi,2025,-0.5,1.125,0.0,0.0,True,True
9B8o9AxSyb,2025,0.0,1.125,1.0,0.0,True,True
9BiVepgmWW,2025,1.0,1.125,1.0,0.0,True,True
9CqkpQExe2,2025,0.4000000000000003,1.125,1.0,0.0,True,True
9D2QvO1uWj,2025,0.25,1.125,1.0,1.0,True,True
9EBSEkFSje,2025,-0.75,1.125,0.0,1.0,True,True
9EfBeXaXf0,2025,0.75,1.125,1.0,1.0,True,True
9EiWIyJMNi,2025,0.0,1.125,0.0,0.0,True,True
9EqQC2ct4H,2025,0.0,1.125,1.0,0.0,True,True
9FRwkPw3Cn,2025,0.75,1.125,1.0,0.0,True,True
9Fh0z1JmPU,2025,0.5,1.125,1.0,0.0,True,True
9FqARW7dwB,2025,0.25,1.125,1.0,0.0,True,True
9HK2rHNAhd,2025,-0.5,1.125,1.0,1.0,True,True
9HZtP6I5lv,2025,0.4000000000000003,1.125,1.0,0.0,True,True
9HsfTgflT7,2025,0.2000000000000001,1.125,1.0,,True,False
9Hxdixed7p,2025,0.25,1.125,1.0,0.0,True,True
9Ieq8jQNAl,2025,0.25,1.125,1.0,,True,False
9JCNPFL1f9,2025,0.0,1.125,1.0,1.0,True,True
9KiE3t6CsL,2025,0.0,1.125,1.0,0.0,True,True
9KxnxWOBA5,2025,-0.75,1.125,1.0,0.0,True,True
9LdJDU7E91,2025,-0.25,1.125,1.0,14.0,True,True
9MNzHTSDgh,2025,-0.7999999999999998,1.125,0.0,0.0,True,True
9OJflnNu6C,2025,0.666666666666667,1.125,1.0,0.0,True,True
9OMvtboTJg,2025,-0.5,1.125,1.0,3.0,True,True
9OfKxKoYNw,2025,0.0,1.125,1.0,0.0,True,True
9RCT0ngvZP,2025,0.5,1.125,1.0,0.0,True,True
9RFocgIccP,2025,0.0,1.125,1.0,0.0,True,True
9SYczU3Qgm,2025,0.25,1.125,1.0,1.0,True,True
9TClCDZXeh,2025,1.0,1.125,1.0,0.0,True,True
9TL99KnTv5,2025,-1.0,1.125,0.0,0.0,True,True
9UoBuhVNh6,2025,0.333333333333333,1.125,0.0,0.0,True,True
9UxC2J7Pup,2025,-1.0,1.125,0.0,0.0,True,True
9VMW4iXfKt,2025,-0.5,1.125,1.0,0.0,True,True
9W6Z9IeLzc,2025,-0.75,1.125,0.0,1.0,True,True
9WYMDgxDac,2025,1.0,1.125,1.0,3.0,True,True
9WbNpRuFuS,2025,-0.25,1.125,0.0,0.0,True,True
9Wghi9fKFA,2025,0.0,1.125,0.0,2.0,True,True
9XETcRsufZ,2025,1.0,1.125,1.0,1.0,True,True
9XabBgqFgy,2025,-0.666666666666667,1.125,0.0,0.0,True,True
9aTZf71uiD,2025,0.0,1.125,1.0,0.0,True,True
9bLdbp46Q1,2025,0.5,1.125,1.0,0.0,True,True
9c96mGtQVR,2025,-0.25,1.125,1.0,,True,False
9cQB1Hwrtw,2025,0.75,1.125,1.0,0.0,True,True
9ca9eHNrdH,2025,1.0,1.125,1.0,0.0,True,True
9ccZzuix2D,2025,-0.666666666666667,1.125,0.0,0.0,True,True
9chRqsPOGL,2025,0.5,1.125,1.0,0.0,True,True
9dFCm4uZo8,2025,-0.666666666666667,1.125,0.0,0.0,True,True
9h45qxXEx0,2025,0.75,1.125,1.0,0.0,True,True
9htTvHkUhh,2025,0.333333333333333,1.125,1.0,0.0,True,True
9iN8p1Xwtg,2025,-0.75,1.125,0.0,0.0,True,True
9juyeCqL0u,2025,0.7999999999999998,1.125,1.0,7.0,True,True
9kJperA2a4,2025,0.2857142857142856,1.125,1.0,0.0,True,True
9klRFLY2TT,2025,-0.333333333333333,1.125,0.0,11.0,True,True
9mBodivRIo,2025,-0.2000000000000001,1.125,1.0,0.0,True,True
9mjZ800m7Y,2025,0.5,1.125,1.0,2.0,True,True
9nUBh4V6SA,2025,0.5,1.125,1.0,0.0,True,True
9oMB6wnFYM,2025,0.5,1.125,1.0,17.0,True,True
9qS3HzSDNv,2025,0.2000000000000001,1.125,1.0,0.0,True,True
9qpdDiDQ2H,2025,-0.75,1.125,1.0,0.0,True,True
9sOR0nYLtz,2025,0.5,1.125,1.0,0.0,True,True
9tKC0YM8sX,2025,-0.75,1.125,1.0,0.0,True,True
9tiQ0aBK7c,2025,-0.7999999999999998,1.125,0.0,0.0,True,True
9vTAkJ9Tik,2025,1.0,1.125,1.0,,True,False
9xHlhKLu1h,2025,0.25,1.125,1.0,0.0,True,True
9xsXEj2ile,2025,0.5,1.125,0.0,0.0,True,True
A4aG3XeIO7,2025,0.5,1.125,1.0,1.0,True,True
A4eCzSohhx,2025,1.0,1.125,1.0,0.0,True,True
A51NEXIq1J,2025,0.5,1.125,1.0,0.0,True,True
A7LTIuhH4k,2025,-1.0,1.125,0.0,0.0,True,True
A9y3LFX4ds,2025,-1.0,1.125,1.0,0.0,True,True
AAXBfJNHDt,2025,0.0,1.125,1.0,0.0,True,True
AC5n7xHuR1,2025,0.75,1.125,1.0,4.0,True,True
AC9FsaVIpk,2025,-0.2000000000000001,1.125,0.0,0.0,True,True
ACEuJBhhbN,2025,-0.5,1.125,0.0,0.0,True,True
ACSNlt77hq,2025,0.666666666666667,1.125,1.0,1.0,True,True
AEglX9CHFN,2025,0.5,1.125,1.0,2.0,True,True
AExygKPmnJ,2025,-0.7999999999999998,1.125,0.0,5.0,True,True
AJM52ygi6Y,2025,0.25,1.125,1.0,0.0,True,True
AJQuTFd9es,2025,0.333333333333333,1.125,0.0,1.0,True,True
AJpUZd8Clb,2025,0.0,1.125,1.0,,True,False
AK1C55o4r7,2025,0.0,1.125,1.0,0.0,True,True
AKAz88zYLB,2025,-0.2000000000000001,1.125,0.0,1.0,True,True
AMegoEnlpS,2025,-1.0,1.125,0.0,0.0,True,True
AMkf7h7HER,2025,0.5714285714285712,1.125,1.0,0.0,True,True
AOlm45AUVS,2025,1.0,1.125,1.0,0.0,True,True
APDnmucgID,2025,-0.75,1.125,0.0,1.0,True,True
ARQIJXFcTH,2025,0.75,1.125,1.0,3.0,True,True
AS8SPTyBgw,2025,-0.5,1.125,1.0,2.0,True,True
AUBvo4sxVL,2025,0.0,1.125,1.0,3.0,True,True
AV7OXVlAyi,2025,-0.5,1.125,1.0,0.0,True,True
AZTdO6JJKt,2025,-0.5999999999999996,1.125,0.0,1.0,True,True
AbJWZp4THG,2025,-1.0,1.125,0.0,0.0,True,True
AcAD4VEgCX,2025,0.5,1.125,1.0,0.0,True,True
AcVpLS86RT,2025,1.0,1.125,1.0,0.0,True,True
AgMpK7z4bz,2025,0.5,1.125,1.0,,True,False
Ah3n8U3kRT,2025,-0.5,1.125,0.0,0.0,True,True
AhcYq4CnfF,2025,0.2000000000000001,1.125,1.0,1.0,True,True
Ahlrf2HGJR,2025,0.0,1.125,1.0,1.0,True,True
AjXkRZIvjB,2025,0.0,1.125,1.0,49.0,True,True
AkBrb7yQ0G,2025,0.5,1.125,1.0,0.0,True,True
AkL2ID5rRV,2025,0.25,1.125,0.0,0.0,True,True
AkUer8ooMi,2025,0.0,1.125,0.0,0.0,True,True
AloCXPpq54,2025,0.0,1.125,1.0,0.0,True,True
Aly68Y5Es0,2025,0.75,1.125,1.0,0.0,True,True
AmEgWDhmTr,2025,1.0,1.125,1.0,0.0,True,True
AnL6BuWzxa,2025,0.5999999999999996,1.125,1.0,0.0,True,True
Antib6Uovh,2025,0.25,1.125,1.0,0.0,True,True
AoIKgHu9Si,2025,0.0,1.125,1.0,0.0,True,True
AqfUa08PCH,2025,0.5,1.125,1.0,1.0,True,True
ArwsbHBoxA,2025,-0.75,1.125,0.0,0.0,True,True
AsAy7CROLs,2025,0.666666666666667,1.125,1.0,0.0,True,True
AsckJZlPcy,2025,-0.75,1.125,0.0,0.0,True,True
At9JmGF3xy,2025,-0.25,1.125,1.0,0.0,True,True
AumOa10MKG,2025,0.25,1.125,1.0,1.0,True,True
AvOhBgsE5R,2025,0.2000000000000001,1.125,1.0,1.0,True,True
AvmBgiQxxp,2025,-0.25,1.125,1.0,1.0,True,True
Awsb8jhEx3,2025,-0.75,1.125,0.0,0.0,True,True
Ax0i933gtp,2025,-1.0,1.125,1.0,,True,False
Ax3uliEBVR,2025,0.0,1.125,1.0,0.0,True,True
Aye5wL6TCn,2025,0.0,1.125,1.0,0.0,True,True
B07dLVWLyD,2025,0.0,1.125,1.0,0.0,True,True
B2N0nCVC91,2025,0.5,1.125,1.0,0.0,True,True
B5PbOsJqt3,2025,0.5,1.125,1.0,,True,False
B5RrIFMqbe,2025,0.5,1.125,1.0,1.0,True,True
B5iOSxM2I0,2025,0.5,1.125,1.0,1.0,True,True
B6AQzaQCsl,2025,0.5,1.125,0.0,0.0,True,True
B7eHRsuTSh,2025,-0.4000000000000003,1.125,0.0,0.0,True,True
B8aHIDSi7E,2025,0.0,1.125,0.0,0.0,True,True
B9XP2R9LtG,2025,-0.75,1.125,0.0,0.0,True,True
B9kUJuWrYC,2025,-0.25,1.125,1.0,0.0,True,True
BA1eG7vCNb,2025,0.7999999999999998,1.125,1.0,0.0,True,True
BAglD6NGy0,2025,0.25,1.125,1.0,1.0,True,True
BC4lIvfSzv,2025,1.0,1.125,1.0,13.0,True,True
BCP5nAHXqs,2025,-0.4000000000000003,1.125,1.0,1.0,True,True
BCeock53nt,2025,0.7999999999999998,1.125,1.0,15.0,True,True
BChpQU64RG,2025,0.2000000000000001,1.125,1.0,0.0,True,True
BCyAlMoyx5,2025,-0.333333333333333,1.125,0.0,1.0,True,True
BEpaPHDl9r,2025,0.4000000000000003,1.125,1.0,0.0,True,True
BGppv7fa3K,2025,-0.5,1.125,0.0,0.0,True,True
BHFs80Jf5V,2025,0.5,1.125,1.0,0.0,True,True
BI2int5SAC,2025,-0.25,1.125,1.0,1.0,True,True
BKSeNw2HIr,2025,0.0,1.125,1.0,0.0,True,True
BLWaTeucYX,2025,0.0,1.125,1.0,2.0,True,True
BM9qfolt6p,2025,0.5,1.125,1.0,1.0,True,True
BMqBvRPDhX,2025,0.0,1.125,0.0,0.0,True,True
BOQpRtI4F5,2025,0.75,1.125,1.0,0.0,True,True
BPAZ6yW3K7,2025,0.0,1.125,1.0,2.0,True,True
BQwsRy1h3U,2025,0.0,1.125,1.0,0.0,True,True
BRdYYyrAOR,2025,-0.75,1.125,0.0,0.0,True,True
BSBZCa6N3E,2025,-1.0,1.125,0.0,0.0,True,True
BTOdzCzSRg,2025,0.7999999999999998,1.125,1.0,0.0,True,True
BUj9VSCoET,2025,1.0,1.125,1.0,0.0,True,True
BWS5gVjgeY,2025,0.5,1.125,1.0,2.0,True,True
BWuBDdXVnH,2025,0.25,1.125,1.0,0.0,True,True
BZrSCv2SBq,2025,0.666666666666667,1.125,1.0,0.0,True,True
BZwXMqu4zG,2025,0.0,1.125,1.0,0.0,True,True
BbZy8nI1si,2025,-0.25,1.125,1.0,7.0,True,True
BcYt84rcKq,2025,0.25,1.125,1.0,0.0,True,True
BdPbmgJ2jo,2025,-0.5,1.125,0.0,2.0,True,True
BdmVgLMvaf,2025,0.5,1.125,1.0,0.0,True,True
BfUDZGqCAu,2025,0.666666666666667,1.125,1.0,0.0,True,True
BfUugGfBE5,2025,0.666666666666667,1.125,1.0,0.0,True,True
Bff9RniI03,2025,-0.2000000000000001,1.125,0.0,0.0,True,True
BgYbk6ZmeX,2025,0.0,1.125,1.0,1.0,True,True
BgcapX9ers,2025,-1.0,1.125,0.0,0.0,True,True
BhBVAC5i2T,2025,-0.5,1.125,0.0,1.0,True,True
Bk13Qfu8Ru,2025,1.0,1.125,1.0,,True,False
BkftcwIVmR,2025,-0.5,1.125,1.0,0.0,True,True
BksqWM8737,2025,0.5,1.125,1.0,3.0,True,True
BkwCrIsTbR,2025,0.0,1.125,1.0,0.0,True,True
BlSIKSPhfz,2025,0.0,1.125,1.0,0.0,True,True
Bmzv2Gch9v,2025,0.75,1.125,1.0,1.0,True,True
Bo5eKnJPML,2025,-0.5,1.125,0.0,0.0,True,True
BoRmf8wDZ7,2025,-0.833333333333333,1.125,0.0,0.0,True,True
BomQa84efw,2025,-0.5999999999999996,1.125,0.0,2.0,True,True
Bp0HBaMNRl,2025,0.75,1.125,1.0,0.0,True,True
BpIbnXWfhL,2025,0.333333333333333,1.125,1.0,0.0,True,True
Bpn8q40n1n,2025,0.4000000000000003,1.125,1.0,0.0,True,True
BpyHIrpUOL,2025,0.0,1.125,1.0,0.0,True,True
Bq3fEAGXUL,2025,-0.666666666666667,1.125,0.0,0.0,True,True
BqtoARyz7Y,2025,-0.4000000000000003,1.125,1.0,0.0,True,True
Bt1vnCnAVS,2025,0.25,1.125,1.0,0.0,True,True
BwR8t91yqh,2025,0.666666666666667,1.125,1.0,0.0,True,True
BxQkDog4ti,2025,0.0,1.125,1.0,2.0,True,True
ByCV9xWfNK,2025,0.333333333333333,1.125,1.0,0.0,True,True
BydkbNH0gj,2025,-0.5,1.125,0.0,1.0,True,True
BzsjHiBfLk,2025,0.75,1.125,1.0,0.0,True,True
C06kww3Qky,2025,-0.25,1.125,1.0,0.0,True,True
C0HDYvGwol,2025,-0.4000000000000003,1.125,0.0,0.0,True,True
C0Ubo0XBPn,2025,-0.75,1.125,0.0,1.0,True,True
C1Wp4ubvXZ,2025,-0.4000000000000003,1.125,0.0,0.0,True,True
C25SgeXWjE,2025,0.25,1.125,1.0,0.0,True,True
C33p2CNOQ8,2025,0.0,1.125,0.0,0.0,True,True
C3TrHWanh5,2025,0.0,1.125,1.0,0.0,True,True
C45YqeBDUM,2025,0.8571428571428568,1.125,1.0,,True,False
C53FwQZigu,2025,0.5,1.125,0.0,2.0,True,True
C5w86qtcgY,2025,-0.75,1.125,0.0,0.0,True,True
C6hUK6Q1Pi,2025,-1.0,1.125,0.0,0.0,True,True
C81bqFCmMf,2025,-0.25,1.125,0.0,,True,False
C8jXEugWkq,2025,0.75,1.125,1.0,1.0,True,True
C8niXBHjfO,2025,0.0,1.125,1.0,0.0,True,True
CA06Nqa7CG,2025,0.833333333333333,1.125,1.0,0.0,True,True
CAgIwCbnQI,2025,-1.0,1.125,0.0,0.0,True,True
CAssIgPN4I,2025,0.0,1.125,1.0,1.0,True,True
CFLEIeX7iK,2025,-0.25,1.125,0.0,1.0,True,True
CFMdrcK935,2025,0.25,1.125,0.0,0.0,True,True
CGhgB8Kz8i,2025,-1.0,1.125,1.0,0.0,True,True
CI4sCBMXjP,2025,0.75,1.125,1.0,0.0,True,True
CI5Cj0vktS,2025,0.25,1.125,1.0,0.0,True,True
CIN2VRxPKU,2025,-0.666666666666667,1.125,0.0,1.0,True,True
CIs9x2ZRgh,2025,0.75,1.125,1.0,0.0,True,True
CKXul9iX77,2025,-0.25,1.125,1.0,0.0,True,True
CKdlPUWDEE,2025,-1.0,1.125,0.0,1.0,True,True
CL3U0GxFRD,2025,0.25,1.125,1.0,0.0,True,True
CMMpcs9prj,2025,0.5999999999999996,1.125,1.0,0.0,True,True
CNO4rbSV6v,2025,0.0,1.125,1.0,0.0,True,True
CS2JWaziYr,2025,0.75,1.125,1.0,0.0,True,True
CSj72Rr2PB,2025,0.5,1.125,1.0,0.0,True,True
CTC7CmirNr,2025,1.0,1.125,1.0,0.0,True,True
CU8CNDw6Vv,2025,-0.75,1.125,0.0,0.0,True,True
CUABD2qIB4,2025,0.5,1.125,1.0,0.0,True,True
CYa4FKjYM9,2025,0.0,1.125,0.0,0.0,True,True
CahIEKCu5Q,2025,-0.5,1.125,1.0,0.0,True,True
CbfsKHiWEn,2025,0.2000000000000001,1.125,1.0,0.0,True,True
CbpWPbYHuv,2025,1.0,1.125,1.0,0.0,True,True
Ccwp4tFEtE,2025,-0.666666666666667,1.125,1.0,2.0,True,True
CexatBp6rx,2025,0.4000000000000003,1.125,1.0,0.0,True,True
CfZPzH7ftt,2025,0.5,1.125,1.0,0.0,True,True
CfdPELywGN,2025,-0.7999999999999998,1.125,0.0,1.0,True,True
Ch9rHRomYe,2025,-0.75,1.125,0.0,0.0,True,True
CiEOW1CdKc,2025,-1.0,1.125,0.0,0.0,True,True
CiiLchbRe3,2025,-0.75,1.125,0.0,0.0,True,True
CjXaMI2kUH,2025,0.5,1.125,1.0,0.0,True,True
CkKEuLmRnr,2025,1.0,1.125,1.0,1.0,True,True
CkUHtnyhpY,2025,0.5,1.125,1.0,0.0,True,True
Cn5Z0MUPZT,2025,-1.0,1.125,0.0,0.0,True,True
CoQw1dXtGb,2025,0.2000000000000001,1.125,1.0,0.0,True,True
CpiJWKFdHN,2025,-0.333333333333333,1.125,0.0,0.0,True,True
Cpr6Wv2tfr,2025,0.25,1.125,1.0,0.0,True,True
Cr1XlGBGVm,2025,1.0,1.125,1.0,0.0,True,True
Cs6MrbFuMq,2025,0.0,1.125,1.0,0.0,True,True
CtM5xjRSfm,2025,1.0,1.125,1.0,,True,False
CuwjD3cazX,2025,-1.0,1.125,0.0,0.0,True,True
CvGqMD5OtX,2025,0.25,1.125,1.0,4.0,True,True
CvjXlsBLCX,2025,-1.0,1.125,1.0,0.0,True,True
CvrXy1jVLh,2025,-1.0,1.125,0.0,0.0,True,True
CvttyK4XzV,2025,0.75,1.125,1.0,2.0,True,True
CvunOaPA1W,2025,-0.666666666666667,1.125,0.0,0.0,True,True
CxwtuhU40F,2025,-0.4000000000000003,1.125,0.0,2.0,True,True
Cy5IKvYbR3,2025,-0.25,1.125,1.0,0.0,True,True
D0LuQNZfEl,2025,-0.25,1.125,1.0,6.0,True,True
D10yarGQNk,2025,0.5,1.125,1.0,1.0,True,True
D23JcXiUwf,2025,-0.5,1.125,0.0,1.0,True,True
D2as3jDmRA,2025,0.25,1.125,0.0,0.0,True,True
D2hhkU5O48,2025,0.75,1.125,1.0,0.0,True,True
D4xztKoz0Y,2025,0.5,1.125,1.0,0.0,True,True
D5X6nPGFUY,2025,0.4000000000000003,1.125,1.0,0.0,True,True
D6zn6ozJs7,2025,0.5999999999999996,1.125,1.0,2.0,True,True
D756s2YQ6b,2025,-0.25,1.125,1.0,0.0,True,True
D9CRb1KZQc,2025,-0.25,1.125,1.0,0.0,True,True
D9GoWJJxS5,2025,-1.0,1.125,0.0,0.0,True,True
D9liZ0D8z8,2025,-0.5,1.125,0.0,1.0,True,True
DAEXilQHYU,2025,0.5,1.125,0.0,1.0,True,True
DCandSZ2F1,2025,0.5,1.125,1.0,1.0,True,True
DD11okKg13,2025,0.0,1.125,1.0,1.0,True,True
DDNFTaVQdU,2025,0.75,1.125,1.0,0.0,True,True
DEOV74Idsg,2025,0.0,1.125,0.0,1.0,True,True
DHVjLvSps6,2025,-0.4000000000000003,1.125,0.0,0.0,True,True
DJRd4IQHGQ,2025,-0.75,1.125,0.0,0.0,True,True
DKA7Hx7PSt,2025,-0.5,1.125,0.0,0.0,True,True
DKgAFfCs5F,2025,0.0,1.125,1.0,0.0,True,True
DKkQtRMowq,2025,-0.25,1.125,1.0,1.0,True,True
DL9txImSzm,2025,0.0,1.125,1.0,0.0,True,True
DLDuVbxORA,2025,0.25,1.125,1.0,0.0,True,True
DNBwlQYA90,2025,0.0,1.125,0.0,0.0,True,True
DOXnqYLCcd,2025,0.5,1.125,1.0,0.0,True,True
DPlUWG4WMw,2025,0.0,1.125,1.0,0.0,True,True
DPzQ5n3mNm,2025,0.25,1.125,1.0,0.0,True,True
DShqJA1Z64,2025,-0.25,1.125,1.0,0.0,True,True
DSsSPr0RZJ,2025,0.7999999999999998,1.125,1.0,1.0,True,True
DSyHRkpI7v,2025,0.5,1.125,1.0,0.0,True,True
DTatjJTDl1,2025,0.75,1.125,1.0,0.0,True,True
DTqx3iqjkz,2025,0.25,1.125,1.0,0.0,True,True
DVlPp7Jd7P,2025,0.5,1.125,1.0,0.0,True,True
DWWwGlPMFr,2025,-0.75,1.125,0.0,0.0,True,True
DZcmz9wU0i,2025,1.0,1.125,1.0,0.0,True,True
DaA0wAcTY7,2025,0.5,1.125,1.0,1.0,True,True
Daq6Pw3TjN,2025,-0.666666666666667,1.125,0.0,0.0,True,True
DcZpQhVpp9,2025,0.666666666666667,1.125,1.0,0.0,True,True
Dem5LyVk8R,2025,1.0,1.125,1.0,0.0,True,True
DfTWrTwLzD,2025,-1.0,1.125,0.0,0.0,True,True
DgaY5mDdmT,2025,1.0,1.125,1.0,1.0,True,True
DhH3LbA6F6,2025,0.0,1.125,1.0,0.0,True,True
DhHIw9Nbl1,2025,0.25,1.125,1.0,0.0,True,True
DhdqML3FdM,2025,1.0,1.125,1.0,1.0,True,True
DhlbK7tAjz,2025,-0.333333333333333,1.125,0.0,1.0,True,True
Dj9wssUmLn,2025,-0.2000000000000001,1.125,0.0,0.0,True,True
DkzZ1ooc7q,2025,0.0,1.125,1.0,0.0,True,True
DlqRpj68xe,2025,-0.333333333333333,1.125,0.0,0.0,True,True
DsIOUoZkVk,2025,-0.25,1.125,1.0,0.0,True,True
DtFCIfvAFc,2025,-0.75,1.125,1.0,1.0,True,True
DugT77rRhW,2025,0.75,1.125,1.0,0.0,True,True
Duuerhutvq,2025,-0.25,1.125,1.0,1.0,True,True
DwiwOcK1B7,2025,0.333333333333333,1.125,1.0,0.0,True,True
DwqoBkj2Mw,2025,-0.25,1.125,1.0,1.0,True,True
DydCqKa6AH,2025,0.75,1.125,1.0,0.0,True,True
DyyLUUVXJ5,2025,-0.5,1.125,0.0,0.0,True,True
DzbUL4AJPP,2025,-0.4000000000000003,1.125,1.0,0.0,True,True
Dzh0hQPpuf,2025,-0.25,1.125,1.0,0.0,True,True
E040QmNETN,2025,-0.333333333333333,1.125,0.0,0.0,True,True
E0dTlxy1T4,2025,-0.2000000000000001,1.125,0.0,1.0,True,True
E1ML0nEReb,2025,0.2000000000000001,1.125,0.0,0.0,True,True
E1N1oxd63b,2025,0.0,1.125,1.0,0.0,True,True
E1SaL8aK7k,2025,-0.5,1.125,0.0,,True,False
E2PFv7ad3p,2025,0.666666666666667,1.125,1.0,0.0,True,True
E3PgLQzPob,2025,-0.5999999999999996,1.125,0.0,2.0,True,True
E4LAVLXAHW,2025,1.0,1.125,1.0,0.0,True,True
E4kuNZWost,2025,-0.333333333333333,1.125,0.0,,True,False
E5YmIBvOqV,2025,0.0,1.125,1.0,0.0,True,True
E5YnuidZ9W,2025,0.2000000000000001,1.125,0.0,0.0,True,True
E5ulvtj86q,2025,-0.5,1.125,0.0,0.0,True,True
E77uvbOTtp,2025,-0.75,1.125,1.0,0.0,True,True
E8S5Upr6oO,2025,0.0,1.125,1.0,0.0,True,True
E8gYIrbP00,2025,0.75,1.125,1.0,0.0,True,True
E9GakjQype,2025,-1.0,1.125,0.0,4.0,True,True
EAUGN4pszX,2025,-0.75,1.125,0.0,4.0,True,True
EBBeSbmAyh,2025,-1.0,1.125,0.0,0.0,True,True
ED5w271rWo,2025,-0.5,1.125,0.0,0.0,True,True
EDoD3DgivF,2025,0.0,1.125,1.0,0.0,True,True
EE2tIwKhSW,2025,-0.5,1.125,0.0,0.0,True,True
EEI5R89Cmv,2025,0.75,1.125,1.0,0.0,True,True
EFZEdHB3Mp,2025,0.25,1.125,1.0,0.0,True,True
EHfn5fbFHw,2025,-0.75,1.125,0.0,0.0,True,True
EJfLvrzh2Q,2025,1.0,1.125,1.0,0.0,True,True
EKCubxFdOs,2025,-0.25,1.125,0.0,1.0,True,True
EKJhH5D5wA,2025,0.25,1.125,1.0,0.0,True,True
EM93t94zEi,2025,0.5,1.125,1.0,0.0,True,True
EMMnAd3apQ,2025,0.0,1.125,1.0,0.0,True,True
ENv1CeTwxc,2025,0.5,1.125,1.0,2.0,True,True
EOLBKobfd1,2025,-0.25,1.125,0.0,1.0,True,True
EQgEMAD4kv,2025,1.0,1.125,1.0,,True,False
ERce2rgMQC,2025,1.0,1.125,1.0,2.0,True,True
ERv8ptegFi,2025,0.25,1.125,1.0,0.0,True,True
ETFfXGM3e4,2025,-0.5,1.125,0.0,0.0,True,True
ETMIPPtJp9,2025,-0.5,1.125,0.0,3.0,True,True
EUAxxrxOM8,2025,-1.0,1.125,0.0,0.0,True,True
EUeNr3e8AV,2025,0.666666666666667,1.125,1.0,0.0,True,True
EVuANndPlX,2025,-0.4000000000000003,1.125,0.0,13.0,True,True
EXXvBdFJ6I,2025,-0.5,1.125,0.0,0.0,True,True
EXnDAXyVxw,2025,-1.0,1.125,0.0,0.0,True,True
Eaw1ZrsNUN,2025,0.25,1.125,0.0,0.0,True,True
EbCUbPZjM1,2025,-0.75,1.125,1.0,0.0,True,True
EbOhZyxIzQ,2025,-1.0,1.125,0.0,0.0,True,True
EbxYDBhE3S,2025,0.0,1.125,1.0,0.0,True,True
EcrdmRT99M,2025,-0.25,1.125,1.0,1.0,True,True
EdMb9TqqDY,2025,0.0,1.125,1.0,,True,False
EdNSQHaaMR,2025,0.0,1.125,1.0,0.0,True,True
EeqlkPpaV8,2025,0.75,1.125,1.0,0.0,True,True
EgEyoZvyDw,2025,-0.75,1.125,0.0,0.0,True,True
EgJhwYR2tB,2025,0.0,1.125,1.0,2.0,True,True
EgP6IEyfYJ,2025,-1.0,1.125,0.0,0.0,True,True
Ei9KiIzgxK,2025,-0.25,1.125,0.0,0.0,True,True
EiYr9ArUFl,2025,-0.666666666666667,1.125,0.0,0.0,True,True
EkfLaCJ7bk,2025,-0.25,1.125,1.0,0.0,True,True
EpgoFFUM2q,2025,0.0,1.125,1.0,0.0,True,True
EqcLAU6gyU,2025,-0.4000000000000003,1.125,1.0,2.0,True,True
Equ277PBN0,2025,-0.25,1.125,1.0,2.0,True,True
Es4RPNDtmq,2025,0.25,1.125,1.0,0.0,True,True
Essg9kb4yx,2025,0.666666666666667,1.125,1.0,1.0,True,True
Ev4iw23gdI,2025,0.0,1.125,1.0,0.0,True,True
Ew3VifXaxZ,2025,0.0,1.125,1.0,0.0,True,True
EwFJaXVePU,2025,0.5,1.125,1.0,0.0,True,True
ExUC9dQJhQ,2025,0.0,1.125,0.0,0.0,True,True
Exnt2DcdKD,2025,-0.2000000000000001,1.125,0.0,0.0,True,True
ExuBFYtCQU,2025,-0.75,1.125,1.0,0.0,True,True
Ey8KcabBpB,2025,0.75,1.125,1.0,0.0,True,True
EyTzNHoEyK,2025,-0.75,1.125,0.0,2.0,True,True
EyaH1wzmao,2025,0.333333333333333,1.125,1.0,0.0,True,True
EzrZX9bd4G,2025,0.25,1.125,1.0,0.0,True,True
F07ic7huE3,2025,-0.5,1.125,1.0,0.0,True,True
F0GNv13ojF,2025,-0.833333333333333,1.125,0.0,0.0,True,True
F0Zd3knG9j,2025,-1.0,1.125,0.0,0.0,True,True
F4IMiNhim1,2025,1.0,1.125,1.0,0.0,True,True
F5R0lG74Tu,2025,0.0,1.125,1.0,0.0,True,True
F64wTvQBum,2025,0.75,1.125,1.0,0.0,True,True
F6z3utfcYw,2025,0.0,1.125,1.0,0.0,True,True
F9JZiGradI,2025,-0.75,1.125,0.0,0.0,True,True
FA3iYp1y6z,2025,-1.0,1.125,0.0,0.0,True,True
FA5ZAJlv96,2025,-0.333333333333333,1.125,1.0,0.0,True,True
FAYIlGDBa1,2025,0.5999999999999996,1.125,1.0,0.0,True,True
FB84Wkn3Xp,2025,0.333333333333333,1.125,0.0,0.0,True,True
FBhKUXK7od,2025,1.0,1.125,1.0,0.0,True,True
FCBbh0HCrF,2025,1.0,1.125,1.0,0.0,True,True
FCCeBaFa8M,2025,-0.5,1.125,0.0,1.0,True,True
FDaHjwInXO,2025,0.0,1.125,1.0,0.0,True,True
FDimWzmcWn,2025,-0.25,1.125,1.0,0.0,True,True
FEDnzAhIT4,2025,-0.25,1.125,0.0,0.0,True,True
FGMkSL8NR0,2025,-0.25,1.125,1.0,1.0,True,True
FGSgsefE0Y,2025,0.5,1.125,1.0,0.0,True,True
FHtHH4ulEQ,2025,-0.5,1.125,0.0,0.0,True,True
FJ6p5PaHFF,2025,-0.5,1.125,0.0,0.0,True,True
FJFVmeXusW,2025,0.5,1.125,1.0,0.0,True,True
FK8tl47xpP,2025,0.25,1.125,0.0,1.0,True,True
FM21yYBhuE,2025,-1.0,1.125,0.0,0.0,True,True
FN7n7JRjsk,2025,0.666666666666667,1.125,1.0,0.0,True,True
FP77VtEuaT,2025,-0.75,1.125,0.0,1.0,True,True
FPBce2P1er,2025,0.75,1.125,1.0,0.0,True,True
FPQzXME9NK,2025,0.4000000000000003,1.125,1.0,0.0,True,True
FQEFWGT19m,2025,-0.75,1.125,0.0,0.0,True,True
FQc7gi8XvS,2025,-0.25,1.125,0.0,0.0,True,True
FQhDIGuaJ4,2025,0.7999999999999998,1.125,1.0,0.0,True,True
FR2WQcwjG4,2025,-0.4000000000000003,1.125,0.0,0.0,True,True
FRzCIlkM7I,2025,0.75,1.125,1.0,0.0,True,True
FS2nukC2jv,2025,0.75,1.125,1.0,,True,False
FSlfoBIctk,2025,-0.75,1.125,0.0,0.0,True,True
FXJm5r17Q7,2025,-0.25,1.125,0.0,0.0,True,True
FXhCG41FvV,2025,-0.1666666666666669,1.125,0.0,0.0,True,True
FXw0okNcOb,2025,-0.25,1.125,1.0,1.0,True,True
FZa1UCC9SC,2025,-1.0,1.125,0.0,0.0,True,True
FZv3kPHTtB,2025,-0.25,1.125,1.0,3.0,True,True
Fg0eo2AkST,2025,0.5,1.125,1.0,2.0,True,True
FiyS0ecSm0,2025,0.75,1.125,1.0,0.0,True,True
FjQOXenaXK,2025,0.666666666666667,1.125,1.0,0.0,True,True
FjZcwQJX8D,2025,1.0,1.125,1.0,0.0,True,True
FoF5RaA3ug,2025,0.5,1.125,1.0,0.0,True,True
FoUpv84hMw,2025,0.1666666666666669,1.125,1.0,0.0,True,True
FowFLhUTgO,2025,-0.5,1.125,0.0,0.0,True,True
FpiCLJrSW8,2025,1.0,1.125,1.0,0.0,True,True
FrFQpAgnGE,2025,1.0,1.125,1.0,3.0,True,True
FrjTgprk3V,2025,0.0,1.125,0.0,0.0,True,True
Frok9AItud,2025,-0.2000000000000001,1.125,1.0,0.0,True,True
FtjLUHyZAO,2025,0.666666666666667,1.125,1.0,1.0,True,True
Fty0wTcemV,2025,0.0,1.125,1.0,0.0,True,True
Fu0aggezN9,2025,1.0,1.125,1.0,0.0,True,True
FvBTy5Dz9C,2025,-0.75,1.125,0.0,1.0,True,True
FvIASa0tau,2025,-0.333333333333333,1.125,1.0,0.0,True,True
FvQsk3la17,2025,-0.25,1.125,1.0,0.0,True,True
Fvfs0HPuKl,2025,-1.0,1.125,0.0,0.0,True,True
FviefuxmeW,2025,0.0,1.125,1.0,0.0,True,True
FxLxbJTm7F,2025,-0.25,1.125,0.0,0.0,True,True
FyMjfDQ9RO,2025,0.75,1.125,1.0,0.0,True,True
G0dksFayVq,2025,0.5,1.125,1.0,3.0,True,True
G1CN7R5qwE,2025,0.0,1.125,1.0,0.0,True,True
G1n50BMqzm,2025,-1.0,1.125,1.0,0.0,True,True
G1r2rBkUdu,2025,0.0,1.125,1.0,0.0,True,True
G328D1xt4W,2025,0.0,1.125,1.0,0.0,True,True
G3aXjVAJjU,2025,1.0,1.125,1.0,0.0,True,True
G4wARwjF8M,2025,0.25,1.125,1.0,3.0,True,True
G5DziesYxL,2025,0.5,1.125,1.0,3.0,True,True
G5sPv4KSjR,2025,-0.2000000000000001,1.125,1.0,0.0,True,True
G6aJyS0ZV0,2025,0.25,1.125,1.0,0.0,True,True
G6iREzfcZ7,2025,-0.25,1.125,0.0,0.0,True,True
G7gvaoX9AW,2025,-0.2000000000000001,1.125,0.0,0.0,True,True
G7u4ue6ncT,2025,0.5,1.125,1.0,1.0,True,True
G82uQztzxl,2025,-0.5999999999999996,1.125,1.0,0.0,True,True
G8U2nGP3Vi,2025,-0.5999999999999996,1.125,1.0,1.0,True,True
G9xhvGPtte,2025,-0.2000000000000001,1.125,0.0,0.0,True,True
GARbxyCV13,2025,-0.25,1.125,0.0,5.0,True,True
GBIUbwW9D8,2025,-0.25,1.125,1.0,0.0,True,True
GBWqZNoeIk,2025,-1.0,1.125,0.0,0.0,True,True
GBfYgjOfSe,2025,0.333333333333333,1.125,1.0,0.0,True,True
GCH5leffZp,2025,1.0,1.125,1.0,0.0,True,True
GDS5eN65QY,2025,-0.25,1.125,1.0,,True,False
GDd5H92egZ,2025,-0.5999999999999996,1.125,0.0,0.0,True,True
GFgn2LprFR,2025,0.0,1.125,1.0,0.0,True,True
GFua0WEYGF,2025,-0.75,1.125,0.0,1.0,True,True
GGAG3wFEKv,2025,-0.4000000000000003,1.125,0.0,0.0,True,True
GGZISiwgNt,2025,-0.4285714285714288,1.125,0.0,0.0,True,True
GJsuYHhAga,2025,0.0,1.125,1.0,0.0,True,True
GK5ni7tIHp,2025,0.25,1.125,1.0,0.0,True,True
GKAQ92ua3A,2025,0.0,1.125,1.0,0.0,True,True
GLWf2fq0bX,2025,0.5,1.125,1.0,0.0,True,True
GLmqHCwbOJ,2025,0.333333333333333,1.125,0.0,0.0,True,True
GOoVzE9nSj,2025,0.5,1.125,1.0,1.0,True,True
GPDcvoFGOL,2025,0.75,1.125,1.0,0.0,True,True
GQ1Tc3vHbt,2025,0.5,1.125,1.0,0.0,True,True
GQgPj1H4pO,2025,0.0,1.125,1.0,,True,False
GR0y0F3Ipd,2025,0.5,1.125,1.0,0.0,True,True
GSUNPIw7Ad,2025,0.0,1.125,1.0,0.0,True,True
GTe9PDhm8v,2025,-1.0,1.125,0.0,0.0,True,True
GThTiuXgDC,2025,-0.2000000000000001,1.125,1.0,0.0,True,True
GYik1jT3gE,2025,1.0,1.125,0.0,0.0,True,True
Gc2qkiYUkh,2025,-0.7999999999999998,1.125,0.0,1.0,True,True
GcJE0HPy4X,2025,0.0,1.125,0.0,0.0,True,True
GcbhbZsgiu,2025,-1.0,1.125,1.0,0.0,True,True
GcvLoqOoXL,2025,0.666666666666667,1.125,1.0,0.0,True,True
GdXI5zCoAt,2025,1.0,1.125,1.0,,True,False
GdbQyFOUlJ,2025,0.5,1.125,1.0,0.0,True,True
Ge7okBGZYi,2025,-0.75,1.125,1.0,,True,False
GeTBk67mK6,2025,-0.25,1.125,0.0,2.0,True,True
GeUK3zGreN,2025,0.5,1.125,1.0,0.0,True,True
GfXMTAJaxZ,2025,0.8571428571428568,1.125,1.0,0.0,True,True
GhexuBLxbO,2025,0.75,1.125,1.0,0.0,True,True
GkWA6NjePN,2025,0.5,1.125,1.0,0.0,True,True
GlAeL0I8LX,2025,0.666666666666667,1.125,1.0,0.0,True,True
GlPVnuL66V,2025,0.0,1.125,0.0,0.0,True,True
Glm7Kj47nN,2025,0.5,1.125,1.0,0.0,True,True
GpUv1FvZi1,2025,0.0,1.125,1.0,0.0,True,True
GpdO9r73xT,2025,0.25,1.125,1.0,0.0,True,True
Gq7RDMeZi4,2025,0.25,1.125,1.0,0.0,True,True
GqsepTIXWy,2025,-1.0,1.125,0.0,0.0,True,True
GrDne4055L,2025,0.25,1.125,1.0,1.0,True,True
GrHewano8m,2025,-0.25,1.125,0.0,2.0,True,True
GrmFFxGnOR,2025,-1.0,1.125,0.0,5.0,True,True
GsCMKwyfWm,2025,-1.0,1.125,0.0,2.0,True,True
GsGmdxcFNL,2025,-0.25,1.125,0.0,0.0,True,True
GsR3zRCRX5,2025,0.1666666666666669,1.125,1.0,0.0,True,True
GtpubstM1D,2025,-0.2857142857142856,1.125,1.0,0.0,True,True
GtvuNrk58a,2025,0.2000000000000001,1.125,1.0,0.0,True,True
Gv0TOAigIY,2025,0.0,1.125,1.0,0.0,True,True
GvUahyZ8UF,2025,-0.5,1.125,0.0,0.0,True,True
Gx04TnVjee,2025,0.75,1.125,1.0,0.0,True,True
GzLepH6MBB,2025,1.0,1.125,0.0,1.0,True,True
H0qIWXXLUR,2025,0.0,1.125,1.0,0.0,True,True
H25xduunIK,2025,-0.25,1.125,0.0,0.0,True,True
H2zRScPSR7,2025,-0.333333333333333,1.125,0.0,,True,False
H4FSx06FCZ,2025,0.0,1.125,1.0,,True,False
H6DpBnPCyH,2025,-0.5,1.125,0.0,0.0,True,True
H6UMc5VS70,2025,-0.25,1.125,0.0,0.0,True,True
H8hO3T3DYe,2025,-0.333333333333333,1.125,1.0,0.0,True,True
H9UnNgdq0g,2025,0.25,1.125,1.0,2.0,True,True
H9dNX6TaRE,2025,-1.0,1.125,0.0,0.0,True,True
H9oYYou34X,2025,-0.75,1.125,0.0,0.0,True,True
HA0oLUvuGI,2025,0.25,1.125,1.0,,True,False
HAD6iZxKuh,2025,-0.7999999999999998,1.125,0.0,1.0,True,True
HAwZGLcye3,2025,0.4000000000000003,1.125,1.0,15.0,True,True
HB4lr0ykTi,2025,0.333333333333333,1.125,0.0,0.0,True,True
HE6pJoNnFp,2025,0.5999999999999996,1.125,1.0,3.0,True,True
HEXtydywnE,2025,0.0,1.125,1.0,0.0,True,True
HMVDiaWMwM,2025,0.5,1.125,1.0,0.0,True,True
HMrcv7Q4Ub,2025,0.0,1.125,1.0,0.0,True,True
HN0CYZbAPw,2025,0.5,1.125,1.0,1.0,True,True
HN8V0flwJF,2025,-0.25,1.125,1.0,11.0,True,True
HNOo4UNPBF,2025,0.5,1.125,1.0,,True,False
HPSAkIHRbb,2025,0.5,1.125,1.0,,True,False
HQHnhVQznF,2025,0.25,1.125,1.0,3.0,True,True
HR1ujVR0ig,2025,0.0,1.125,1.0,0.0,True,True
HSGCCUwH7r,2025,0.75,1.125,0.0,2.0,True,True
HSi4VetQLj,2025,0.0,1.125,1.0,0.0,True,True
HVFMooKrHX,2025,0.5999999999999996,1.125,1.0,0.0,True,True
HVJBFYJrN2,2025,-0.75,1.125,0.0,1.0,True,True
HVtu26XDAA,2025,1.0,1.125,1.0,0.0,True,True
HZgZrtIreg,2025,0.666666666666667,1.125,1.0,0.0,True,True
HZxJfzs3w6,2025,-0.7999999999999998,1.125,0.0,0.0,True,True
HZz81oCNlp,2025,0.0,1.125,0.0,0.0,True,True
HaX48yksVL,2025,0.0,1.125,1.0,0.0,True,True
HaXlWs1LX8,2025,-0.25,1.125,0.0,0.0,True,True
HafxTJjo6a,2025,-1.0,1.125,0.0,0.0,True,True
HbZrxBXzks,2025,0.125,1.125,0.0,1.0,True,True
HbbnlrmsAH,2025,-0.5,1.125,0.0,1.0,True,True
Hbpzrh7JbN,2025,-1.0,1.125,0.0,6.0,True,True
HcRpl6hOAl,2025,-0.5999999999999996,1.125,0.0,0.0,True,True
Hcb2cgPbMg,2025,0.25,1.125,1.0,0.0,True,True
He2FGdmsas,2025,-0.25,1.125,1.0,,True,False
HfWcFs7XLR,2025,0.333333333333333,1.125,1.0,3.0,True,True
HgSIfXTpBE,2025,-0.2000000000000001,1.125,0.0,0.0,True,True
Hh6XKefS28,2025,-1.0,1.125,0.0,0.0,True,True
Hj1D0Xq3Ef,2025,-0.333333333333333,1.125,0.0,1.0,True,True
HkPz96fgOv,2025,0.0,1.125,0.0,0.0,True,True
Hlm0cga0sv,2025,-0.2000000000000001,1.125,1.0,0.0,True,True
HmwneoGoy9,2025,-0.75,1.125,0.0,2.0,True,True
Hn5eoTunHN,2025,0.0,1.125,1.0,0.0,True,True
HnpDHiItd2,2025,0.666666666666667,1.125,1.0,,True,False
HoyKFRhwMS,2025,-0.25,1.125,0.0,0.0,True,True
HpUs2EXjOl,2025,-0.25,1.125,1.0,,True,False
HqjRlT65WX,2025,0.0,1.125,1.0,0.0,True,True
HqlX3lPtbh,2025,0.0,1.125,0.0,1.0,True,True
HrdVqFSn1e,2025,0.5,1.125,1.0,1.0,True,True
Hs1UTIOwKr,2025,-0.5,1.125,0.0,0.0,True,True
HsHxSN23rM,2025,1.0,1.125,1.0,0.0,True,True
HtbqsbNw9c,2025,0.2000000000000001,1.125,1.0,0.0,True,True
HtvZCGiATs,2025,-0.25,1.125,0.0,0.0,True,True
Hu0FSOSEyS,2025,0.75,1.125,1.0,1.0,True,True
HuC8dszO8r,2025,-0.75,1.125,0.0,1.0,True,True
HvkXPQhQvv,2025,0.0,1.125,0.0,0.0,True,True
Hx2ADQLi8M,2025,0.5,1.125,1.0,1.0,True,True
HxKSzulSD1,2025,0.5,1.125,1.0,0.0,True,True
Hxm0hOxph2,2025,-0.75,1.125,0.0,0.0,True,True
HyN9POiYhN,2025,0.0,1.125,0.0,0.0,True,True
HyPofygOCT,2025,0.25,1.125,0.0,3.0,True,True
HyjIEf90Tn,2025,-0.25,1.125,1.0,0.0,True,True
HzbPIqvhGg,2025,-0.5,1.125,0.0,0.0,True,True
I393kV3bz4,2025,0.25,1.125,1.0,0.0,True,True
I4Lq2RJ0eJ,2025,0.0,1.125,1.0,0.0,True,True
I4YAIwrsXa,2025,0.25,1.125,1.0,1.0,True,True
I4YU0oECtK,2025,0.0,1.125,0.0,0.0,True,True
I4iZmsV4HM,2025,0.0,1.125,1.0,,True,False
I6UbnkUveF,2025,1.0,1.125,1.0,1.0,True,True
I7DeajDEx7,2025,0.75,1.125,1.0,0.0,True,True
I7uCwGxVnl,2025,-0.7999999999999998,1.125,0.0,3.0,True,True
I8af9JdQTy,2025,0.75,1.125,1.0,0.0,True,True
I9Dsq0cVo9,2025,-0.5,1.125,1.0,0.0,True,True
I9bEi6LNgt,2025,0.4000000000000003,1.125,1.0,1.0,True,True
IDJUscOjM3,2025,0.0,1.125,1.0,2.0,True,True
IEKQlWIN4w,2025,-0.75,1.125,0.0,0.0,True,True
IEMmEd5Jgm,2025,-0.25,1.125,1.0,0.0,True,True
IEs29RYxfK,2025,-0.666666666666667,1.125,0.0,3.0,True,True
IGuLzOXTB9,2025,-0.75,1.125,0.0,0.0,True,True
IHRQif8VQC,2025,0.75,1.125,0.0,1.0,True,True
IHp3vOVQO2,2025,-0.25,1.125,1.0,0.0,True,True
II81zQUS1x,2025,-0.333333333333333,1.125,1.0,0.0,True,True
IIDFStLGQx,2025,-0.5999999999999996,1.125,0.0,1.0,True,True
IIVYiJ1ggK,2025,0.0,1.125,1.0,0.0,True,True
IIsTO4P3Ag,2025,0.25,1.125,1.0,0.0,True,True
IK7l0CqZuH,2025,-0.5,1.125,0.0,0.0,True,True
IL85Ebjg9j,2025,-0.5,1.125,0.0,0.0,True,True
INFfvQArFY,2025,0.25,1.125,0.0,0.0,True,True
INe4otjryz,2025,0.25,1.125,1.0,0.0,True,True
INqLJwqUmc,2025,-0.75,1.125,1.0,,True,False
IQCwmB63Fd,2025,-0.5,1.125,0.0,0.0,True,True
IQdlPvj4dX,2025,-0.2000000000000001,1.125,0.0,0.0,True,True
IQxBDLmVpT,2025,-1.0,1.125,1.0,4.0,True,True
IRL9wUiwab,2025,0.0,1.125,0.0,0.0,True,True
ISBmUNKPST,2025,-0.5,1.125,0.0,,True,False
ISqx8giekS,2025,-0.833333333333333,1.125,1.0,0.0,True,True
IT7LSnBdtY,2025,-1.0,1.125,0.0,,True,False
ITi9Zwkge2,2025,-0.5,1.125,0.0,1.0,True,True
IXyfbaGlps,2025,-0.4000000000000003,1.125,1.0,0.0,True,True
IZB8H50V1S,2025,-0.25,1.125,0.0,0.0,True,True
IZDiRbVSVN,2025,0.0,1.125,1.0,0.0,True,True
IZbthMfqad,2025,-0.25,1.125,0.0,0.0,True,True
IZjBfdVRB0,2025,-1.0,1.125,0.0,0.0,True,True
Ian00SaFHg,2025,0.0,1.125,1.0,0.0,True,True
IbCvnpJ4py,2025,-0.75,1.125,0.0,0.0,True,True
IcYDRzcccP,2025,-0.25,1.125,1.0,0.0,True,True
IdAyXxBud7,2025,0.333333333333333,1.125,1.0,0.0,True,True
IeRcpsdY7P,2025,1.0,1.125,1.0,1.0,True,True
Igm9bbkzHC,2025,0.75,1.125,1.0,1.0,True,True
IgrLJslvxa,2025,-1.0,1.125,0.0,2.0,True,True
IhbZytsinc,2025,0.0,1.125,0.0,0.0,True,True
IiagjrJNwF,2025,0.25,1.125,1.0,0.0,True,True
IiwyThOFXL,2025,-0.5,1.125,0.0,0.0,True,True
Ij9ilPh36h,2025,0.25,1.125,1.0,1.0,True,True
IjQ2Jtemzy,2025,1.0,1.125,1.0,2.0,True,True
IjbXZdugdj,2025,-0.25,1.125,1.0,5.0,True,True
IkZVDzdC8M,2025,0.1666666666666669,1.125,1.0,1.0,True,True
ImpeMDJfVL,2025,0.333333333333333,1.125,1.0,0.0,True,True
Io9yFt7XH7,2025,0.25,1.125,1.0,5.0,True,True
IowRyVs862,2025,0.0,1.125,0.0,0.0,True,True
Ip6UwB35uT,2025,1.0,1.125,1.0,0.0,True,True
Iq7wD4BG30,2025,-0.5,1.125,0.0,0.0,True,True
Ir6JxcuP6H,2025,-0.4000000000000003,1.125,0.0,0.0,True,True
IssPhpUsKt,2025,0.7999999999999998,1.125,1.0,0.0,True,True
Iu8RytBaji,2025,1.0,1.125,1.0,1.0,True,True
IwgmgidYPS,2025,0.0,1.125,1.0,7.0,True,True
Iz75SDbRmm,2025,0.7999999999999998,1.125,1.0,0.0,True,True
IzYczpPqKq,2025,0.333333333333333,1.125,1.0,1.0,True,True
J0qTpmbSbh,2025,0.5,1.125,1.0,0.0,True,True
J1J5eGJsKZ,2025,0.666666666666667,1.125,1.0,0.0,True,True
J2EmNMLoxv,2025,-1.0,1.125,0.0,0.0,True,True
J3H8Az3YlB,2025,-0.25,1.125,1.0,0.0,True,True
J4xLuCt2kg,2025,-0.25,1.125,1.0,0.0,True,True
J5sUOvlLbQ,2025,-0.25,1.125,1.0,1.0,True,True
J8YWCBPgx7,2025,0.5,1.125,1.0,0.0,True,True
J9Ofr1PmvX,2025,-0.5,1.125,0.0,0.0,True,True
JBXO05r4AV,2025,0.25,1.125,1.0,0.0,True,True
JCCPtPDido,2025,-0.25,1.125,0.0,0.0,True,True
JCiF03qnmi,2025,0.7999999999999998,1.125,1.0,0.0,True,True
JDiER86r8v,2025,0.5,1.125,1.0,3.0,True,True
JDzTI9rKls,2025,0.75,1.125,1.0,0.0,True,True
JE9tCwe3lp,2025,0.5,1.125,1.0,0.0,True,True
JEehcb48Vp,2025,-0.25,1.125,0.0,1.0,True,True
JFPaD7lpBD,2025,0.25,1.125,1.0,40.0,True,True
JLDAWbzTUg,2025,-0.5,1.125,0.0,1.0,True,True
JMPOqoe4tl,2025,0.5,1.125,1.0,0.0,True,True
JMe5FW8c3e,2025,-0.25,1.125,0.0,0.0,True,True
JOHhktXd4a,2025,-0.5999999999999996,1.125,0.0,0.0,True,True
JQrBYfD2gg,2025,-0.666666666666667,1.125,0.0,0.0,True,True
JSB171dSUU,2025,0.5,1.125,1.0,1.0,True,True
JTji0Jfh5a,2025,0.0,1.125,1.0,0.0,True,True
JU9oHs7ivN,2025,0.0,1.125,1.0,0.0,True,True
JV8zULNh24,2025,0.666666666666667,1.125,1.0,0.0,True,True
JVkdSi7Ekg,2025,0.25,1.125,1.0,4.0,True,True
JXKFPJe0NU,2025,0.25,1.125,1.0,0.0,True,True
JXgnnUC0PH,2025,0.0,1.125,1.0,0.0,True,True
JYTQ6ELUVO,2025,0.5,1.125,1.0,5.0,True,True
JYV2hrtFSv,2025,0.25,1.125,1.0,0.0,True,True
JZCxlrwjZ8,2025,0.0,1.125,1.0,1.0,True,True
JZLon6cvx8,2025,-0.75,1.125,1.0,0.0,True,True
JaTmg8FX3k,2025,-1.0,1.125,0.0,0.0,True,True
JbPb6RieNC,2025,-0.2000000000000001,1.125,1.0,1.0,True,True
Jd3Vd7GCyq,2025,1.0,1.125,1.0,0.0,True,True
JddNOaw66n,2025,-0.666666666666667,1.125,0.0,0.0,True,True
JeLqFpFzwX,2025,0.25,1.125,1.0,0.0,True,True
JgSbMcgd8q,2025,-0.25,1.125,0.0,2.0,True,True
JiX2DuTkeU,2025,-0.5,1.125,0.0,1.0,True,True
Jj4XIKX4TJ,2025,0.0,1.125,0.0,0.0,True,True
JjdU6ysnCr,2025,0.0,1.125,1.0,0.0,True,True
Jjr2Odj8DJ,2025,0.25,1.125,1.0,1.0,True,True
JkCJBoNUcU,2025,0.0,1.125,1.0,0.0,True,True
JlDx2xp01W,2025,0.0,1.125,1.0,1.0,True,True
Jprs1v2wPA,2025,0.0,1.125,1.0,0.0,True,True
JrfWj5Ae1j,2025,-0.666666666666667,1.125,0.0,0.0,True,True
JrpMlotoGX,2025,-1.0,1.125,0.0,1.0,True,True
Jrt9iWalFy,2025,0.25,1.125,1.0,0.0,True,True
Jszf4et48m,2025,0.5,1.125,1.0,1.0,True,True
JtGPIZpOrz,2025,0.666666666666667,1.125,1.0,2.0,True,True
JvH4jDDcG3,2025,0.4000000000000003,1.125,1.0,0.0,True,True
JvkuZZ04O7,2025,0.0,1.125,1.0,4.0,True,True
JyQYYjtO88,2025,0.666666666666667,1.125,1.0,0.0,True,True
Jyh0DR4fFE,2025,0.0,1.125,1.0,0.0,True,True
JytL2MrlLT,2025,0.0,1.125,1.0,1.0,True,True
K2OWrXUVby,2025,-0.5,1.125,0.0,0.0,True,True
K2Tqn8R9pu,2025,-1.0,1.125,1.0,0.0,True,True
K3KrOsR6y9,2025,0.4000000000000003,1.125,1.0,0.0,True,True
K3n5jPkrU6,2025,1.0,1.125,1.0,6.0,True,True
K4FAFNRpko,2025,0.25,1.125,1.0,0.0,True,True
K5yeB4dTtS,2025,0.5,1.125,1.0,0.0,True,True
K7XiXLfFSP,2025,0.0,1.125,0.0,2.0,True,True
K7xpl3LZQp,2025,0.25,1.125,1.0,0.0,True,True
K9zedJlybd,2025,0.0,1.125,0.0,1.0,True,True
KCYDpqSpqg,2025,-0.5,1.125,0.0,1.0,True,True
KDGP8yAz5b,2025,0.0,1.125,1.0,0.0,True,True
KEUPk0wXXe,2025,0.0,1.125,1.0,,True,False
KEXoZxTwbr,2025,0.25,1.125,1.0,0.0,True,True
KGRV73Zcqt,2025,-0.25,1.125,0.0,0.0,True,True
KGZAs8VcOM,2025,0.0,1.125,1.0,7.0,True,True
KHTkRhq2aB,2025,0.0,1.125,0.0,4.0,True,True
KI1zldOFz9,2025,-0.2000000000000001,1.125,1.0,0.0,True,True
KI45uDnmzv,2025,0.25,1.125,1.0,0.0,True,True
KL8Sm4xRn7,2025,0.5,1.125,1.0,4.0,True,True
KMCJXjlDDr,2025,-0.333333333333333,1.125,1.0,5.0,True,True
KMWGzQi7Qy,2025,-0.5,1.125,0.0,0.0,True,True
KRnsX5Em3W,2025,0.5,1.125,1.0,4.0,True,True
KRv9NubipP,2025,0.0,1.125,1.0,0.0,True,True
KS4G94XBo7,2025,-0.333333333333333,1.125,0.0,0.0,True,True
KTgQGXz5xj,2025,0.5,1.125,1.0,0.0,True,True
KVLnLKjymq,2025,-0.5,1.125,0.0,1.0,True,True
KW6B6s1X82,2025,0.7999999999999998,1.125,1.0,0.0,True,True
KXDOmD7DM7,2025,0.0,1.125,1.0,0.0,True,True
KYOdZRR6nr,2025,1.0,1.125,1.0,0.0,True,True
KYipmCMmSO,2025,0.333333333333333,1.125,0.0,,True,False
KZEqbwJfTl,2025,0.2000000000000001,1.125,1.0,0.0,True,True
KZu3xhPhke,2025,0.75,1.125,1.0,,True,False
Kak2ZH5Itp,2025,-1.0,1.125,1.0,0.0,True,True
Kb9PnkWYNT,2025,0.0,1.125,1.0,1.0,True,True
KbCh7zbw2K,2025,0.25,1.125,1.0,0.0,True,True
KfeRfxTemB,2025,0.5,1.125,1.0,0.0,True,True
KfkmwYQXWh,2025,-0.4000000000000003,1.125,0.0,0.0,True,True
KiN7g8mf9N,2025,0.0,1.125,1.0,0.0,True,True
KlN00vQEY2,2025,-0.4000000000000003,1.125,1.0,1.0,True,True
KlV5CkNQkl,2025,1.0,1.125,1.0,0.0,True,True
KlalQu2423,2025,0.666666666666667,1.125,1.0,0.0,True,True
KlxK4ncqWZ,2025,0.25,1.125,1.0,1.0,True,True
KmQEsIfhr9,2025,0.0,1.125,1.0,0.0,True,True
KmmNb7631I,2025,0.25,1.125,1.0,,True,False
KmphHE92wU,2025,-0.5,1.125,0.0,2.0,True,True
KnoS9XxIlK,2025,0.0,1.125,1.0,,True,False
KrK6zXbjfO,2025,1.0,1.125,1.0,0.0,True,True
Kvdh12wGC0,2025,0.0,1.125,1.0,0.0,True,True
KwaNnvj0b3,2025,0.0,1.125,0.0,0.0,True,True
KxQRHOre9D,2025,0.25,1.125,1.0,0.0,True,True
KzokzKV4JK,2025,-0.5,1.125,0.0,0.0,True,True
L07zWidgdW,2025,0.75,1.125,1.0,0.0,True,True
L0evcuybH5,2025,0.75,1.125,1.0,0.0,True,True
L14sqcrUC3,2025,0.75,1.125,1.0,1.0,True,True
L238BAx0wP,2025,0.25,1.125,1.0,1.0,True,True
L5fZHoaUCF,2025,-0.75,1.125,0.0,1.0,True,True
L5godAOC2z,2025,0.666666666666667,1.125,1.0,0.0,True,True
L7gyAKWpiM,2025,-0.2000000000000001,1.125,0.0,0.0,True,True
L8e7tBf4pP,2025,0.5,1.125,1.0,1.0,True,True
L9eBxTCpQG,2025,0.0,1.125,1.0,,True,False
L9j8exYGUJ,2025,-1.0,1.125,0.0,0.0,True,True
LB5cKhgOTu,2025,0.7999999999999998,1.125,1.0,0.0,True,True
LC6ZtQV6u2,2025,0.5,1.125,1.0,0.0,True,True
LCL8SMGxDY,2025,0.2000000000000001,1.125,1.0,0.0,True,True
LCk3umTAXx,2025,-0.25,1.125,0.0,0.0,True,True
LDAj4UJ4aL,2025,0.0,1.125,1.0,1.0,True,True
LFiaoYnP6T,2025,0.25,1.125,1.0,0.0,True,True
LGafQ1g2D2,2025,-0.7999999999999998,1.125,1.0,1.0,True,True
LJGY2GVcit,2025,-0.5,1.125,0.0,0.0,True,True
LLWj8on4Rv,2025,0.666666666666667,1.125,1.0,0.0,True,True
LLtUtzSOL5,2025,-1.0,1.125,0.0,2.0,True,True
LNL7zKvm7e,2025,0.0,1.125,1.0,0.0,True,True
LNYIUouhdt,2025,0.25,1.125,1.0,1.0,True,True
LNkMWCEssX,2025,0.666666666666667,1.125,1.0,0.0,True,True
LO4MEPoqrG,2025,-1.0,1.125,1.0,0.0,True,True
LOiYxBcGA9,2025,-1.0,1.125,0.0,0.0,True,True
LPG8pPSfQD,2025,0.75,1.125,1.0,1.0,True,True
LQzN6TRFg9,2025,0.7999999999999998,1.125,1.0,16.0,True,True
LRSspInlN5,2025,-0.5,1.125,0.0,1.0,True,True
LTDtjrv02Y,2025,0.0,1.125,1.0,0.0,True,True
LVmafig6Tk,2025,-1.0,1.125,0.0,0.0,True,True
LW55JrLYPg,2025,0.666666666666667,1.125,1.0,1.0,True,True
LWeVVPuIx0,2025,1.0,1.125,1.0,0.0,True,True
LXVZQpEb2y,2025,-0.5,1.125,0.0,0.0,True,True
LYHEY783Np,2025,0.666666666666667,1.125,1.0,0.0,True,True
LYawG8YkPa,2025,0.0,1.125,1.0,0.0,True,True
LZfjxvqw0N,2025,-0.333333333333333,1.125,1.0,0.0,True,True
Lb91pXwZMR,2025,0.666666666666667,1.125,1.0,3.0,True,True
Lf5znhZmFu,2025,-0.25,1.125,1.0,1.0,True,True
LfghnrSJNg,2025,-0.2000000000000001,1.125,1.0,0.0,True,True
Lfy9q7Icp9,2025,1.0,1.125,1.0,0.0,True,True
LikKyNlzgP,2025,-0.75,1.125,0.0,0.0,True,True
LkzuPorQ5L,2025,0.0,1.125,1.0,2.0,True,True
Llh6CinTiy,2025,0.25,1.125,1.0,0.0,True,True
LoXJlAW3gU,2025,-0.833333333333333,1.125,0.0,7.0,True,True
Lp40Z40N07,2025,0.5,1.125,1.0,0.0,True,True
LphpWGimIa,2025,-1.0,1.125,0.0,4.0,True,True
LqBPkN8GTH,2025,-1.0,1.125,0.0,1.0,True,True
LqhorpRLIm,2025,0.0,1.125,1.0,0.0,True,True
LtBD5fFHB7,2025,0.0,1.125,0.0,0.0,True,True
LuGHbK8qTa,2025,1.0,1.125,1.0,2.0,True,True
LuT2CVrlpU,2025,0.0,1.125,1.0,0.0,True,True
Luss2sa0vc,2025,-0.5,1.125,1.0,1.0,True,True
Lut5t3qElA,2025,0.4000000000000003,1.125,1.0,0.0,True,True
LuytzzohTa,2025,-0.4000000000000003,1.125,0.0,5.0,True,True
LvDwwAgMEW,2025,0.75,1.125,1.0,9.0,True,True
LvNROciCne,2025,1.0,1.125,1.0,0.0,True,True
LvRQgsvd5V,2025,-0.25,1.125,1.0,0.0,True,True
LvTSvdiSwG,2025,-1.0,1.125,1.0,0.0,True,True
LvuSFvGShf,2025,-0.75,1.125,0.0,0.0,True,True
Lxst78Rrwj,2025,-1.0,1.125,0.0,0.0,True,True
Ly0SQh7Urv,2025,0.0,1.125,0.0,1.0,True,True
M23dTGWCZy,2025,-0.25,1.125,1.0,41.0,True,True
M29nUGozPa,2025,0.0,1.125,1.0,1.0,True,True
M2NFWRPMUd,2025,0.5,1.125,1.0,1.0,True,True
M42KR4W9P5,2025,0.666666666666667,1.125,1.0,0.0,True,True
M4fhjfGAsZ,2025,-0.666666666666667,1.125,0.0,1.0,True,True
M5t0WvjfCg,2025,0.0,1.125,1.0,9.0,True,True
M8gXSFGkn2,2025,1.0,1.125,1.0,0.0,True,True
M992mjgKzI,2025,1.0,1.125,1.0,0.0,True,True
M9SKazbVkJ,2025,1.0,1.125,1.0,0.0,True,True
MBBRHDuiwM,2025,0.4000000000000003,1.125,1.0,0.0,True,True
MDvecs7EvO,2025,0.5,1.125,1.0,0.0,True,True
MEF8SyXuXG,2025,-1.0,1.125,0.0,0.0,True,True
MF7ljU8xcf,2025,0.0,1.125,1.0,,True,False
MHP4jGMN2E,2025,-0.75,1.125,0.0,0.0,True,True
MJNywBdSDy,2025,-0.25,1.125,1.0,1.0,True,True
MJip0YjQkp,2025,-1.0,1.125,0.0,0.0,True,True
MKP1g8wU0P,2025,0.0,1.125,1.0,1.0,True,True
MKvQH1ekeY,2025,0.0,1.125,1.0,0.0,True,True
ML8FH4s5Ts,2025,0.25,1.125,1.0,0.0,True,True
MLhquJb1qN,2025,-0.75,1.125,0.0,0.0,True,True
MMHqnUOnl0,2025,-0.25,1.125,1.0,0.0,True,True
MMwaQEVsAg,2025,0.666666666666667,1.125,1.0,0.0,True,True
MPJ4SMnScw,2025,-0.5,1.125,1.0,0.0,True,True
MQXrTMonT1,2025,0.5,1.125,1.0,6.0,True,True
MR6RZQKMby,2025,-0.25,1.125,0.0,0.0,True,True
MT3aOfXIbY,2025,0.5,1.125,1.0,0.0,True,True
MWHIIWrWWu,2025,0.25,1.125,1.0,,True,False
MY1pJ1RDMv,2025,-0.25,1.125,0.0,0.0,True,True
MYw74B77KQ,2025,0.0,1.125,1.0,0.0,True,True
MZ324wU7Hj,2025,0.0,1.125,0.0,0.0,True,True
MZDdTzN6Cy,2025,0.25,1.125,1.0,0.0,True,True
MbM1BqGpZu,2025,0.75,1.125,1.0,0.0,True,True
MbX0t1rUlp,2025,0.2000000000000001,1.125,1.0,2.0,True,True
MdidZNQxqK,2025,-0.5,1.125,0.0,0.0,True,True
MeGDmZjUXy,2025,0.333333333333333,1.125,1.0,2.0,True,True
Mh8blXreJW,2025,-1.0,1.125,0.0,0.0,True,True
MiPyle6Jef,2025,0.75,1.125,1.0,2.0,True,True
MjhTb4gwFP,2025,-1.0,1.125,0.0,0.0,True,True
Mjn53GtMxi,2025,0.4000000000000003,1.125,1.0,0.0,True,True
MnJzJ2gvuf,2025,0.5,1.125,1.0,1.0,True,True
MnfHxPP5gs,2025,-0.2000000000000001,1.125,1.0,4.0,True,True
MoJSnVZ59d,2025,0.4000000000000003,1.125,0.0,0.0,True,True
MpCxUF8x61,2025,-0.75,1.125,0.0,5.0,True,True
Mr1wsHM9JK,2025,-0.75,1.125,0.0,0.0,True,True
Mri9WIfxSm,2025,0.75,1.125,1.0,0.0,True,True
MscdsFVZrN,2025,0.25,1.125,1.0,4.0,True,True
Mv3GAYJGcW,2025,0.0,1.125,1.0,0.0,True,True
MvEkN2ejZ1,2025,0.5999999999999996,1.125,1.0,,True,False
MxALfOAnXv,2025,0.5,1.125,1.0,0.0,True,True
MxHgnYbxly,2025,-0.333333333333333,1.125,0.0,0.0,True,True
MxbEiFRf39,2025,0.5,1.125,1.0,2.0,True,True
MyVC4X5B2X,2025,-0.25,1.125,1.0,0.0,True,True
MzHNftnAM1,2025,0.25,1.125,1.0,1.0,True,True
N4mb3MBV6J,2025,-0.333333333333333,1.125,0.0,0.0,True,True
N4rYbQowE3,2025,1.0,1.125,1.0,1.0,True,True
N5YTixK4F1,2025,0.5,1.125,1.0,0.0,True,True
N5fVv6PZGz,2025,0.333333333333333,1.125,1.0,4.0,True,True
N6SccBt3EF,2025,-0.25,1.125,0.0,1.0,True,True
N6ba2xsmds,2025,0.75,1.125,1.0,0.0,True,True
N8tJmhCw25,2025,0.0,1.125,1.0,0.0,True,True
NAbqM2cMjD,2025,-0.7999999999999998,1.125,0.0,4.0,True,True
NCgTbt2j1F,2025,0.5,1.125,1.0,0.0,True,True
NCrFA7dq8T,2025,0.5999999999999996,1.125,1.0,1.0,True,True
NDLmZZWATc,2025,0.4000000000000003,1.125,1.0,0.0,True,True
NEu8wgPctU,2025,-0.25,1.125,1.0,0.0,True,True
NGB6YNnO5o,2025,0.25,1.125,1.0,0.0,True,True
NGF1wDDBMm,2025,-0.25,1.125,0.0,0.0,True,True
NH47cNdgNz,2025,-0.25,1.125,0.0,0.0,True,True
NHPQOm6z0e,2025,-0.5,1.125,0.0,3.0,True,True
NHhjczmJjo,2025,1.0,1.125,1.0,0.0,True,True
NHxwxc3ql6,2025,1.0,1.125,1.0,,True,False
NI8AUSAc4i,2025,-1.0,1.125,0.0,1.0,True,True
NIkfix2eDQ,2025,0.2000000000000001,1.125,1.0,0.0,True,True
NJqu7xwXZk,2025,-1.0,1.125,0.0,,True,False
NKOWxemSb4,2025,-0.25,1.125,0.0,0.0,True,True
NKotdPUc3L,2025,1.0,1.125,1.0,1.0,True,True
NNUiUwQWx6,2025,-0.25,1.125,0.0,0.0,True,True
NO6Tv6QcDs,2025,0.5,1.125,1.0,0.0,True,True
NPDnRLFhc0,2025,-0.5,1.125,0.0,0.0,True,True
NPNUHgHF2w,2025,0.75,1.125,1.0,1.0,True,True
NPSZ7V1CCY,2025,0.25,1.125,1.0,0.0,True,True
NQEe7B7bSw,2025,0.25,1.125,1.0,4.0,True,True
NRY0QAvGNT,2025,-0.25,1.125,0.0,,True,False
NRYgUzSPZz,2025,0.25,1.125,1.0,0.0,True,True
NS1G1Uhny3,2025,1.0,1.125,1.0,1.0,True,True
NSlvSDQ8aE,2025,1.0,1.125,0.0,1.0,True,True
NSpe8QgsCB,2025,1.0,1.125,1.0,3.0,True,True
NUD03NBDOE,2025,0.75,1.125,1.0,0.0,True,True
NWb128pSCb,2025,0.0,1.125,1.0,0.0,True,True
NY7aEek0mi,2025,0.0,1.125,1.0,0.0,True,True
NZC5QgbTSq,2025,-0.25,1.125,0.0,0.0,True,True
Nazzz5GJ4g,2025,-0.5999999999999996,1.125,0.0,2.0,True,True
Nb3a8aUGfj,2025,-0.666666666666667,1.125,1.0,1.0,True,True
NeVbEYW4tp,2025,-1.0,1.125,0.0,1.0,True,True
Neb17mimVH,2025,0.1666666666666669,1.125,1.0,0.0,True,True
NfCEVihkdC,2025,-0.333333333333333,1.125,1.0,2.0,True,True
Nfd7z9d6Bb,2025,0.0,1.125,1.0,0.0,True,True
Ng1r9kTep4,2025,0.333333333333333,1.125,0.0,0.0,True,True
NgCNMlTXx9,2025,-0.75,1.125,0.0,0.0,True,True
Nh8NLlIfBv,2025,-0.75,1.125,0.0,1.0,True,True
NhIaRz9Qf5,2025,-0.5,1.125,0.0,0.0,True,True
NiNIthntx7,2025,0.5,1.125,1.0,0.0,True,True
NkGDNM8LB0,2025,0.5,1.125,1.0,,True,False
NlEt8LYAxC,2025,0.0,1.125,0.0,0.0,True,True
Nlm3Xf0W9S,2025,-0.5,1.125,1.0,0.0,True,True
NltQraRnbW,2025,0.666666666666667,1.125,1.0,0.0,True,True
NmcOAwRyH5,2025,-0.4000000000000003,1.125,1.0,1.0,True,True
NnExMNiTHw,2025,-0.666666666666667,1.125,0.0,1.0,True,True
NoiaAT0eec,2025,0.5,1.125,1.0,0.0,True,True
Nq7yKYL0Bp,2025,0.333333333333333,1.125,1.0,,True,False
NrDUhtIWsY,2025,-0.333333333333333,1.125,0.0,0.0,True,True
Ns6fnLFsCZ,2025,-0.75,1.125,0.0,0.0,True,True
Nsms7NeU2x,2025,0.75,1.125,0.0,0.0,True,True
NtwFghsJne,2025,0.0,1.125,1.0,0.0,True,True
NuHYh4YKNe,2025,0.25,1.125,1.0,0.0,True,True
NuVBI4wPMm,2025,0.5,1.125,1.0,0.0,True,True
Nue5iMj8n6,2025,0.5,1.125,1.0,0.0,True,True
NvDRvtrGLo,2025,-1.0,1.125,1.0,0.0,True,True
Nvw2szDdmI,2025,1.0,1.125,1.0,0.0,True,True
NxyfSW6mLK,2025,0.75,1.125,1.0,0.0,True,True
O0sQ9CPzai,2025,0.333333333333333,1.125,1.0,2.0,True,True
O0z4mkjl7i,2025,-0.75,1.125,0.0,0.0,True,True
O34CXUAZ0E,2025,-1.0,1.125,0.0,0.0,True,True
O3SatrdL97,2025,-0.7999999999999998,1.125,0.0,0.0,True,True
O4N9kWwV6R,2025,1.0,1.125,1.0,0.0,True,True
O6W9SJRZRA,2025,-1.0,1.125,0.0,0.0,True,True
O7wTfBLSFn,2025,-1.0,1.125,0.0,0.0,True,True
O8FkMqNF1M,2025,-0.5,1.125,0.0,0.0,True,True
O9YTt26r2P,2025,0.7999999999999998,1.125,1.0,3.0,True,True
OALIb8oNfl,2025,-0.25,1.125,1.0,1.0,True,True
OATPSB5JK1,2025,0.0,1.125,1.0,1.0,True,True
OCd3cffulp,2025,0.0,1.125,1.0,0.0,True,True
OCpxDSn0G4,2025,0.0,1.125,1.0,1.0,True,True
OD1MV7vf41,2025,0.333333333333333,1.125,1.0,0.0,True,True
OD9pwKQzXl,2025,-0.75,1.125,0.0,0.0,True,True
ODRHZrkOQM,2025,0.4000000000000003,1.125,1.0,2.0,True,True
ODiY6pbHZQ,2025,0.0,1.125,1.0,1.0,True,True
OGfyzExd69,2025,0.5,1.125,1.0,0.0,True,True
OHOmpkGiYK,2025,-0.25,1.125,0.0,0.0,True,True
OJd3ayDDoF,2025,1.0,1.125,1.0,7.0,True,True
OJsMGsO6yn,2025,0.5,1.125,1.0,0.0,True,True
OL44KtasKc,2025,1.0,1.125,1.0,2.0,True,True
OLtD2vDF5X,2025,-1.125,1.125,0.0,0.0,True,True
ONWLxkNkGN,2025,-0.75,1.125,0.0,0.0,True,True
ONfWFluZBI,2025,0.4000000000000003,1.125,1.0,0.0,True,True
OQqNieeivq,2025,0.5999999999999996,1.125,1.0,0.0,True,True
OUhR7Ghg3K,2025,0.333333333333333,1.125,0.0,0.0,True,True
OUuhwVsk9Z,2025,0.5,1.125,1.0,0.0,True,True
OV0rZx8jr1,2025,-0.5,1.125,0.0,0.0,True,True
OVxmpus9NA,2025,0.0,1.125,1.0,1.0,True,True
OXi1FmHGzz,2025,0.0,1.125,1.0,0.0,True,True
OYT7yZfBFw,2025,0.25,1.125,0.0,0.0,True,True
OYTDePFRLC,2025,-0.7999999999999998,1.125,0.0,0.0,True,True
OclHGmt2ZM,2025,-0.75,1.125,0.0,0.0,True,True
OdMqKszKSd,2025,0.5,1.125,1.0,0.0,True,True
Odtr1rzQMq,2025,0.0,1.125,1.0,0.0,True,True
Oeb0I3JcVc,2025,1.0,1.125,1.0,0.0,True,True
Of6tH5yfmK,2025,-0.666666666666667,1.125,0.0,0.0,True,True
OhUoTMxFIH,2025,-0.333333333333333,1.125,1.0,0.0,True,True
OhauMUNW8T,2025,-0.75,1.125,1.0,0.0,True,True
OheAR2xrtb,2025,1.0,1.125,1.0,1.0,True,True
OiQttMHwce,2025,0.5,1.125,1.0,0.0,True,True
OjAU0LLDbe,2025,0.333333333333333,1.125,1.0,0.0,True,True
OlRjxSuSwl,2025,-0.4000000000000003,1.125,1.0,0.0,True,True
OlytBskWjc,2025,-0.666666666666667,1.125,0.0,1.0,True,True
OmFlDvsvc3,2025,0.0,1.125,0.0,1.0,True,True
Ombm8S40zN,2025,0.25,1.125,1.0,2.0,True,True
OmpTdjl7RV,2025,0.75,1.125,1.0,0.0,True,True
On8E0U9vbz,2025,-0.25,1.125,0.0,0.0,True,True
OoNazl6T7D,2025,0.5,1.125,1.0,0.0,True,True
OpNMWVDdKS,2025,-0.25,1.125,0.0,0.0,True,True
Oq7BhRSy0a,2025,0.0,1.125,0.0,0.0,True,True
OspqtLVUN5,2025,0.25,1.125,1.0,0.0,True,True
Osr0KZJeTX,2025,0.0,1.125,1.0,1.0,True,True
OuNIWgGGif,2025,0.5,1.125,1.0,0.0,True,True
OujTnpmAZG,2025,-0.5,1.125,0.0,0.0,True,True
OwNoTs2r8e,2025,0.0,1.125,1.0,0.0,True,True
OxKi02I29I,2025,-0.333333333333333,1.125,1.0,0.0,True,True
Oxpkn0YLG1,2025,-0.4000000000000003,1.125,1.0,0.0,True,True
OyyE1FDdrQ,2025,0.666666666666667,1.125,1.0,0.0,True,True
OzUNDnpQyd,2025,1.0,1.125,1.0,4.0,True,True
Ozfu2uBH55,2025,-1.0,1.125,0.0,0.0,True,True
P1qhkp8gQT,2025,1.0,1.125,1.0,2.0,True,True
P4XmKjXTrM,2025,-0.25,1.125,1.0,0.0,True,True
P4pkLckzt8,2025,-0.5,1.125,0.0,1.0,True,True
P6G1Z6jkf3,2025,0.0,1.125,1.0,0.0,True,True
P6IVIoGRRg,2025,1.0,1.125,1.0,,True,False
P6dwZJpJ4m,2025,0.0,1.125,1.0,1.0,True,True
P7O1Vt1BdU,2025,0.666666666666667,1.125,1.0,0.0,True,True
P7t2niLbvw,2025,0.5,1.125,1.0,,True,False
P8pqeEkn1H,2025,0.7999999999999998,1.125,1.0,3.0,True,True
P8uOZmypb6,2025,-0.5999999999999996,1.125,0.0,2.0,True,True
P9VdRQOyqu,2025,0.0,1.125,1.0,,True,False
PDgZ3rvqHn,2025,0.333333333333333,1.125,1.0,0.0,True,True
PDnEDS244P,2025,0.5,1.125,1.0,0.0,True,True
PDnM7mSO7M,2025,-0.75,1.125,0.0,1.0,True,True
PH09buDIBT,2025,-1.0,1.125,0.0,1.0,True,True
PHg4rAXFVH,2025,0.5,1.125,1.0,0.0,True,True
PITFO1ddeh,2025,-0.5,1.125,1.0,0.0,True,True
PIpGN5Ko3v,2025,0.0,1.125,1.0,1.0,True,True
PJjHILiQHC,2025,0.25,1.125,0.0,0.0,True,True
PJqP0wyQek,2025,0.0,1.125,1.0,0.0,True,True
PKAZzhcIrP,2025,-0.5,1.125,0.0,0.0,True,True
PKqHT0xZhI,2025,-0.5999999999999996,1.125,0.0,0.0,True,True
PLskiLUBDW,2025,1.0,1.125,1.0,0.0,True,True
PNHGYziAsL,2025,-0.5,1.125,0.0,0.0,True,True
PNMv4r7s1i,2025,0.5,1.125,1.0,,True,False
POCT74JhAl,2025,-1.0,1.125,0.0,1.0,True,True
PPjpGTPG5K,2025,-0.666666666666667,1.125,0.0,0.0,True,True
PPxyXlCAOJ,2025,-0.5,1.125,0.0,0.0,True,True
PQjZes6vFV,2025,0.5,1.125,1.0,0.0,True,True
PQpvhUrA1C,2025,-0.25,1.125,1.0,0.0,True,True
PQzZrRNynC,2025,-0.666666666666667,1.125,0.0,2.0,True,True
PRvdO3nfFi,2025,0.5,1.125,1.0,1.0,True,True
PTcMzQgKmn,2025,0.25,1.125,1.0,0.0,True,True
PVHoELf5UN,2025,0.4000000000000003,1.125,1.0,0.0,True,True
PY7KSh29Z8,2025,-1.0,1.125,1.0,2.0,True,True
PYmrUQmMEw,2025,0.5,1.125,1.0,2.0,True,True
PZf4RsPMBG,2025,-0.833333333333333,1.125,0.0,1.0,True,True
PacBhLzeGO,2025,0.25,1.125,1.0,1.0,True,True
PbheqxnO1e,2025,1.0,1.125,1.0,0.0,True,True
Pbz4i7B0B4,2025,-0.25,1.125,1.0,0.0,True,True
Pd3jVGTacT,2025,-0.75,1.125,0.0,1.0,True,True
Pd7IOswRUZ,2025,-0.25,1.125,1.0,0.0,True,True
PdA9HAxO4w,2025,-1.0,1.125,0.0,1.0,True,True
Pe3AxLq6Wf,2025,0.25,1.125,1.0,3.0,True,True
PeLLMw3wLX,2025,0.5,1.125,1.0,0.0,True,True
Pf85K2wtz8,2025,-0.25,1.125,1.0,1.0,True,True
Pf8i7cv2CH,2025,-1.0,1.125,0.0,0.0,True,True
PgXpOOqtyd,2025,0.5,1.125,1.0,0.0,True,True
PhRYDGqiee,2025,-0.5999999999999996,1.125,0.0,1.0,True,True
PiHGrTTnvb,2025,1.0,1.125,1.0,0.0,True,True
Pj06mxCXPl,2025,0.666666666666667,1.125,1.0,0.0,True,True
Pj4Aid3XqL,2025,-0.75,1.125,1.0,,True,False
PjIe6IesEm,2025,-0.25,1.125,0.0,0.0,True,True
PnfghHD4Pi,2025,0.0,1.125,1.0,0.0,True,True
Pnk7vMbznK,2025,-0.333333333333333,1.125,1.0,6.0,True,True
Pnktu2PBXD,2025,0.0,1.125,1.0,1.0,True,True
PpP6ALezeK,2025,-1.0,1.125,0.0,0.0,True,True
PplM2kDrl3,2025,0.666666666666667,1.125,1.0,,True,False
PtgfcMcQd5,2025,-0.5,1.125,0.0,0.0,True,True
PtnttTKgQw,2025,-1.0,1.125,0.0,0.0,True,True
Pu3c0209cx,2025,1.0,1.125,1.0,0.0,True,True
Pujt3ADZgI,2025,0.0,1.125,1.0,1.0,True,True
PxRATSTDlS,2025,-0.25,1.125,1.0,0.0,True,True
PxYhHF6FNH,2025,-0.7999999999999998,1.125,0.0,0.0,True,True
PxlfzEePC0,2025,0.0,1.125,1.0,0.0,True,True
PyjZO7oSw2,2025,0.5,1.125,1.0,1.0,True,True
PyyoSwPaSa,2025,-0.25,1.125,0.0,4.0,True,True
Pz9zFea4MQ,2025,0.5,1.125,1.0,0.0,True,True
Q0TEVKV2cp,2025,0.75,1.125,1.0,0.0,True,True
Q0mp2yBvb4,2025,-1.0,1.125,0.0,17.0,True,True
Q1MHvGmhyT,2025,0.0,1.125,1.0,1.0,True,True
Q1QTxFm0Is,2025,0.7999999999999998,1.125,1.0,0.0,True,True
Q1kPHLUbhi,2025,0.25,1.125,1.0,0.0,True,True
Q2bJ2qgcP1,2025,0.0,1.125,1.0,0.0,True,True
Q5CLpqbrFM,2025,-0.75,1.125,0.0,0.0,True,True
Q5Sawm0nqo,2025,0.1666666666666669,1.125,1.0,0.0,True,True
Q6PAnqYVpo,2025,-0.333333333333333,1.125,1.0,,True,False
Q7uE3M5aMD,2025,1.0,1.125,0.0,0.0,True,True
Q95MaWfF4e,2025,1.0,1.125,1.0,2.0,True,True
QAAsnSRwgu,2025,-0.666666666666667,1.125,1.0,0.0,True,True
QByW8EYEtt,2025,-0.5,1.125,0.0,2.0,True,True
QC2qE1tcmd,2025,0.7999999999999998,1.125,1.0,0.0,True,True
QCDdI7X3f9,2025,0.5,1.125,1.0,0.0,True,True
QDkPAV9Fa5,2025,-0.25,1.125,0.0,0.0,True,True
QE1LFzXQPL,2025,0.25,1.125,1.0,0.0,True,True
QETk0lBdVf,2025,-0.2000000000000001,1.125,0.0,2.0,True,True
QFgbJOYJSE,2025,-0.25,1.125,1.0,0.0,True,True
QG31By6S6w,2025,0.25,1.125,1.0,0.0,True,True
QGGNvKaoIU,2025,1.0,1.125,1.0,0.0,True,True
QIxFo9mFwR,2025,0.5,1.125,1.0,0.0,True,True
QMtrW8Ej98,2025,-0.25,1.125,1.0,0.0,True,True
QOHgjY5KDp,2025,1.0,1.125,1.0,0.0,True,True
QOXrVMiHGK,2025,-0.25,1.125,1.0,1.0,True,True
QOfWubPhdS,2025,0.5,1.125,1.0,1.0,True,True
QP3EvD1AVa,2025,-0.5,1.125,0.0,0.0,True,True
QPDbIFumQ8,2025,-0.666666666666667,1.125,0.0,0.0,True,True
QPVK1ne9gI,2025,-1.0,1.125,0.0,0.0,True,True
QPtoBPn4lZ,2025,-0.5,1.125,1.0,0.0,True,True
QQCIfkhGIq,2025,0.0,1.125,1.0,0.0,True,True
QSTv4os59f,2025,0.0,1.125,0.0,,True,False
QVj3kUvdvl,2025,0.5999999999999996,1.125,1.0,0.0,True,True
QY52D9BeJo,2025,0.0,1.125,0.0,0.0,True,True
QYigQ6gXNw,2025,0.5,1.125,1.0,1.0,True,True
QZuZmfLLRG,2025,-1.0,1.125,0.0,0.0,True,True
Qa40qfZooj,2025,-0.5999999999999996,1.125,0.0,2.0,True,True
QarKTT5brZ,2025,0.25,1.125,1.0,1.0,True,True
QfhU3ZC2g1,2025,0.0,1.125,1.0,0.0,True,True
Qg0gtNkXIb,2025,-0.75,1.125,0.0,,True,False
QhxjQOMdDF,2025,0.0,1.125,1.0,0.0,True,True
QiUitwJDKI,2025,-0.25,1.125,0.0,0.0,True,True
QibJggOAnB,2025,0.0,1.125,0.0,0.0,True,True
QipLSeLQRS,2025,-0.25,1.125,0.0,2.0,True,True
Qj1KwBZaEI,2025,1.0,1.125,1.0,1.0,True,True
QjO0fUlVYK,2025,0.0,1.125,1.0,0.0,True,True
QjTSaFXg25,2025,0.5,1.125,1.0,1.0,True,True
Qja5s0K3VX,2025,0.0,1.125,1.0,0.0,True,True
QliOktBcy3,2025,-1.0,1.125,0.0,0.0,True,True
QoDDNkx4fP,2025,0.0,1.125,1.0,2.0,True,True
QowsEic1sc,2025,0.0,1.125,1.0,0.0,True,True
QrTvFCa4nX,2025,-0.75,1.125,0.0,0.0,True,True
Qro97zWC29,2025,0.5,1.125,1.0,0.0,True,True
QxbJYBZVbE,2025,0.0,1.125,0.0,0.0,True,True
Qy3UwW4OJ9,2025,-0.5,1.125,0.0,2.0,True,True
QyNN5n37nK,2025,-0.25,1.125,0.0,0.0,True,True
QzPKSUUcud,2025,0.25,1.125,1.0,0.0,True,True
QzR7Jfe8Tz,2025,-0.666666666666667,1.125,0.0,1.0,True,True
Qzd4BloAjQ,2025,0.75,1.125,1.0,0.0,True,True
R1rNN22IoP,2025,0.25,1.125,0.0,0.0,True,True
R22JPTQYWV,2025,1.0,1.125,1.0,4.0,True,True
R2834dhBlo,2025,0.666666666666667,1.125,1.0,0.0,True,True
R4h5PXzUuU,2025,-0.75,1.125,1.0,1.0,True,True
R4q3cY3kQf,2025,0.75,1.125,1.0,1.0,True,True
R9OHszNtpA,2025,0.5,1.125,0.0,,True,False
R9lgWYE508,2025,-0.25,1.125,0.0,2.0,True,True
RAC3ng3TSN,2025,-0.5,1.125,0.0,1.0,True,True
RAyRXQjsFl,2025,1.0,1.125,1.0,0.0,True,True
RBL3Gm5ygj,2025,-0.333333333333333,1.125,0.0,1.0,True,True
RBp0x7rkMO,2025,-0.75,1.125,0.0,0.0,True,True
RC5FPYVQaH,2025,-0.25,1.125,1.0,2.0,True,True
RCiwz7WqUU,2025,-0.25,1.125,0.0,1.0,True,True
RD9q5vEe1Q,2025,0.25,1.125,1.0,0.0,True,True
RDFkGZ9Dkh,2025,-1.0,1.125,0.0,1.0,True,True
RDVrlWAb7K,2025,0.0,1.125,1.0,0.0,True,True
RFMdtKbff5,2025,-1.0,1.125,0.0,0.0,True,True
RFqeoVfLHa,2025,0.5,1.125,1.0,0.0,True,True
RHISYSlLHf,2025,-0.5,1.125,0.0,0.0,True,True
RIXuX37Hh7,2025,-0.333333333333333,1.125,0.0,1.0,True,True
RJBf8k6lxO,2025,-0.25,1.125,0.0,0.0,True,True
RKQcJ1lXNT,2025,-0.5,1.125,0.0,2.0,True,True
RMaRBE9s2H,2025,-0.25,1.125,1.0,1.0,True,True
ROYSNn3vvB,2025,-1.0,1.125,1.0,0.0,True,True
ROpY0qRUXL,2025,0.25,1.125,1.0,0.0,True,True
RQPSPGpBOP,2025,0.25,1.125,1.0,0.0,True,True
RQz7szbVDs,2025,0.0,1.125,1.0,,True,False
RSGoXnS9GH,2025,1.0,1.125,1.0,0.0,True,True
RTHbao4Mib,2025,0.25,1.125,1.0,,True,False
RUF7j1cJzK,2025,0.5,1.125,1.0,0.0,True,True
RW37MMrNAi,2025,-0.4000000000000003,1.125,0.0,0.0,True,True
RW7Z1W1Hux,2025,-0.666666666666667,1.125,0.0,0.0,True,True
RXeP5ajK2S,2025,0.0,1.125,0.0,2.0,True,True
RZZPnAaw6Z,2025,-1.0,1.125,0.0,0.0,True,True
RZwtbg3qYD,2025,0.5999999999999996,1.125,1.0,0.0,True,True
RaSLSUCKz0,2025,-0.333333333333333,1.125,0.0,1.0,True,True
Rc8z5wLzBF,2025,-0.25,1.125,0.0,0.0,True,True
RcNzwKrjTo,2025,-1.0,1.125,0.0,1.0,True,True
RcmJ9NpqeA,2025,-1.0,1.125,0.0,0.0,True,True
RdFpj6z4nE,2025,-0.333333333333333,1.125,0.0,0.0,True,True
RdGvvqjkC1,2025,-0.25,1.125,0.0,0.0,True,True
ReItdfwMcg,2025,0.666666666666667,1.125,1.0,0.0,True,True
RfrdbJVvVf,2025,-0.25,1.125,0.0,0.0,True,True
RgE1qiO2ek,2025,0.25,1.125,1.0,0.0,True,True
RhAW7TRJUy,2025,-1.0,1.125,0.0,0.0,True,True
RhfYIJux9d,2025,-0.5,1.125,0.0,0.0,True,True
RiS2cxpENN,2025,0.25,1.125,1.0,0.0,True,True
RnJY9WcpA3,2025,0.0,1.125,1.0,0.0,True,True
RnxwxGXxex,2025,-0.333333333333333,1.125,1.0,0.0,True,True
RoN6M3i7gJ,2025,-0.25,1.125,1.0,0.0,True,True
RoN6NnHjn4,2025,0.0,1.125,1.0,0.0,True,True
RofgmKmk5n,2025,-0.5,1.125,0.0,0.0,True,True
RtfXKkIJP1,2025,-0.25,1.125,0.0,0.0,True,True
Rv55TnDZ2W,2025,-0.4000000000000003,1.125,0.0,1.0,True,True
Rwj3i0xJiU,2025,-0.75,1.125,0.0,0.0,True,True
RxQOKupaui,2025,-1.0,1.125,0.0,0.0,True,True
Rz0kozh3LE,2025,1.0,1.125,1.0,0.0,True,True
RzUvkI3p1D,2025,-0.25,1.125,1.0,0.0,True,True
S04xvGXjEs,2025,0.0,1.125,0.0,0.0,True,True
S1Bv3068Xt,2025,0.25,1.125,1.0,1.0,True,True
S1OAqOtN5U,2025,-0.75,1.125,0.0,1.0,True,True
S7F7IMGX4O,2025,-0.333333333333333,1.125,0.0,4.0,True,True
S7cWJkWqOi,2025,0.0,1.125,1.0,,True,False
SBzIbJojs8,2025,0.0,1.125,1.0,2.0,True,True
SCBn8MCLwc,2025,-0.25,1.125,1.0,1.0,True,True
SIE6VFps9x,2025,0.25,1.125,1.0,1.0,True,True
SIzjhS9kEF,2025,-0.25,1.125,0.0,1.0,True,True
SKW10XJlAI,2025,0.0,1.125,1.0,,True,False
SMK0f8JoKF,2025,-0.25,1.125,1.0,0.0,True,True
SMZqIOSdlN,2025,0.0,1.125,1.0,2.0,True,True
SPViZd7rvi,2025,-1.0,1.125,0.0,0.0,True,True
SPcJPZVYAq,2025,-0.25,1.125,0.0,0.0,True,True
SQnitDuow6,2025,-0.5,1.125,1.0,0.0,True,True
SRghq20nGU,2025,0.5,1.125,1.0,0.0,True,True
SSE9myD9SG,2025,0.4000000000000003,1.125,1.0,0.0,True,True
SSslAtcPB6,2025,0.5,1.125,1.0,0.0,True,True
STBPaproaB,2025,-0.5,1.125,0.0,1.0,True,True
STEEDDv3zI,2025,-0.333333333333333,1.125,1.0,4.0,True,True
SThJXvucjQ,2025,0.666666666666667,1.125,1.0,0.0,True,True
SUc1UOWndp,2025,1.0,1.125,1.0,0.0,True,True
SVRRQ8goQo,2025,1.0,1.125,1.0,0.0,True,True
SVd9Ffcdp8,2025,-0.25,1.125,0.0,0.0,True,True
SWEqzy7IQB,2025,0.0,1.125,1.0,1.0,True,True
SXtl7NRyE5,2025,0.5,1.125,1.0,0.0,True,True
SXvb8PS4Ud,2025,-0.2000000000000001,1.125,0.0,0.0,True,True
SYv9b4juom,2025,-0.75,1.125,0.0,0.0,True,True
SZm3hxmksx,2025,-0.5,1.125,0.0,0.0,True,True
SaOxhcDCM3,2025,0.25,1.125,0.0,8.0,True,True
SbV2eJC7Ci,2025,-0.333333333333333,1.125,0.0,0.0,True,True
ScI7IlKGdI,2025,0.333333333333333,1.125,1.0,0.0,True,True
ScVnYBaSEw,2025,0.0,1.125,1.0,1.0,True,True
Sd4wYYOhmY,2025,0.5,1.125,1.0,3.0,True,True
Se6MgCtRhz,2025,1.0,1.125,1.0,0.0,True,True
SeQ8l8xo1r,2025,0.5,1.125,1.0,0.0,True,True
Sf4ep9Udjf,2025,0.75,1.125,1.0,3.0,True,True
SfNmgDqeEa,2025,0.4000000000000003,1.125,0.0,0.0,True,True
Sfmk5amxFu,2025,-0.25,1.125,0.0,0.0,True,True
Sh4FOyZRpv,2025,-0.25,1.125,1.0,0.0,True,True
SiH7DwNKZZ,2025,-0.4000000000000003,1.125,1.0,20.0,True,True
SimlDuN0YT,2025,-0.5,1.125,1.0,0.0,True,True
SkpY8Skqnv,2025,-0.25,1.125,0.0,0.0,True,True
SoUwcVplq4,2025,1.0,1.125,1.0,1.0,True,True
SqoL14HDm0,2025,0.333333333333333,1.125,1.0,0.0,True,True
Sr5XaZzirA,2025,0.0,1.125,1.0,0.0,True,True
SrGP0ILoYa,2025,0.25,1.125,0.0,0.0,True,True
SrkDVzygXx,2025,-1.0,1.125,0.0,0.0,True,True
SsWMJ42hJO,2025,-1.0,1.125,0.0,0.0,True,True
SuHScQv5gP,2025,-0.25,1.125,1.0,0.0,True,True
SulRfnEVK4,2025,-0.5,1.125,1.0,0.0,True,True
Svt3SGy0yd,2025,-0.2000000000000001,1.125,0.0,0.0,True,True
Sw7c4fwpSC,2025,-0.25,1.125,0.0,0.0,True,True
SyPrLti4PG,2025,-0.333333333333333,1.125,0.0,0.0,True,True
Syt4fWwVm1,2025,-0.333333333333333,1.125,1.0,0.0,True,True
SzPZK856iI,2025,-0.25,1.125,1.0,0.0,True,True
T1OvCSFaum,2025,0.5999999999999996,1.125,1.0,0.0,True,True
T1pUS4GZZq,2025,-0.25,1.125,0.0,2.0,True,True
T26f9z2rEe,2025,1.0,1.125,1.0,0.0,True,True
T2d0geb6y0,2025,-0.25,1.125,1.0,0.0,True,True
T2h2V7Rx7q,2025,-0.75,1.125,0.0,0.0,True,True
T4sMzjy7fO,2025,0.5,1.125,1.0,0.0,True,True
T5QLRRHyL1,2025,1.0,1.125,1.0,0.0,True,True
T6QqcRiypb,2025,-0.5,1.125,0.0,0.0,True,True
T7bmHkwzS6,2025,-0.4000000000000003,1.125,1.0,0.0,True,True
T7xIs9Z1Fm,2025,0.0,1.125,0.0,0.0,True,True
T8PzwgYgmn,2025,-0.5,1.125,0.0,2.0,True,True
T9u56s7mbk,2025,1.0,1.125,1.0,0.0,True,True
TArmA033BU,2025,0.2000000000000001,1.125,1.0,3.0,True,True
TBJCtWTvXJ,2025,0.2000000000000001,1.125,0.0,0.0,True,True
TD3SGJfBC7,2025,0.25,1.125,1.0,,True,False
TDy5Ih78b4,2025,0.25,1.125,1.0,2.0,True,True
TDyE2iuvyc,2025,-0.5,1.125,1.0,0.0,True,True
TE0KOzWYAF,2025,0.0,1.125,1.0,0.0,True,True
TEkoMEjf7E,2025,0.2000000000000001,1.125,1.0,0.0,True,True
THOgGo8SX7,2025,-1.0,1.125,0.0,0.0,True,True
TIjBKgLyPN,2025,-0.5,1.125,0.0,0.0,True,True
TKuYWeFE6S,2025,-0.75,1.125,1.0,1.0,True,True
TMutFl74tX,2025,-1.0,1.125,0.0,0.0,True,True
TOiageVNru,2025,0.75,1.125,1.0,0.0,True,True
TOtk9dTYGG,2025,0.25,1.125,1.0,0.0,True,True
TPtzZQyiFm,2025,0.0,1.125,0.0,0.0,True,True
TQ2ZOy6miT,2025,0.0,1.125,1.0,0.0,True,True
TQdg1X6eqm,2025,-0.5,1.125,0.0,,True,False
TROUDY6Wg4,2025,-1.0,1.125,0.0,0.0,True,True
TRWxFUzK9K,2025,0.5,1.125,1.0,0.0,True,True
TSlJ3ikcBZ,2025,-0.4000000000000003,1.125,0.0,0.0,True,True
TTUtPIpaol,2025,-0.75,1.125,0.0,2.0,True,True
TUC0ZT2zIQ,2025,0.5,1.125,1.0,0.0,True,True
TUKt7ag0qq,2025,0.25,1.125,1.0,3.0,True,True
TUvg5uwdeG,2025,0.4000000000000003,1.125,1.0,1.0,True,True
TVQLu34bdw,2025,0.5999999999999996,1.125,1.0,3.0,True,True
TWRhLAN5rz,2025,0.75,1.125,1.0,0.0,True,True
TWmETQLZIC,2025,-1.0,1.125,0.0,0.0,True,True
TWnUgSAWNw,2025,0.0,1.125,1.0,0.0,True,True
TXfzH933qV,2025,1.0,1.125,1.0,0.0,True,True
TZa84ZkOLM,2025,-1.0,1.125,0.0,11.0,True,True
Tb8RiXOc3N,2025,0.5,1.125,1.0,0.0,True,True
TbJJjwtBKX,2025,-0.75,1.125,0.0,0.0,True,True
TdqaZbQvdi,2025,1.0,1.125,1.0,1.0,True,True
Tg8RLxpMDu,2025,0.25,1.125,1.0,1.0,True,True
ThRMTCgpvo,2025,0.5,1.125,1.0,0.0,True,True
Thnk4ez3wN,2025,-0.5,1.125,0.0,0.0,True,True
Tisu1L0Jwt,2025,1.0,1.125,1.0,,True,False
TjvSFVJdzJ,2025,-0.5,1.125,0.0,1.0,True,True
Tkkrm3pA35,2025,-0.75,1.125,1.0,0.0,True,True
Tl8EzmgsEp,2025,-0.25,1.125,0.0,0.0,True,True
TljGdvzFq2,2025,0.25,1.125,1.0,0.0,True,True
TmKeT3IFTZ,2025,-0.7999999999999998,1.125,0.0,0.0,True,True
Tn5B6Udq3E,2025,0.0,1.125,1.0,3.0,True,True
Tn6lrFbiP4,2025,0.333333333333333,1.125,1.0,0.0,True,True
Tn8EQIFIMQ,2025,1.0,1.125,1.0,2.0,True,True
ToWKyjwDqO,2025,-1.0,1.125,0.0,1.0,True,True
ToveGL9vRN,2025,-0.5,1.125,0.0,0.0,True,True
Tpjq66xwTq,2025,0.5,1.125,1.0,0.0,True,True
TqYjhJrp9m,2025,0.666666666666667,1.125,1.0,1.0,True,True
TrJ36UfD9P,2025,1.0,1.125,1.0,0.0,True,True
TrKRpaOk8y,2025,0.4000000000000003,1.125,1.0,0.0,True,True
TrVYEZtSQH,2025,-0.7999999999999998,1.125,1.0,1.0,True,True
Trf0R8eoGF,2025,-0.5,1.125,1.0,0.0,True,True
TroV1cbgoG,2025,-0.666666666666667,1.125,0.0,0.0,True,True
TsBDfe8Ra5,2025,-0.25,1.125,1.0,0.0,True,True
TuOTSAiHDn,2025,0.0,1.125,1.0,0.0,True,True
TvGPP8i18S,2025,0.25,1.125,1.0,1.0,True,True
TvfkSyHZRA,2025,1.0,1.125,1.0,1.0,True,True
TwMLUpPg8G,2025,-1.0,1.125,0.0,0.0,True,True
TwZBQKgwdW,2025,-0.75,1.125,0.0,0.0,True,True
Ty6TCjKNSF,2025,0.5,1.125,1.0,0.0,True,True
TySMCLoGVl,2025,0.0,1.125,0.0,0.0,True,True
TyycdsNeeg,2025,-0.4000000000000003,1.125,0.0,0.0,True,True
U1DjXQeJRx,2025,0.5999999999999996,1.125,1.0,0.0,True,True
U1T6sq12uj,2025,0.333333333333333,1.125,1.0,,True,False
U2K4bQVWez,2025,-0.1666666666666669,1.125,0.0,0.0,True,True
U42TkrEDzb,2025,0.75,1.125,1.0,0.0,True,True
U47ymTS3ut,2025,-0.25,1.125,1.0,0.0,True,True
U49N5V51rU,2025,0.7999999999999998,1.125,1.0,0.0,True,True
U4ekUAOLsM,2025,-1.0,1.125,0.0,0.0,True,True
U9j40EohfY,2025,-1.0,1.125,1.0,0.0,True,True
UAA2nWUtVl,2025,-0.25,1.125,0.0,1.0,True,True
UAKnJMIBwf,2025,0.0,1.125,1.0,0.0,True,True
UFrHWzZENz,2025,0.0,1.125,1.0,0.0,True,True
UGVYezlLcZ,2025,0.5,1.125,1.0,0.0,True,True
UHHOAe1uIS,2025,-0.75,1.125,0.0,1.0,True,True
UHg1xTRzZK,2025,-1.0,1.125,0.0,0.0,True,True
UIFAJZ22ZF,2025,0.666666666666667,1.125,1.0,,True,False
UL95EpgrlS,2025,-1.0,1.125,0.0,0.0,True,True
ULGbw2URE3,2025,-0.5,1.125,1.0,1.0,True,True
ULorFBST6X,2025,0.5,1.125,1.0,0.0,True,True
UN6Ik6OCx8,2025,0.666666666666667,1.125,1.0,0.0,True,True
UNHU7uO2qM,2025,0.0,1.125,0.0,0.0,True,True
UNxCphTxWp,2025,0.0,1.125,0.0,0.0,True,True
UQJ7CDW8nb,2025,0.5,1.125,1.0,1.0,True,True
URPwT55i6O,2025,0.5,1.125,1.0,0.0,True,True
US2UCMvzvP,2025,0.25,1.125,0.0,1.0,True,True
US9k5TXVLZ,2025,0.25,1.125,1.0,0.0,True,True
USE9akheEY,2025,-0.5,1.125,0.0,0.0,True,True
USI3ZbuFaV,2025,0.0,1.125,1.0,0.0,True,True
UV5p3JZMjC,2025,0.5,1.125,1.0,0.0,True,True
UYZRaUCLAg,2025,-0.666666666666667,1.125,0.0,0.0,True,True
UYcUpiULmT,2025,-0.333333333333333,1.125,1.0,0.0,True,True
UZQl0rbxj6,2025,-1.0,1.125,0.0,0.0,True,True
UatDdAlr2x,2025,-0.25,1.125,0.0,0.0,True,True
UbMYhX60tY,2025,-0.5,1.125,0.0,1.0,True,True
Uc3kog3O45,2025,-0.25,1.125,0.0,0.0,True,True
UchRjcf4z7,2025,0.5,1.125,1.0,0.0,True,True
UdGwotKVQI,2025,0.75,1.125,0.0,1.0,True,True
UeVx6L59fg,2025,-0.2000000000000001,1.125,1.0,3.0,True,True
UfczlMudN6,2025,0.0,1.125,0.0,0.0,True,True
UgPoHhYQ2U,2025,0.7999999999999998,1.125,1.0,0.0,True,True
Ugs2W5XFFo,2025,0.0,1.125,1.0,0.0,True,True
Uh5GRmLlvt,2025,0.0,1.125,1.0,1.0,True,True
UhKkWHkvfg,2025,-1.0,1.125,0.0,0.0,True,True
UhW2wA1pRV,2025,-0.5,1.125,0.0,0.0,True,True
Uhj5OxAz7I,2025,0.0,1.125,1.0,0.0,True,True
UiEjzBRYeI,2025,0.0,1.125,1.0,,True,False
UkEvpOzZAR,2025,0.0,1.125,0.0,1.0,True,True
UlAkM88Vum,2025,-1.0,1.125,0.0,0.0,True,True
UmdotAAVDe,2025,0.25,1.125,1.0,2.0,True,True
UnCKU8pZVe,2025,0.25,1.125,1.0,0.0,True,True
Uo4EHT4ZZ8,2025,-0.25,1.125,1.0,1.0,True,True
UpQLu9bzAR,2025,0.0,1.125,1.0,0.0,True,True
Upoxh7wvmJ,2025,0.5,1.125,1.0,0.0,True,True
UqrFPhcmFp,2025,0.25,1.125,1.0,0.0,True,True
UqrSyATn7F,2025,-0.25,1.125,0.0,0.0,True,True
UrKbn51HjA,2025,-0.75,1.125,1.0,0.0,True,True
Usklli4gMc,2025,-0.4000000000000003,1.125,1.0,1.0,True,True
UstOpZCESc,2025,0.25,1.125,1.0,0.0,True,True
UunCPtPOlZ,2025,0.5,1.125,1.0,1.0,True,True
UvMSKonce8,2025,0.0,1.125,1.0,0.0,True,True
UvpuGrd6ey,2025,0.25,1.125,1.0,0.0,True,True
UxkznlcnHf,2025,0.25,1.125,1.0,1.0,True,True
UyBMzsFThf,2025,-0.75,1.125,0.0,0.0,True,True
UyU8ETswPg,2025,1.0,1.125,1.0,0.0,True,True
UyhRtB4hjN,2025,0.25,1.125,1.0,,True,False
UzpMjtBbit,2025,-1.0,1.125,0.0,0.0,True,True
V4y0CpX4hK,2025,0.25,1.125,1.0,6.0,True,True
V5kCKFav9j,2025,-0.25,1.125,0.0,1.0,True,True
V5ns6uvRZ9,2025,0.0,1.125,1.0,0.0,True,True
V6hhhXoTSq,2025,0.0,1.125,0.0,0.0,True,True
V6uxd8MEqw,2025,0.5,1.125,1.0,0.0,True,True
V71ITh2w40,2025,0.2000000000000001,1.125,1.0,0.0,True,True
V7PYbRzD0h,2025,-0.666666666666667,1.125,0.0,0.0,True,True
V892sBHUbN,2025,-0.25,1.125,0.0,0.0,True,True
V9oT5Jmxpu,2025,0.0,1.125,0.0,0.0,True,True
VD4PFpecG2,2025,1.0,1.125,1.0,1.0,True,True
VELhv9BBfn,2025,0.25,1.125,1.0,0.0,True,True
VGURexnlUL,2025,0.0,1.125,1.0,0.0,True,True
VHguhvcoM5,2025,-0.2000000000000001,1.125,1.0,0.0,True,True
VIUisLx8lQ,2025,0.0,1.125,1.0,2.0,True,True
VJgCp60WtL,2025,-0.5,1.125,0.0,0.0,True,True
VLdZkq9xsd,2025,-0.333333333333333,1.125,0.0,0.0,True,True
VLuJL8cnGk,2025,-1.0,1.125,0.0,0.0,True,True
VMV8gefvq8,2025,0.0,1.125,1.0,1.0,True,True
VMurwgAFWP,2025,0.0,1.125,1.0,1.0,True,True
VNMJfBBUd5,2025,0.0,1.125,1.0,1.0,True,True
VNg7srnvD9,2025,1.0,1.125,1.0,0.0,True,True
VOAMTA8jKu,2025,1.0,1.125,1.0,2.0,True,True
VOVFvaxgD0,2025,-0.25,1.125,0.0,1.0,True,True
VRbypIkXrt,2025,-1.0,1.125,0.0,0.0,True,True
VRlihVklCL,2025,0.0,1.125,0.0,0.0,True,True
VT4Ovqg0BW,2025,0.0,1.125,0.0,0.0,True,True
VVO3ApdMUE,2025,-0.5,1.125,1.0,0.0,True,True
VVVfuIcmKR,2025,0.25,1.125,1.0,0.0,True,True
VVixJ9QavY,2025,0.25,1.125,1.0,0.0,True,True
VYOe2eBQeh,2025,-0.1666666666666669,1.125,1.0,0.0,True,True
VYvxrD7aS0,2025,0.75,1.125,1.0,0.0,True,True
VZN0irKnl0,2025,0.25,1.125,1.0,1.0,True,True
VarjSNbij7,2025,-0.75,1.125,0.0,0.0,True,True
VeSsiD0DP9,2025,-0.25,1.125,0.0,0.0,True,True
Vf6RDObyEF,2025,0.5,1.125,1.0,0.0,True,True
VgtpRXhxli,2025,0.0,1.125,0.0,1.0,True,True
ViRDmDAfjg,2025,-0.75,1.125,0.0,0.0,True,True
VipcVxaTnG,2025,0.5,1.125,1.0,,True,False
VkqqZcofEu,2025,-0.25,1.125,0.0,1.0,True,True
VmJdqhuTCh,2025,0.5,1.125,1.0,0.0,True,True
VoI4d6uhdr,2025,1.0,1.125,1.0,0.0,True,True
VoayJihXra,2025,1.0,1.125,1.0,0.0,True,True
Vp2OAxMs2s,2025,-0.25,1.125,1.0,1.0,True,True
VpGsy4hKMc,2025,-1.0,1.125,0.0,0.0,True,True
VqAX9Lzdqv,2025,-0.5,1.125,0.0,0.0,True,True
VtYfbvwpWp,2025,-0.4000000000000003,1.125,1.0,1.0,True,True
VuTrZzrPfn,2025,1.0,1.125,1.0,0.0,True,True
Vv76fCYffN,2025,0.4000000000000003,1.125,1.0,0.0,True,True
VvDEuyVXkG,2025,0.25,1.125,1.0,2.0,True,True
VxIetsMu3G,2025,-0.75,1.125,0.0,0.0,True,True
VxvnV6slP0,2025,0.4000000000000003,1.125,1.0,0.0,True,True
Vz0CWFMPUe,2025,-0.2000000000000001,1.125,1.0,,True,False
Vz5HgVwcdu,2025,-1.0,1.125,0.0,0.0,True,True
VzZTHukfCB,2025,0.0,1.125,0.0,0.0,True,True
VzdycorGTt,2025,-0.5,1.125,0.0,1.0,True,True
W0nydevOlG,2025,1.0,1.125,1.0,0.0,True,True
W2Wkp9MQsF,2025,-0.25,1.125,1.0,0.0,True,True
W2dR6rypBQ,2025,0.75,1.125,1.0,0.0,True,True
W49UjcpGxx,2025,-0.5,1.125,1.0,0.0,True,True
W6hzM9DMMU,2025,0.0,1.125,0.0,0.0,True,True
W6yIKliMot,2025,0.5,1.125,1.0,0.0,True,True
W8xukd70cU,2025,0.75,1.125,1.0,3.0,True,True
W9FZEQj3vv,2025,-0.25,1.125,1.0,1.0,True,True
WA84oMWHaH,2025,0.0,1.125,1.0,0.0,True,True
WAC8LmlKYf,2025,0.666666666666667,1.125,1.0,1.0,True,True
WCVMqRHWW5,2025,0.5,1.125,1.0,0.0,True,True
WDheQxWAo4,2025,-1.0,1.125,0.0,20.0,True,True
WEQL5ksDnB,2025,0.75,1.125,1.0,0.0,True,True
WG7GzGx3G9,2025,-0.2000000000000001,1.125,1.0,0.0,True,True
WGBf2xwsgX,2025,-0.25,1.125,0.0,0.0,True,True
WHhZv8X5zF,2025,1.0,1.125,1.0,0.0,True,True
WK6K1FMEQ1,2025,0.75,1.125,1.0,0.0,True,True
WKKD1Faobu,2025,-0.333333333333333,1.125,0.0,0.0,True,True
WLSrq1254E,2025,0.0,1.125,1.0,1.0,True,True
WNPrfGpcu6,2025,0.0,1.125,0.0,2.0,True,True
WNvvwK0tut,2025,0.5,1.125,1.0,0.0,True,True
WOt1owGfuN,2025,1.0,1.125,1.0,,True,False
WPsnH6875d,2025,0.0,1.125,1.0,0.0,True,True
WQQyJbr5Lh,2025,0.0,1.125,1.0,0.0,True,True
WQV9kB1qSU,2025,0.5,1.125,1.0,0.0,True,True
WQwy1rW60F,2025,-0.5,1.125,0.0,0.0,True,True
WQy61tS53c,2025,-0.5,1.125,0.0,0.0,True,True
WRLj18zwz6,2025,-0.5999999999999996,1.125,0.0,0.0,True,True
WULjblaCoc,2025,-0.4000000000000003,1.125,0.0,1.0,True,True
WVBzN1HIFS,2025,-0.5,1.125,0.0,2.0,True,True
WWXjMYZxfH,2025,0.2000000000000001,1.125,1.0,0.0,True,True
WYL4eFLcxG,2025,0.0,1.125,1.0,0.0,True,True
WZ0s2smcKP,2025,-0.25,1.125,1.0,,True,False
WbqBj2aC5k,2025,-0.5999999999999996,1.125,0.0,0.0,True,True
Wd1OmOwL0C,2025,-1.0,1.125,0.0,0.0,True,True
We5z3UEnUY,2025,0.5,1.125,1.0,0.0,True,True
Wf2ndb8nhf,2025,0.333333333333333,1.125,1.0,3.0,True,True
Wfw4ypsgRZ,2025,0.5,1.125,1.0,0.0,True,True
WfxPVtYRlL,2025,0.25,1.125,1.0,0.0,True,True
Wh4SE2S7Mo,2025,0.5,1.125,1.0,0.0,True,True
Wi74fYCX2f,2025,-1.0,1.125,0.0,0.0,True,True
WjKea8bGFF,2025,1.0,1.125,1.0,1.0,True,True
WjPK2gj0xu,2025,-0.5,1.125,0.0,,True,False
WkpqUVcSTy,2025,-0.5,1.125,0.0,4.0,True,True
WncnpvJk83,2025,0.5,1.125,1.0,1.0,True,True
Wnu2c6pjs1,2025,-0.75,1.125,0.0,0.0,True,True
WoPovNkM5h,2025,0.5,1.125,1.0,0.0,True,True
WpObsQTpfp,2025,-0.75,1.125,0.0,2.0,True,True
WpXq5n8yLb,2025,-1.0,1.125,0.0,0.0,True,True
WpZyPk79Fu,2025,0.5,1.125,1.0,0.0,True,True
Wqsk3FbD6D,2025,1.0,1.125,1.0,3.0,True,True
WrBqgoseGL,2025,-0.2000000000000001,1.125,0.0,,True,False
WsgEWL8i0K,2025,0.0,1.125,1.0,1.0,True,True
WttfQGwpES,2025,0.666666666666667,1.125,1.0,0.0,True,True
WuTczPV8WC,2025,0.5,1.125,1.0,0.0,True,True
WwpYSOkkCt,2025,0.5,1.125,1.0,0.0,True,True
WxqiwbwxiW,2025,-0.25,1.125,0.0,0.0,True,True
X0CxfByJog,2025,-0.5,1.125,1.0,0.0,True,True
X0epAjg0hd,2025,-0.333333333333333,1.125,1.0,0.0,True,True
X0r4BN50Dv,2025,0.666666666666667,1.125,1.0,0.0,True,True
X2x2DuGIbx,2025,0.75,1.125,1.0,0.0,True,True
X4Rcxi9588,2025,-0.5,1.125,0.0,0.0,True,True
X5hrhgndxW,2025,-1.0,1.125,1.0,,True,False
X5rO5VyTgB,2025,-0.4000000000000003,1.125,1.0,0.0,True,True
X6y5CC44HM,2025,-0.25,1.125,1.0,,True,False
X7eAhXcps1,2025,0.0,1.125,1.0,0.0,True,True
X8dzvdkQwO,2025,0.25,1.125,1.0,0.0,True,True
X9JU2gKEkR,2025,-0.5,1.125,0.0,0.0,True,True
X9OfMNNepI,2025,0.25,1.125,1.0,2.0,True,True
XAjfjizaKs,2025,0.5,1.125,1.0,0.0,True,True
XBF63bHDZw,2025,1.0,1.125,1.0,0.0,True,True
XBHoaHlGQM,2025,0.5999999999999996,1.125,1.0,0.0,True,True
XHTirKsQV6,2025,0.25,1.125,1.0,0.0,True,True
XIFnghzusY,2025,-0.5999999999999996,1.125,0.0,2.0,True,True
XK5jYtLMXl,2025,-0.5,1.125,0.0,0.0,True,True
XKv29sMyjF,2025,-0.2000000000000001,1.125,1.0,0.0,True,True
XLDaepymR5,2025,-0.1666666666666669,1.125,0.0,0.0,True,True
XLMAMmowdY,2025,-0.25,1.125,1.0,0.0,True,True
XLt0eudh8t,2025,-1.0,1.125,0.0,0.0,True,True
XMgpnZ2ET7,2025,0.0,1.125,1.0,,True,False
XNA3Mnnbvb,2025,0.5999999999999996,1.125,1.0,1.0,True,True
XPNprvlxuQ,2025,0.0,1.125,1.0,0.0,True,True
XPQCiLY45j,2025,-1.0,1.125,0.0,0.0,True,True
XQgbmhQozV,2025,-0.25,1.125,0.0,0.0,True,True
XT1Cx6cH2a,2025,-0.333333333333333,1.125,0.0,0.0,True,True
XT7kCxcEKm,2025,0.0,1.125,0.0,0.0,True,True
XToAemis1h,2025,1.0,1.125,1.0,1.0,True,True
XWBE90OYlH,2025,1.0,1.125,1.0,0.0,True,True
XXzOzJRyOZ,2025,0.666666666666667,1.125,1.0,0.0,True,True
XYK1eGjahp,2025,-0.7999999999999998,1.125,0.0,0.0,True,True
XaARrKTNh3,2025,-0.75,1.125,0.0,0.0,True,True
Xbl6t6zxZs,2025,0.0,1.125,1.0,3.0,True,True
XdRIno98gG,2025,0.666666666666667,1.125,1.0,0.0,True,True
XfKSDgqIRj,2025,0.0,1.125,1.0,0.0,True,True
Xg6JWb1Oxt,2025,0.0,1.125,0.0,0.0,True,True
Xj66fkrlTk,2025,0.0,1.125,1.0,0.0,True,True
Xk9Q0CrJQc,2025,0.25,1.125,0.0,2.0,True,True
XnDyddPcBT,2025,-0.25,1.125,1.0,0.0,True,True
XnX7xRoroC,2025,0.25,1.125,0.0,,True,False
XoYdD3m0mv,2025,0.0,1.125,1.0,0.0,True,True
XoulHHQGFi,2025,0.0,1.125,1.0,1.0,True,True
XoxxZiIJq6,2025,-0.5,1.125,0.0,1.0,True,True
Xq7gwsnhPT,2025,0.0,1.125,1.0,1.0,True,True
Xqo4eObgQX,2025,-0.75,1.125,0.0,,True,False
Xr5iINA3zU,2025,-0.25,1.125,0.0,3.0,True,True
XrsOu4KgDE,2025,1.0,1.125,1.0,0.0,True,True
XrtFVM1f6w,2025,-0.75,1.125,0.0,0.0,True,True
XsgHl54yO7,2025,0.5,1.125,1.0,1.0,True,True
XtY3xYQWcW,2025,0.0,1.125,1.0,0.0,True,True
Xw0fCEMFss,2025,0.4000000000000003,1.125,1.0,,True,False
XwUrzurG94,2025,-0.25,1.125,1.0,0.0,True,True
Y1XkzMJpPd,2025,0.75,1.125,1.0,3.0,True,True
Y1r9yCMzeA,2025,0.75,1.125,1.0,0.0,True,True
Y2Dh8rWwlb,2025,0.666666666666667,1.125,1.0,0.0,True,True
Y2cGisOWPZ,2025,0.0,1.125,0.0,,True,False
Y2z31hfEeq,2025,-0.75,1.125,0.0,0.0,True,True
Y4GCrfAidr,2025,-1.0,1.125,0.0,0.0,True,True
Y4aWwRh25b,2025,0.75,1.125,1.0,3.0,True,True
Y5LjYI4N6P,2025,0.75,1.125,1.0,0.0,True,True
Y5de4fkuHR,2025,-1.0,1.125,0.0,1.0,True,True
Y6KUBkUimC,2025,0.0,1.125,0.0,0.0,True,True
Y6LPWBo2HP,2025,0.25,1.125,1.0,0.0,True,True
YD6xlDstbz,2025,0.25,1.125,0.0,0.0,True,True
YE6N8htoFQ,2025,0.0,1.125,0.0,0.0,True,True
YERRy6v5uA,2025,-0.75,1.125,0.0,1.0,True,True
YFdopzmpdr,2025,-0.7999999999999998,1.125,0.0,0.0,True,True
YFxfcQMLWX,2025,0.75,1.125,1.0,0.0,True,True
YJwnlplKQ7,2025,-0.5,1.125,0.0,1.0,True,True
YKfJFTiRz8,2025,-1.0,1.125,0.0,0.0,True,True
YMCtQlm8Bc,2025,-0.25,1.125,0.0,0.0,True,True
YOc5t8PHf2,2025,0.25,1.125,1.0,0.0,True,True
YOrN9vNrqo,2025,-1.0,1.125,0.0,0.0,True,True
YQvvJjLWX0,2025,-0.5,1.125,0.0,2.0,True,True
YSJNKWOjKV,2025,-1.0,1.125,0.0,0.0,True,True
YTEwJaBdh0,2025,0.5,1.125,1.0,0.0,True,True
YUaQ6qrbRL,2025,0.0,1.125,0.0,0.0,True,True
YVcVbYYy2x,2025,-0.75,1.125,0.0,0.0,True,True
YVsiB41ifI,2025,-0.75,1.125,0.0,0.0,True,True
YXRyYkb1im,2025,0.666666666666667,1.125,1.0,2.0,True,True
YZEzVR5awV,2025,-0.25,1.125,0.0,,True,False
YaBiGjuDiC,2025,0.0,1.125,1.0,0.0,True,True
YaeZwhXJ4k,2025,0.666666666666667,1.125,1.0,0.0,True,True
YauQYh2k1g,2025,0.25,1.125,1.0,1.0,True,True
YcML3rJl0N,2025,1.0,1.125,1.0,0.0,True,True
YcUV5apdlq,2025,0.5,1.125,1.0,1.0,True,True
YeSxbRrDRl,2025,0.666666666666667,1.125,1.0,0.0,True,True
YfKNaRktan,2025,0.75,1.125,1.0,5.0,True,True
YixNDE12wm,2025,0.0,1.125,0.0,0.0,True,True
YkmbJSHjj7,2025,0.75,1.125,1.0,0.0,True,True
Ylk98vWQuQ,2025,-0.2000000000000001,1.125,1.0,0.0,True,True
Ym2RNPX6la,2025,0.666666666666667,1.125,1.0,0.0,True,True
Yqk7EyT52H,2025,1.0,1.125,1.0,0.0,True,True
Ysdo3fyD4Q,2025,-1.0,1.125,0.0,0.0,True,True
YslOW2SO6S,2025,0.0,1.125,1.0,1.0,True,True
Yt9CFhOOFe,2025,0.5999999999999996,1.125,1.0,2.0,True,True
YtAhOVCy2t,2025,0.0,1.125,0.0,0.0,True,True
YuHQTo6G9S,2025,1.0,1.125,1.0,1.0,True,True
Yv8FrCY87H,2025,-0.666666666666667,1.125,0.0,1.0,True,True
YvtiTdXjfn,2025,-0.666666666666667,1.125,0.0,0.0,True,True
YwJkv2YqBq,2025,0.75,1.125,1.0,0.0,True,True
YwzxpZW3p7,2025,-0.5,1.125,1.0,,True,False
YyVVicZ32M,2025,0.4000000000000003,1.125,1.0,2.0,True,True
YzXPU3QRnL,2025,-0.2000000000000001,1.125,0.0,99.0,True,True
Z0eiiV3Yyh,2025,-1.0,1.125,1.0,1.0,True,True
Z28efFRE9r,2025,-0.25,1.125,0.0,0.0,True,True
Z30Mdbv5jO,2025,-0.2000000000000001,1.125,0.0,2.0,True,True
Z33PEFMuU3,2025,-0.25,1.125,0.0,0.0,True,True
Z3n2QauIIk,2025,-1.0,1.125,0.0,0.0,True,True
Z3xg3hxdky,2025,-0.5999999999999996,1.125,0.0,0.0,True,True
Z7aq3djHZw,2025,0.25,1.125,0.0,1.0,True,True
Z85EoYQhCs,2025,-0.25,1.125,0.0,0.0,True,True
Z8RZrvngm5,2025,0.0,1.125,1.0,0.0,True,True
Z8TglKXDWm,2025,0.5,1.125,1.0,,True,False
ZAx5DxAucB,2025,-1.0,1.125,0.0,1.0,True,True
ZAyuwJYN8N,2025,0.0,1.125,1.0,0.0,True,True
ZBlfjXubgG,2025,-1.0,1.125,0.0,0.0,True,True
ZE6lrLvATd,2025,1.0,1.125,1.0,0.0,True,True
ZEO9ibXr46,2025,-0.666666666666667,1.125,0.0,0.0,True,True
ZFxpclrCCf,2025,-0.4000000000000003,1.125,1.0,0.0,True,True
ZGqd0cbBvm,2025,-0.25,1.125,1.0,0.0,True,True
ZHhBawo3k5,2025,0.0,1.125,1.0,0.0,True,True
ZJ9LglIakj,2025,-0.75,1.125,0.0,0.0,True,True
ZJo6Radbqq,2025,-0.25,1.125,1.0,0.0,True,True
ZK1LoTo10R,2025,0.25,1.125,1.0,0.0,True,True
ZLAQ6Pjf9y,2025,-0.4000000000000003,1.125,0.0,1.0,True,True
ZPTHI3X9y8,2025,0.0,1.125,0.0,2.0,True,True
ZPZ4eCQU9k,2025,-1.0,1.125,0.0,1.0,True,True
ZPkNrs6aNO,2025,-0.5,1.125,0.0,,True,False
ZQwvUTyL8Y,2025,-0.5,1.125,0.0,0.0,True,True
ZRDhBwKs7l,2025,0.666666666666667,1.125,1.0,,True,False
ZSdubdbOoi,2025,0.0,1.125,1.0,0.0,True,True
ZTpWOwMrzQ,2025,0.5999999999999996,1.125,1.0,1.0,True,True
ZU8OdDLTts,2025,1.0,1.125,1.0,0.0,True,True
ZW4MRZrmSA,2025,0.25,1.125,1.0,0.0,True,True
ZXaocmXc6d,2025,0.666666666666667,1.125,1.0,0.0,True,True
ZXs3pkmrRG,2025,-0.5,1.125,0.0,0.0,True,True
ZYDEJEvCbv,2025,0.7999999999999998,1.125,1.0,0.0,True,True
ZYd5wJSaMs,2025,0.4000000000000003,1.125,1.0,0.0,True,True
ZYwLfi50GI,2025,-0.75,1.125,0.0,2.0,True,True
Za3M6OZuCU,2025,0.75,1.125,1.0,1.0,True,True
ZaSOGF8Ojq,2025,-0.25,1.125,0.0,0.0,True,True
ZadnlOHsHv,2025,1.0,1.125,1.0,4.0,True,True
ZbHIDgDFN0,2025,-0.5,1.125,0.0,0.0,True,True
Ze4aPP0tIn,2025,0.5999999999999996,1.125,1.0,0.0,True,True
ZeaTvXw080,2025,0.0,1.125,1.0,0.0,True,True
Zes7Wyif8G,2025,0.5,1.125,1.0,0.0,True,True
Zhdhg6n2OG,2025,-0.333333333333333,1.125,1.0,0.0,True,True
ZjOXuAfS6l,2025,0.2000000000000001,1.125,1.0,0.0,True,True
ZjuEPZJsa3,2025,-0.25,1.125,0.0,0.0,True,True
Zjv38dg1Hb,2025,0.333333333333333,1.125,1.0,0.0,True,True
Zk8PNvzWQY,2025,-0.25,1.125,0.0,,True,False
Zk9guOl9NS,2025,1.0,1.125,1.0,0.0,True,True
Zkp1GuHerF,2025,1.0,1.125,1.0,0.0,True,True
Zkq4fsyjfp,2025,0.25,1.125,1.0,0.0,True,True
ZmPf5Z1V2H,2025,-0.25,1.125,0.0,0.0,True,True
Zmu3lVw6bm,2025,-0.25,1.125,0.0,0.0,True,True
Zonhl0c9I0,2025,-0.25,1.125,1.0,1.0,True,True
ZpcQfTNtKv,2025,-0.75,1.125,0.0,0.0,True,True
ZrnzGzUhNX,2025,-1.0,1.125,0.0,0.0,True,True
ZsU52Zkzjr,2025,0.666666666666667,1.125,1.0,0.0,True,True
ZtvRqm6oBu,2025,-0.75,1.125,0.0,0.0,True,True
ZuOXuS7yDw,2025,0.0,1.125,0.0,0.0,True,True
ZwO2I8gS5O,2025,0.0,1.125,0.0,0.0,True,True
Zy2XgaGpDw,2025,0.0,1.125,1.0,0.0,True,True
ZyLkNVHBZF,2025,-0.5,1.125,0.0,4.0,True,True
ZyNEr7Xw5L,2025,0.7999999999999998,1.125,1.0,0.0,True,True
ZyknpOQwkT,2025,-0.5,1.125,1.0,1.0,True,True
ZzATfnskP1,2025,-0.666666666666667,1.125,0.0,1.0,True,True
a06UO11IrQ,2025,0.0,1.125,0.0,2.0,True,True
a1P5kh2oo8,2025,-0.25,1.125,0.0,1.0,True,True
a1jpdqRED9,2025,-1.0,1.125,0.0,0.0,True,True
a3PmRgAB5T,2025,0.0,1.125,1.0,12.0,True,True
a3g2l4yEys,2025,0.75,1.125,1.0,0.0,True,True
a3ptUbuzbW,2025,0.5,1.125,1.0,3.0,True,True
a4sknPttwV,2025,-0.5,1.125,0.0,0.0,True,True
a6U41REOa5,2025,-0.333333333333333,1.125,1.0,1.0,True,True
aAcOaJYbUg,2025,-0.5,1.125,0.0,0.0,True,True
aAxzDb0nlO,2025,-1.0,1.125,0.0,0.0,True,True
aCPFCDL9QY,2025,-0.25,1.125,1.0,0.0,True,True
aIAFDFpNXz,2025,0.5,1.125,0.0,2.0,True,True
aIMi2lOKIn,2025,0.5,1.125,1.0,1.0,True,True
aJ3tiX1Tu4,2025,0.666666666666667,1.125,1.0,0.0,True,True
aJUuere4fM,2025,-0.25,1.125,1.0,6.0,True,True
aKFFpfiJHy,2025,-1.0,1.125,0.0,0.0,True,True
aKJr5NnN8U,2025,0.5,1.125,1.0,0.0,True,True
aKRADWBJ1I,2025,0.75,1.125,1.0,0.0,True,True
aKcd7ImG5e,2025,0.0,1.125,1.0,0.0,True,True
aKkDY1Wca0,2025,0.8571428571428568,1.125,1.0,0.0,True,True
aLSI9Z4UMD,2025,-0.75,1.125,0.0,0.0,True,True
aLsMzkTej9,2025,-0.2000000000000001,1.125,1.0,1.0,True,True
aMD0qUyYJh,2025,0.0,1.125,0.0,0.0,True,True
aN57tSd5Us,2025,0.25,1.125,1.0,0.0,True,True
aP3OBwf8dk,2025,0.0,1.125,0.0,2.0,True,True
aQj9Ifxrl6,2025,0.0,1.125,1.0,,True,False
aSy2nYwiZ2,2025,0.666666666666667,1.125,1.0,0.0,True,True
aTBE70xiFw,2025,-1.0,1.125,0.0,0.0,True,True
aTYexOYlLb,2025,0.75,1.125,1.0,0.0,True,True
aU63Ib07KJ,2025,-0.5,1.125,0.0,1.0,True,True
aUZEeb2yvK,2025,0.5,1.125,1.0,1.0,True,True
aWLQTbfFgV,2025,0.25,1.125,1.0,0.0,True,True
aXuWowhIYt,2025,1.0,1.125,1.0,0.0,True,True
aY3L65HgHJ,2025,0.0,1.125,1.0,0.0,True,True
aYwHiDkAdI,2025,-0.75,1.125,0.0,11.0,True,True
abOksepKfS,2025,-0.666666666666667,1.125,0.0,0.0,True,True
ac93gRzxxV,2025,0.666666666666667,1.125,1.0,0.0,True,True
acxHV6werE,2025,-0.75,1.125,1.0,0.0,True,True
aeY0CAOnca,2025,0.0,1.125,0.0,0.0,True,True
agbiPPuSeQ,2025,0.0,1.125,1.0,0.0,True,True
ajSmXqgS24,2025,0.75,1.125,1.0,0.0,True,True
alaQod29Cb,2025,0.0,1.125,0.0,0.0,True,True
am5Z8dXoaV,2025,-1.0,1.125,0.0,1.0,True,True
amOpepqmSl,2025,0.0,1.125,1.0,,True,False
an3fugFA23,2025,0.25,1.125,1.0,0.0,True,True
an3jH2qD2r,2025,0.0,1.125,0.0,1.0,True,True
anQDiQZhDP,2025,-0.5,1.125,1.0,0.0,True,True
apErWGzCAA,2025,1.0,1.125,1.0,0.0,True,True
aqlzXgXwWa,2025,-0.25,1.125,1.0,0.0,True,True
aqok1UX7Z1,2025,-0.5,1.125,1.0,1.0,True,True
armbJRJdrH,2025,0.75,1.125,1.0,0.0,True,True
asGQQc7gNo,2025,0.666666666666667,1.125,1.0,0.0,True,True
asR9FVd4eL,2025,0.0,1.125,1.0,0.0,True,True
atXCzVSXTJ,2025,0.5,1.125,1.0,1.0,True,True
aucMP9hGYv,2025,0.5,1.125,1.0,0.0,True,True
aueXfY0Clv,2025,0.5999999999999996,1.125,1.0,15.0,True,True
avlfmW32qO,2025,-1.0,1.125,0.0,0.0,True,True
awWiNvQwf3,2025,1.0,1.125,1.0,5.0,True,True
awtd0XhzKQ,2025,-0.25,1.125,0.0,1.0,True,True
axUf8BOjnH,2025,0.5,1.125,1.0,1.0,True,True
ayT4e9C3Gd,2025,-0.75,1.125,0.0,1.0,True,True
ayZsi8YA7h,2025,-0.75,1.125,0.0,0.0,True,True
ayg1PztmXP,2025,-0.5,1.125,0.0,0.0,True,True
azQiiSWrtx,2025,-0.75,1.125,0.0,,True,False
b0WpXBABdu,2025,0.25,1.125,1.0,1.0,True,True
b10lRabU9W,2025,0.25,1.125,1.0,0.0,True,True
b1CVu9l5GO,2025,1.0,1.125,1.0,1.0,True,True
b1ivBPLb1n,2025,-0.25,1.125,1.0,1.0,True,True
b20VK2GnSs,2025,1.0,1.125,1.0,0.0,True,True
b3CzCCCILJ,2025,0.0,1.125,1.0,0.0,True,True
b42wmsdwmB,2025,0.4000000000000003,1.125,1.0,1.0,True,True
b57IG6N20B,2025,0.5999999999999996,1.125,1.0,0.0,True,True
b5CEjE4zyL,2025,0.0,1.125,0.0,0.0,True,True
b5lXUwZiD3,2025,-0.75,1.125,0.0,0.0,True,True
b9rpcQxm5P,2025,-0.333333333333333,1.125,0.0,0.0,True,True
bAFVlpFQvT,2025,0.75,1.125,1.0,1.0,True,True
bAdSmSR10C,2025,-0.5,1.125,0.0,0.0,True,True
bB0OKNpznp,2025,0.0,1.125,1.0,1.0,True,True
bBoetBIN2R,2025,0.25,1.125,1.0,0.0,True,True
bDt5qc7TfO,2025,0.0,1.125,1.0,0.0,True,True
bEqI61iBue,2025,-0.333333333333333,1.125,1.0,0.0,True,True
bFHR8hNk4I,2025,0.333333333333333,1.125,1.0,0.0,True,True
bFYST1MaGh,2025,-0.75,1.125,0.0,0.0,True,True
bI3fcTsKW4,2025,0.25,1.125,1.0,0.0,True,True
bIlnpVM4bc,2025,0.666666666666667,1.125,1.0,7.0,True,True
bIup4xWg9K,2025,0.0,1.125,0.0,1.0,True,True
bKAqK7Bh7n,2025,-0.7999999999999998,1.125,0.0,2.0,True,True
bMC1t7eLRc,2025,0.5,1.125,1.0,3.0,True,True
bMvqccRmKD,2025,1.0,1.125,1.0,0.0,True,True
bR1J7SpzrD,2025,0.75,1.125,1.0,0.0,True,True
bS76qaGbel,2025,-0.333333333333333,1.125,0.0,0.0,True,True
bU1JOvdXXK,2025,0.0,1.125,1.0,0.0,True,True
bVTM2QKYuA,2025,0.75,1.125,1.0,3.0,True,True
bb2Cm6Xn6d,2025,-0.5,1.125,0.0,0.0,True,True
bc2H72hGxB,2025,0.7999999999999998,1.125,1.0,1.0,True,True
bc3sUsS6ck,2025,-0.25,1.125,1.0,0.0,True,True
bcynT7s2du,2025,0.333333333333333,1.125,1.0,0.0,True,True
beAlX6RjsW,2025,0.333333333333333,1.125,0.0,0.0,True,True
bfI8cp8qmk,2025,0.25,1.125,1.0,0.0,True,True
bfa58H1nQ8,2025,-0.333333333333333,1.125,1.0,1.0,True,True
bgk4O69SoL,2025,-1.0,1.125,0.0,0.0,True,True
bgpNJBD6Va,2025,-1.0,1.125,1.0,0.0,True,True
bhOysNJvWm,2025,-0.333333333333333,1.125,1.0,,True,False
bjcsVLoHYs,2025,0.5,1.125,1.0,2.0,True,True
blwWIKpwpL,2025,-0.5,1.125,0.0,0.0,True,True
bmrYu2Ekdz,2025,0.5,1.125,1.0,0.0,True,True
bnJgzAQjWf,2025,0.2000000000000001,1.125,1.0,0.0,True,True
bo36dzafRN,2025,-0.75,1.125,0.0,0.0,True,True
boz4LIvv3f,2025,-0.5,1.125,0.0,0.0,True,True
bqoHdVMIbt,2025,1.0,1.125,1.0,0.0,True,True
br4H61LOoI,2025,-0.25,1.125,1.0,0.0,True,True
br8YB7KMug,2025,1.0,1.125,1.0,1.0,True,True
bsFWJ0Kget,2025,0.25,1.125,1.0,0.0,True,True
bsnRUkVn63,2025,0.0,1.125,1.0,0.0,True,True
btaxn8Xce6,2025,-0.666666666666667,1.125,0.0,1.0,True,True
buxFBI6GG4,2025,-0.25,1.125,1.0,0.0,True,True
bwJxUB0y46,2025,0.0,1.125,1.0,0.0,True,True
bwOndfohRK,2025,0.0,1.125,1.0,0.0,True,True
bwhI6bCGY1,2025,0.25,1.125,1.0,0.0,True,True
c1Ng0f8ivn,2025,0.0,1.125,1.0,0.0,True,True
c1RhJVTPwT,2025,0.5,1.125,1.0,,True,False
c4OGMNyzPT,2025,0.5,1.125,1.0,,True,False
c4w1TqcSi0,2025,-0.5,1.125,0.0,0.0,True,True
c4wEKJOjY3,2025,-1.0,1.125,1.0,0.0,True,True
c54apoozCS,2025,0.25,1.125,1.0,0.0,True,True
c5JZEPyFUE,2025,0.5,1.125,1.0,0.0,True,True
c61unr33XA,2025,1.0,1.125,1.0,0.0,True,True
c6TDOPEQ0e,2025,-0.25,1.125,0.0,0.0,True,True
c6zI3Cp8c6,2025,0.25,1.125,1.0,0.0,True,True
c8QlNuhy2G,2025,-0.666666666666667,1.125,0.0,0.0,True,True
c9z65sDx6M,2025,0.5999999999999996,1.125,1.0,0.0,True,True
cADpvQgnqg,2025,-0.5,1.125,1.0,0.0,True,True
cCRlEvjrx4,2025,0.2000000000000001,1.125,1.0,0.0,True,True
cCl10IU836,2025,1.0,1.125,1.0,0.0,True,True
cDd7kg9mkP,2025,-0.5,1.125,0.0,0.0,True,True
cFu7ze7xUm,2025,0.333333333333333,1.125,1.0,2.0,True,True
cJPUpL8mOw,2025,0.0,1.125,1.0,2.0,True,True
cJQ1K2fjpD,2025,0.2000000000000001,1.125,1.0,0.0,True,True
cJd1BgZ9CS,2025,-1.0,1.125,1.0,0.0,True,True
cK7yrw5g5Q,2025,-0.75,1.125,0.0,0.0,True,True
cKlzKs3Nnb,2025,0.25,1.125,1.0,1.0,True,True
cLYvhd0pDY,2025,-0.5,1.125,0.0,3.0,True,True
cLtE4qoPlD,2025,1.0,1.125,1.0,0.0,True,True
cPD2hU35x3,2025,-0.2000000000000001,1.125,1.0,0.0,True,True
cPozlf9OaF,2025,0.666666666666667,1.125,1.0,2.0,True,True
cQCrBJHy0C,2025,-0.25,1.125,0.0,0.0,True,True
cR5GTis5II,2025,0.0,1.125,1.0,0.0,True,True
cRnCcuLvyr,2025,0.7999999999999998,1.125,1.0,1.0,True,True
cSHBZ4U9eO,2025,-1.0,1.125,0.0,3.0,True,True
cUFIil6hEG,2025,-0.25,1.125,1.0,0.0,True,True
cUN8lJB4rD,2025,0.5,1.125,1.0,,True,False
cUnqwFu5OO,2025,-1.0,1.125,0.0,0.0,True,True
cVyELMpMRS,2025,0.5,1.125,1.0,0.0,True,True
cWEfRkYj46,2025,0.0,1.125,1.0,0.0,True,True
cWGCkd7mCp,2025,1.0,1.125,1.0,1.0,True,True
cWfpt2t37q,2025,1.0,1.125,1.0,2.0,True,True
cZOPrf5WLu,2025,-0.666666666666667,1.125,0.0,0.0,True,True
cZWCjan02B,2025,0.833333333333333,1.125,1.0,0.0,True,True
cbttLtO94Q,2025,0.25,1.125,1.0,0.0,True,True
cd79pbXi4N,2025,1.0,1.125,1.0,0.0,True,True
cecIf0CKnH,2025,-0.333333333333333,1.125,0.0,0.0,True,True
cfn2O1qvxp,2025,0.0,1.125,1.0,1.0,True,True
chanJGoa7f,2025,1.0,1.125,1.0,2.0,True,True
chfJJYC3iL,2025,0.25,1.125,1.0,22.0,True,True
cho9iE9POr,2025,-0.5,1.125,0.0,0.0,True,True
cjJqU40nYS,2025,-0.25,1.125,1.0,1.0,True,True
cjlPAgNifc,2025,0.0,1.125,0.0,0.0,True,True
cmYScmfu4Q,2025,0.75,1.125,1.0,1.0,True,True
cojJ2s1e35,2025,-0.5,1.125,0.0,0.0,True,True
cpGPPLLYYx,2025,0.5,1.125,1.0,1.0,True,True
ctSjIlYN74,2025,-1.0,1.125,0.0,,True,False
cu8qfq62Lv,2025,-0.25,1.125,0.0,0.0,True,True
cuFnNExmdq,2025,-1.0,1.125,0.0,2.0,True,True
cuFzE8Jlvb,2025,0.666666666666667,1.125,1.0,0.0,True,True
cwuSAR7EKd,2025,0.0,1.125,1.0,1.0,True,True
cxKLRM3KhC,2025,-0.5,1.125,0.0,0.0,True,True
cyPMEXdqQ2,2025,0.5,1.125,1.0,0.0,True,True
d0tlL0ZWlu,2025,-0.4000000000000003,1.125,1.0,0.0,True,True
d16mJDyQN6,2025,0.5,1.125,1.0,0.0,True,True
d23EVDRJ6g,2025,0.0,1.125,1.0,0.0,True,True
d2H1oTNITn,2025,0.4000000000000003,1.125,1.0,,True,False
d2UrCGtntF,2025,0.5,1.125,1.0,0.0,True,True
d465apqCqc,2025,-0.4000000000000003,1.125,0.0,0.0,True,True
d4njmzM7jf,2025,0.25,1.125,1.0,0.0,True,True
d4qMoUSMLT,2025,0.0,1.125,1.0,0.0,True,True
d54fIsAbff,2025,-0.25,1.125,1.0,0.0,True,True
d63a4AM4hb,2025,1.0,1.125,1.0,3.0,True,True
d7q9IGj2p0,2025,0.666666666666667,1.125,1.0,0.0,True,True
d8cnezVcaW,2025,0.5,1.125,1.0,1.0,True,True
d8hYXbxX71,2025,0.5,1.125,1.0,0.0,True,True
d9BMHLXPrr,2025,-0.5,1.125,0.0,0.0,True,True
d9iHI1eimo,2025,0.0,1.125,1.0,0.0,True,True
dAeET8gxqg,2025,0.25,1.125,1.0,1.0,True,True
dCcY2pyNIO,2025,0.25,1.125,1.0,1.0,True,True
dDdxbdhMsY,2025,-1.0,1.125,0.0,0.0,True,True
dEg5SdGaiq,2025,0.0,1.125,1.0,0.0,True,True
dGSOn7sdWg,2025,0.5,1.125,1.0,0.0,True,True
dHYwfV2KeP,2025,-0.25,1.125,1.0,3.0,True,True
dI3IjAuu9V,2025,-0.5,1.125,0.0,0.0,True,True
dIK0EfZFO9,2025,0.0,1.125,0.0,2.0,True,True
dIZB7jeSUv,2025,-0.5,1.125,0.0,2.0,True,True
dIkpHooa2D,2025,0.75,1.125,1.0,0.0,True,True
dImD2sgy86,2025,0.5,1.125,1.0,0.0,True,True
dIoLjHet58,2025,-0.5,1.125,0.0,0.0,True,True
dNT3abOsLo,2025,0.5,1.125,1.0,1.0,True,True
dNunnVB4W6,2025,0.25,1.125,1.0,0.0,True,True
dQ2xiSIYzp,2025,0.0,1.125,1.0,0.0,True,True
dRz3cizftU,2025,0.0,1.125,1.0,1.0,True,True
dSneEp59yX,2025,0.0,1.125,1.0,0.0,True,True
dTGH9vUVdf,2025,-0.2000000000000001,1.125,1.0,0.0,True,True
dTPz4rEDok,2025,0.333333333333333,1.125,1.0,0.0,True,True
dTQmayPKMs,2025,0.333333333333333,1.125,0.0,1.0,True,True
dTkqaCKLPp,2025,0.0,1.125,1.0,0.0,True,True
dUCMO9lwSv,2025,-0.75,1.125,0.0,0.0,True,True
dWsdJAXjQD,2025,0.75,1.125,1.0,0.0,True,True
dXCpPgjTtd,2025,0.0,1.125,1.0,0.0,True,True
dYTjB86pcT,2025,-0.5,1.125,0.0,0.0,True,True
dZsjj4vQjl,2025,-1.0,1.125,0.0,0.0,True,True
daByonGVyo,2025,-1.0,1.125,0.0,0.0,True,True
daUQ7vmGap,2025,-0.25,1.125,1.0,0.0,True,True
dbiLOMgMm7,2025,0.25,1.125,0.0,1.0,True,True
dbuFJg7eaw,2025,1.0,1.125,1.0,0.0,True,True
dbwF3QFWGn,2025,-1.0,1.125,0.0,0.0,True,True
dcG17rjJF9,2025,-0.333333333333333,1.125,0.0,0.0,True,True
dd0rUW29tQ,2025,0.25,1.125,0.0,0.0,True,True
dd2CABUZaw,2025,-0.2000000000000001,1.125,0.0,1.0,True,True
dePB45VMFx,2025,-1.0,1.125,0.0,0.0,True,True
dgR6i4TSng,2025,0.0,1.125,1.0,,True,False
dh4t9qmcvK,2025,0.0,1.125,1.0,1.0,True,True
dh78yRFVK9,2025,-0.25,1.125,1.0,0.0,True,True
diKRhKs5yl,2025,-0.75,1.125,0.0,0.0,True,True
din0lGfZFd,2025,0.5,1.125,1.0,1.0,True,True
dj0TktJcVI,2025,0.25,1.125,1.0,0.0,True,True
dkoiAGjZV9,2025,0.0,1.125,1.0,0.0,True,True
dkrEoT68by,2025,0.0,1.125,1.0,0.0,True,True
dlUjNdybnq,2025,-0.5,1.125,0.0,0.0,True,True
dliIIodM6b,2025,0.0,1.125,1.0,0.0,True,True
dmCGjPFVhF,2025,0.0,1.125,1.0,0.0,True,True
dmzM5UdAq6,2025,-0.25,1.125,1.0,0.0,True,True
doBkiqESYq,2025,0.0,1.125,1.0,0.0,True,True
dqMqAaw7Sq,2025,1.0,1.125,1.0,0.0,True,True
du9reSRIo1,2025,-0.5,1.125,0.0,2.0,True,True
duCs92vmMc,2025,-0.25,1.125,0.0,0.0,True,True
duGygkA3QR,2025,0.5999999999999996,1.125,1.0,0.0,True,True
dug02AimLZ,2025,0.25,1.125,0.0,0.0,True,True
dw9VUsSHGB,2025,0.2000000000000001,1.125,1.0,0.0,True,True
dwQIVcW1du,2025,-0.7999999999999998,1.125,0.0,2.0,True,True
e0X9l4kecx,2025,0.5,1.125,1.0,0.0,True,True
e1ETy9XW0T,2025,-0.5,1.125,0.0,0.0,True,True
e2NRNQ0sZe,2025,0.25,1.125,1.0,0.0,True,True
e2ONKX6qzJ,2025,0.0,1.125,1.0,0.0,True,True
e32cI4r8Eo,2025,0.2857142857142856,1.125,1.0,3.0,True,True
e3odKmatZr,2025,-0.75,1.125,0.0,1.0,True,True
e4em5klSEw,2025,-0.75,1.125,0.0,0.0,True,True
e5jGTEiJMT,2025,1.0,1.125,1.0,0.0,True,True
e5mTvjXG9u,2025,0.0,1.125,1.0,0.0,True,True
e8qXTxMgPg,2025,0.5,1.125,1.0,0.0,True,True
e9yfCY7Q3U,2025,0.25,1.125,1.0,3.0,True,True
eAFNJk63KE,2025,-0.25,1.125,0.0,0.0,True,True
eB2QgsohdN,2025,-0.75,1.125,0.0,0.0,True,True
eB7T1bqthA,2025,-0.25,1.125,1.0,0.0,True,True
eC2ICbECNM,2025,0.0,1.125,1.0,0.0,True,True
eC2a2IndIt,2025,0.75,1.125,1.0,0.0,True,True
eE2PXlNydB,2025,0.0,1.125,1.0,1.0,True,True
eENHKMTOfW,2025,0.0,1.125,1.0,2.0,True,True
eFGQ97z5Cd,2025,0.666666666666667,1.125,1.0,1.0,True,True
eFoj2egr7G,2025,0.0,1.125,0.0,4.0,True,True
eGqQyTAbXC,2025,0.0,1.125,1.0,4.0,True,True
eHfq8Q3LeD,2025,-0.25,1.125,1.0,0.0,True,True
eI3hEAWe8W,2025,0.4000000000000003,1.125,0.0,0.0,True,True
eIFHoPsIkw,2025,-0.25,1.125,0.0,0.0,True,True
eIgGesYKLG,2025,0.5,1.125,1.0,0.0,True,True
eLLBILFRsA,2025,0.25,1.125,1.0,0.0,True,True
eLOuG5L42a,2025,-1.0,1.125,0.0,1.0,True,True
eN0RyRVbSm,2025,0.25,1.125,0.0,0.0,True,True
eNQp79A5Oz,2025,0.5999999999999996,1.125,1.0,0.0,True,True
eNbA8Fqir4,2025,0.0,1.125,1.0,0.0,True,True
eNjXcP6C0H,2025,0.25,1.125,1.0,0.0,True,True
ePEZvQNFDW,2025,-1.0,1.125,1.0,0.0,True,True
ePGheWbLPY,2025,-0.5,1.125,0.0,0.0,True,True
ePJrZLIqpV,2025,0.0,1.125,1.0,0.0,True,True
eU39PDsZtT,2025,0.5,1.125,1.0,0.0,True,True
eWNEqdH0vk,2025,-0.25,1.125,1.0,2.0,True,True
eXB5TCrAu9,2025,0.1666666666666669,1.125,1.0,0.0,True,True
eY5JNJE56i,2025,0.75,1.125,1.0,0.0,True,True
eZLckrDOom,2025,0.0,1.125,0.0,0.0,True,True
eaTqsptDPL,2025,-0.25,1.125,1.0,,True,False
eajZpoQkGK,2025,1.0,1.125,1.0,1.0,True,True
eb5pkwIB5i,2025,0.5,1.125,1.0,5.0,True,True
ecRyUAPshY,2025,-0.5999999999999996,1.125,0.0,2.0,True,True
ed7zI29lRF,2025,1.0,1.125,1.0,0.0,True,True
ee2c4MEx9l,2025,0.666666666666667,1.125,1.0,0.0,True,True
eeJz7eDWKO,2025,0.0,1.125,1.0,0.0,True,True
eePww5u7J3,2025,0.4000000000000003,1.125,1.0,0.0,True,True
egHptuv7hx,2025,-0.5,1.125,0.0,0.0,True,True
eghAocvqBk,2025,0.2000000000000001,1.125,1.0,0.0,True,True
ehr4oTe6XI,2025,-0.5,1.125,1.0,0.0,True,True
ei3qCntB66,2025,0.0,1.125,1.0,0.0,True,True
eifW0W0xgt,2025,0.0,1.125,0.0,14.0,True,True
eiqrnVaeIw,2025,-0.25,1.125,1.0,1.0,True,True
ejGAytoWoe,2025,0.0,1.125,0.0,2.0,True,True
emMMa4q0qw,2025,1.0,1.125,1.0,1.0,True,True
eoln5WgrPx,2025,0.5,1.125,1.0,1.0,True,True
epJorNF7MK,2025,-0.5,1.125,0.0,0.0,True,True
eqVu9eaVAB,2025,-0.5,1.125,0.0,0.0,True,True
erWwBoR59l,2025,0.0,1.125,1.0,0.0,True,True
etif9j1CnG,2025,0.5,1.125,1.0,0.0,True,True
ev2KNFmvux,2025,-0.7999999999999998,1.125,0.0,1.0,True,True
exgLs4snap,2025,1.0,1.125,1.0,0.0,True,True
exnoX9Iaik,2025,-0.75,1.125,0.0,0.0,True,True
eznTVIM3bs,2025,-0.75,1.125,1.0,0.0,True,True
f3jySJpEFT,2025,0.333333333333333,1.125,1.0,1.0,True,True
f4mQ2SU5tp,2025,-0.25,1.125,0.0,0.0,True,True
f5kwV2rdce,2025,-0.25,1.125,0.0,0.0,True,True
f65RuQgVlp,2025,0.25,1.125,1.0,0.0,True,True
f6r1mYwM1g,2025,-0.25,1.125,1.0,,True,False
f7O3hITh5s,2025,-0.25,1.125,1.0,1.0,True,True
f7WBRSuf9l,2025,-0.5,1.125,1.0,0.0,True,True
f92M45YRfh,2025,0.25,1.125,1.0,1.0,True,True
f9GURUHZQo,2025,-0.25,1.125,0.0,0.0,True,True
f9w89OY2cp,2025,-0.25,1.125,1.0,0.0,True,True
fBhgu6PsA7,2025,-0.1666666666666669,1.125,0.0,0.0,True,True
fCi4o83Mfs,2025,0.75,1.125,1.0,1.0,True,True
fD8Whiy7ca,2025,-0.5,1.125,0.0,,True,False
fDcn3S8oAt,2025,-0.75,1.125,0.0,0.0,True,True
fEEbTDoecM,2025,-0.7999999999999998,1.125,0.0,1.0,True,True
fKrFTGnoXY,2025,-0.666666666666667,1.125,0.0,,True,False
fL4qWkSmtM,2025,0.7999999999999998,1.125,1.0,2.0,True,True
fMNRYBvcQN,2025,0.75,1.125,1.0,0.0,True,True
fMOUybjbnO,2025,0.0,1.125,0.0,0.0,True,True
fMbLszVO1H,2025,0.75,1.125,1.0,0.0,True,True
fN8yLc3eA7,2025,0.0,1.125,1.0,0.0,True,True
fNMKqyvuZT,2025,0.75,1.125,1.0,0.0,True,True
fQbIZY9a3G,2025,-1.0,1.125,0.0,0.0,True,True
fRmfDqZ2yq,2025,-0.75,1.125,0.0,1.0,True,True
fUHoUXGUZp,2025,0.0,1.125,0.0,0.0,True,True
fWRBheSJth,2025,0.666666666666667,1.125,1.0,0.0,True,True
fXJCqdUSVG,2025,0.5,1.125,1.0,0.0,True,True
fXb9BbuyAD,2025,1.0,1.125,1.0,0.0,True,True
fXnE4gB64o,2025,0.5,1.125,1.0,0.0,True,True
faDMOmnsjx,2025,0.0,1.125,1.0,0.0,True,True
falBlwUsIH,2025,0.333333333333333,1.125,1.0,,True,False
fbqOEOqurU,2025,1.0,1.125,1.0,0.0,True,True
fd2u60ryG0,2025,1.0,1.125,1.0,0.0,True,True
fectsEG2GU,2025,0.25,1.125,1.0,1.0,True,True
fgaNjiijS1,2025,-0.25,1.125,0.0,0.0,True,True
fifXzmzeGy,2025,1.0,1.125,1.0,2.0,True,True
fjEZ2LPceZ,2025,0.75,1.125,1.0,0.0,True,True
fk4czNKXPC,2025,-1.0,1.125,0.0,3.0,True,True
fn36V5qsCw,2025,0.75,1.125,1.0,0.0,True,True
foKwWau15m,2025,0.0,1.125,0.0,0.0,True,True
fovPyqPcKY,2025,0.5,1.125,1.0,0.0,True,True
fp6t3F669F,2025,0.25,1.125,1.0,1.0,True,True
fpvgSDKXGY,2025,1.0,1.125,1.0,0.0,True,True
fq24pEb8SL,2025,0.0,1.125,1.0,0.0,True,True
frsg32u0rO,2025,0.5,1.125,1.0,0.0,True,True
fsDZwS49uY,2025,0.666666666666667,1.125,1.0,1.0,True,True
fsX9nFwMNj,2025,0.0,1.125,1.0,0.0,True,True
fswihJIYbd,2025,1.0,1.125,1.0,0.0,True,True
ftGnpZrW7P,2025,1.0,1.125,1.0,0.0,True,True
ftHNJmogT1,2025,-1.0,1.125,1.0,1.0,True,True
fuoM5YDBX4,2025,0.0,1.125,1.0,0.0,True,True
fv8TTt9srF,2025,0.75,1.125,1.0,0.0,True,True
fv9XU7CyN2,2025,-0.25,1.125,1.0,0.0,True,True
fvUVe2gJh0,2025,-0.666666666666667,1.125,0.0,0.0,True,True
fvkElsJOsN,2025,0.5999999999999996,1.125,1.0,0.0,True,True
fyl82vAale,2025,-0.5,1.125,0.0,0.0,True,True
fzbmTawTUB,2025,-0.5,1.125,0.0,0.0,True,True
g0Doz4IRHU,2025,-1.0,1.125,0.0,1.0,True,True
g0rnZeBguq,2025,0.333333333333333,1.125,1.0,,True,False
g1fkhbhHjL,2025,1.0,1.125,1.0,0.0,True,True
g3VCIM94ke,2025,0.666666666666667,1.125,1.0,,True,False
g3nxy8N3bQ,2025,-0.5,1.125,0.0,0.0,True,True
g6Qc3p7JH5,2025,-0.2000000000000001,1.125,1.0,0.0,True,True
g6fYDGKeyB,2025,0.0,1.125,0.0,3.0,True,True
g6syfIrVuS,2025,1.0,1.125,1.0,1.0,True,True
g6v09VxgFw,2025,-0.75,1.125,1.0,0.0,True,True
g7xZkiHcGO,2025,-1.0,1.125,0.0,0.0,True,True
g90RNzs8wX,2025,0.5,1.125,1.0,2.0,True,True
gDcL7cgZBt,2025,1.0,1.125,1.0,0.0,True,True
gFvRRCnQvX,2025,0.4000000000000003,1.125,1.0,1.0,True,True
gJG4IPwg6l,2025,0.25,1.125,1.0,0.0,True,True
gK1rl98VRp,2025,0.0,1.125,1.0,0.0,True,True
gLa96FlWwn,2025,1.0,1.125,1.0,1.0,True,True
gLkmW0cfcI,2025,-0.5,1.125,0.0,0.0,True,True
gNxvs5pUdu,2025,0.0,1.125,1.0,0.0,True,True
gQoBw7sGAu,2025,0.2000000000000001,1.125,1.0,,True,False
gRbWCGCFBz,2025,-0.5,1.125,0.0,0.0,True,True
gRmWtOnTLK,2025,0.7999999999999998,1.125,1.0,0.0,True,True
gU4ZgQNsOC,2025,0.0,1.125,1.0,1.0,True,True
gVVoZtiQlt,2025,-1.0,1.125,0.0,0.0,True,True
gVkX9QMBO3,2025,0.25,1.125,1.0,0.0,True,True
gVnJFY8nCM,2025,0.25,1.125,1.0,0.0,True,True
gWHQQagPbN,2025,-0.2000000000000001,1.125,0.0,1.0,True,True
gWqFbnKsqR,2025,0.666666666666667,1.125,1.0,0.0,True,True
gWrWUaCbMa,2025,-0.333333333333333,1.125,1.0,0.0,True,True
gY08Ou8EL7,2025,1.0,1.125,1.0,0.0,True,True
gYNBQygmXG,2025,0.1666666666666669,1.125,0.0,0.0,True,True
gZky2pakRK,2025,0.25,1.125,0.0,1.0,True,True
gcouwCx7dG,2025,-0.25,1.125,1.0,0.0,True,True
gdHtZlaaSo,2025,0.2000000000000001,1.125,1.0,0.0,True,True
gfI9v7AbFg,2025,-0.5999999999999996,1.125,1.0,0.0,True,True
gg6dPtdC1C,2025,-0.25,1.125,1.0,1.0,True,True
gjC3QvVh1U,2025,0.25,1.125,0.0,1.0,True,True
gjRhw5S3A4,2025,1.0,1.125,1.0,0.0,True,True
gjwhDHeAsz,2025,0.5,1.125,1.0,2.0,True,True
gkDRrvqeWF,2025,-0.5,1.125,0.0,1.0,True,True
gkUyYcY1W9,2025,0.5,1.125,1.0,0.0,True,True
glWOsse3TL,2025,-0.5,1.125,0.0,0.0,True,True
goBaGHLAdP,2025,-0.333333333333333,1.125,1.0,0.0,True,True
goFpCuJalN,2025,0.7999999999999998,1.125,1.0,0.0,True,True
gp32jvUquq,2025,0.5,1.125,1.0,1.0,True,True
gqbbL7k8BF,2025,-0.4000000000000003,1.125,1.0,0.0,True,True
gqeXXrIMr0,2025,0.0,1.125,1.0,0.0,True,True
grM2Yv49cI,2025,0.0,1.125,1.0,0.0,True,True
gsShHPxkUW,2025,-0.25,1.125,1.0,0.0,True,True
gx1wHnf5Vp,2025,0.25,1.125,1.0,0.0,True,True
gx3LMRB15C,2025,0.25,1.125,1.0,0.0,True,True
gyHoR6uFhU,2025,0.25,1.125,1.0,0.0,True,True
gzmInLJSoW,2025,-1.0,1.125,0.0,0.0,True,True
h0Ak8A5yqw,2025,1.0,1.125,1.0,0.0,True,True
h0jdAboh0o,2025,-0.5,1.125,1.0,1.0,True,True
h1XoHOd19I,2025,-0.75,1.125,1.0,0.0,True,True
h2Q3gOIz8q,2025,-0.5,1.125,0.0,1.0,True,True
h3wbI8Uk1Z,2025,-0.5,1.125,1.0,1.0,True,True
h51mpl8Tyx,2025,0.2000000000000001,1.125,1.0,0.0,True,True
h6ktwCPYxE,2025,0.0,1.125,1.0,0.0,True,True
h71cSd2loX,2025,-0.5,1.125,0.0,0.0,True,True
h7EwIfjxgn,2025,0.75,1.125,1.0,0.0,True,True
h7GAgbLSmC,2025,1.0,1.125,1.0,0.0,True,True
h7Qz1ulnvF,2025,-0.25,1.125,1.0,,True,False
h7aQxzKbq6,2025,0.0,1.125,1.0,1.0,True,True
h7fZvaU93L,2025,-0.5,1.125,0.0,0.0,True,True
hDBrQ4DApF,2025,1.0,1.125,1.0,4.0,True,True
hIKsem01M5,2025,-1.0,1.125,0.0,1.0,True,True
hJIEtJlvhL,2025,1.0,1.125,1.0,0.0,True,True
hJVdwBpWjt,2025,-0.666666666666667,1.125,1.0,5.0,True,True
hL5jone2Oh,2025,0.25,1.125,1.0,3.0,True,True
hLZEbvDYhz,2025,-0.5,1.125,0.0,0.0,True,True
hLwcNSFhC2,2025,0.0,1.125,1.0,1.0,True,True
hOELrZfg0J,2025,0.0,1.125,1.0,0.0,True,True
hPOt3yUXii,2025,1.0,1.125,1.0,0.0,True,True
hPWWXpCaJ7,2025,0.0,1.125,1.0,0.0,True,True
hPpyUv1XyQ,2025,-0.75,1.125,1.0,,True,False
hQvX9MBowC,2025,0.25,1.125,1.0,0.0,True,True
hRwxZmcvW9,2025,0.0,1.125,1.0,0.0,True,True
hSZaCIznB2,2025,0.0,1.125,1.0,0.0,True,True
hTphfqtafO,2025,0.333333333333333,1.125,1.0,2.0,True,True
hUD9ugK2OH,2025,-0.25,1.125,0.0,0.0,True,True
hUdLs6TqZL,2025,0.0,1.125,1.0,0.0,True,True
hVTaXJ0I5M,2025,0.75,1.125,1.0,0.0,True,True
hWmwL9gizZ,2025,1.0,1.125,1.0,3.0,True,True
hXA8wqRdyV,2025,0.1428571428571432,1.125,1.0,7.0,True,True
hXJrQWIoR3,2025,-0.25,1.125,0.0,0.0,True,True
hXm0Wu2U9K,2025,0.4000000000000003,1.125,1.0,0.0,True,True
hYU0P4Wlj9,2025,0.25,1.125,0.0,0.0,True,True
hYd6BCZTzg,2025,0.25,1.125,0.0,1.0,True,True
haJHr4UsQX,2025,0.666666666666667,1.125,1.0,0.0,True,True
hgBVVAJ1ym,2025,-0.666666666666667,1.125,0.0,0.0,True,True
hgTFotBRKl,2025,0.0,1.125,1.0,1.0,True,True
hgagmZSAb9,2025,-0.333333333333333,1.125,0.0,0.0,True,True
hgwGi81ndj,2025,0.7999999999999998,1.125,1.0,0.0,True,True
hheFYjOsWO,2025,0.75,1.125,1.0,0.0,True,True
hj323oR3rw,2025,0.0,1.125,1.0,0.0,True,True
hjROBHstZ3,2025,-0.2000000000000001,1.125,1.0,0.0,True,True
hkdqxN3c7t,2025,0.666666666666667,1.125,1.0,0.0,True,True
hlvLM3GX8R,2025,-0.666666666666667,1.125,1.0,,True,False
hmDt068MoZ,2025,0.0,1.125,1.0,0.0,True,True
hmvCXDzPUR,2025,-0.5,1.125,0.0,0.0,True,True
hoYFLRNbhc,2025,0.5,1.125,1.0,1.0,True,True
hovDbX4Gh6,2025,0.0,1.125,1.0,0.0,True,True
hpeyWG1PP6,2025,-0.25,1.125,1.0,0.0,True,True
hrOlBgHsMI,2025,0.333333333333333,1.125,1.0,1.0,True,True
hsMkpzr9Oy,2025,-0.5999999999999996,1.125,0.0,1.0,True,True
htDczodFN5,2025,0.5,1.125,1.0,0.0,True,True
htX7AoHyln,2025,0.5,1.125,1.0,,True,False
huo8MqVH6t,2025,0.0,1.125,1.0,0.0,True,True
huuKoVQnB0,2025,0.0,1.125,1.0,3.0,True,True
hzVpZDrW73,2025,0.0,1.125,1.0,0.0,True,True
i0e0OMK8xM,2025,-0.5,1.125,0.0,1.0,True,True
i1NNCrRxdM,2025,1.0,1.125,1.0,0.0,True,True
i2r7LDjba3,2025,0.7999999999999998,1.125,1.0,2.0,True,True
i3QV4XgsLA,2025,-0.7999999999999998,1.125,0.0,0.0,True,True
i3T0wvQDKg,2025,-0.2000000000000001,1.125,1.0,0.0,True,True
i3e92uSZCp,2025,1.0,1.125,1.0,0.0,True,True
i45NQb2iKO,2025,0.5,1.125,1.0,1.0,True,True
i55KTmMb4I,2025,-0.5,1.125,0.0,0.0,True,True
i5MrJ6g5G1,2025,-0.75,1.125,1.0,1.0,True,True
i7jAYFYDcM,2025,1.0,1.125,1.0,,True,False
i7yL7VJx4H,2025,-0.75,1.125,0.0,0.0,True,True
i8IwcQBi74,2025,0.75,1.125,1.0,0.0,True,True
i8LCUpKvAz,2025,1.0,1.125,1.0,0.0,True,True
i8dYPGdB1C,2025,0.7999999999999998,1.125,1.0,0.0,True,True
i8vPRlsrYu,2025,1.0,1.125,1.0,1.0,True,True
iAK9oHp4Zz,2025,0.5,1.125,1.0,2.0,True,True
iAmR7FfMmq,2025,-0.5,1.125,1.0,2.0,True,True
iBExhaU3Lc,2025,1.0,1.125,1.0,1.0,True,True
iBS5SmeofT,2025,-0.25,1.125,0.0,0.0,True,True
iDe1mtxqK5,2025,1.0,1.125,1.0,3.0,True,True
iEfdvDTcZg,2025,0.25,1.125,1.0,0.0,True,True
iF06WjHnNj,2025,0.0,1.125,1.0,0.0,True,True
iFK0xoceR0,2025,0.25,1.125,1.0,0.0,True,True
iG7qH9Kdao,2025,-1.0,1.125,0.0,0.0,True,True
iGX0lwpUYj,2025,-1.0,1.125,0.0,0.0,True,True
iGafR0hSln,2025,0.0,1.125,1.0,0.0,True,True
iGbuc9ekKK,2025,-0.25,1.125,1.0,2.0,True,True
iIGNrDwDuP,2025,-0.75,1.125,0.0,0.0,True,True
iJi7nz5Cxc,2025,1.0,1.125,1.0,0.0,True,True
iKDbLpVgQc,2025,-0.2000000000000001,1.125,1.0,1.0,True,True
iKgQOAtvsD,2025,-0.25,1.125,0.0,0.0,True,True
iMJpmcYucq,2025,0.25,1.125,1.0,0.0,True,True
iNmVX9lx9l,2025,0.5,1.125,1.0,0.0,True,True
iOMnn1hSBO,2025,0.7999999999999998,1.125,1.0,0.0,True,True
iR5qF9N1Ge,2025,-0.2000000000000001,1.125,0.0,1.0,True,True
iReypJFqa1,2025,-0.5,1.125,0.0,1.0,True,True
iTm4H6N4aG,2025,0.25,1.125,1.0,1.0,True,True
iVMcYxTiVM,2025,1.0,1.125,1.0,0.0,True,True
iVxxgZlXh6,2025,-0.75,1.125,1.0,2.0,True,True
iWSl5Zyjjw,2025,-1.0,1.125,1.0,0.0,True,True
iX3uESGdsO,2025,0.0,1.125,1.0,0.0,True,True
iXCeQ2m6vT,2025,0.7999999999999998,1.125,1.0,0.0,True,True
iXbUquaWbl,2025,0.5,1.125,1.0,0.0,True,True
iYkhxre0In,2025,0.0,1.125,1.0,0.0,True,True
iZI1vCiTTA,2025,-1.0,1.125,0.0,0.0,True,True
iZeQBqJamf,2025,0.5,1.125,1.0,3.0,True,True
iZl0VqEdxa,2025,-0.25,1.125,1.0,0.0,True,True
iaP7yHRq1l,2025,-0.5,1.125,1.0,0.0,True,True
icDoYdUhRa,2025,-0.5,1.125,1.0,0.0,True,True
iezDdA9oeB,2025,1.0,1.125,1.0,,True,False
ig2wk7kK9J,2025,0.75,1.125,1.0,4.0,True,True
igpiMCYEjM,2025,-0.25,1.125,0.0,1.0,True,True
ih3BJmIZbC,2025,0.7999999999999998,1.125,1.0,0.0,True,True
ihHeqPLRDk,2025,-0.5,1.125,0.0,3.0,True,True
iiDioAxYah,2025,-0.4000000000000003,1.125,0.0,0.0,True,True
ijFdq8uqki,2025,-1.0,1.125,0.0,1.0,True,True
il5yUQsrjC,2025,1.0,1.125,1.0,1.0,True,True
ilOEOIqolQ,2025,1.0,1.125,1.0,1.0,True,True
imT03YXlG2,2025,0.5,1.125,1.0,1.0,True,True
in0Nmo8Ojd,2025,-0.5,1.125,0.0,0.0,True,True
inLUnCpDIB,2025,0.0,1.125,1.0,0.0,True,True
io8uRPYktn,2025,1.0,1.125,1.0,0.0,True,True
ipQrjRsl11,2025,0.2000000000000001,1.125,1.0,0.0,True,True
iqd8aHKwGA,2025,-0.333333333333333,1.125,0.0,0.0,True,True
irPcM6X5FV,2025,0.0,1.125,1.0,0.0,True,True
ispjankYab,2025,0.7999999999999998,1.125,1.0,0.0,True,True
iuTyzHnvP4,2025,-0.333333333333333,1.125,0.0,1.0,True,True
iuqprf3GuR,2025,-1.0,1.125,0.0,1.0,True,True
iyJOUELYir,2025,0.25,1.125,1.0,0.0,True,True
iylpeTI0Ql,2025,0.0,1.125,1.0,0.0,True,True
izjNI5bcOV,2025,0.25,1.125,1.0,1.0,True,True
j1tSLYKwg8,2025,0.25,1.125,1.0,0.0,True,True
j3cBYvwyQT,2025,-0.75,1.125,0.0,0.0,True,True
j4gzziSUr0,2025,1.0,1.125,1.0,0.0,True,True
j4s6V1dl8m,2025,0.0,1.125,0.0,2.0,True,True
j6GIg0peoS,2025,-0.5,1.125,0.0,2.0,True,True
j6fsbpAllN,2025,0.0,1.125,1.0,0.0,True,True
j7kdXSrISM,2025,1.0,1.125,1.0,2.0,True,True
j87C29mAZl,2025,-0.333333333333333,1.125,0.0,0.0,True,True
j8WHjM9aMm,2025,0.0,1.125,1.0,1.0,True,True
j964C6y92q,2025,0.0,1.125,1.0,0.0,True,True
j9VVzueEbG,2025,1.0,1.125,1.0,0.0,True,True
jBBjZp0EVs,2025,-0.75,1.125,0.0,0.0,True,True
jBatISjqSn,2025,-0.25,1.125,0.0,1.0,True,True
jDpdQPMosW,2025,0.25,1.125,1.0,0.0,True,True
jDsmB4o5S0,2025,0.0,1.125,1.0,0.0,True,True
jE5ZbtMtcU,2025,0.0,1.125,1.0,0.0,True,True
jIOBhZO1ax,2025,-0.5,1.125,0.0,,True,False
jJXZvPe5z0,2025,0.666666666666667,1.125,1.0,0.0,True,True
jKcZ4hF4s5,2025,0.0,1.125,1.0,0.0,True,True
jMffFIWHic,2025,-0.5,1.125,0.0,0.0,True,True
jQ5T1Pbnx7,2025,-0.25,1.125,0.0,0.0,True,True
jQP5o1VAVc,2025,-0.25,1.125,1.0,1.0,True,True
jRZ1ZeenZ6,2025,-1.0,1.125,0.0,0.0,True,True
jTEKTdI3K9,2025,0.2000000000000001,1.125,1.0,1.0,True,True
jUxzh1bi3i,2025,-0.25,1.125,0.0,0.0,True,True
jVDPq9EdzT,2025,0.5,1.125,1.0,0.0,True,True
jWQf6jk55V,2025,0.0,1.125,0.0,0.0,True,True
jY5oml9fe9,2025,0.0,1.125,1.0,0.0,True,True
jZVNmDiU86,2025,-0.4000000000000003,1.125,0.0,1.0,True,True
jZwwMxG8PO,2025,0.666666666666667,1.125,1.0,0.0,True,True
jdpELUL0T6,2025,-1.0,1.125,0.0,0.0,True,True
jfwe9qNqRi,2025,0.7999999999999998,1.125,1.0,0.0,True,True
jiKefvNp01,2025,-0.75,1.125,0.0,0.0,True,True
jj7b3p5kLY,2025,0.5999999999999996,1.125,1.0,0.0,True,True
jjCB27TMK3,2025,0.5,1.125,1.0,2.0,True,True
jjfve2gIXe,2025,0.5,1.125,1.0,0.0,True,True
jkVQ31GeIA,2025,-0.5,1.125,0.0,1.0,True,True
jki6EFsZLw,2025,0.0,1.125,1.0,0.0,True,True
jkpGIxSsUD,2025,-0.5,1.125,1.0,0.0,True,True
jlhBFm7T2J,2025,0.5,1.125,1.0,0.0,True,True
jmN1zXMq0O,2025,0.5,1.125,1.0,0.0,True,True
jpSLXoRKnH,2025,0.25,1.125,1.0,,True,False
jqAqZhEMsk,2025,-1.0,1.125,0.0,1.0,True,True
jqVj8vCQsT,2025,-0.4000000000000003,1.125,1.0,0.0,True,True
jqmptcSNVG,2025,0.2000000000000001,1.125,1.0,1.0,True,True
jsBhmOCKYs,2025,-0.2000000000000001,1.125,1.0,0.0,True,True
jt1h2dnmng,2025,0.25,1.125,1.0,,True,False
jt8wI3ZzXG,2025,-0.5,1.125,0.0,0.0,True,True
juKVq5dWTR,2025,0.75,1.125,1.0,0.0,True,True
juxbsQEuTZ,2025,-0.666666666666667,1.125,0.0,1.0,True,True
jw2fC6REUB,2025,0.4000000000000003,1.125,1.0,,True,False
jw7P4MHLWw,2025,-0.2000000000000001,1.125,1.0,0.0,True,True
jwsPS8yRe4,2025,0.0,1.125,1.0,0.0,True,True
jxo70B9fQo,2025,0.0,1.125,1.0,0.0,True,True
k03mB41vyM,2025,0.5,1.125,1.0,0.0,True,True
k2ZVAzVeMP,2025,1.0,1.125,1.0,0.0,True,True
k2uUeLCrQq,2025,0.75,1.125,1.0,0.0,True,True
k3y0oyK7sn,2025,-0.5999999999999996,1.125,1.0,0.0,True,True
k5VHHgsRbi,2025,0.7999999999999998,1.125,1.0,1.0,True,True
kFNxjehevx,2025,-0.75,1.125,0.0,0.0,True,True
kFoJXqiGKz,2025,0.0,1.125,0.0,0.0,True,True
kGvXIlIVLM,2025,1.0,1.125,1.0,0.0,True,True
kJ2dAv7jKy,2025,-0.75,1.125,0.0,0.0,True,True
kJ5H7oGT2M,2025,1.0,1.125,1.0,0.0,True,True
kKILfPkhSz,2025,0.5,1.125,1.0,1.0,True,True
kMT8ujhYbA,2025,-0.666666666666667,1.125,0.0,2.0,True,True
kN25ggeq1J,2025,-0.333333333333333,1.125,1.0,0.0,True,True
kN6MFmKUSK,2025,1.0,1.125,1.0,3.0,True,True
kNHVViEPWK,2025,0.5,1.125,1.0,0.0,True,True
kO0DgO07hW,2025,0.5,1.125,1.0,0.0,True,True
kOJf7Dklyv,2025,0.4000000000000003,1.125,1.0,1.0,True,True
kPC83HK4br,2025,0.5,1.125,1.0,0.0,True,True
kPlePgo1Nw,2025,-0.5,1.125,0.0,5.0,True,True
kQ5s9Yh0WI,2025,0.0,1.125,1.0,2.0,True,True
kQCHCkNk7s,2025,0.25,1.125,1.0,0.0,True,True
kRBQwlkFSP,2025,0.75,1.125,1.0,0.0,True,True
kS27PPs3yR,2025,-1.0,1.125,0.0,0.0,True,True
kSBIEkHzon,2025,-0.75,1.125,0.0,0.0,True,True
kSdWcw5mkp,2025,-0.25,1.125,1.0,2.0,True,True
kSvoX0xdlO,2025,-0.75,1.125,1.0,0.0,True,True
kTXChtaaNO,2025,0.25,1.125,1.0,0.0,True,True
kUH1yPMAn7,2025,0.0,1.125,1.0,2.0,True,True
kVlfYvIqaK,2025,0.0,1.125,1.0,0.0,True,True
kVrwHLAb20,2025,0.5,1.125,1.0,0.0,True,True
kWGHZuW5yJ,2025,-0.25,1.125,0.0,0.0,True,True
kWRKNDU6uN,2025,0.7999999999999998,1.125,1.0,1.0,True,True
kYwTmlq6Vn,2025,0.25,1.125,1.0,3.0,True,True
kZvor5aaz7,2025,0.25,1.125,1.0,0.0,True,True
kat8uANDlU,2025,-0.4000000000000003,1.125,0.0,0.0,True,True
kbOAIXKWgx,2025,0.5,1.125,1.0,0.0,True,True
kbm6tsICar,2025,0.5,1.125,1.0,0.0,True,True
kcmK2utDhu,2025,-0.2000000000000001,1.125,0.0,1.0,True,True
keu6sxrPWn,2025,1.0,1.125,1.0,1.0,True,True
kfsgz2Ldd7,2025,-0.5999999999999996,1.125,0.0,2.0,True,True
kiOxNsrpQy,2025,0.0,1.125,1.0,0.0,True,True
kjmLabjSE2,2025,0.75,1.125,1.0,0.0,True,True
kmgrlG9TR0,2025,0.0,1.125,1.0,0.0,True,True
kpL66Mvd2a,2025,-0.5,1.125,0.0,1.0,True,True
kpnW12Lm9p,2025,0.666666666666667,1.125,1.0,1.0,True,True
kqSmedTcgb,2025,-1.0,1.125,0.0,2.0,True,True
kqdNvAhJrJ,2025,0.25,1.125,0.0,,True,False
ksBhCsSUaE,2025,0.25,1.125,0.0,0.0,True,True
kuYxecnlv2,2025,0.5,1.125,1.0,0.0,True,True
kvLenbZZgg,2025,0.25,1.125,1.0,0.0,True,True
kvN8MJTOCM,2025,-0.5,1.125,0.0,0.0,True,True
kwY3eL3QVh,2025,-0.5,1.125,0.0,0.0,True,True
kws76i5XB8,2025,0.2000000000000001,1.125,1.0,0.0,True,True
ky7vVlBQBY,2025,0.666666666666667,1.125,1.0,0.0,True,True
kynD1UUk6q,2025,0.75,1.125,1.0,0.0,True,True
l0ZzTvPfTw,2025,0.5,1.125,1.0,0.0,True,True
l0fn10vSyM,2025,1.0,1.125,1.0,0.0,True,True
l0gZS0sAlf,2025,-0.2000000000000001,1.125,1.0,0.0,True,True
l0t2rumAvR,2025,0.25,1.125,1.0,0.0,True,True
l0tg0jzsdL,2025,0.25,1.125,1.0,1.0,True,True
l11DZY5Nxu,2025,0.5,1.125,1.0,0.0,True,True
l1raPjOUPA,2025,0.0,1.125,0.0,0.0,True,True
l2izo0z7gu,2025,0.25,1.125,1.0,1.0,True,True
l30moNjSY9,2025,0.0,1.125,1.0,0.0,True,True
l3YIMopcR9,2025,-0.7999999999999998,1.125,0.0,0.0,True,True
l49uZcEIcq,2025,0.0,1.125,0.0,1.0,True,True
l6K688mhDT,2025,0.25,1.125,0.0,0.0,True,True
l8zRnvD95l,2025,0.0,1.125,1.0,0.0,True,True
lAXlDAdan5,2025,0.0,1.125,0.0,0.0,True,True
lBOvXyzQis,2025,-0.5,1.125,0.0,0.0,True,True
lBntjGbyv0,2025,0.5,1.125,1.0,0.0,True,True
lCasyP21Bf,2025,0.4000000000000003,1.125,1.0,0.0,True,True
lE9s40eZgJ,2025,-0.25,1.125,0.0,0.0,True,True
lFijzkTUNB,2025,-1.0,1.125,0.0,0.0,True,True
lGWaAIC9gU,2025,-0.5,1.125,0.0,0.0,True,True
lHSeDYamnz,2025,0.2000000000000001,1.125,1.0,2.0,True,True
lHbLpwbEyt,2025,0.0,1.125,1.0,0.0,True,True
lILEtkWOXD,2025,-0.25,1.125,1.0,0.0,True,True
lIVRgt4nLv,2025,0.0,1.125,1.0,2.0,True,True
lJ66m0ibQL,2025,0.0,1.125,1.0,0.0,True,True
lJcSDsGgYH,2025,-0.5,1.125,0.0,0.0,True,True
lLkgj7FEtZ,2025,0.5,1.125,1.0,1.0,True,True
lOTfiKt4Gc,2025,-1.0,1.125,0.0,,True,False
lOi6FtIwR8,2025,0.666666666666667,1.125,1.0,0.0,True,True
lPJUQsSIxm,2025,0.333333333333333,1.125,1.0,0.0,True,True
lQYi2zeDyh,2025,-1.0,1.125,0.0,0.0,True,True
lR7rqLtsXZ,2025,-0.25,1.125,0.0,1.0,True,True
lRTDMGYCpy,2025,-0.25,1.125,0.0,0.0,True,True
lS2SGfWizd,2025,0.25,1.125,1.0,0.0,True,True
lVp97zZ5i8,2025,0.0,1.125,1.0,0.0,True,True
lW0ZndAimF,2025,1.0,1.125,1.0,0.0,True,True
lWGXftRS5h,2025,-1.0,1.125,0.0,1.0,True,True
lXE5lB6ppV,2025,-0.25,1.125,1.0,0.0,True,True
lXv9DTw650,2025,-0.5,1.125,0.0,0.0,True,True
lYRkGZZi9D,2025,1.0,1.125,1.0,0.0,True,True
lYongcxaNz,2025,-0.5999999999999996,1.125,0.0,0.0,True,True
lbj0i29Z92,2025,-1.0,1.125,0.0,2.0,True,True
ldGz1DSut1,2025,0.5,1.125,0.0,0.0,True,True
ldVkAO09Km,2025,0.5,1.125,1.0,0.0,True,True
le4IoZZHy1,2025,0.2000000000000001,1.125,1.0,0.0,True,True
leACdxBEgv,2025,0.666666666666667,1.125,1.0,0.0,True,True
leJWwts8P9,2025,-0.75,1.125,0.0,0.0,True,True
leSbzBtofH,2025,0.1666666666666669,1.125,0.0,0.0,True,True
lessla98Wp,2025,-1.0,1.125,0.0,0.0,True,True
lfPkGWXLLf,2025,0.666666666666667,1.125,1.0,1.0,True,True
lfRYzd8ady,2025,0.666666666666667,1.125,1.0,,True,False
lhLQpS33YL,2025,-0.666666666666667,1.125,0.0,0.0,True,True
lidVssyB7G,2025,-0.75,1.125,0.0,0.0,True,True
lirR6Wfkd6,2025,0.0,1.125,0.0,0.0,True,True
ljAS7cPAU0,2025,-0.333333333333333,1.125,1.0,0.0,True,True
lja4JMesmC,2025,0.25,1.125,0.0,1.0,True,True
lk2Qk5xjeu,2025,1.0,1.125,1.0,1.0,True,True
ll2nz6qwRG,2025,-0.1666666666666669,1.125,1.0,0.0,True,True
llSiIJosDj,2025,1.0,1.125,1.0,0.0,True,True
lmKJ1b6PaL,2025,0.7999999999999998,1.125,1.0,0.0,True,True
lo3nlFHOft,2025,0.666666666666667,1.125,1.0,0.0,True,True
lpwS5T1jFb,2025,-0.75,1.125,0.0,2.0,True,True
lqHv6dxBkj,2025,-0.333333333333333,1.125,1.0,1.0,True,True
lqid8idmeG,2025,-0.75,1.125,0.0,,True,False
lrmWjWqUJn,2025,-0.333333333333333,1.125,0.0,0.0,True,True
ltrxRX5t0H,2025,1.0,1.125,1.0,,True,False
lvDHfy169r,2025,-0.25,1.125,0.0,0.0,True,True
lwcnZmyojm,2025,-0.7999999999999998,1.125,0.0,1.0,True,True
lxu8Vz6cLs,2025,0.0,1.125,1.0,0.0,True,True
lydPkW4lfz,2025,0.25,1.125,1.0,0.0,True,True
m08aK3xxdJ,2025,0.25,1.125,1.0,1.0,True,True
m2gVfgWYDO,2025,0.333333333333333,1.125,1.0,,True,False
m3KuuE2ozw,2025,0.0,1.125,1.0,,True,False
m4eXBo0VNc,2025,-0.25,1.125,1.0,0.0,True,True
m60n31iYMw,2025,-0.25,1.125,0.0,0.0,True,True
m73tETvFkX,2025,0.5,1.125,1.0,0.0,True,True
m8Rk3HLGFx,2025,-0.1428571428571432,1.125,1.0,0.0,True,True
m8yby1JfbU,2025,0.5,1.125,1.0,,True,False
mAmCdASmJ5,2025,0.5,1.125,1.0,0.0,True,True
mDEYl0Ucgr,2025,-0.75,1.125,0.0,,True,False
mDKxlfraAn,2025,0.4000000000000003,1.125,1.0,0.0,True,True
mEACsjW10N,2025,-0.5,1.125,0.0,0.0,True,True
mEpqHvbD2h,2025,0.5,1.125,1.0,1.0,True,True
mFY0tPDWK8,2025,0.25,1.125,1.0,0.0,True,True
mGSQLuYxVF,2025,-0.4000000000000003,1.125,0.0,0.0,True,True
mIjblC9hfm,2025,0.5,1.125,1.0,0.0,True,True
mIl15VP7vt,2025,0.5,1.125,0.0,,True,False
mLyyB4le5u,2025,0.0,1.125,1.0,0.0,True,True
mMhZS7qt0U,2025,-0.25,1.125,1.0,1.0,True,True
mMzp3ImIco,2025,-0.666666666666667,1.125,0.0,0.0,True,True
mNVR9jJYqK,2025,0.25,1.125,1.0,0.0,True,True
mP7uV59iJM,2025,0.4000000000000003,1.125,1.0,1.0,True,True
mPdmDYIQ7f,2025,0.0,1.125,1.0,3.0,True,True
mQ55y4s5hj,2025,0.0,1.125,1.0,,True,False
mTCbq2QssD,2025,0.5,1.125,1.0,1.0,True,True
mTgMLy2iPt,2025,-0.5,1.125,0.0,0.0,True,True
mUMvr33FTu,2025,0.25,1.125,1.0,0.0,True,True
mUXdysoxEP,2025,0.75,1.125,1.0,0.0,True,True
mUbYof5MKp,2025,0.0,1.125,1.0,0.0,True,True
mVOz28mPHr,2025,0.0,1.125,0.0,0.0,True,True
mXHTifc1Fn,2025,0.75,1.125,1.0,1.0,True,True
mZfBRjMWq0,2025,-0.5,1.125,0.0,0.0,True,True
mZptYYttFj,2025,-0.5,1.125,1.0,1.0,True,True
mb2ryuZ3wz,2025,-0.25,1.125,1.0,1.0,True,True
md9qolJwLl,2025,-0.5999999999999996,1.125,1.0,0.0,True,True
meKEKDhdnx,2025,0.2000000000000001,1.125,1.0,1.0,True,True
meOELl7HRf,2025,-0.666666666666667,1.125,0.0,0.0,True,True
mhyl7HhNM5,2025,0.333333333333333,1.125,0.0,3.0,True,True
mjtCqmujYP,2025,-0.7999999999999998,1.125,0.0,0.0,True,True
mkE9Yx4wHY,2025,-0.5,1.125,0.0,0.0,True,True
mkNVPGpEPm,2025,0.666666666666667,1.125,1.0,1.0,True,True
mkXi7O0fun,2025,-0.75,1.125,0.0,0.0,True,True
mm0cqJ2O3f,2025,1.0,1.125,1.0,0.0,True,True
mnLmmtW7HO,2025,0.5999999999999996,1.125,1.0,0.0,True,True
mnna9LUg7P,2025,0.25,1.125,1.0,0.0,True,True
moWiYJuSGF,2025,0.0,1.125,1.0,2.0,True,True
moXtEmCleY,2025,0.0,1.125,1.0,0.0,True,True
mqKVe6F3Up,2025,0.2000000000000001,1.125,1.0,,True,False
mqNKiEB6pd,2025,-0.25,1.125,1.0,3.0,True,True
mr2icR6dpD,2025,0.5999999999999996,1.125,1.0,0.0,True,True
msD4DHZzFg,2025,0.75,1.125,1.0,0.0,True,True
mtJSMcF3ek,2025,1.0,1.125,1.0,3.0,True,True
mun3bGqdDM,2025,0.0,1.125,1.0,1.0,True,True
mwYkVSddzx,2025,-0.333333333333333,1.125,0.0,0.0,True,True
myolhJPuRI,2025,-0.5,1.125,1.0,1.0,True,True
mzL19kKE3r,2025,0.0,1.125,1.0,,True,False
n0OtGl6VGb,2025,0.7999999999999998,1.125,1.0,0.0,True,True
n0YCAMVh8b,2025,-0.25,1.125,0.0,2.0,True,True
n4wcdct43X,2025,0.666666666666667,1.125,1.0,0.0,True,True
n5PrId7pk5,2025,0.0,1.125,1.0,0.0,True,True
n64NYyc6rQ,2025,0.2000000000000001,1.125,1.0,2.0,True,True
n6GemAoKMG,2025,-0.25,1.125,0.0,,True,False
n72WC4a9qQ,2025,-1.0,1.125,0.0,0.0,True,True
n7n8McETXw,2025,0.5,1.125,1.0,0.0,True,True
n7qGCmluZr,2025,0.0,1.125,1.0,2.0,True,True
n8O0trhost,2025,0.666666666666667,1.125,1.0,0.0,True,True
n8h1z588eu,2025,1.0,1.125,1.0,0.0,True,True
nA464tCGR5,2025,0.25,1.125,1.0,1.0,True,True
nAVejJURqZ,2025,-0.2000000000000001,1.125,1.0,1.0,True,True
nCrJD7qPJN,2025,-0.5,1.125,1.0,,True,False
nD5tbHBfut,2025,-0.75,1.125,0.0,0.0,True,True
nDTvP6tBMd,2025,0.5,1.125,1.0,0.0,True,True
nDj45w5wam,2025,0.333333333333333,1.125,1.0,1.0,True,True
nDmwloEl3N,2025,-0.5,1.125,1.0,1.0,True,True
nDvgHIBRxQ,2025,0.25,1.125,1.0,0.0,True,True
nEDToD1R8M,2025,-0.25,1.125,1.0,0.0,True,True
nFVsK3QLgs,2025,0.666666666666667,1.125,1.0,1.0,True,True
nFcgay1Yo9,2025,-0.25,1.125,1.0,,True,False
nHdWdcoyAg,2025,-0.75,1.125,0.0,0.0,True,True
nIEjY4a2Lf,2025,0.0,1.125,1.0,0.0,True,True
nKSkM5h2VN,2025,-0.666666666666667,1.125,0.0,0.0,True,True
nKlcmBJpiH,2025,-0.5,1.125,0.0,0.0,True,True
nNYA7tcJSE,2025,1.0,1.125,1.0,0.0,True,True
nNiWRRj6r9,2025,-0.25,1.125,1.0,0.0,True,True
nT2u0M0nf8,2025,0.666666666666667,1.125,1.0,0.0,True,True
nWT6LxbuGi,2025,0.4000000000000003,1.125,1.0,0.0,True,True
nWdQX5hOL9,2025,-0.75,1.125,1.0,1.0,True,True
nYPuSzGE3X,2025,0.5,1.125,1.0,0.0,True,True
nYjAzwor9R,2025,1.0,1.125,1.0,0.0,True,True
ncCuiD3KJQ,2025,0.75,1.125,1.0,4.0,True,True
nfKfAzkiez,2025,-0.25,1.125,1.0,1.0,True,True
ngmEcEer8a,2025,0.5,1.125,1.0,5.0,True,True
nibeaHUEJx,2025,1.0,1.125,1.0,0.0,True,True
niywLsa54R,2025,-0.75,1.125,0.0,3.0,True,True
njvSBvtiwp,2025,-0.5,1.125,1.0,0.0,True,True
nlpCeFsSYJ,2025,-0.5,1.125,0.0,1.0,True,True
nmc9ujrZ5R,2025,-0.5,1.125,0.0,0.0,True,True
noUF58SMra,2025,-0.2000000000000001,1.125,1.0,0.0,True,True
nobDw4d1k7,2025,0.25,1.125,1.0,0.0,True,True
npBAHV5BJI,2025,1.0,1.125,0.0,0.0,True,True
nrvoWOWcyg,2025,0.5,1.125,1.0,0.0,True,True
ns0KIpfQVy,2025,-0.5,1.125,0.0,0.0,True,True
nsCOeCLR8e,2025,0.5,1.125,1.0,0.0,True,True
nt8gBX58Kh,2025,0.333333333333333,1.125,1.0,1.0,True,True
nuX2yPejiL,2025,1.0,1.125,1.0,0.0,True,True
nwZHFKrYTB,2025,-0.2000000000000001,1.125,0.0,1.0,True,True
nwjgeFGbAF,2025,-0.75,1.125,0.0,0.0,True,True
ny8T8OuNHe,2025,1.0,1.125,1.0,3.0,True,True
nzOD1we8Z4,2025,-0.2000000000000001,1.125,1.0,1.0,True,True
o1IiiNIoaA,2025,-0.7999999999999998,1.125,1.0,0.0,True,True
o1SGGW53GF,2025,0.25,1.125,0.0,1.0,True,True
o2arTYxsXd,2025,-1.0,1.125,0.0,1.0,True,True
o2uHg0Skil,2025,0.25,1.125,0.0,0.0,True,True
o3pJU5QCtv,2025,0.25,1.125,1.0,2.0,True,True
o4TyewNBIB,2025,-0.75,1.125,0.0,0.0,True,True
o5TsWTUSeF,2025,0.75,1.125,1.0,1.0,True,True
o6CXkEEttn,2025,1.0,1.125,1.0,0.0,True,True
o6Ynz6OIQ6,2025,0.5,1.125,1.0,3.0,True,True
o9SuQXZvNA,2025,-0.5,1.125,0.0,3.0,True,True
o9YC0B6P2m,2025,0.75,1.125,0.0,0.0,True,True
o9ewXD1JuB,2025,0.25,1.125,0.0,2.0,True,True
oAGSLx4VEs,2025,-0.75,1.125,0.0,3.0,True,True
oCIEUHJjNj,2025,0.0,1.125,0.0,0.0,True,True
oCUYc7BzXQ,2025,0.75,1.125,1.0,0.0,True,True
oCdIo9757e,2025,1.0,1.125,1.0,,True,False
oDbiL9CLoS,2025,0.5,1.125,1.0,1.0,True,True
oF6e2WwxX0,2025,1.0,1.125,1.0,0.0,True,True
oFBu7qaZpS,2025,0.5,1.125,1.0,9.0,True,True
oIWN7eMhTb,2025,1.0,1.125,0.0,3.0,True,True
oJA1GUqRww,2025,0.0,1.125,1.0,0.0,True,True
oJLpXraSLb,2025,0.4000000000000003,1.125,1.0,0.0,True,True
oJgIRwkIUB,2025,-0.75,1.125,1.0,1.0,True,True
oK1zJCWBqf,2025,-0.2000000000000001,1.125,0.0,0.0,True,True
oP7arLOWix,2025,0.0,1.125,1.0,1.0,True,True
oQoQ4u6MQC,2025,-0.25,1.125,1.0,0.0,True,True
oRlANEuqG5,2025,0.0,1.125,1.0,0.0,True,True
oSEsSDFxyw,2025,-0.75,1.125,0.0,1.0,True,True
oStNAMWELS,2025,1.0,1.125,1.0,0.0,True,True
oU3tpaR8fm,2025,0.5,1.125,1.0,3.0,True,True
oVKEAFjEqv,2025,0.666666666666667,1.125,1.0,0.0,True,True
oWdzUpOlkX,2025,0.333333333333333,1.125,1.0,3.0,True,True
oWy06SBgt4,2025,-0.5,1.125,0.0,1.0,True,True
oXh0939Zzq,2025,-0.7999999999999998,1.125,1.0,0.0,True,True
oYSsbY3G4o,2025,0.4000000000000003,1.125,1.0,0.0,True,True
oYaP4XPWet,2025,-0.25,1.125,0.0,0.0,True,True
oZkqkkvdND,2025,-0.333333333333333,1.125,1.0,0.0,True,True
oaRaaG1WB1,2025,-1.0,1.125,0.0,0.0,True,True
obYVdcMMIT,2025,-1.0,1.125,0.0,8.0,True,True
oc4yw7zX9T,2025,0.25,1.125,1.0,0.0,True,True
odU59TxdiB,2025,1.0,1.125,1.0,0.0,True,True
odjMSBSWRt,2025,1.0,1.125,1.0,0.0,True,True
odvSjn416y,2025,0.25,1.125,1.0,3.0,True,True
oe51Q5Uo37,2025,0.75,1.125,1.0,1.0,True,True
oeDcgVC7Xh,2025,-0.75,1.125,1.0,0.0,True,True
oeP6OL7ouB,2025,1.0,1.125,1.0,2.0,True,True
of6EuHT7de,2025,0.0,1.125,1.0,1.0,True,True
ogKE7LcvW6,2025,1.0,1.125,1.0,1.0,True,True
ogO6DGE6FZ,2025,-0.2000000000000001,1.125,1.0,6.0,True,True
ogXkmugNZw,2025,0.25,1.125,1.0,1.0,True,True
ogjBpZ8uSi,2025,-0.75,1.125,1.0,4.0,True,True
ogmzNfeRl7,2025,-0.666666666666667,1.125,0.0,0.0,True,True
ohJxgRLlLt,2025,-0.25,1.125,1.0,0.0,True,True
omrLHFzC37,2025,0.25,1.125,1.0,0.0,True,True
onIro14tHv,2025,0.0,1.125,1.0,0.0,True,True
ooxj2Audlq,2025,0.5,1.125,1.0,1.0,True,True
oqsQbn4XfT,2025,-0.2000000000000001,1.125,0.0,4.0,True,True
otW0TJOUYF,2025,0.75,1.125,1.0,2.0,True,True
ouRX6A8RQJ,2025,0.4000000000000003,1.125,0.0,0.0,True,True
owEQ0FTfVj,2025,0.666666666666667,1.125,1.0,1.0,True,True
owP2mymrTD,2025,0.5,1.125,1.0,0.0,True,True
ozTREVBARB,2025,-0.7999999999999998,1.125,0.0,1.0,True,True
ozZG5FXuTV,2025,0.0,1.125,1.0,0.0,True,True
p01BR4njlY,2025,-0.25,1.125,1.0,0.0,True,True
p3NKpom1VL,2025,-0.666666666666667,1.125,1.0,1.0,True,True
p4jCBTDvdu,2025,-0.5,1.125,0.0,0.0,True,True
p5VDaa8aIY,2025,-0.25,1.125,0.0,1.0,True,True
p5o0sbE5kY,2025,-0.5,1.125,0.0,0.0,True,True
p60Y6o85Cj,2025,0.5999999999999996,1.125,1.0,0.0,True,True
p66a00KLWN,2025,-0.5,1.125,1.0,2.0,True,True
p6eQRlaxGo,2025,-0.5,1.125,0.0,1.0,True,True
p6ncr0eTKE,2025,0.5,1.125,1.0,0.0,True,True
p74CpDzw1Y,2025,0.5,1.125,1.0,0.0,True,True
p85TNN62KD,2025,-0.5,1.125,0.0,0.0,True,True
p8qhVIo980,2025,-0.5999999999999996,1.125,0.0,4.0,True,True
p9OsTj0nMP,2025,1.0,1.125,1.0,0.0,True,True
pAQzEY7M03,2025,0.666666666666667,1.125,1.0,1.0,True,True
pAkQhhn4vB,2025,0.0,1.125,1.0,1.0,True,True
pB1XSj2y4X,2025,-0.4000000000000003,1.125,1.0,3.0,True,True
pBQs8kQm63,2025,-0.5,1.125,0.0,0.0,True,True
pBZntPrdrI,2025,1.0,1.125,1.0,1.0,True,True
pCj2sLNoJq,2025,-0.5,1.125,1.0,0.0,True,True
pD6TiCpyDR,2025,0.5,1.125,1.0,0.0,True,True
pH543jrbe8,2025,0.25,1.125,1.0,1.0,True,True
pHe4P1IVnb,2025,-0.5,1.125,1.0,0.0,True,True
pKMpmbuKnd,2025,0.75,1.125,0.0,0.0,True,True
pLOep5sYWe,2025,-0.25,1.125,0.0,0.0,True,True
pMp5njgeLx,2025,-0.25,1.125,0.0,1.0,True,True
pOq9vDIYev,2025,1.0,1.125,1.0,0.0,True,True
pRCOZllZdT,2025,1.0,1.125,1.0,2.0,True,True
pSdE7PIA64,2025,1.0,1.125,1.0,0.0,True,True
pTeOOKnjGM,2025,1.0,1.125,1.0,1.0,True,True
pTyEnkuSQ0,2025,-0.75,1.125,0.0,2.0,True,True
pUbbLHjCPM,2025,-0.25,1.125,1.0,0.0,True,True
pV0SUV8cRF,2025,-0.833333333333333,1.125,0.0,0.0,True,True
pVL4bYKOGM,2025,-0.5,1.125,0.0,0.0,True,True
pW387D5OUN,2025,1.0,1.125,1.0,0.0,True,True
pWrCiFpm3L,2025,0.0,1.125,0.0,0.0,True,True
pXUAiJshdh,2025,-0.5,1.125,0.0,4.0,True,True
pXlmOmlHJZ,2025,0.5,1.125,1.0,1.0,True,True
pZiyCaVuti,2025,0.25,1.125,1.0,2.0,True,True
pZz0nOroGv,2025,-1.0,1.125,1.0,4.0,True,True
pbre0HKsfE,2025,0.333333333333333,1.125,1.0,2.0,True,True
pdF86dyoS6,2025,0.0,1.125,1.0,0.0,True,True
peNgxpbdxB,2025,0.0,1.125,1.0,0.0,True,True
peX9zpWgg4,2025,-0.25,1.125,1.0,0.0,True,True
pfS4D6RWC8,2025,-0.25,1.125,0.0,1.0,True,True
phAlw3JPms,2025,0.5,1.125,1.0,0.0,True,True
pk4YjZeevI,2025,-0.5,1.125,0.0,0.0,True,True
pljYMCYDWJ,2025,0.2000000000000001,1.125,1.0,0.0,True,True
powufeT93G,2025,-0.75,1.125,0.0,3.0,True,True
pq1WUegkza,2025,1.0,1.125,1.0,0.0,True,True
pqeWzZTrZY,2025,0.7999999999999998,1.125,1.0,0.0,True,True
pr37sbuhVa,2025,0.75,1.125,1.0,6.0,True,True
ptTt8mhS7n,2025,-1.0,1.125,0.0,0.0,True,True
ptjrpEGrGg,2025,0.4000000000000003,1.125,1.0,0.0,True,True
puTxuiK2qO,2025,0.25,1.125,1.0,0.0,True,True
pudmhZdV78,2025,-0.75,1.125,0.0,0.0,True,True
pwNIOcr8fU,2025,-0.2000000000000001,1.125,0.0,0.0,True,True
px1674Wp3C,2025,-0.5,1.125,1.0,5.0,True,True
pxGucWt9vM,2025,-0.7999999999999998,1.125,0.0,2.0,True,True
py34636XvR,2025,-0.4000000000000003,1.125,0.0,0.0,True,True
pymXpl4qvi,2025,0.0,1.125,1.0,0.0,True,True
pzmbxkCBiq,2025,-1.0,1.125,0.0,0.0,True,True
q1UyoY3MgJ,2025,0.0,1.125,1.0,0.0,True,True
q1t0Lmvhty,2025,0.0,1.125,1.0,1.0,True,True
q2DmkZ1wVe,2025,0.0,1.125,1.0,0.0,True,True
q2Lnyegkr8,2025,0.75,1.125,1.0,0.0,True,True
q3ztjJRQuJ,2025,-0.25,1.125,0.0,0.0,True,True
q44uq3tc2D,2025,0.666666666666667,1.125,1.0,0.0,True,True
q5MUMlHxpd,2025,-0.2000000000000001,1.125,1.0,0.0,True,True
q5sOv4xQe4,2025,0.7999999999999998,1.125,1.0,1.0,True,True
q5zMyAUhGx,2025,0.2000000000000001,1.125,1.0,1.0,True,True
q6TelS1z7N,2025,-0.25,1.125,0.0,0.0,True,True
q6zrZbth1F,2025,1.0,1.125,1.0,1.0,True,True
qBpYqQUFPx,2025,-0.5,1.125,0.0,1.0,True,True
qDFpNXnuYK,2025,-1.0,1.125,0.0,0.0,True,True
qFw2RFJS5g,2025,0.7999999999999998,1.125,1.0,0.0,True,True
qG0WCAhZE0,2025,0.0,1.125,1.0,0.0,True,True
qHVUdP1EEU,2025,-0.75,1.125,0.0,1.0,True,True
qHpfxfnIq3,2025,-0.5999999999999996,1.125,0.0,0.0,True,True
qIN5VDdEOr,2025,0.0,1.125,1.0,1.0,True,True
qIbbBSzH6n,2025,1.0,1.125,1.0,0.0,True,True
qKgd7RaAem,2025,1.0,1.125,1.0,0.0,True,True
qKu6KWPgxt,2025,0.5,1.125,1.0,0.0,True,True
qNp86ByQlN,2025,0.5,1.125,1.0,,True,False
qO6dk9KfIp,2025,0.0,1.125,1.0,0.0,True,True
qPH7lAyQgV,2025,-0.25,1.125,0.0,0.0,True,True
qPTFzmXVLd,2025,-0.5,1.125,0.0,0.0,True,True
qPzYF2EpXb,2025,0.0,1.125,1.0,0.0,True,True
qSEEQPNbu4,2025,-0.75,1.125,1.0,0.0,True,True
qTWDpbF47t,2025,0.75,1.125,0.0,0.0,True,True
qTrEq31Shm,2025,-0.333333333333333,1.125,1.0,0.0,True,True
qVyjN01x4P,2025,-0.5999999999999996,1.125,0.0,0.0,True,True
qZmn2hkuzw,2025,1.0,1.125,1.0,0.0,True,True
qZwtPEw2qN,2025,0.7999999999999998,1.125,1.0,0.0,True,True
qdbluGtEpL,2025,-0.2000000000000001,1.125,0.0,0.0,True,True
qeXcMutEZY,2025,1.0,1.125,1.0,0.0,True,True
qfU5S4cddQ,2025,-1.0,1.125,0.0,0.0,True,True
qkBBHixPow,2025,0.0,1.125,1.0,0.0,True,True
qkzPr74cMx,2025,-0.5,1.125,0.0,0.0,True,True
qlzxeNESWI,2025,0.5,1.125,0.0,0.0,True,True
qmodrqswtF,2025,-0.5,1.125,0.0,0.0,True,True
qmqRdxQcMA,2025,-0.5,1.125,0.0,0.0,True,True
qn9tBYQHGi,2025,0.5,1.125,1.0,0.0,True,True
qnAZqlMGTB,2025,-0.25,1.125,0.0,0.0,True,True
qnGir4dyu9,2025,-0.75,1.125,0.0,0.0,True,True
qpDqO7qa3R,2025,-0.75,1.125,0.0,1.0,True,True
qq0zZMC4SM,2025,-1.0,1.125,0.0,0.0,True,True
qrTOtUdz4Z,2025,-1.0,1.125,0.0,0.0,True,True
qrTrnrEi9d,2025,-1.0,1.125,0.0,4.0,True,True
qssVptHTPN,2025,0.0,1.125,1.0,0.0,True,True
qto91DryES,2025,-0.5,1.125,0.0,0.0,True,True
qtqvuBmhxU,2025,-0.25,1.125,0.0,0.0,True,True
qucdAPZfar,2025,-0.2000000000000001,1.125,0.0,0.0,True,True
qzZsz6MuEq,2025,0.5999999999999996,1.125,1.0,1.0,True,True
r01fcKhzT5,2025,0.25,1.125,1.0,0.0,True,True
r0pLGGcuY6,2025,0.2000000000000001,1.125,1.0,0.0,True,True
r1KcapkzCt,2025,1.0,1.125,1.0,0.0,True,True
r1cbFEH0Df,2025,-0.5,1.125,0.0,0.0,True,True
r3cWq6KKbt,2025,0.0,1.125,1.0,0.0,True,True
r4Q86nBQka,2025,-1.0,1.125,0.0,0.0,True,True
r7wMVdGFro,2025,0.0,1.125,0.0,,True,False
r8H7xhYPwz,2025,1.0,1.125,1.0,1.0,True,True
r8J3DSD5kF,2025,0.5,1.125,1.0,0.0,True,True
r9oqHOdoHf,2025,0.666666666666667,1.125,1.0,1.0,True,True
rAcgDBdKnP,2025,0.2000000000000001,1.125,1.0,0.0,True,True
rAoEub6Nw2,2025,-0.333333333333333,1.125,1.0,0.0,True,True
rCGleSgNBK,2025,-0.75,1.125,1.0,0.0,True,True
rCX9l4OTCT,2025,0.5,1.125,1.0,0.0,True,True
rCvdAVQpAe,2025,0.25,1.125,0.0,0.0,True,True
rD6LQagatR,2025,-0.25,1.125,0.0,1.0,True,True
rDIf6NA5mj,2025,0.0,1.125,1.0,1.0,True,True
rDRCIvTppL,2025,-0.5,1.125,0.0,1.0,True,True
rDe9yQQYKt,2025,0.0,1.125,1.0,,True,False
rEQqBZIz49,2025,-0.7999999999999998,1.125,1.0,0.0,True,True
rEqETC88RY,2025,-0.75,1.125,0.0,0.0,True,True
rGyi8NNqB0,2025,0.5,1.125,1.0,0.0,True,True
rIJbFQ1zII,2025,-0.75,1.125,0.0,0.0,True,True
rJ5g8ueQaI,2025,0.0,1.125,1.0,0.0,True,True
rK0YJwL69S,2025,-0.5,1.125,1.0,1.0,True,True
rLX7Vyyzus,2025,0.0,1.125,1.0,1.0,True,True
rMOhA1JNPo,2025,0.5,1.125,1.0,0.0,True,True
rN7Ewo2lV4,2025,-0.2000000000000001,1.125,0.0,0.0,True,True
rO5BVBwgiv,2025,-0.75,1.125,0.0,0.0,True,True
rObkvzJxTG,2025,-0.5,1.125,1.0,,True,False
rPkCVSsoM4,2025,-0.5,1.125,1.0,0.0,True,True
rQ7fz9NO7f,2025,1.0,1.125,1.0,3.0,True,True
rQ8mHhEIeB,2025,-0.4000000000000003,1.125,0.0,0.0,True,True
rQyg6MnsDb,2025,0.333333333333333,1.125,1.0,0.0,True,True
rTCJ29pkuA,2025,0.333333333333333,1.125,1.0,0.0,True,True
rTQNGQxm4K,2025,0.0,1.125,1.0,1.0,True,True
rUC7tHecSQ,2025,0.333333333333333,1.125,1.0,0.0,True,True
rUvCIvI4eB,2025,0.0,1.125,1.0,3.0,True,True
rUxr9Ll5FQ,2025,-0.7999999999999998,1.125,1.0,0.0,True,True
rWQDzq3O5c,2025,-0.25,1.125,1.0,0.0,True,True
rY8xdjrANt,2025,0.2000000000000001,1.125,0.0,0.0,True,True
raUnLe0Z04,2025,-0.5,1.125,1.0,0.0,True,True
rakhNY32vw,2025,1.0,1.125,1.0,2.0,True,True
rapXZIfwbX,2025,-1.0,1.125,0.0,0.0,True,True
rbnf7oe6JQ,2025,0.5,1.125,1.0,0.0,True,True
rdSVgnLHQB,2025,-0.25,1.125,1.0,0.0,True,True
reZKq6hjOZ,2025,0.0,1.125,1.0,0.0,True,True
rf0ZoDASnS,2025,-0.5,1.125,0.0,0.0,True,True
rfrtFwnF62,2025,0.0,1.125,1.0,1.0,True,True
rgDwRdMwoS,2025,-0.7999999999999998,1.125,0.0,0.0,True,True
rhhQjGj09A,2025,1.0,1.125,1.0,1.0,True,True
riTiq3i21b,2025,-1.0,1.125,1.0,0.0,True,True
riieAeQBJm,2025,0.0,1.125,1.0,0.0,True,True
rjuZyMfLSd,2025,0.25,1.125,1.0,0.0,True,True
rkzabmWl5k,2025,0.0,1.125,1.0,3.0,True,True
rlgplAuN2p,2025,0.7999999999999998,1.125,1.0,0.0,True,True
rn8r7GqJm6,2025,-0.5,1.125,0.0,0.0,True,True
rpbzBXdo4x,2025,-1.0,1.125,0.0,4.0,True,True
rpouyo09V0,2025,0.0,1.125,1.0,0.0,True,True
rrdNQZRHEm,2025,-0.5714285714285712,1.125,0.0,0.0,True,True
rsGPrJDIhh,2025,0.0,1.125,1.0,0.0,True,True
rsZwwjYHuD,2025,0.25,1.125,1.0,1.0,True,True
rvhu4V7yrX,2025,-0.25,1.125,1.0,1.0,True,True
rvvSSmGIFS,2025,0.0,1.125,1.0,1.0,True,True
rvxWEbTtRY,2025,0.0,1.125,1.0,0.0,True,True
rwNzSB3sDt,2025,-0.5,1.125,0.0,3.0,True,True
rx0TCew0Lj,2025,0.25,1.125,1.0,0.0,True,True
rxVvRBgqmS,2025,0.5,1.125,1.0,1.0,True,True
rzbSNDXgGD,2025,0.0,1.125,1.0,0.0,True,True
rzx3vcvlzj,2025,-0.1666666666666669,1.125,1.0,0.0,True,True
s0gdfKcmoU,2025,-0.5,1.125,0.0,0.0,True,True
s15HrqCqbr,2025,0.666666666666667,1.125,1.0,0.0,True,True
s1kyHkdTmi,2025,1.0,1.125,1.0,1.0,True,True
s1zO0YBEF8,2025,0.5,1.125,1.0,0.0,True,True
s20W12XTF8,2025,0.25,1.125,1.0,3.0,True,True
s3003xWtfd,2025,0.25,1.125,0.0,2.0,True,True
s3FTX4Ay55,2025,0.2000000000000001,1.125,1.0,1.0,True,True
s3IBHTTDYl,2025,0.75,1.125,1.0,0.0,True,True
s4MwstmB8o,2025,0.25,1.125,1.0,0.0,True,True
s4Wm71LFK4,2025,0.4000000000000003,1.125,1.0,1.0,True,True
s5N7p5UjgR,2025,0.75,1.125,0.0,0.0,True,True
s5epFPdIW6,2025,1.0,1.125,1.0,5.0,True,True
s5orchdb33,2025,-0.25,1.125,1.0,2.0,True,True
s6nYndMwG7,2025,-0.5,1.125,0.0,0.0,True,True
s6q6zX45F8,2025,-0.666666666666667,1.125,0.0,0.0,True,True
s7DkcgpRxL,2025,0.2000000000000001,1.125,1.0,0.0,True,True
s7lzZpAW7T,2025,1.0,1.125,1.0,0.0,True,True
sAYnDWaGd5,2025,0.25,1.125,1.0,0.0,True,True
sAxdIJ4l6z,2025,0.25,1.125,1.0,0.0,True,True
sBJIVQvJqN,2025,-0.5,1.125,0.0,0.0,True,True
sCew1tR6No,2025,0.7999999999999998,1.125,1.0,0.0,True,True
sF8jmiD8Bq,2025,0.25,1.125,0.0,0.0,True,True
sGpCzsfd1K,2025,1.0,1.125,1.0,3.0,True,True
sGqd1tF8P8,2025,0.7999999999999998,1.125,1.0,0.0,True,True
sHAvMp5J4R,2025,0.7999999999999998,1.125,1.0,0.0,True,True
sIE2rI3ZPs,2025,1.0,1.125,1.0,0.0,True,True
sIGWTd1DcW,2025,-0.75,1.125,0.0,3.0,True,True
sL2F9YCMXf,2025,0.75,1.125,1.0,0.0,True,True
sLKDbuyq99,2025,0.25,1.125,1.0,1.0,True,True
sMyXP8Tanm,2025,0.4000000000000003,1.125,1.0,0.0,True,True
sNntRFmn72,2025,-0.25,1.125,0.0,0.0,True,True
sOAQY8hrAu,2025,-0.25,1.125,0.0,0.0,True,True
sOte83GogU,2025,0.25,1.125,1.0,0.0,True,True
sPuLtU32av,2025,1.0,1.125,1.0,0.0,True,True
sR0xz6ZaH7,2025,-0.5,1.125,0.0,0.0,True,True
sRIU6k2TcU,2025,-0.5,1.125,1.0,1.0,True,True
sRaAt9OOnW,2025,0.2000000000000001,1.125,0.0,0.0,True,True
sULAwlAWc1,2025,1.0,1.125,1.0,,True,False
sUvBTEYXGt,2025,1.0,1.125,1.0,0.0,True,True
sVBnGcbkkM,2025,-0.5,1.125,0.0,0.0,True,True
sVNfWhtaJC,2025,0.5,1.125,1.0,0.0,True,True
sY3anJ8C68,2025,0.25,1.125,1.0,0.0,True,True
sYAFiHP6qr,2025,0.5,1.125,1.0,1.0,True,True
sYNWqQYJhz,2025,-0.75,1.125,1.0,0.0,True,True
sZGZJhaNSe,2025,0.25,1.125,1.0,0.0,True,True
sZJNkorXMk,2025,0.666666666666667,1.125,1.0,0.0,True,True
saJkPzTmZz,2025,-0.75,1.125,0.0,0.0,True,True
sb1HgVDLjN,2025,0.666666666666667,1.125,1.0,0.0,True,True
scKAXgonmq,2025,0.75,1.125,1.0,0.0,True,True
scozdyKzET,2025,0.25,1.125,1.0,0.0,True,True
se4vjm7h4E,2025,0.5,1.125,1.0,0.0,True,True
semTHoVGsJ,2025,1.0,1.125,1.0,0.0,True,True
sfQ6XpApfS,2025,0.0,1.125,1.0,1.0,True,True
sfi2j1Ot6j,2025,0.5,1.125,1.0,0.0,True,True
sgAp2qG86e,2025,0.25,1.125,1.0,0.0,True,True
sgHnfLX9Lt,2025,-0.75,1.125,0.0,0.0,True,True
sgaMYvGRG5,2025,-0.2000000000000001,1.125,0.0,0.0,True,True
sgbI8Pxwie,2025,-0.25,1.125,1.0,3.0,True,True
shqjOIK3SA,2025,0.5,1.125,1.0,0.0,True,True
si37wk8U5D,2025,0.25,1.125,1.0,0.0,True,True
sjWG7B8dvt,2025,0.0,1.125,1.0,0.0,True,True
skGSOcrIj7,2025,0.7999999999999998,1.125,1.0,2.0,True,True
slO3xTt4CG,2025,0.2000000000000001,1.125,1.0,0.0,True,True
snocoXIQXz,2025,0.0,1.125,1.0,,True,False
sq5LLWk5SN,2025,0.5,1.125,1.0,0.0,True,True
ssRdQimeUI,2025,1.0,1.125,1.0,0.0,True,True
st7XqFgbAH,2025,-0.75,1.125,1.0,1.0,True,True
stK7iOPH9Q,2025,0.4000000000000003,1.125,1.0,2.0,True,True
stolHkh6Nc,2025,-0.5,1.125,0.0,4.0,True,True
suz4utPr9Y,2025,-0.25,1.125,1.0,2.0,True,True
svp1EBA6hA,2025,0.5,1.125,1.0,1.0,True,True
sw6Wpx2LGr,2025,-0.5,1.125,0.0,2.0,True,True
swWF948IiC,2025,0.0,1.125,1.0,1.0,True,True
swqZKDoMJA,2025,0.5,1.125,0.0,0.0,True,True
swvURjrt8z,2025,0.0,1.125,1.0,1.0,True,True
sx2jXZuhIx,2025,0.666666666666667,1.125,1.0,0.0,True,True
sxus3NNiuf,2025,0.0,1.125,0.0,,True,False
sy1lbQxj9J,2025,0.4000000000000003,1.125,1.0,2.0,True,True
syC2764fPc,2025,0.0,1.125,1.0,1.0,True,True
sz7HdeVVHo,2025,-0.75,1.125,0.0,1.0,True,True
t21RmVmJrT,2025,-1.0,1.125,0.0,0.0,True,True
t2TUw5nJsW,2025,0.0,1.125,1.0,0.0,True,True
t73rC2GJQJ,2025,-1.0,1.125,0.0,0.0,True,True
t8ctvylFn7,2025,-1.0,1.125,0.0,0.0,True,True
t9JUTS9ADL,2025,-0.5999999999999996,1.125,0.0,2.0,True,True
t9NiRq9PGK,2025,-0.4000000000000003,1.125,0.0,0.0,True,True
t9U3LW7JVX,2025,0.0,1.125,1.0,7.0,True,True
t9l63huPRt,2025,0.75,1.125,1.0,1.0,True,True
t9lS1lX9FQ,2025,0.0,1.125,1.0,0.0,True,True
tAGmxz1TUi,2025,0.5999999999999996,1.125,1.0,0.0,True,True
tBom4xOW1H,2025,0.0,1.125,1.0,,True,False
tDIL7UXmSS,2025,0.5,1.125,1.0,0.0,True,True
tErHYBGlWc,2025,0.7999999999999998,1.125,1.0,,True,False
tFDTHA3odg,2025,-0.25,1.125,1.0,1.0,True,True
tFV5GrWOGm,2025,0.0,1.125,1.0,0.0,True,True
tFwEsrx1hm,2025,-0.25,1.125,0.0,2.0,True,True
tG4SgayTtk,2025,-0.25,1.125,0.0,16.0,True,True
tJE9WeqHEI,2025,0.75,1.125,0.0,0.0,True,True
tJHDw8XfeC,2025,0.4000000000000003,1.125,1.0,1.0,True,True
tJoS2d0Onf,2025,0.25,1.125,1.0,,True,False
tKn6gpvlUX,2025,-0.2000000000000001,1.125,0.0,1.0,True,True
tKnPtyDt6H,2025,-1.0,1.125,0.0,0.0,True,True
tLFWU6izoA,2025,0.5999999999999996,1.125,1.0,1.0,True,True
tNn6Hskmti,2025,0.25,1.125,1.0,,True,False
tQ1PmLfPBL,2025,0.4000000000000003,1.125,1.0,0.0,True,True
tRNKe2Vgqt,2025,0.0,1.125,1.0,1.0,True,True
tTBXePRKSx,2025,0.0,1.125,1.0,0.0,True,True
tTDUrseRRU,2025,0.7999999999999998,1.125,1.0,0.0,True,True
tU074jg2vS,2025,1.0,1.125,1.0,0.0,True,True
tVRVE0OAyb,2025,-0.5,1.125,1.0,0.0,True,True
tVfvKrboVY,2025,-0.4000000000000003,1.125,0.0,0.0,True,True
tZCqSVncRf,2025,0.0,1.125,1.0,0.0,True,True
tZDhrhUOcs,2025,-0.5,1.125,0.0,0.0,True,True
tZdqL5FH7w,2025,0.333333333333333,1.125,1.0,0.0,True,True
tZiMLgsHMu,2025,-0.75,1.125,0.0,2.0,True,True
tZozeR3VV7,2025,0.333333333333333,1.125,1.0,0.0,True,True
taHwqSrbrb,2025,-0.5,1.125,1.0,0.0,True,True
tbx3u2oZAu,2025,0.0,1.125,1.0,0.0,True,True
tciQfO8S8j,2025,0.0,1.125,0.0,0.0,True,True
tdfHABLdxR,2025,-0.75,1.125,0.0,0.0,True,True
te2IdORabL,2025,0.5,1.125,1.0,0.0,True,True
teE4pl9ftK,2025,-0.5999999999999996,1.125,1.0,0.0,True,True
tfO07iz0b9,2025,0.25,1.125,1.0,0.0,True,True
tfemquulED,2025,0.2000000000000001,1.125,1.0,0.0,True,True
tijmpS9Vy2,2025,1.0,1.125,1.0,1.0,True,True
tj40W2HAKN,2025,-1.0,1.125,0.0,0.0,True,True
tjNf0L8QjR,2025,0.25,1.125,1.0,9.0,True,True
tjlTczcnPz,2025,-0.5999999999999996,1.125,0.0,1.0,True,True
tkiZQlL04w,2025,-0.2857142857142856,1.125,1.0,,True,False
tkqNDbukWW,2025,-0.5,1.125,0.0,2.0,True,True
tmSWFGpBb8,2025,0.0,1.125,1.0,0.0,True,True
tn2mjzjSyR,2025,0.25,1.125,1.0,0.0,True,True
tnB94WQGrn,2025,0.5,1.125,1.0,4.0,True,True
tozlOEN4qp,2025,0.1666666666666669,1.125,1.0,2.0,True,True
tpD1rs25Uu,2025,0.333333333333333,1.125,1.0,0.0,True,True
tpGkEgxMJT,2025,-0.25,1.125,1.0,0.0,True,True
tpYeermigp,2025,-0.25,1.125,1.0,8.0,True,True
trKee5pIFv,2025,0.0,1.125,1.0,0.0,True,True
tra8ktyk0E,2025,-0.5,1.125,0.0,0.0,True,True
trj2Jq8riA,2025,-0.333333333333333,1.125,1.0,0.0,True,True
ttq44QjKda,2025,0.0,1.125,1.0,0.0,True,True
tu3qwNjrtw,2025,-0.2000000000000001,1.125,1.0,0.0,True,True
tuEP424UQ5,2025,-0.25,1.125,1.0,0.0,True,True
twIPSx9qHn,2025,-1.0,1.125,1.0,0.0,True,True
twtTLZnG0B,2025,0.25,1.125,1.0,0.0,True,True
txD9llAYn9,2025,1.0,1.125,1.0,0.0,True,True
txV4dNeusx,2025,0.25,1.125,1.0,0.0,True,True
txZVQRc2ab,2025,0.0,1.125,1.0,0.0,True,True
txoJvjfI9w,2025,0.25,1.125,1.0,0.0,True,True
tznvtmSEiN,2025,0.666666666666667,1.125,1.0,0.0,True,True
u3TL0qxLWf,2025,0.0,1.125,1.0,0.0,True,True
u63OVngeSp,2025,1.0,1.125,1.0,0.0,True,True
u8SYRtXDsZ,2025,-0.75,1.125,0.0,0.0,True,True
u8VOQVzduP,2025,-0.25,1.125,1.0,1.0,True,True
uAtDga3q0r,2025,0.0,1.125,1.0,,True,False
uBai0ukstY,2025,1.0,1.125,1.0,0.0,True,True
uBcx1aFpXy,2025,-0.25,1.125,0.0,0.0,True,True
uBnM3EFovQ,2025,-0.25,1.125,1.0,0.0,True,True
uC003NHlEi,2025,-0.5,1.125,0.0,,True,False
uClUUJk05H,2025,0.1666666666666669,1.125,1.0,0.0,True,True
uCqxDfLYrB,2025,0.25,1.125,1.0,2.0,True,True
uDIiL89ViX,2025,-0.4000000000000003,1.125,0.0,0.0,True,True
uDWcAajewK,2025,-0.25,1.125,0.0,,True,False
uDXFOurrHM,2025,-0.25,1.125,1.0,0.0,True,True
uDjuCpQH5N,2025,-0.5,1.125,0.0,0.0,True,True
uE84MGbKD7,2025,0.0,1.125,1.0,0.0,True,True
uEPRY2XAEs,2025,-0.25,1.125,0.0,0.0,True,True
uGJxl2odR0,2025,0.2000000000000001,1.125,1.0,,True,False
uIg9Vcw2CY,2025,0.0,1.125,0.0,4.0,True,True
uJqKf24HGN,2025,1.0,1.125,1.0,0.0,True,True
uL1H29dM0c,2025,1.0,1.125,1.0,1.0,True,True
uLAAVg0ymc,2025,-0.75,1.125,0.0,,True,False
uMEsKEiB7J,2025,0.4000000000000003,1.125,1.0,0.0,True,True
uNd289HjLi,2025,0.333333333333333,1.125,1.0,0.0,True,True
uNomADvF3s,2025,0.5,1.125,1.0,1.0,True,True
uOrfve3prk,2025,-0.75,1.125,0.0,0.0,True,True
uPwe2w78Wx,2025,0.0,1.125,0.0,0.0,True,True
uQjySppU9x,2025,-0.4000000000000003,1.125,1.0,0.0,True,True
uVDwunWsLz,2025,-0.75,1.125,0.0,0.0,True,True
uWtLOy35WD,2025,0.5,1.125,1.0,1.0,True,True
uZ5K4HeNwd,2025,1.0,1.125,1.0,0.0,True,True
uZFXpPrwSh,2025,0.75,1.125,1.0,0.0,True,True
uZgK0tcPqd,2025,0.666666666666667,1.125,1.0,1.0,True,True
uaMSBJDnRv,2025,1.0,1.125,1.0,0.0,True,True
ubuGgIPVD0,2025,-1.0,1.125,0.0,0.0,True,True
ud8FtE1N4N,2025,0.666666666666667,1.125,1.0,0.0,True,True
ue1Tt3h1VC,2025,0.5999999999999996,1.125,1.0,1.0,True,True
ugXGFCS6HK,2025,0.2000000000000001,1.125,1.0,0.0,True,True
ugyqNEOjoU,2025,-0.666666666666667,1.125,1.0,1.0,True,True
uhaLuZcCjH,2025,1.0,1.125,1.0,0.0,True,True
unDQOUah0F,2025,0.2000000000000001,1.125,1.0,0.0,True,True
uogG8BfLs2,2025,0.5,1.125,1.0,0.0,True,True
upALuXjdxc,2025,0.0,1.125,0.0,0.0,True,True
upkxzurnLC,2025,0.5,1.125,1.0,1.0,True,True
upoxXRRTQ2,2025,-1.0,1.125,1.0,0.0,True,True
upzyG4wRBr,2025,-0.2000000000000001,1.125,0.0,0.0,True,True
uq9TLFT7tF,2025,0.0,1.125,1.0,1.0,True,True
uqe5HkjbT9,2025,-0.25,1.125,1.0,0.0,True,True
urQi0TgXFY,2025,-1.0,1.125,0.0,0.0,True,True
urcEYsZOBz,2025,0.1666666666666669,1.125,1.0,0.0,True,True
urf8a5G59f,2025,-0.5,1.125,0.0,0.0,True,True
ursX3k1rTO,2025,-1.0,1.125,0.0,,True,False
usFdPd4Ghs,2025,0.7999999999999998,1.125,1.0,0.0,True,True
utkGLDSNOk,2025,0.0,1.125,1.0,0.0,True,True
uuEQsqb0GH,2025,-0.25,1.125,0.0,0.0,True,True
uuPkll6i7m,2025,0.75,1.125,1.0,1.0,True,True
uuef1HP6X7,2025,0.5999999999999996,1.125,1.0,0.0,True,True
uwzyMFwyOO,2025,-0.4000000000000003,1.125,0.0,0.0,True,True
uxDFlPGRLX,2025,1.0,1.125,1.0,0.0,True,True
uxVBbSlKQ4,2025,0.75,1.125,1.0,0.0,True,True
uy31tqVuNo,2025,0.0,1.125,1.0,2.0,True,True
uy4EavBEwl,2025,0.0,1.125,1.0,0.0,True,True
uzz3qAYy0D,2025,0.0,1.125,1.0,0.0,True,True
v0FzmPCd1e,2025,0.75,1.125,1.0,2.0,True,True
v1B4aet9ct,2025,0.666666666666667,1.125,1.0,1.0,True,True
v1f6c7wVBm,2025,0.4000000000000003,1.125,1.0,0.0,True,True
v1rFkElnIn,2025,0.0,1.125,1.0,0.0,True,True
v2D1ASk5MT,2025,-0.2000000000000001,1.125,0.0,0.0,True,True
v2zcCDYMok,2025,-0.333333333333333,1.125,1.0,0.0,True,True
v4MTnPiYXY,2025,1.0,1.125,1.0,1.0,True,True
v5bK7cQch3,2025,-1.0,1.125,0.0,0.0,True,True
v6iLQBoIJw,2025,-0.25,1.125,1.0,0.0,True,True
v7YrIjpkTF,2025,0.5,1.125,1.0,0.0,True,True
v8qABSeeKO,2025,0.25,1.125,1.0,0.0,True,True
v9CDpLpjiE,2025,0.666666666666667,1.125,1.0,0.0,True,True
vAuodZOQEZ,2025,0.5,1.125,1.0,0.0,True,True
vC7AlY1ytz,2025,1.0,1.125,1.0,,True,False
vDecbmWf6w,2025,-0.25,1.125,0.0,0.0,True,True
vDp6StrKIq,2025,0.333333333333333,1.125,1.0,0.0,True,True
vEtDApqkNR,2025,-0.4000000000000003,1.125,0.0,11.0,True,True
vFVjJsy3PG,2025,-0.5999999999999996,1.125,0.0,1.0,True,True
vFanHFE4Qv,2025,0.5,1.125,1.0,0.0,True,True
vHO9mU87dc,2025,0.75,1.125,0.0,1.0,True,True
vJ0axKTh7t,2025,0.75,1.125,1.0,0.0,True,True
vJkktqyU8B,2025,0.0,1.125,1.0,0.0,True,True
vKJ8YH0iNp,2025,-1.0,1.125,0.0,0.0,True,True
vKL1i2p5Xr,2025,-1.0,1.125,0.0,0.0,True,True
vL9t9tpKli,2025,-0.25,1.125,1.0,0.0,True,True
vM94dZiqx4,2025,1.0,1.125,1.0,,True,False
vNATZfmY6R,2025,1.0,1.125,1.0,1.0,True,True
vNQLKY7nFM,2025,-0.666666666666667,1.125,0.0,1.0,True,True
vNdOHr7mn5,2025,1.0,1.125,1.0,0.0,True,True
vOFx8HDcvF,2025,0.5,1.125,1.0,0.0,True,True
vQFw9ryKyK,2025,-0.75,1.125,1.0,2.0,True,True
vQxqcVGrhR,2025,0.0,1.125,1.0,0.0,True,True
vVHc8bGRns,2025,0.25,1.125,1.0,0.0,True,True
vVhZh9ZpIM,2025,-0.25,1.125,1.0,1.0,True,True
vVxeFSR4fU,2025,0.5,1.125,1.0,0.0,True,True
vWRwdmA3wU,2025,0.25,1.125,1.0,1.0,True,True
vcJiPLeC48,2025,0.0,1.125,0.0,1.0,True,True
vcX0k4rGTt,2025,0.25,1.125,1.0,,True,False
vdUYa7N8Mt,2025,-0.5,1.125,0.0,0.0,True,True
vf5M8YaGPY,2025,-0.7142857142857144,1.125,0.0,6.0,True,True
vgV4y086FY,2025,0.75,1.125,0.0,0.0,True,True
vgZDcUetWS,2025,0.666666666666667,1.125,1.0,0.0,True,True
vgt2rSf6al,2025,-0.25,1.125,1.0,,True,False
vh1e2WJfZp,2025,0.0,1.125,1.0,0.0,True,True
vhPE3PtTgC,2025,0.25,1.125,1.0,0.0,True,True
vjHySpxDsv,2025,0.0,1.125,1.0,0.0,True,True
vjel3nWP2a,2025,0.666666666666667,1.125,1.0,80.0,True,True
vkakKdznFS,2025,0.333333333333333,1.125,1.0,0.0,True,True
vl7kf0YHwj,2025,-0.25,1.125,1.0,0.0,True,True
vl8VpW2niQ,2025,-0.5999999999999996,1.125,0.0,0.0,True,True
vmkpk0ed1F,2025,-0.5999999999999996,1.125,0.0,0.0,True,True
vo4AHjowKi,2025,0.0,1.125,1.0,0.0,True,True
vo9t20wsmd,2025,-0.333333333333333,1.125,1.0,0.0,True,True
vodsIF3o7N,2025,-0.5,1.125,1.0,0.0,True,True
vpKjmJp6cO,2025,-0.5999999999999996,1.125,0.0,0.0,True,True
vqgDq1uycO,2025,0.0,1.125,0.0,0.0,True,True
vsU2veUpiR,2025,-0.75,1.125,0.0,0.0,True,True
vtT09dYPGI,2025,0.5,1.125,1.0,,True,False
vue9P1Ypk6,2025,0.25,1.125,1.0,2.0,True,True
vunPXOFmoi,2025,0.4000000000000003,1.125,1.0,2.0,True,True
vuvG5rNBra,2025,-0.75,1.125,0.0,0.0,True,True
vx1vJIFvd5,2025,-0.333333333333333,1.125,0.0,1.0,True,True
vxBvr5ZpIu,2025,-0.5,1.125,0.0,0.0,True,True
vxutwN3xQN,2025,0.0,1.125,0.0,0.0,True,True
vyHFTsOUWu,2025,0.0,1.125,0.0,4.0,True,True
vyflgpwfJW,2025,1.0,1.125,1.0,2.0,True,True
vyzPMQ5weJ,2025,-0.7999999999999998,1.125,0.0,0.0,True,True
w2BELPYbU0,2025,-0.75,1.125,0.0,0.0,True,True
w2HYVwXhMh,2025,-0.25,1.125,0.0,0.0,True,True
w3iM4WLuvy,2025,1.0,1.125,1.0,0.0,True,True
w4C4z80w59,2025,0.0,1.125,1.0,0.0,True,True
w5ZtXOzMeJ,2025,0.666666666666667,1.125,1.0,0.0,True,True
w6nlcS8Kkn,2025,0.666666666666667,1.125,1.0,9.0,True,True
w6rHCuN3YG,2025,1.0,1.125,1.0,0.0,True,True
w7P92BEsb2,2025,1.0,1.125,1.0,,True,False
w7pMjyjsKN,2025,0.75,1.125,1.0,0.0,True,True
w8LMtFY97b,2025,0.333333333333333,1.125,1.0,0.0,True,True
wCOJpXm0Me,2025,0.25,1.125,1.0,0.0,True,True
wCXAlfvCy6,2025,0.666666666666667,1.125,1.0,1.0,True,True
wDcunIOAOk,2025,1.0,1.125,1.0,1.0,True,True
wFg0shwoRe,2025,0.25,1.125,1.0,0.0,True,True
wFs2E5wCw6,2025,0.4000000000000003,1.125,1.0,0.0,True,True
wGVOxplEbf,2025,0.2000000000000001,1.125,1.0,0.0,True,True
wH8XXUOUZU,2025,0.7999999999999998,1.125,1.0,2.0,True,True
wHLMsM1SrP,2025,0.25,1.125,1.0,0.0,True,True
wJPMe9UKow,2025,-0.5,1.125,0.0,0.0,True,True
wLmJIs1uqG,2025,-0.75,1.125,1.0,0.0,True,True
wLnls9LS3x,2025,1.0,1.125,1.0,0.0,True,True
wLzhEQq2hR,2025,0.0,1.125,0.0,1.0,True,True
wNg0LibmQt,2025,-1.0,1.125,0.0,0.0,True,True
wQEdh2cgEk,2025,0.4000000000000003,1.125,1.0,0.0,True,True
wQHyjIZ1SH,2025,1.0,1.125,1.0,0.0,True,True
wQkERVYqui,2025,-0.5999999999999996,1.125,0.0,0.0,True,True
wSkvf2WyYz,2025,0.25,1.125,1.0,1.0,True,True
wT1aFmsXOc,2025,-1.0,1.125,0.0,0.0,True,True
wTLc79YNbh,2025,0.0,1.125,1.0,1.0,True,True
wUbum0nd9N,2025,-0.25,1.125,1.0,1.0,True,True
wUtCieKuQU,2025,-0.5,1.125,1.0,0.0,True,True
wUtXB43Chi,2025,1.0,1.125,1.0,0.0,True,True
wVTJRnZ11Z,2025,0.0,1.125,1.0,0.0,True,True
wWnsoLhHwt,2025,0.0,1.125,1.0,0.0,True,True
wXIncJRlK0,2025,-0.25,1.125,0.0,0.0,True,True
wYJII5BRYU,2025,-0.25,1.125,1.0,0.0,True,True
wfLuiDjQ0u,2025,1.0,1.125,1.0,2.0,True,True
wgDB1QuxIA,2025,0.0,1.125,1.0,0.0,True,True
wgRQ2WAORJ,2025,0.25,1.125,1.0,0.0,True,True
wh6pilyz2L,2025,-0.25,1.125,0.0,0.0,True,True
whaO3482bs,2025,0.0,1.125,1.0,0.0,True,True
wjPa7GUIR9,2025,0.1428571428571432,1.125,0.0,0.0,True,True
wkbx7BRAsM,2025,1.0,1.125,1.0,0.0,True,True
wl4c9jvcyY,2025,-1.0,1.125,0.0,0.0,True,True
wldwEhQ7cl,2025,0.0,1.125,1.0,1.0,True,True
wm5wwAdiEt,2025,0.25,1.125,1.0,0.0,True,True
wmFp2aMhi0,2025,-0.5,1.125,0.0,0.0,True,True
wmmDvZGFK7,2025,0.0,1.125,1.0,0.0,True,True
wnT8bfJCDx,2025,0.25,1.125,1.0,1.0,True,True
womU9cEwcO,2025,0.666666666666667,1.125,1.0,0.0,True,True
wozhdnRCtw,2025,1.0,1.125,1.0,0.0,True,True
wqA7QmpUwa,2025,-0.25,1.125,0.0,1.0,True,True
wrXCIsysqB,2025,-0.4000000000000003,1.125,1.0,0.0,True,True
wryFCrWB0A,2025,0.2000000000000001,1.125,1.0,0.0,True,True
wsWCVrH9dv,2025,1.0,1.125,1.0,0.0,True,True
wsb9GNh1Oi,2025,-0.25,1.125,0.0,0.0,True,True
wvFnqVVUhN,2025,0.25,1.125,1.0,0.0,True,True
ww3CLRhF1v,2025,1.0,1.125,1.0,0.0,True,True
ww7JqIf494,2025,-0.2000000000000001,1.125,0.0,,True,False
wwVGZRnAYG,2025,-0.5,1.125,1.0,0.0,True,True
wxPnuFp8fZ,2025,0.7999999999999998,1.125,1.0,0.0,True,True
wy9FRV8O5s,2025,0.666666666666667,1.125,1.0,1.0,True,True
x07rHuChwF,2025,-1.0,1.125,0.0,0.0,True,True
x1An5a3U9I,2025,0.0,1.125,1.0,0.0,True,True
x1Bk51SCL9,2025,-0.25,1.125,0.0,0.0,True,True
x1Okv4kbVR,2025,1.0,1.125,1.0,0.0,True,True
x1uv2gdjKV,2025,-0.5,1.125,0.0,0.0,True,True
x1yOHtFfDh,2025,-0.5,1.125,1.0,2.0,True,True
x4ZmQaumRg,2025,1.0,1.125,1.0,1.0,True,True
x5hXkSMOd1,2025,1.0,1.125,1.0,0.0,True,True
x7NbaU8RSU,2025,0.0,1.125,0.0,1.0,True,True
x83w6yGIWb,2025,-0.5,1.125,1.0,0.0,True,True
xCMmtYOsiL,2025,-0.25,1.125,0.0,0.0,True,True
xCkgX4Xfu0,2025,0.666666666666667,1.125,1.0,0.0,True,True
xE5ZaZGqBW,2025,-0.5,1.125,0.0,0.0,True,True
xGM5shdGJD,2025,-0.7999999999999998,1.125,0.0,0.0,True,True
xH53mFbwK8,2025,-1.0,1.125,0.0,1.0,True,True
xHGL9XqR8Y,2025,0.25,1.125,0.0,0.0,True,True
xIUUnzrUtD,2025,0.5,1.125,1.0,0.0,True,True
xJDxVDG3x2,2025,0.333333333333333,1.125,1.0,0.0,True,True
xJXq6FkqEw,2025,0.25,1.125,1.0,0.0,True,True
xJljiPE6dg,2025,0.25,1.125,1.0,2.0,True,True
xMOLUzo2Lk,2025,0.5999999999999996,1.125,1.0,0.0,True,True
xNgmEWmd9T,2025,-0.5,1.125,0.0,0.0,True,True
xNsIfzlefG,2025,1.0,1.125,1.0,0.0,True,True
xOmC5LiVuN,2025,1.0,1.125,1.0,1.0,True,True
xP1radUi32,2025,0.25,1.125,1.0,0.0,True,True
xPxHQHDH2u,2025,0.5,1.125,1.0,0.0,True,True
xQCXInDq0m,2025,0.666666666666667,1.125,1.0,0.0,True,True
xQVxo9dSID,2025,0.75,1.125,1.0,0.0,True,True
xSSo8kCA9G,2025,-0.7999999999999998,1.125,0.0,0.0,True,True
xUMI52rrW7,2025,0.25,1.125,1.0,0.0,True,True
xVefsBbG2O,2025,0.75,1.125,1.0,2.0,True,True
xW4J2QlqRx,2025,-1.0,1.125,0.0,1.0,True,True
xZ2lTzfyFv,2025,0.25,1.125,0.0,0.0,True,True
xayT1nn8Mg,2025,0.666666666666667,1.125,1.0,0.0,True,True
xgQfWbV6Ey,2025,-0.5,1.125,1.0,7.0,True,True
xgtXkyqw1f,2025,-0.25,1.125,1.0,2.0,True,True
xiDJaTim3P,2025,-0.25,1.125,1.0,0.0,True,True
xiQNfYl33p,2025,0.0,1.125,1.0,0.0,True,True
xing7dDGh3,2025,0.0,1.125,1.0,0.0,True,True
xiyzCfXTS6,2025,-0.5,1.125,1.0,1.0,True,True
xizpnYNvQq,2025,0.5,1.125,1.0,0.0,True,True
xjKz6IxgCX,2025,1.0,1.125,1.0,0.0,True,True
xkR3bcswuC,2025,-0.25,1.125,0.0,3.0,True,True
xkgfLXZ4e0,2025,1.0,1.125,1.0,0.0,True,True
xlbXRJ2XCP,2025,-0.75,1.125,1.0,0.0,True,True
xlxGsX1pc7,2025,-0.75,1.125,0.0,0.0,True,True
xnF2U0ro7b,2025,1.0,1.125,1.0,0.0,True,True
xnssGv9rpW,2025,1.0,1.125,1.0,5.0,True,True
xrgXaOV6dK,2025,-0.5,1.125,0.0,0.0,True,True
xsmlrhoQzC,2025,-0.5,1.125,0.0,0.0,True,True
xtTut5lisc,2025,-1.0,1.125,0.0,0.0,True,True
xtlMtbVfWu,2025,-0.333333333333333,1.125,1.0,1.0,True,True
xuQSp75HmP,2025,0.0,1.125,1.0,0.0,True,True
xxzukMsYs9,2025,-0.5,1.125,0.0,0.0,True,True
xzKFnsJIXL,2025,0.5,1.125,1.0,1.0,True,True
xzSUdw6s76,2025,-0.2000000000000001,1.125,1.0,0.0,True,True
y3zswp3gek,2025,1.0,1.125,1.0,0.0,True,True
y4DtzADzd1,2025,0.0,1.125,1.0,,True,False
y5B0ca4mjt,2025,0.5,1.125,1.0,0.0,True,True
y80D4IojuY,2025,0.75,1.125,1.0,0.0,True,True
y8uPsxR8PN,2025,1.0,1.125,1.0,0.0,True,True
y9A2TpaGsE,2025,0.5,1.125,1.0,0.0,True,True
y9e1tcWlme,2025,-1.0,1.125,0.0,1.0,True,True
yAN2oPHs7y,2025,-1.0,1.125,0.0,1.0,True,True
yAzN4tz7oI,2025,1.0,1.125,1.0,5.0,True,True
yBhSORdXqq,2025,-0.5,1.125,0.0,0.0,True,True
yBlVlS2Fd9,2025,0.5,1.125,1.0,0.0,True,True
yCEf1cJDGh,2025,-0.75,1.125,0.0,0.0,True,True
yD2JMeKumt,2025,0.0,1.125,0.0,0.0,True,True
yDy9fZXNJV,2025,-1.0,1.125,0.0,0.0,True,True
yFEqYwgttJ,2025,0.0,1.125,1.0,0.0,True,True
yFGR36PLDJ,2025,-0.25,1.125,1.0,0.0,True,True
yG1fW8igzP,2025,0.5,1.125,1.0,3.0,True,True
yGnsH3gQ6U,2025,0.0,1.125,1.0,0.0,True,True
yHj6EunfVQ,2025,-0.5,1.125,1.0,0.0,True,True
yIN4yDCcmo,2025,-1.0,1.125,0.0,0.0,True,True
yIlyHJdYV3,2025,0.25,1.125,1.0,0.0,True,True
yJ9QNbpMi2,2025,0.4000000000000003,1.125,1.0,0.0,True,True
yLhJYvkKA0,2025,0.666666666666667,1.125,1.0,0.0,True,True
yLmcYLP3Yd,2025,-0.5999999999999996,1.125,0.0,1.0,True,True
yMHe9SRvxk,2025,0.0,1.125,1.0,0.0,True,True
yOOJwR15xg,2025,0.2000000000000001,1.125,1.0,0.0,True,True
yOhNLIqTEF,2025,0.666666666666667,1.125,1.0,0.0,True,True
yP0iKsinmk,2025,-0.5,1.125,0.0,0.0,True,True
yRd4loGAhJ,2025,-0.75,1.125,0.0,0.0,True,True
ySRsm6HDy5,2025,-1.0,1.125,0.0,0.0,True,True
yTEwmr1TJb,2025,0.75,1.125,1.0,1.0,True,True
yUC8pU508S,2025,0.4000000000000003,1.125,1.0,0.0,True,True
yUefexs79U,2025,0.0,1.125,1.0,0.0,True,True
yVGGtsOgc7,2025,-0.2000000000000001,1.125,1.0,0.0,True,True
yVVzaRE8Pi,2025,-0.5,1.125,0.0,0.0,True,True
yWoV4Ca6ji,2025,-0.7999999999999998,1.125,1.0,0.0,True,True
yXCTDhZDh6,2025,0.666666666666667,1.125,1.0,3.0,True,True
yYZbZGo4ei,2025,0.0,1.125,1.0,2.0,True,True
yYxEFC3Ep4,2025,-0.333333333333333,1.125,0.0,0.0,True,True
yZ7sn9pyqb,2025,0.0,1.125,1.0,3.0,True,True
yaOe2xBcLC,2025,0.0,1.125,1.0,0.0,True,True
yaQbTAD2JJ,2025,0.0,1.125,1.0,0.0,True,True
yaqPf0KAlN,2025,0.75,1.125,1.0,3.0,True,True
yb4QE6b22f,2025,0.5999999999999996,1.125,1.0,5.0,True,True
ybFRoGxZjs,2025,0.5999999999999996,1.125,1.0,1.0,True,True
ybWOYIuFl6,2025,0.0,1.125,0.0,0.0,True,True
ybfmpJiKXX,2025,0.333333333333333,1.125,1.0,0.0,True,True
ydREOIttdC,2025,-0.25,1.125,1.0,0.0,True,True
ydlDRUuGm9,2025,0.25,1.125,1.0,4.0,True,True
ye1mxb79lw,2025,-0.5999999999999996,1.125,0.0,0.0,True,True
yfZJdCijo6,2025,-0.75,1.125,0.0,0.0,True,True
ygtmPu0xZy,2025,-0.75,1.125,0.0,0.0,True,True
yj9lLwMjnE,2025,0.0,1.125,1.0,0.0,True,True
ykD8a9gJvy,2025,0.0,1.125,1.0,0.0,True,True
yklJpvB7Dq,2025,1.0,1.125,1.0,0.0,True,True
ymt4crbbXh,2025,0.25,1.125,1.0,1.0,True,True
yp95goUAT1,2025,0.75,1.125,1.0,1.0,True,True
yr0l1IoyzV,2025,-0.75,1.125,0.0,1.0,True,True
ys16t9FcLN,2025,-1.0,1.125,0.0,0.0,True,True
yt7nxONs3J,2025,-1.0,1.125,0.0,0.0,True,True
yu1vqQqKkx,2025,0.25,1.125,1.0,2.0,True,True
ywFOSIT9ik,2025,0.7999999999999998,1.125,1.0,0.0,True,True
yzloNYH3QN,2025,-1.0,1.125,1.0,0.0,True,True
z0hUsPhwUN,2025,-0.4000000000000003,1.125,1.0,1.0,True,True
z1mLNhWFyY,2025,-0.75,1.125,0.0,0.0,True,True
z1nSpA2dAW,2025,-0.25,1.125,1.0,0.0,True,True
z1ohBxWeL2,2025,-0.5,1.125,0.0,0.0,True,True
z1td6fBKpG,2025,-0.25,1.125,0.0,0.0,True,True
z2z9suDRjw,2025,0.25,1.125,1.0,0.0,True,True
z7JBs8UOLI,2025,-0.25,1.125,0.0,0.0,True,True
z7QAz5y8Uz,2025,-0.75,1.125,0.0,0.0,True,True
zA0oW4Q4ly,2025,0.0,1.125,0.0,0.0,True,True
zCncHdGsOa,2025,0.0,1.125,0.0,0.0,True,True
zDC3iCBxJb,2025,0.75,1.125,1.0,0.0,True,True
zDJf7fvdid,2025,0.0,1.125,1.0,0.0,True,True
zDjHOsSQxd,2025,0.25,1.125,1.0,0.0,True,True
zDze7VtB5C,2025,-0.5,1.125,0.0,0.0,True,True
zG459X3Xge,2025,0.0,1.125,1.0,4.0,True,True
zGej22CBnS,2025,0.25,1.125,1.0,0.0,True,True
zGzs5SIwT8,2025,0.5999999999999996,1.125,1.0,0.0,True,True
zJfOyS1YLW,2025,-0.5,1.125,0.0,2.0,True,True
zJjzNj6QUe,2025,0.0,1.125,1.0,,True,False
zKFUNRH0hN,2025,0.0,1.125,0.0,,True,False
zKlFXV87Pp,2025,0.5,1.125,1.0,0.0,True,True
zMjjzXxS64,2025,1.0,1.125,1.0,0.0,True,True
zONMuIVCAT,2025,1.0,1.125,1.0,0.0,True,True
zP8HygcAMY,2025,-0.25,1.125,0.0,1.0,True,True
zPDpdk3V8L,2025,0.333333333333333,1.125,1.0,0.0,True,True
zPHra4V5Mc,2025,1.0,1.125,1.0,0.0,True,True
zRsFAUQDRk,2025,0.0,1.125,0.0,0.0,True,True
zSfeN1uAcx,2025,-0.25,1.125,1.0,3.0,True,True
zVagbJLgkP,2025,-0.666666666666667,1.125,0.0,0.0,True,True
zVp0TVDkrX,2025,-0.75,1.125,0.0,,True,False
zWASuY0t6o,2025,-0.5,1.125,0.0,0.0,True,True
zZ8fgXHkXi,2025,0.75,1.125,1.0,,True,False
zboCXnuNv7,2025,0.5,1.125,1.0,0.0,True,True
zcTLpIfj9u,2025,0.333333333333333,1.125,1.0,0.0,True,True
zeAOzn80VQ,2025,1.0,1.125,1.0,0.0,True,True
zeBhcfP8tN,2025,-1.0,1.125,0.0,0.0,True,True
zfgYC3sDt6,2025,-0.75,1.125,0.0,0.0,True,True
zg3ec1TdAP,2025,1.0,1.125,1.0,2.0,True,True
zhFyKgqxlz,2025,-0.25,1.125,1.0,0.0,True,True
ziw5bzg2NO,2025,0.0,1.125,1.0,,True,False
zjAEa4s3sH,2025,0.5,1.125,1.0,0.0,True,True
zjeHLSiNv1,2025,0.0,1.125,1.0,0.0,True,True
zl3nFqY8l1,2025,-1.0,1.125,0.0,0.0,True,True
zl3pfz4VCV,2025,1.0,1.125,1.0,9.0,True,True
zn0eqMtsrw,2025,-0.25,1.125,0.0,0.0,True,True
zo049dh2r9,2025,-0.666666666666667,1.125,0.0,1.0,True,True
zpBamnxyPm,2025,-0.25,1.125,0.0,2.0,True,True
zpDGwcmMV4,2025,0.75,1.125,1.0,1.0,True,True
zpLcZ2AyDK,2025,-0.5,1.125,0.0,0.0,True,True
zqtql1YmlS,2025,0.0,1.125,1.0,0.0,True,True
zqzsZ5cXbB,2025,-0.5,1.125,1.0,0.0,True,True
zu7cBTPsDb,2025,0.0,1.125,1.0,0.0,True,True
zvaiz3FjA9,2025,0.0,1.125,1.0,0.0,True,True
zxO4WuVGns,2025,0.0,1.125,1.0,1.0,True,True
zxg6601zoc,2025,-0.25,1.125,1.0,,True,False
zzR1Uskhj0,2025,0.0,1.125,0.0,0.0,True,True
