paper_id,arxiv_id,year,oa_citations,s2_citations,s2_venue,s2_has_pub_doi,s2_matched
ryykVe-0W,1710.0505,2018,51,,,,False
rywHCPkAW,1706.10295,2018,390,1017,International Conference on Learning Representations,False,True
rywDjg-RW,1804.01186,2018,57,178,International Conference on Learning Representations,False,True
ryup8-WCW,1804.08838,2018,63,564,International Conference on Learning Representations,False,True
rytNfI1AZ,1802.0853,2018,42,,,,False
ryserbZR-,1802.02212,2018,99,127,arXiv.org,False,True
rylSzl-R-,1706.0055,2018,75,,,,False
ryj38zWRb,1707.05776,2018,203,462,International Conference on Machine Learning,False,True
ryj0790hb,1705.04228,2018,21,307,IEEE Transactions on Pattern Analysis and Machine Intelligence,True,True
ryiAv2xAZ,1711.09325,2018,116,960,International Conference on Learning Representations,False,True
rydeCEhs-,1708.05344,2018,395,808,International Conference on Learning Representations,False,True
ryazCMbR-,1805.09317,2018,48,243,International Conference on Learning Representations,False,True
ryUlhzWCZ,1805.1124,2018,38,,,,False
ryTp3f-0-,1802.08802,2018,16,349,International Conference on Learning Representations,False,True
ryRh0bb0Z,1711.00305,2018,9,20,International Conference on Learning Representations,False,True
ryCM8zWRb,1706.03847,2018,938,975,International Conference on Information and Knowledge Management,True,True
ryBnUWb0b,1710.11122,2018,5,9,International Conference on Learning Representations,False,True
ry831QWAb,1707.04822,2018,17,24,arXiv.org,False,True
ry80wMW0W,1708.00463,2018,5,6,International Conference on Learning Representations,False,True
ry1arUgCW,1804.04012,2018,37,70,International Conference on Learning Representations,False,True
ry0WOxbRZ,1711.08646,2018,1,0,arXiv.org,False,True
ry018WZAZ,1707.05928,2018,373,481,Rep4NLP@ACL,True,True
rkrWCJWAW,1705.08209,2018,54,88,arXiv.org,False,True
rkrC3GbRW,1712.01664,2018,12,21,International Conference on Learning Representations,True,True
rkr1UDeC-,1804.03235,2018,152,455,International Conference on Learning Representations,False,True
rknt2Be0-,1804.02341,2018,36,84,International Conference on Learning Representations,False,True
rkmoiMbCb,1806.00145,2018,1,0,arXiv.org,False,True
rkfOvGbCW,1802.10542,2018,26,106,International Conference on Learning Representations,False,True
rkeZRGbRW,1707.00309,2018,5,7,arXiv.org,False,True
rkdU7tCaZ,1709.07432,2018,61,148,International Conference on Machine Learning,False,True
rkcya1ZAW,1709.01179,2018,22,62,International Conference on Machine Learning,False,True
rkaqxm-0b,1808.09942,2018,23,23,Conference on Empirical Methods in Natural Language Processing,True,True
rkZvSe-RZ,1705.07204,2018,1867,3051,International Conference on Learning Representations,False,True
rkZB1XbRZ,1802.08908,2018,249,723,International Conference on Learning Representations,False,True
rkQkBnJAb,1803.05573,2018,46,345,International Conference on Learning Representations,False,True
rkO3uTkAZ,1803.015,2018,20,,,,False
rkN2Il-RZ,1707.03389,2018,58,53,arXiv.org,False,True
rkLyJl-0-,1712.03298,2018,3,21,International Conference on Learning Representations,False,True
rkGZuJb0b,1711.03357,2018,6,10,British Machine Vision Conference,False,True
rkA1f3NpZ,1709.03423,2018,77,149,arXiv.org,False,True
rk6cfpRjZ,1709.05027,2018,104,144,International Conference on Learning Representations,False,True
rJzIBfZAb,1706.06083,2018,1541,15115,International Conference on Learning Representations,False,True
rJwelMbR-,1711.09874,2018,13,135,International Conference on Learning Representations,False,True
rJvJXZb0W,1803.02893,2018,303,578,International Conference on Learning Representations,False,True
rJma2bZCW,1711.04623,2018,251,545,arXiv.org,False,True
rJm7VfZA-,1802.00899,2018,7,50,International Conference on Learning Representations,False,True
rJlMAAeC-,1802.02696,2018,9,14,International Conference on Learning Representations,False,True
rJl3yM-Ab,1711.05116,2018,108,166,International Conference on Learning Representations,False,True
rJiaRbk0-,1806.02988,2018,38,51,International Conference on Machine Learning,False,True
rJg4YGWRb,1803.03735,2018,252,385,arXiv.org,False,True
rJaE2alRW,1703.04122,2018,50,163,International Conference on Machine Learning,False,True
rJXMpikCZ,1710.10903,2018,8340,27156,International Conference on Learning Representations,True,True
rJNpifWAb,1803.04386,2018,177,350,International Conference on Learning Representations,False,True
rJ7yZ2P6-,1802.02614,2018,27,24,arXiv.org,False,True
r1wEFyWCW,1710.10304,2018,40,90,International Conference on Learning Representations,False,True
r1uOhfb0W,1803.00184,2018,0,0,arXiv.org,False,True
r1q7n9gAb,1710.10345,2018,15,1142,Journal of machine learning research,True,True
r1lUOzWCW,1801.01401,2018,99,2094,International Conference on Learning Representations,False,True
r1l4eQW0Z,1705.10119,2018,7,3,arXiv.org,False,True
r1kNDlbCb,1810.02851,2018,62,67,Conference on Empirical Methods in Natural Language Processing,True,True
r1gs9JgRZ,1710.0374,2018,880,,,,False
r1drp-WCZ,1711.11179,2018,29,47,arXiv.org,False,True
r1dHXnH6-,1709.04348,2018,193,278,International Conference on Learning Representations,False,True
r1ZdKJ-0W,1707.03815,2018,189,778,International Conference on Learning Representations,False,True
r1YqWz-R-,1808.05599,2018,55,58,IEEE/ACM Transactions on Audio Speech and Language Processing,True,True
r1VVsebAZ,1803.00338,2018,25,,,,False
r1TA9ZbA-,1802.04697,2018,28,96,International Conference on Machine Learning,False,True
r1SuFjkRW,1705.05035,2018,70,135,arXiv.org,False,True
r1RF3ExCb,1801.09819,2018,20,88,International Conference on Machine Learning,False,True
r1Ddp1-Rb,1710.09412,2018,4760,12038,International Conference on Learning Representations,False,True
r1DPFCyA-,1706.00326,2018,41,71,arXiv.org,False,True
r17lFgZ0Z,1706.09799,2018,183,232,arXiv.org,False,True
r17Q6WWA-,1711.00111,2018,11,13,arXiv.org,False,True
r154_g-Rb,1803.00512,2018,27,68,International Conference on Machine Learning,False,True
r11Q2SlRW,1707.05363,2018,16,48,arXiv.org,False,True
Syx6bz-Ab,1709.00103,2018,788,1565,arXiv.org,False,True
SywXXwJAb,1704.01552,2018,36,133,International Conference on Learning Representations,False,True
SysEexbRb,1710.11205,2018,43,55,arXiv.org,False,True
SyrGJYlRZ,1706.03471,2018,63,113,USENIX workshop on Tackling computer systems problems with machine learning techniques,False,True
SyqShMZRb,1802.08786,2018,205,357,International Conference on Learning Representations,False,True
Syjha0gAZ,1711.05246,2018,15,22,Neural Information Processing Systems,False,True
SyhRVm-Rb,1705.06366,2018,151,581,International Conference on Machine Learning,False,True
SygwwGbRW,1803.00653,2018,55,436,International Conference on Learning Representations,False,True
Syg-YfWCW,1711.05851,2018,357,612,International Conference on Learning Representations,False,True
SyZipzbCb,1804.08617,2018,285,541,International Conference on Learning Representations,False,True
SyYe6k-CW,1802.09127,2018,14,393,International Conference on Learning Representations,False,True
SyX0IeWAW,1710.09767,2018,117,381,International Conference on Learning Representations,False,True
SyProzZAW,1705.05502,2018,91,193,International Conference on Learning Representations,False,True
SyL9u-WA-,1803.09327,2018,19,121,International Conference on Machine Learning,False,True
SyJ7ClWCb,1711.00117,2018,438,1630,International Conference on Learning Representations,False,True
SyELrEeAb,1710.10742,2018,17,46,International Conference on Learning Representations,False,True
SyBBgXWAZ,1711.0197,2018,10,,,,False
SyAbZb-0Z,1710.10776,2018,5,5,arXiv.org,False,True
Sy3fJXbA-,1709.09582,2018,25,28,arXiv.org,False,True
Sy2ogebAW,1710.11041,2018,97,815,International Conference on Learning Representations,False,True
Sy21R9JAW,1711.06104,2018,386,149,Neural Information Processing Systems,True,True
Sy1f0e-R-,1806.07755,2018,223,305,arXiv.org,False,True
Sy0GnUxCb,1710.03748,2018,147,435,International Conference on Learning Representations,False,True
Sy-tszZRZ,1711.02114,2018,47,302,International Conference on Machine Learning,False,True
Skx5txzb0W,1807.01961,2018,2,4,International Conference on Machine Learning,False,True
Skw0n-W0Z,1802.09081,2018,127,266,International Conference on Learning Representations,False,True
Skvd-myR-,1709.01353,2018,44,39,Image and Vision Computing,True,True
SktLlGbRZ,1711.03213,2018,630,3282,International Conference on Machine Learning,False,True
SksY3deAW,1706.04964,2018,31,120,International Conference on Machine Learning,False,True
SkqV-XZRZ,1711.05717,2018,8,28,arXiv.org,False,True
Skp1ESxRZ,1706.01284,2018,22,11,arXiv.org,False,True
Skj8Kag0Z,1705.07364,2018,10,92,International Conference on Learning Representations,False,True
SkhQHMW0W,1712.01887,2018,647,1673,International Conference on Learning Representations,False,True
SkYibHlRb,1711.04436,2018,305,506,arXiv.org,False,True
SkYMnLxRW,1711.02132,2018,134,142,arXiv.org,False,True
SkVqXOxCb,1708.08819,2018,29,81,International Conference on Learning Representations,False,True
SkPoRg10b,1710.09553,2018,29,68,arXiv.org,False,True
SkFAWax0-,1707.06588,2018,13,28,arXiv.org,False,True
SkF2D7g0b,1712.09491,2018,70,5,arXiv.org,False,True
Sk9yuql0Z,1711.01991,2018,196,1208,International Conference on Learning Representations,False,True
SJzRZ-WCZ,1710.11379,2018,25,331,International Conference on Learning Representations,False,True
SJzMATlAZ,1803.01449,2018,55,81,arXiv.org,False,True
SJyVzQ-C-,1711.00066,2018,8,54,International Conference on Learning Representations,False,True
SJx9GQb0-,1803.01541,2018,52,281,International Conference on Learning Representations,False,True
SJn0sLgRb,1801.02929,2018,338,468,arXiv.org,False,True
SJmAXkgCb,1808.05285,2018,19,20,ECCV Workshops,True,True
SJlhPMWAW,1802.0348,2018,43,,,,False
SJky6Ry0W,1712.00961,2018,84,205,International Conference on Machine Learning,False,True
SJiHXGWAZ,1707.01926,2018,504,107,arXiv.org,False,True
SJi9WOeRb,1705.07107,2018,35,127,International Conference on Learning Representations,False,True
SJahqJZAW,1705.07831,2018,72,85,arXiv.org,False,True
SJa9iHgAZ,1710.04773,2018,46,181,International Conference on Learning Representations,False,True
SJQO7UJCW,1802.07934,2018,378,616,British Machine Vision Conference,False,True
SJQHjzZ0-,1803.01045,2018,15,73,International Conference on Learning Representations,False,True
SJLy_SxC-,1711.00002,2018,28,36,arXiv.org,False,True
SJJinbWRZ,1802.10592,2018,218,487,International Conference on Learning Representations,False,True
SJJQVZW0b,1712.07294,2018,58,150,International Conference on Learning Representations,False,True
SJIA6ZWC-,1802.09419,2018,87,149,arXiv.org,False,True
SJCq_fZ0Z,1711.02326,2018,9,15,arXiv.org,False,True
SJA7xfb0b,1711.04894,2018,18,119,International Conference on Learning Representations,False,True
SJ1Xmf-Rb,1711.10563,2018,272,522,International Conference on Learning Representations,False,True
SJ19eUg0-,1712.07296,2018,10,25,arXiv.org,False,True
S1vuO-bCW,1711.06782,2018,61,157,International Conference on Learning Representations,False,True
S1v4N2l0-,1803.07728,2018,1540,3608,International Conference on Learning Representations,False,True
S1p31z-Ab,1802.05365,2018,1791,12201,North American Chapter of the Association for Computational Linguistics,True,True
S1nQvfgA-,1705.07904,2018,31,121,International Conference on Learning Representations,False,True
S1m6h21Cb,1705.10743,2018,256,397,arXiv.org,False,True
S1jBcueAb,1706.03059,2018,247,314,International Conference on Learning Representations,False,True
S1fcY-Z0-,1710.04759,2018,16,157,arXiv.org,False,True
S1cZsf-RW,1803.01328,2018,51,130,International Conference on Learning Representations,False,True
S1WRibb0Z,1711.00811,2018,9,119,International Conference on Learning Representations,False,True
S1J2ZyZ0Z,1712.08697,2018,33,75,International Conference on Learning Representations,False,True
S1HlA-ZAZ,1804.01756,2018,13,41,International Conference on Learning Representations,False,True
S1GUgxgCW,1809.0707,2018,4,,,,False
S1EwLkW0W,1705.07774,2018,78,229,International Conference on Machine Learning,False,True
S1Euwz-Rb,1803.03067,2018,132,623,International Conference on Learning Representations,False,True
S1Dh8Tg0-,1801.0454,2018,12,,,,False
S1DWPP1A-,1803.00781,2018,49,102,International Conference on Learning Representations,False,True
S1ANxQW0b,1806.0692,2018,167,,,,False
S14EogZAZ,1711.00267,2018,3,8,arXiv.org,False,True
HyzbhfWRW,1804.02391,2018,124,474,International Conference on Learning Representations,False,True
HyyP33gAZ,1703.02,2018,47,,,,False
HytSvlWRZ,1802.06516,2018,0,11,Knowledge Discovery and Data Mining,True,True
HyrCWeWCb,1707.01891,2018,31,115,International Conference on Learning Representations,False,True
HypkN9yRW,1803.11361,2018,26,33,arXiv.org,False,True
HymYLebCb,1804.06275,2018,5,8,arXiv.org,False,True
HyjC5yWCW,1710.11622,2018,96,235,International Conference on Learning Representations,False,True
HyfHgI6aW,1709.05706,2018,38,80,International Conference on Learning Representations,False,True
HyXNCZbCZ,1802.01071,2018,20,29,arXiv.org,False,True
HyXBcYg0b,1711.07553,2018,249,623,arXiv.org,False,True
HyWrIgW0W,1710.11029,2018,36,339,Information Theory and Applications Workshop,True,True
HyUNwulC-,1709.04057,2018,15,173,International Conference on Learning Representations,False,True
HyRnez-RW,1711.00894,2018,3,35,International Conference on Learning Representations,False,True
HyRVBzap-,1708.02582,2018,63,106,International Conference on Learning Representations,False,True
HyEi7bWR-,1707.0952,2018,15,,,,False
Hy7EPh10W,1802.1056,2018,35,,,,False
HkxF5RgC-,1804.10223,2018,1,30,International Conference on Learning Representations,False,True
HkwVAXyCW,1708.06834,2018,38,236,International Conference on Learning Representations,False,True
HkuGJ3kCb,1702.01417,2018,134,403,International Conference on Learning Representations,False,True
HktJec1RZ,1706.05565,2018,24,3,,False,True
Hksj2WWAW,1801.04342,2018,9,5,arXiv.org,False,True
HkpRBFxRb,1705.07445,2018,1,6,,False,True
HknbyQbC-,1801.0261,2018,793,,,,False
HkepKG-Rb,1711.11157,2018,70,549,International Conference on Machine Learning,False,True
HkUR_y-RZ,1706.04499,2018,13,51,International Conference on Learning Representations,False,True
HkTEFfZRb,1711.00449,2018,23,113,International Conference on Learning Representations,False,True
HkNGsseC-,1703.02065,2018,23,10,arXiv.org,False,True
HkMvEOlAb,1802.03063,2018,18,32,International Conference on Learning Representations,False,True
HkGcX--0-,1711.11479,2018,3,20,ECML/PKDD,True,True
Hk9Xc_lR-,1711.02771,2018,34,110,International Conference on Learning Representations,False,True
Hk99zCeAb,1710.10196,2018,1559,8646,International Conference on Learning Representations,False,True
Hk6WhagRW,1804.0398,2018,47,,,,False
Hk2MHt-3-,1709.06053,2018,24,37,International Conference on Content-Based Multimedia Indexing,True,True
Hk0wHx-RW,1804.06216,2018,14,33,International Conference on Learning Representations,False,True
HJtEm4p6Z,1710.07654,2018,103,322,International Conference on Learning Representations,False,True
HJnQJXbC-,1705.09786,2018,29,37,arXiv.org,False,True
HJcjQTJ0W,1709.06161,2018,28,18,arXiv.org,False,True
HJcSzz-CZ,1803.00676,2018,728,1443,International Conference on Learning Representations,False,True
HJaDJZ-0W,1711.02782,2018,97,147,arXiv.org,False,True
HJ_aoCyRZ,1801.01587,2018,118,330,International Conference on Learning Representations,False,True
HJZiRkZC-,1802.01817,2018,1,3,arXiv.org,False,True
HJWGdbbCW,1802.09564,2018,217,347,Robotics: Science and Systems Conference,True,True
HJUOHGWRb,1705.10301,2018,38,89,Journal of machine learning research,False,True
HJSA_e1AW,1709.04546,2018,20,31,arXiv.org,False,True
HJRV1ZZAW,1711.04352,2018,17,16,arXiv.org,False,True
HJOQ7MgAW,1805.03716,2018,14,35,Annual Meeting of the Association for Computational Linguistics,True,True
HJIoJWZCZ,1711.01575,2018,50,296,International Conference on Learning Representations,False,True
HJDV5YxCW,1805.10368,2018,21,29,Neural Information Processing Systems,False,True
HJCXZQbAZ,1804.09843,2018,4,48,International Conference on Learning Representations,False,True
HJC2SzZCW,1802.0876,2018,225,,,,False
HJ94fqApW,1802.00124,2018,153,432,International Conference on Learning Representations,False,True
HJ4IhxZAb,1806.04798,2018,57,97,arXiv.org,False,True
H1wt9x-RW,1711.00694,2018,11,14,arXiv.org,False,True
H1vEXaxA-,1710.06922,2018,40,69,International Conference on Learning Representations,False,True
H1uR4GZRZ,1803.01442,2018,207,581,International Conference on Learning Representations,False,True
H1uP7ebAW,1710.10501,2018,195,372,arXiv.org,False,True
H1sUHgb0Z,1712.04577,2018,86,170,International Conference on Learning Representations,False,True
H1kG7GZAW,1711.00848,2018,50,601,International Conference on Learning Representations,False,True
H1dh6Ax0Z,1710.11417,2018,28,72,International Conference on Learning Representations,False,True
H1cKvl-Rb,1706.01502,2018,79,5,arXiv.org,False,True
H1bhRHeA-,1803.08577,2018,8,14,arXiv.org,False,True
H1bM1fZCW,1711.02257,2018,455,1939,International Conference on Machine Learning,False,True
H1Yp-j1Cb,1706.03269,2018,15,92,International Conference on Learning Representations,False,True
H1Xw62kRZ,1805.04276,2018,49,231,International Conference on Learning Representations,False,True
H1VjBebR-,1709.00074,2018,11,26,International Conference on Learning Representations,False,True
H1U_af-0-,1802.03832,2018,19,57,Neural Information Processing Systems,False,True
H1UOm4gA-,1802.01433,2018,31,80,International Conference on Learning Representations,False,True
H1T2hmZAb,1705.09792,2018,169,1044,International Conference on Learning Representations,False,True
H1DJFybC-,1707.09627,2018,103,252,Neural Information Processing Systems,False,True
H1BLjgZCb,1710.11342,2018,368,659,International Conference on Learning Representations,False,True
H196sainb,1710.04087,2018,648,1796,International Conference on Learning Representations,False,True
H18uzzWAZ,1711.00882,2018,3,11,PeerJ,True,True
H15odZ-C-,1710.11381,2018,3,18,International Conference on Learning Representations,False,True
H135uzZ0-,1802.0093,2018,115,,,,False
H113pWZRb,1710.1037,2018,233,,,,False
H1-nGgWC-,1804.11271,2018,91,619,International Conference on Learning Representations,False,True
ByrZyglCb,1705.09554,2018,45,122,arXiv.org,False,True
ByqFhGZCW,1711.04368,2018,4,7,,False,True
ByeqORgAW,1706.04638,2018,9,32,International Conference on Learning Representations,False,True
BydjJte0-,1711.01768,2018,269,3,International Conference on Learning Representations,False,True
BySRH6CpW,1710.07739,2018,11,92,International Conference on Learning Representations,False,True
ByS1VpgRZ,1802.05637,2018,414,826,International Conference on Learning Representations,False,True
ByQpn1ZA-,1710.08446,2018,102,217,International Conference on Learning Representations,False,True
ByOnmlWC-,1711.01012,2018,11,19,International Conference on Learning Representations,False,True
ByJWeR1AW,1806.03852,2018,81,166,arXiv.org,False,True
ByJHuTgA-,1707.05589,2018,48,556,International Conference on Learning Representations,False,True
ByBAl2eAZ,1706.01905,2018,368,687,International Conference on Learning Representations,False,True
By9iRkWA-,1710.10504,2018,18,22,arXiv.org,False,True
By5ugjyCb,1805.06085,2018,720,1124,arXiv.org,False,True
BkrsAzWAb,1703.04782,2018,77,283,International Conference on Learning Representations,False,True
BkrSv0lA-,1802.08635,2018,58,136,International Conference on Learning Representations,False,True
Bkl1uWb0Z,1805.1085,2018,17,,,,False
BkabRiQpb,1710.06975,2018,21,66,AAAI Workshops,False,True
BkXmYfbAZ,1711.00108,2018,20,98,International Conference on Learning Representations,False,True
BkVsWbbAW,1710.10368,2018,126,162,arXiv.org,False,True
BkUp6GZRW,1712.10282,2018,7,46,International Conference on Learning Representations,False,True
BkQqq0gRb,1710.10628,2018,296,810,International Conference on Learning Representations,True,True
BkQCGzZ0-,1801.09797,2018,35,54,arXiv.org,False,True
BkM27IxR-,1703.00441,2018,84,136,arXiv.org,False,True
BkLhaGZRW,1805.03644,2018,9,19,International Conference on Learning Representations,False,True
BkJ3ibb0-,1805.06605,2018,285,1275,International Conference on Learning Representations,False,True
Bk6qQGWRb,1802.04412,2018,24,180,Information Theory and Applications Workshop,True,True
BJvWjcgAZ,1805.12375,2018,19,83,Neural Information Processing Systems,False,True
BJuWrGW0Z,1711.07163,2018,35,143,International Conference on Learning Representations,False,True
BJluxbWC-,1801.05609,2018,57,76,arXiv.org,False,True
BJlrSmbAZ,1802.06455,2018,105,267,International Conference on Machine Learning,False,True
BJk7Gf-CZ,1707.02444,2018,56,128,International Conference on Learning Representations,False,True
BJk59JZ0b,1705.07606,2018,1,17,International Conference on Learning Representations,False,True
BJij4yg0Z,1710.06451,2018,24,308,International Conference on Learning Representations,False,True
BJ_wN01C-,1711.05136,2018,134,311,International Conference on Learning Representations,False,True
BJ_UL-k0b,1801.0893,2018,167,,,,False
BJQRKzbA-,1711.00436,2018,227,954,International Conference on Learning Representations,False,True
BJNRFNlRW,1802.01765,2018,8,15,International Conference on Learning Representations,False,True
BJMuY-gRW,1705.09189,2018,84,91,Natural Language Engineering,True,True
BJGWO9k0Z,1802.02154,2018,1,3,International Conference on Learning Representations,False,True
BJDH5M-AW,1707.07397,2018,685,94,,False,True
BJ8c3f-0b,1705.10306,2018,54,166,International Conference on Learning Representations,False,True
BJ6anzb0Z,1805.10205,2018,93,121,Knowledge Discovery and Data Mining,True,True
B1ydPgTpW,1701.08711,2018,24,22,Expert systems with applications,True,True
B1twdMCab,1706.02596,2018,63,62,,False,True
B1tC-LT6W,1710.09026,2018,6,9,arXiv.org,False,True
B1spAqUp-,1705.0682,2018,31,,,,False
B1p461b0W,1705.10694,2018,410,637,arXiv.org,False,True
B1nxTzbRZ,1812.00054,2018,16,27,Neural Information Processing Systems,False,True
B1nZ1weCZ,1702.06053,2018,10,21,International Conference on Learning Representations,False,True
B1mSWUxR-,1705.07136,2018,14,19,arXiv.org,False,True
B1l8BtlCb,1711.02281,2018,449,924,International Conference on Learning Representations,False,True
B1hcZZ-AW,1709.0603,2018,116,,,,False
B1hYRMbCW,1709.08894,2018,129,221,International Conference on Learning Representations,False,True
B1bgpzZAZ,1904.02651,2018,24,31,International Joint Conference on Artificial Intelligence,True,True
B1ZvaaeAZ,1709.01134,2018,183,278,International Conference on Learning Representations,False,True
B1ZZTfZAW,1706.02633,2018,269,980,arXiv.org,False,True
B1Yy1BxCZ,1711.00489,2018,394,1134,International Conference on Learning Representations,False,True
B1X4DWWRb,1802.08598,2018,38,92,,False,True
B1X0mzZCW,1711.02799,2018,7,78,International Conference on Learning Representations,False,True
B1NGT8xCZ,1705.09011,2018,3,5,arXiv.org,False,True
B1KFAGWAZ,1712.07305,2018,46,54,arXiv.org,False,True
B1IDRdeCW,1705.07199,2018,14,82,International Conference on Learning Representations,False,True
B1EA-M-0Z,1711.00165,2018,338,1255,International Conference on Learning Representations,False,True
B1DmUzWAW,1707.03141,2018,760,204,arXiv.org,False,True
B1CNpYg0-,1706.00286,2018,68,86,arXiv.org,False,True
B18WgG-CZ,1804.00079,2018,101,339,International Conference on Learning Representations,False,True
B14TlG-RW,1804.09541,2018,417,1133,International Conference on Learning Representations,False,True
B13njo1R-,1802.04765,2018,22,60,International Conference on Learning Representations,False,True
B12Js_yRb,1802.05766,2018,156,223,International Conference on Learning Representations,False,True
ryxnHhRqFm,1901.04713,2019,34,173,International Conference on Learning Representations,False,True
ryxhB3CcK7,1902.07864,2019,32,94,International Conference on Machine Learning,False,True
ryxepo0cFX,1902.09689,2019,87,235,International Conference on Learning Representations,False,True
ryxY73AcK7,1811.05381,2019,31,384,International Conference on Machine Learning,False,True
ryxSrhC9KX,1901.02915,2019,25,44,International Conference on Learning Representations,False,True
rylqooRqK7,1812.09926,2019,285,1012,International Conference on Learning Representations,False,True
rylNH20qFQ,1901.02875,2019,50,162,International Conference on Learning Representations,False,True
ryl8-3AcFX,1907.1174,2019,33,,,,False
rygqqsA9KX,1806.06176,2019,197,549,International Conference on Learning Representations,False,True
rygnfn0qF7,1901.09128,2019,18,26,arXiv.org,False,True
rygkk305YQ,1810.07217,2019,45,295,International Conference on Learning Representations,False,True
rygjcsR9Y7,1806.02199,2019,61,156,International Conference on Learning Representations,False,True
rygjN3C9F7,1810.11677,2019,5,7,IEEE International Joint Conference on Neural Network,True,True
ryggIs0cYQ,1806.10779,2019,146,193,International Conference on Learning Representations,False,True
rygZJ2RcF7,1805.12198,2019,5,7,,False,True
ryfz73C9KQ,1811.06407,2019,47,82,arXiv.org,False,True
ryfMLoCqtQ,1809.10374,2019,38,152,International Conference on Learning Representations,False,True
ryf7ioRqFX,1810.03023,2019,12,38,International Conference on Learning Representations,False,True
ryf6Fs09YX,1901.0602,2019,7,,,,False
ryewE3R5YX,1907.0947,2019,52,,,,False
ryetZ20ctX,1904.08444,2019,35,222,International Conference on Learning Representations,False,True
ryepUj0qtX,1805.07544,2019,12,46,BNAIC/BENELEARN,False,True
ryeh4jA9F7,1809.07802,2019,15,26,arXiv.org,False,True
ryeYHi0ctQ,1905.00538,2019,84,258,International Conference on Learning Representations,False,True
ryeOSnAqYm,1912.12345,2019,16,45,International Conference on Learning Representations,False,True
ryeNPi0qKX,1809.1004,2019,41,,,,False
rye7knCqK7,1812.09755,2019,44,316,International Conference on Learning Representations,False,True
rye4g3AqFm,1805.08522,2019,87,292,International Conference on Learning Representations,False,True
ryMQ5sRqYX,1811.02002,2019,17,109,International Conference on Machine Learning,False,True
ryGgSsAcFQ,1810.00393,2019,6,78,International Conference on Learning Representations,False,True
ryEkcsActX,1808.01405,2019,3,29,IEEE International Conference on Computer Vision,True,True
ryE98iR5tm,1901.04866,2019,46,161,International Conference on Learning Representations,False,True
rkzjUoAcFX,1809.1046,2019,75,,,,False
rkzDIiA5YQ,2006.05752,2019,25,48,International Conference on Learning Representations,False,True
rkxw-hAcFQ,1803.07612,2019,37,103,International Conference on Learning Representations,False,True
rkxusjRctQ,1807.03149,2019,17,30,arXiv.org,False,True
rkxt8oC9FQ,1810.00656,2019,56,122,arXiv.org,False,True
rkxraoRcF7,1901.08534,2019,19,27,International Conference on Learning Representations,False,True
rkxoNnC5FQ,1810.03756,2019,27,110,International Conference on Learning Representations,False,True
rkxn7nR5KX,1810.07218,2019,30,188,Neural Information Processing Systems,False,True
rkxjnjA5KQ,1806.07377,2019,40,127,International Conference on Machine Learning,False,True
rkxciiC9tm,1812.09028,2019,2,9,International Conference on Learning Representations,False,True
rkxacs0qY7,1903.05779,2019,116,274,International Conference on Learning Representations,False,True
rkxaNjA9Ym,1812.11732,2019,9,47,International Conference on Learning Representations,False,True
rkxQ-nA9FX,1812.03981,2019,42,146,International Conference on Learning Representations,False,True
rkx1m2C5YQ,1905.07357,2019,30,129,International Conference on Machine Learning,False,True
rklz9iAcKQ,1809.10341,2019,332,3038,International Conference on Learning Representations,False,True
rklaWn0qK7,1906.012,2019,56,,,,False
rklXaoAcFX,1805.08308,2019,97,163,arXiv.org,False,True
rkgwuiA9F7,1805.09235,2019,17,34,Journal of machine learning research,False,True
rkgsvoA9K7,1901.02739,2019,13,123,Pattern Recognition,True,True
rkgoyn09KQ,1810.03947,2019,2,21,International Conference on Learning Representations,False,True
rkgbwsAcYm,1901.09229,2019,88,181,International Conference on Learning Representations,False,True
rkgW0oA9FX,1810.05749,2019,115,305,International Conference on Learning Representations,False,True
rkgT3jRct7,1902.08355,2019,7,18,International Conference on Learning Representations,False,True
rkgKBhA5Y7,1806.05594,2019,149,262,International Conference on Learning Representations,False,True
rkgK3oC5Fm,1810.00746,2019,23,47,International Conference on Learning Representations,False,True
rkevMnRqYQ,1902.04198,2019,15,56,International Conference on Learning Representations,False,True
rkemqsC9Fm,1904.06395,2019,3,10,International Conference on Learning Representations,False,True
rkeYUsRqKQ,1905.01992,2019,2,20,Proceedings of the Workshop on Methods for Optimizing and Evaluating Neural Language Generation,True,True
rkeT8iR9Y7,1810.0015,2019,5,,,,False
rkeMHjR9Ym,1809.03019,2019,4,47,Annual Conference Computational Learning Theory,False,True
rke4HiAcY7,1808.07593,2019,18,94,International Conference on Learning Representations,False,True
rkMhusC5Y7,1809.10658,2019,8,11,arXiv.org,False,True
rkMW1hRqKX,1810.01398,2019,5,45,International Conference on Learning Representations,False,True
rk4Qso0cKm,1810.01279,2019,89,187,International Conference on Learning Representations,False,True
rJxug2R9Km,1901.08159,2019,10,15,arXiv.org,False,True
rJxgknCcK7,1810.01367,2019,137,1079,International Conference on Learning Representations,False,True
rJxMM2C5K7,1904.01197,2019,5,20,arXiv.org,False,True
rJxHsjRqFQ,1805.09786,2019,47,275,International Conference on Learning Representations,False,True
rJlnB3C5Ym,1810.0527,2019,744,,,,False
rJliMh09F7,1901.09024,2019,126,223,International Conference on Learning Representations,False,True
rJlHIo09KQ,1808.08833,2019,6,15,Asian Conference on Machine Learning,False,True
rJlEojAqFm,1809.11044,2019,33,85,International Conference on Learning Representations,False,True
rJlDnoA5Y7,1812.04616,2019,54,79,International Conference on Learning Representations,False,True
rJl8viCqKQ,1812.10659,2019,53,295,International Conference on Machine Learning,False,True
rJl2E3AcF7,1901.10668,2019,2,4,arXiv.org,False,True
rJl0r3R9KX,1903.09734,2019,56,230,International Conference on Learning Representations,False,True
rJl-HsR9KX,1907.06347,2019,109,192,arXiv.org,False,True
rJgfjjC9Ym,1901.07988,2019,17,45,Neural Information Processing Systems,False,True
rJgbSn09Ym,1810.01566,2019,107,478,International Conference on Learning Representations,False,True
rJgYxn09Fm,1902.09701,2019,25,76,International Conference on Learning Representations,False,True
rJg8yhAqKm,1901.10902,2019,47,188,International Conference on Learning Representations,False,True
rJg6ssC5Y7,1903.05499,2019,6,79,International Conference on Learning Representations,False,True
rJg4J3CqFm,1905.03329,2019,9,37,International Conference on Learning Representations,False,True
rJevYoA9Fm,1805.10408,2019,93,225,International Conference on Learning Representations,False,True
rJed6j0cKX,1808.0473,2019,155,,,,False
rJeZS3RcYm,1905.07121,2019,160,712,International Conference on Machine Learning,False,True
rJeXCo0cYX,1810.08272,2019,68,335,International Conference on Learning Representations,False,True
rJe10iC5K7,1903.05136,2019,25,62,International Conference on Learning Representations,False,True
rJ4km2R5t7,1804.07461,2019,3949,8739,BlackboxNLP@EMNLP,True,True
r1zOg309tX,1807.00751,2019,8,9,,False,True
r1xwKoR9Y7,1806.00608,2019,35,127,International Conference on Learning Representations,False,True
r1xdH3CcKX,1902.09641,2019,32,91,International Conference on Learning Representations,False,True
r1xYr3C5t7,1904.08049,2019,34,41,ECML/PKDD,True,True
r1xX42R5Fm,1803.01682,2019,16,58,International Conference on Learning Representations,False,True
r1xN5oA5tm,1810.03444,2019,10,8,arXiv.org,False,True
r1x4BnCqKX,1805.1097,2019,4,,,,False
r1lrAiA5Ym,2002.10585,2019,35,106,International Conference on Learning Representations,False,True
r1lq1hRqYQ,1902.07742,2019,68,144,International Conference on Learning Representations,False,True
r1l9Nj09YQ,1809.0851,2019,2,,,,False
r1l73iRqKm,1811.01241,2019,481,1031,International Conference on Learning Representations,False,True
r1gl7hC5Km,1812.02224,2019,95,186,arXiv.org,False,True
r1gR2sC9FX,1806.08734,2019,164,2458,International Conference on Machine Learning,False,True
r1gNni0qtm,1901.10801,2019,6,26,International Conference on Learning Representations,False,True
r1gEqiC9FX,1902.10416,2019,3,22,International Conference on Learning Representations,False,True
r1g4E3C9t7,1809.10875,2019,86,181,International Conference on Learning Representations,False,True
r1fE3sAcYQ,1902.08232,2019,12,40,International Conference on Machine Learning,False,True
r1f78iAcFm,1812.09441,2019,168,178,Knowledge Discovery and Data Mining,True,True
r1f0YiCctm,1810.0044,2019,21,,,,False
r1eiqi09K7,1810.0076,2019,95,,,,False
r1efr3C9Ym,1909.07782,2019,30,197,International Conference on Learning Representations,False,True
r1eVMnA9K7,1811.11359,2019,49,193,International Conference on Learning Representations,False,True
r1eEG20qKQ,1903.03088,2019,29,193,International Conference on Learning Representations,False,True
r1e13s05YX,1901.03995,2019,11,15,International Conference on Learning Representations,False,True
r1VPNiA5Fm,1806.01528,2019,15,37,arXiv.org,False,True
r1My6sR9tX,1810.02334,2019,129,252,International Conference on Learning Representations,False,True
r1MSBjA9Ym,1808.04947,2019,11,178,Communications in Computational Physics,True,True
r1GkMhAqYm,1712.05558,2019,55,25,arXiv.org,False,True
r1GB5jA5tm,1808.06671,2019,8,133,IEEE Workshop/Winter Conference on Applications of Computer Vision,True,True
r1GAsjC5Fm,1901.03035,2019,134,315,International Conference on Learning Representations,False,True
r14EOsCqKX,1810.13243,2019,70,319,International Conference on Learning Representations,False,True
SyxtJh0qYm,1806.02382,2019,67,171,International Conference on Learning Representations,False,True
Syxt5oC5YQ,1804.00325,2019,7,75,International Conference on Learning Representations,False,True
Syxt2jC5FX,1810.09274,2019,1,19,International Conference on Learning Representations,False,True
Syx_Ss05tm,1806.11146,2019,21,204,International Conference on Learning Representations,False,True
SyxZJn05YX,1903.11851,2019,14,15,International Conference on Learning Representations,False,True
Syx72jC9tm,1812.09902,2019,113,576,International Conference on Learning Representations,False,True
Syx5V2CcFm,1808.06296,2019,8,58,International Conference on Learning Representations,False,True
SylU3jC5Y7,1805.10896,2019,7,12,,False,True
SylPMnR9Ym,1806.09655,2019,7,35,International Conference on Learning Representations,False,True
SylLYsCcFm,1902.0012,2019,44,,,,False
SylKoo0cKm,1805.12233,2019,34,157,International Conference on Learning Representations,False,True
Syl7OsRqY7,1901.00603,2019,48,63,International Conference on Learning Representations,False,True
Sygx4305KQ,1805.08095,2019,3,23,IEEE International Conference on Computer Vision,True,True
SygQvs0cFQ,1901.09296,2019,3,3,International Conference on Learning Representations,False,True
SyfIfnC5Ym,1810.0074,2019,57,,,,False
Syf9Q209YQ,1807.04307,2019,13,15,arXiv.org,False,True
SyezvsC5tX,1804.102,2019,36,,,,False
SyehMhC9Y7,1810.06544,2019,55,160,International Conference on Learning Representations,False,True
SyeKf30cFQ,1809.10829,2019,7,10,arXiv.org,False,True
SyVuRiC5K7,1805.10002,2019,488,756,International Conference on Learning Representations,False,True
SyNvti09KQ,1805.09975,2019,16,8,International Conference on Learning Representations,False,True
SyMWn05F7,1903.01959,2019,37,260,International Conference on Learning Representations,False,True
SyMDXnCcF7,1902.08129,2019,54,192,International Conference on Learning Representations,False,True
SyGjjsC5tQ,1811.08469,2019,10,129,International Conference on Learning Representations,False,True
SkxxIs0qY7,1804.03782,2019,16,17,arXiv.org,False,True
SkxXg2C5FX,1904.13264,2019,24,41,International Conference on Learning Representations,False,True
Sklv5iRqYX,1903.09239,2019,23,65,International Conference on Learning Representations,False,True
Sklsm20ctX,1902.00528,2019,3,60,International Conference on Learning Representations,False,True
Sklr9i09KQ,1904.02818,2019,12,12,arXiv.org,False,True
SkloDjAqYm,1806.09963,2019,6,10,International Conference on Learning Representations,False,True
SklgHoRqt7,1805.10582,2019,6,17,International Conference on Machine Learning,False,True
SklXvs0qt7,1902.08039,2019,42,62,arXiv.org,False,True
SklVEnR5K7,1904.11486,2019,377,969,International Conference on Machine Learning,False,True
Skh4jRcKQ,1903.05662,2019,62,436,International Conference on Learning Representations,False,True
SkgzYiRqtX,1902.00756,2019,175,141,Annual Meeting of the Association for Computational Linguistics,True,True
SkgkJn05YX,2007.14249,2019,16,19,arXiv.org,False,True
SkghN205KQ,1812.09603,2019,0,10,Neural Information Processing Systems,False,True
SkgVRiC9Km,1804.02485,2019,29,45,arXiv.org,False,True
SkgEaj05t7,1807.05031,2019,29,145,International Conference on Learning Representations,False,True
SkfrvsA9FX,1805.11074,2019,235,715,International Conference on Learning Representations,False,True
SkfhIo0qtQ,1901.00616,2019,3,5,arXiv.org,False,True
SkfMWhAqYQ,1904.0076,2019,150,,,,False
SkelJnRqt7,1811.12739,2019,10,24,International Conference on Machine Learning,False,True
Skeke3C5Fm,1902.03499,2019,43,66,International Conference on Learning Representations,False,True
SkeZisA5t7,1902.09037,2019,8,37,International Conference on Learning Representations,False,True
SkeXehR9t7,1804.00823,2019,162,184,arXiv.org,False,True
SkeVsiAcYm,1904.01139,2019,12,32,International Conference on Learning Representations,False,True
SkeRTsAcYm,1903.03107,2019,79,399,International Conference on Learning Representations,False,True
SkeK3s0qKQ,1810.02274,2019,162,291,International Conference on Learning Representations,False,True
Ske7ToC5Km,1802.04948,2019,8,12,arXiv.org,False,True
SkNksoRctQ,1810.00004,2019,28,85,International Conference on Learning Representations,False,True
SkMwpiR9Y7,1805.08289,2019,17,168,International Conference on Learning Representations,False,True
SkMQg3C5K7,1810.02281,2019,114,350,International Conference on Learning Representations,False,True
SkGuG2R5tm,1806.03198,2019,26,175,International Conference on Learning Representations,False,True
SkGpW3C5KX,1809.04157,2019,39,48,arXiv.org,False,True
SkEqro0ctQ,1806.05337,2019,69,161,International Conference on Learning Representations,False,True
SkEYojRqtm,1907.12009,2019,53,383,International Conference on Learning Representations,False,True
SkE6PjC9KX,1901.05761,2019,27,538,International Conference on Learning Representations,False,True
Sk4jFoA9K7,1806.00088,2019,19,44,International Conference on Learning Representations,False,True
SJzwvoCqF7,1806.05159,2019,43,82,arXiv.org,False,True
SJzuHiA9tQ,1811.11083,2019,38,53,arXiv.org,False,True
SJzqpj09YQ,1806.02215,2019,7,50,International Conference on Learning Representations,False,True
SJzYdsAqY7,1901.02132,2019,9,8,arXiv.org,False,True
SJzR2iRcK7,1901.00544,2019,17,200,International Conference on Learning Representations,False,True
SJxzPsAqFQ,1805.11752,2019,13,32,Proceedings of the First Workshop on NLP for Conversational AI,True,True
SJxsV2R5FQ,1810.11177,2019,2,24,International Conference on Learning Representations,False,True
SJxCsj0qYX,1811.0801,2019,19,,,,False
SJx94o0qYX,1812.09818,2019,10,12,arXiv.org,False,True
SJl2niR9KQ,1808.02651,2019,30,13,arXiv.org,False,True
SJgw_sRqFQ,1806.04498,2019,67,181,International Conference on Learning Representations,False,True
SJgs1n05YQ,1809.10842,2019,11,17,arXiv.org,False,True
SJggZnRcFQ,1905.00956,2019,5,10,International Conference on Learning Representations,False,True
SJfb5jCqKm,1805.08206,2019,37,173,International Conference on Learning Representations,False,True
SJfZKiC5FX,1805.07709,2019,22,51,International Conference on Learning Representations,False,True
SJfPFjA9Fm,2007.0199,2019,17,,,,False
SJequsCqKQ,1805.0946,2019,28,,,,False
SJekyhCctQ,1803.0387,2019,8,,,,False
SJeUAj05tQ,1901.09109,2019,15,100,IEEE Transactions on Signal Processing,True,True
SJe9rh0cFX,1802.03646,2019,18,27,International Conference on Learning Representations,False,True
SJe3HiC5KX,1805.12277,2019,12,55,International Conference on Learning Representations,False,True
SJMnG2C9YX,1810.04327,2019,16,134,International Conference on Machine Learning,False,True
SJLhxnRqFQ,1807.05344,2019,2,2,arXiv.org,False,True
SJGvns0qK7,1810.01014,2019,4,42,International Conference on Learning Representations,False,True
SJ4Z72Rctm,1812.02216,2019,13,2,arXiv.org,False,True
S1xtAjR5tX,1901.06283,2019,23,97,International Conference on Learning Representations,False,True
S1xiOjC9F7,1904.12787,2019,237,683,International Conference on Machine Learning,False,True
S1xcx3C5FX,1811.07209,2019,18,98,International Conference on Learning Representations,False,True
S1xNb2A9YX,1902.03227,2019,4,29,International Conference on Learning Representations,False,True
S1xNEhR9KX,1902.08336,2019,9,67,International Conference on Learning Representations,False,True
S1xLN3C9YX,1902.00383,2019,17,45,International Conference on Learning Representations,False,True
S1x2Fj0qKQ,1806.0042,2019,15,,,,False
S1lvm305YQ,1811.0962,2019,17,,,,False
S1lqMn05Ym,1905.0124,2019,24,,,,False
S1lhbnRqF7,1810.05682,2019,43,81,International Conference on Learning Representations,False,True
S1lg0jAcYm,1807.11143,2019,34,11,arXiv.org,False,True
S1lTg3RqYQ,1805.11145,2019,37,146,International Conference on Learning Representations,False,True
S1lTEh09FQ,1810.03538,2019,20,43,International Conference on Learning Representations,False,True
S1lIMn05F7,1905.09591,2019,48,84,International Conference on Learning Representations,False,True
S1lDV3RcKm,1902.09599,2019,59,199,International Conference on Learning Representations,False,True
S1VWjiRcKX,1812.07626,2019,24,153,International Conference on Learning Representations,False,True
S1MB-3RcF7,1901.0868,2019,26,,,,False
S1M6Z2Cctm,1902.09727,2019,30,50,International Conference on Learning Representations,False,True
S1GkToR5tm,1810.06758,2019,27,144,International Conference on Learning Representations,False,True
S1GcHsAqtm,1809.10282,2019,4,8,arXiv.org,False,True
S1EHOsC9tX,1805.0919,2019,184,,,,False
S1EERs09YQ,1902.07249,2019,5,26,International Conference on Learning Representations,False,True
S1E3Ko09F7,1808.0261,2019,40,,,,False
S14h9sCqYm,1907.03179,2019,9,13,arXiv.org,False,True
HyztsoC5Y7,1803.11347,2019,101,657,International Conference on Learning Representations,False,True
HyzdRiR9Y7,1807.03819,2019,396,975,International Conference on Learning Representations,False,True
HyzMyhCcK7,1810.00861,2019,49,133,International Conference on Learning Representations,False,True
Hyxsl2AqKm,1804.09235,2019,51,71,,False,True
HyxOIoRqFQ,1805.10958,2019,2,4,arXiv.org,False,True
HyxKIiAqYQ,1809.10452,2019,252,449,International Conference on Learning Representations,False,True
HyxGB2AcY7,1811.01483,2019,42,81,International Conference on Learning Representations,False,True
HyxCxhRcY7,1812.04606,2019,401,1778,International Conference on Learning Representations,False,True
HyxAfnA5tm,1812.07671,2019,90,214,International Conference on Learning Representations,False,True
Hyx6Bi0qYm,1810.00045,2019,28,98,International Conference on Learning Representations,False,True
Hyx4knR9Ym,1811.07457,2019,39,154,International Conference on Learning Representations,False,True
HylsgnCcFQ,1812.0943,2019,65,,,,False
Hyl_vjC5KQ,1901.01365,2019,20,33,International Conference on Learning Representations,False,True
HylVB3AqYm,1812.00332,2019,285,2099,International Conference on Learning Representations,False,True
HylTXn0qYX,1809.10858,2019,4,12,International Conference on Learning Representations,False,True
HylTBhA5tQ,1901.04684,2019,62,160,International Conference on Learning Representations,False,True
HylSk205YQ,1812.00922,2019,21,35,arXiv.org,False,True
Hygxb2CqKm,1805.10369,2019,73,139,International Conference on Learning Representations,False,True
HygtHnR5tQ,1804.02958,2019,538,665,IEEE International Conference on Computer Vision,True,True
HygsfnR9Ym,1804.00379,2019,25,69,International Conference on Learning Representations,False,True
Hygn2o0qKX,1905.13344,2019,45,105,International Conference on Learning Representations,False,True
HygjqjR9Km,1812.09916,2019,42,84,International Conference on Learning Representations,False,True
HygQBn0cYm,1901.02705,2019,78,129,International Conference on Learning Representations,False,True
Hyg74h05tX,1902.00275,2019,189,508,International Conference on Machine Learning,False,True
Hyfg5o0qtm,1803.06316,2019,9,100,International Conference on Machine Learning,False,True
HyexAiA5Fm,1810.11447,2019,13,78,International Conference on Learning Representations,False,True
Hyewf3AqYX,1811.10828,2019,55,78,AAAI Conference on Artificial Intelligence,True,True
HyeVtoRqtQ,1810.06682,2019,69,165,International Conference on Learning Representations,False,True
HyeGBj09Fm,1704.07854,2019,4,15,arXiv.org,False,True
HyeFAsRctQ,1902.09592,2019,15,44,International Conference on Learning Representations,False,True
Hye-LiR5Y7,1805.09622,2019,7,13,arXiv.org,False,True
HyMRaoAqKX,1805.09804,2019,4,18,arXiv.org,False,True
HyM7AiA5YX,1903.01182,2019,15,53,International Conference on Learning Representations,False,True
HyGcghRct7,1805.11718,2019,8,16,International Conference on Learning Representations,False,True
HyGBdo0qFm,1901.03429,2019,61,183,International Conference on Learning Representations,False,True
HyEl3o05Fm,1804.01523,2019,226,479,arXiv.org,False,True
HkzZBi0cFQ,1810.05488,2019,27,51,arXiv.org,False,True
HkzSQhCcK7,1902.06568,2019,16,67,International Conference on Learning Representations,True,True
HkzRQhR9YX,1811.12386,2019,35,85,International Conference on Learning Representations,False,True
HkxjYoCqKX,1810.01875,2019,16,149,International Conference on Learning Representations,False,True
HkxStoC5F7,1805.09921,2019,72,289,International Conference on Learning Representations,False,True
HkxMG209K7,1903.10645,2019,19,25,IEEE International Conference on Computer Vision,True,True
HkxLXnAcFQ,1904.04232,2019,188,2004,International Conference on Learning Representations,False,True
HkxKH2AcFm,2001.03653,2019,34,64,International Conference on Learning Representations,False,True
HkxAisC9FQ,1810.00953,2019,23,37,arXiv.org,False,True
HklyMhCqYQ,1810.01406,2019,3,2,arXiv.org,False,True
HklSf3CqKm,1810.10702,2019,32,57,International Conference on Learning Representations,False,True
HklKui0ct7,1808.00232,2019,10,21,International Conference on Learning Representations,False,True
Hkl5aoR5tm,1810.01365,2019,44,111,International Conference on Learning Representations,False,True
HkgqFiAcFm,1806.05134,2019,5,11,International Conference on Learning Representations,False,True
HkgmzhC5F7,1810.08591,2019,74,186,arXiv.org,False,True
HkgTkhRcKQ,1810.00143,2019,29,73,International Conference on Learning Representations,False,True
HkgSk2A9Y7,1811.10792,2019,137,409,International Conference on Machine Learning,False,True
HkgSEnA5KQ,1811.07882,2019,8,67,International Conference on Learning Representations,False,True
HkgHk3RctX,1810.02019,2019,43,114,arXiv.org,False,True
HkgEQnRqYQ,1902.10197,2019,771,2803,International Conference on Learning Representations,False,True
Hkg313AcFX,1810.07151,2019,9,14,arXiv.org,False,True
Hkg1YiAcK7,1807.0387,2019,6,,,,False
HkfPSh05K7,1905.05733,2019,35,173,International Conference on Learning Representations,False,True
Hkf2_sC5FX,1812.0042,2019,578,,,,False
HkeoOo09YX,1806.04522,2019,18,45,International Conference on Learning Representations,False,True
HkekMnR5Ym,1906.04304,2019,6,40,International Conference on Machine Learning,False,True
HkeGhoA5FX,1903.10082,2019,203,775,International Conference on Learning Representations,False,True
Hke4l2AcKQ,1901.01498,2019,15,41,International Conference on Learning Representations,False,True
Hke-JhA9Y7,1807.00981,2019,15,72,International Conference on Learning Representations,False,True
HkNGYjR9FX,1809.11086,2019,3,30,International Conference on Learning Representations,False,True
HkMwHsCctm,1810.03218,2019,11,26,Discrete Optimization,True,True
HkGmDsR9YQ,1810.00123,2019,100,227,arXiv.org,False,True
HkG3e205K7,1810.04152,2019,12,115,arXiv.org,False,True
HkElFj0qYQ,1812.10049,2019,2,4,International Conference on Machine Learning and Applications,True,True
Hk4fpoA5Km,1809.02925,2019,67,296,,False,True
Hk4dFjR5K7,1804.07729,2019,24,108,International Conference on Learning Representations,False,True
HJz05o0qK7,1902.07181,2019,24,169,International Conference on Learning Representations,False,True
HJxyAjRcFX,1902.09225,2019,10,29,International Conference on Learning Representations,False,True
HJxpDiC5tX,1807.05162,2019,42,172,Interspeech,True,True
HJxB5sRcFQ,1901.06767,2019,31,283,International Conference on Learning Representations,False,True
HJx9EhC9tQ,1812.10972,2019,56,136,International Conference on Learning Representations,False,True
HJx7l309Fm,1810.02912,2019,290,965,International Conference on Machine Learning,False,True
HJlmHoR5tQ,1809.06404,2019,6,65,International Conference on Learning Representations,False,True
HJlQfnCqKX,1810.00113,2019,86,223,International Conference on Learning Representations,False,True
HJlNpoA5YQ,1810.04586,2019,7,118,International Conference on Learning Representations,False,True
HJlLKjR9FQ,1809.00846,2019,53,195,International Conference on Learning Representations,False,True
HJl0jiRqtX,1809.11142,2019,49,158,International Conference on Machine Learning,False,True
HJguLo0cKQ,1811.093,2019,7,,,,False
HJgd1nAqFX,1902.07257,2019,9,41,International Conference on Learning Representations,False,True
HJgXsjA5tQ,1809.10749,2019,39,93,International Conference on Learning Representations,False,True
HJfwJ2A5KX,1804.05345,2019,5,86,International Conference on Learning Representations,False,True
HJfSEnRqKQ,1802.07427,2019,31,73,International Conference on Learning Representations,False,True
HJf9ZhC9FX,1806.00952,2019,23,73,International Conference on Learning Representations,False,True
HJeuOiRqKQ,1804.04438,2019,17,44,,False,True
HJeu43ActQ,1902.11261,2019,11,19,International Conference on Learning Representations,False,True
HJeRkh05Km,1810.06543,2019,37,378,International Conference on Learning Representations,False,True
HJeKCi0qYX,1802.09612,2019,27,83,International Conference on Web and Social Media,True,True
HJeB0sC9Fm,1810.03372,2019,4,4,arXiv.org,False,True
HJeABnCqKQ,1812.0095,2019,42,,,,False
HJNJws0cF7,1802.08831,2019,31,62,Neural computing & applications (Print),True,True
HJMghjA9YX,1904.13323,2019,2,1,International Conference on Machine Learning,False,True
HJMHpjC9Ym,1807.03848,2019,61,101,International Conference on Learning Representations,False,True
HJMCcjAcYX,1812.03928,2019,9,30,International Conference on Learning Representations,False,True
HJMC_iA5tm,1802.03685,2019,193,517,International Conference on Learning Representations,False,True
HJGven05Y7,1810.09502,2019,83,887,International Conference on Learning Representations,False,True
HJGkisCcKm,1805.07848,2019,42,115,International Conference on Learning Representations,False,True
HJG7m2AcF7,1808.09663,2019,8,27,DGS@ICLR,False,True
HJG0ojCcFm,2010.1038,2019,38,,,,False
H1zeHnA9KX,1902.10297,2019,10,27,International Conference on Learning Representations,False,True
H1xsSjC9Ym,1806.01946,2019,69,167,International Conference on Learning Representations,False,True
H1xQVn09FX,1902.0871,2019,240,,,,False
H1xEwsR9FX,1805.04777,2019,51,121,British Machine Vision Conference,True,True
H1xEtoRqtQ,1812.05979,2019,1,2,arXiv.org,False,True
H1x-x309tm,1808.02941,2019,95,381,International Conference on Learning Representations,False,True
H1ltQ3R9KQ,1901.08162,2019,74,138,arXiv.org,False,True
H1lnJ2Rqt7,1810.01021,2019,35,48,arXiv.org,False,True
H1ldNoC9tX,1810.00846,2019,10,97,International Conference on Machine Learning,False,True
H1lC8o0cKX,1810.01344,2019,2,3,arXiv.org,False,True
H1gsz30cKX,1901.09321,2019,112,404,International Conference on Learning Representations,False,True
H1gTEj09FX,1805.06846,2019,13,47,International Conference on Learning Representations,False,True
H1gR5iR5FX,1904.01557,2019,87,523,International Conference on Learning Representations,False,True
H1gL-2A9Ym,1810.05997,2019,435,2105,International Conference on Learning Representations,False,True
H1gKYo09tX,1808.014,2019,62,,,,False
H1gFuiA9KX,1809.01498,2019,25,51,arXiv.org,False,True
H1g6osRcFQ,1810.05751,2019,47,87,International Conference on Learning Representations,False,True
H1g4k309F7,1902.04999,2019,15,27,International Conference on Learning Representations,False,True
H1fU8iAqKX,1809.10504,2019,18,60,International Conference on Learning Representations,False,True
H1ewdiR5tQ,1904.07785,2019,78,396,International Conference on Learning Representations,False,True
H1ersoRqtm,1811.01824,2019,120,230,International Conference on Learning Representations,False,True
H1eqjiCctX,1902.00613,2019,4,11,International Conference on Learning Representations,False,True
H1edIiA9KQ,1901.00686,2019,30,107,International Conference on Learning Representations,False,True
H1ebTsActm,1810.08033,2019,81,299,International Conference on Learning Representations,False,True
H1eSS3CcKX,1903.0885,2019,44,,,,False
H1e572A5tQ,1810.11187,2019,26,531,International Conference on Machine Learning,False,True
H1V4QhAqYQ,1901.09335,2019,50,79,arXiv.org,False,True
H1MgjoR9tQ,1902.06423,2019,3,15,International Conference on Learning Representations,False,True
H1MW72AcK7,1805.11835,2019,27,222,International Conference on Learning Representations,False,True
H1MBuiAqtX,1802.08294,2019,38,48,arXiv.org,False,True
Byxpfh0cFm,1810.05222,2019,10,23,International Conference on Learning Representations,False,True
ByxmXnA9FQ,1811.07308,2019,14,9,arXiv.org,False,True
ByxkijC5FQ,1812.09764,2019,37,147,International Conference on Learning Representations,True,True
ByxPYjC5KQ,1902.03984,2019,82,,,,False
ByxHb3R5tX,2001.04025,2019,11,30,arXiv.org,False,True
ByxGSsR9FQ,1802.07896,2019,33,75,International Conference on Learning Representations,False,True
ByxBFsRqYm,1803.08475,2019,192,1650,International Conference on Learning Representations,False,True
ByxAcjCqt7,1810.05795,2019,66,231,DGS@ICLR,False,True
Byx83s09Km,1812.07544,2019,11,82,International Conference on Learning Representations,False,True
ByloJ20qtm,1904.0172,2019,46,,,,False
Bylnx209YX,1902.08412,2019,368,659,International Conference on Learning Representations,False,True
Bylmkh05KX,1812.09323,2019,2,42,International Conference on Learning Representations,False,True
ByldlhAqYQ,1902.09092,2019,9,19,International Conference on Learning Representations,False,True
BylQV305YQ,1810.03264,2019,21,95,International Conference on Learning Representations,False,True
BylIciRcYQ,1901.00451,2019,22,90,International Conference on Learning Representations,False,True
BylE1205Fm,2001.05017,2019,20,48,International Conference on Learning Representations,False,True
BylBr3C9K7,1806.04321,2019,26,41,International Conference on Learning Representations,False,True
ByghKiC5YX,1805.12316,2019,29,122,Journal of machine learning research,False,True
BygNqoR9tm,1810.01118,2019,30,0,arXiv.org,False,True
BygMAiRqK7,1810.04147,2019,10,22,International Conference on Machine Learning,False,True
BygANhA9tQ,1810.09225,2019,13,26,International Conference on Learning Representations,False,True
Byg0DsCqYQ,1805.08657,2019,19,35,International Conference on Learning Representations,False,True
ByftGnR9KX,1810.06683,2019,63,102,International Conference on Learning Representations,False,True
Byey7n05FQ,1811.01848,2019,66,268,International Conference on Learning Representations,False,True
ByecAoAqK7,1805.10338,2019,18,24,arXiv.org,False,True
ByeSdsC9Km,1902.02527,2019,10,83,International Conference on Learning Representations,False,True
ByeMB3Act7,1810.12406,2019,10,24,International Conference on Learning Representations,False,True
Bye9LiR9YX,1807.05827,2019,14,108,International Conference on Machine Learning,False,True
Bye5SiAqKX,1809.10232,2019,0,20,International Conference on Learning Representations,False,True
ByN7Yo05YX,1807.06699,2019,24,181,International Conference on Machine Learning,False,True
ByMVTsR5KQ,1802.04208,2019,95,710,International Conference on Learning Representations,False,True
ByME42AqK7,1804.09081,2019,66,544,International Conference on Learning Representations,False,True
ByGuynAct7,1810.06943,2019,16,38,International Conference on Learning Representations,False,True
By41BjA9YQ,1806.06317,2019,29,3,,False,True
Bkxbrn0cYX,1806.05421,2019,53,120,International Conference on Learning Representations,False,True
BkxSHsC5FQ,1806.02942,2019,26,31,arXiv.org,False,True
BklpOo09tQ,1810.03739,2019,6,13,arXiv.org,False,True
BkloRs0qK7,1905.08101,2019,58,96,International Conference on Learning Representations,False,True
Bklfsi0cKm,1808.05587,2019,107,286,International Conference on Learning Representations,False,True
BklUAoAcY7,1808.04217,2019,6,8,arXiv.org,False,True
BklHpjCqKm,1907.0449,2019,81,,,,False
Bkl2SjCcKQ,1807.04919,2019,12,12,arXiv.org,False,True
Bkl-43C9FQ,1901.02039,2019,66,204,International Conference on Learning Representations,False,True
BkgzniCqY7,1808.01664,2019,104,171,International Conference on Learning Representations,False,True
BkgtDsCcKQ,1902.09754,2019,14,71,International Conference on Learning Representations,False,True
BkgWHnR5tm,1906.0537,2019,33,,,,False
BkgVx3A9Km,1803.00854,2019,8,16,arXiv.org,False,True
BkgBvsC9FQ,1805.12352,2019,98,134,International Conference on Learning Representations,False,True
Bkg8jjC9KQ,1807.02629,2019,111,342,International Conference on Learning Representations,False,True
Bkg3g2R9FX,1902.09843,2019,189,692,International Conference on Learning Representations,False,True
BkfbpsAcF7,1811.00401,2019,59,174,International Conference on Learning Representations,False,True
BkewX2C9tX,1811.1247,2019,387,,,,False
Bkeuz20cYm,1812.10607,2019,15,54,International Conference on Learning Representations,False,True
BkedwoC5t7,1811.04251,2019,66,338,International Conference on Artificial Intelligence and Statistics,False,True
BkeUasA5YQ,1810.01937,2019,13,13,arXiv.org,False,True
BkeU5j0ctQ,1810.01222,2019,95,194,International Conference on Learning Representations,False,True
BkeK-nRcFX,1806.00179,2019,7,14,,False,True
BkeDEoCctQ,1806.00553,2019,19,42,arXiv.org,False,True
Bke96sC5tm,1808.09105,2019,131,42,arXiv.org,False,True
Bke4KsA5FX,1805.0849,2019,77,,,,False
BkMWx309FX,1810.01032,2019,101,162,AAAI Conference on Artificial Intelligence,True,True
BkG8sjR5Km,1902.07151,2019,56,161,International Conference on Learning Representations,False,True
BkG5SjR5YQ,1802.06226,2019,1,21,International Conference on Learning Representations,False,True
BJxvEh0cFQ,1810.10703,2019,30,75,International Conference on Learning Representations,False,True
BJxssoA5KX,1904.06827,2019,10,21,International Conference on Learning Representations,False,True
BJxhijAcY7,1810.05291,2019,126,50,arXiv.org,False,True
BJxh2j0qYm,1810.05331,2019,212,348,International Conference on Learning Representations,False,True
BJxOHs0cKm,1809.07402,2019,39,50,arXiv.org,False,True
BJxLH2AcYX,1810.11547,2019,27,193,IEEE Transactions on Image Processing,True,True
BJx1SsAcYQ,1809.04191,2019,46,100,arXiv.org,False,True
BJluy2RcFm,1811.019,2019,65,,,,False
BJlgNh0qKQ,1807.09875,2019,44,57,International Conference on Learning Representations,False,True
BJl6AjC5F7,1810.13337,2019,49,120,International Conference on Learning Representations,False,True
BJl4f2A5tQ,1806.0578,2019,14,,,,False
BJgsN3R9Km,1910.0174,2019,3,,,,False
BJgqqsAct7,1804.05862,2019,81,237,International Conference on Learning Representations,False,True
BJgolhR9Km,1809.09262,2019,5,5,arXiv.org,False,True
BJgklhAcK7,1807.0596,2019,210,,,,False
BJgYl205tQ,1905.00643,2019,5,17,arXiv.org,False,True
BJgLg3R9KQ,1805.08819,2019,16,33,arXiv.org,True,True
BJgGhiR5KX,1810.12836,2019,23,127,arXiv.org,False,True
BJg9DoR9t7,1905.13436,2019,12,64,International Conference on Learning Representations,False,True
BJfguoAcFm,1806.02322,2019,3,7,Asilomar Conference on Signals; Systems and Computers,True,True
BJf_YjCqYX,1810.00471,2019,21,24,arXiv.org,False,True
BJfYvo09Y7,1811.09656,2019,50,102,International Conference on Learning Representations,False,True
BJfIVjAcKm,1809.03008,2019,65,211,International Conference on Learning Representations,False,True
BJeWUs05KQ,1810.01266,2019,29,76,International Conference on Learning Representations,False,True
BJeOioA9Y7,1904.05878,2019,19,66,International Conference on Learning Representations,False,True
BJe1E2R5KX,1807.03858,2019,101,248,International Conference on Learning Representations,False,True
BJe0Gn0cY7,1901.03416,2019,13,191,,False,True
BJGjOi09t7,1906.05912,2019,6,9,Pattern Analysis and Applications,True,True
BJGfCjA5FX,1810.0492,2019,2,,,,False
BJGVX3CqYm,1812.0009,2019,200,,,,False
BJG0voC9YQ,1811.06272,2019,41,167,International Conference on Learning Representations,False,True
B1xhQhRcK7,1812.01647,2019,46,94,International Conference on Learning Representations,False,True
B1xf9jAqFQ,1904.00761,2019,16,41,International Conference on Learning Representations,False,True
B1xY-hRctX,1904.11694,2019,46,302,International Conference on Learning Representations,False,True
B1x-LjAcKX,1805.01128,2019,1,8,IEEE International Joint Conference on Neural Network,True,True
B1lz-3Rct7,1810.12281,2019,55,289,International Conference on Learning Representations,False,True
B1lxH20qtX,1902.05546,2019,45,165,Neural Information Processing Systems,False,True
B1l08oAct7,1810.03958,2019,66,16,arXiv.org,False,True
B1gTShAct7,1810.1191,2019,101,,,,False
B1g30j0qF7,1810.05148,2019,170,331,International Conference on Learning Representations,False,True
B1fpDsAqt7,1806.02453,2019,4,14,International Conference on Learning Representations,False,True
B1fbosCcYm,1901.03665,2019,4,,,,False
B1exrnCcF7,1807.04836,2019,15,84,International Conference on Learning Representations,False,True
B1eXbn05t7,1810.0011,2019,1,,,,False
B1e9csRcFm,1802.0356,2019,2,,,,False
B1e4wo09K7,1902.03251,2019,1,10,International Conference on Machine Learning,False,True
B1e0KsRcYQ,1906.01972,2019,3,1,International Conference on Information Photonics,True,True
B1VWtsA5tQ,1810.02541,2019,35,74,International Workshop on Machine Learning for Signal Processing,True,True
B1MbDj0ctQ,1905.12434,2019,32,49,International Conference on Machine Learning,False,True
B1MXz20cYQ,1807.08024,2019,89,297,International Conference on Learning Representations,False,True
B1MIBs05F7,1812.04529,2019,14,127,Neural Information Processing Systems,False,True
B1MB5oRqtQ,1901.06212,2019,4,3,arXiv.org,False,True
B1MAJhR5YX,1810.0337,2019,22,,,,False
B1GSBsRcFX,1805.07291,2019,3,3,SIAM Journal on Mathematics of Data Science,True,True
B1GAUs0cKQ,1803.03764,2019,13,25,International Conference on Learning Representations,False,True
B1G9doA9F7,1807.00374,2019,35,12,arXiv.org,False,True
B1G5ViAqFm,1901.0207,2019,8,,,,False
ryxz8CVYDH,1910.09464,2020,6,21,International Conference on Learning Representations,False,True
ryxnY3NYPS,1907.04967,2020,67,150,International Conference on Learning Representations,False,True
rylBK34FDS,1908.09979,2020,13,115,International Conference on Learning Representations,False,True
ryl3ygHYDB,2002.04809,2020,17,107,International Conference on Learning Representations,False,True
rygwLgrYPB,2002.05366,2020,8,8,International Conference on Learning Representations,False,True
rygfnn4twS,1902.0569,2020,22,,,,False
rygf-kSYwH,1908.03568,2020,36,212,International Conference on Learning Representations,False,True
rygeHgSFDH,2001.04872,2020,48,137,International Conference on Learning Representations,False,True
ryga2CNKDH,2008.06653,2020,13,30,International Conference on Machine Learning,False,True
rygGQyrFvH,1904.09751,2020,1111,4354,International Conference on Learning Representations,False,True
rygG7AEtvB,1910.12075,2020,2,7,arXiv.org,False,True
rygG4AVFvH,2001.08743,2020,17,91,International Conference on Learning Representations,False,True
rygFWAEFwS,2001.02312,2020,15,80,International Conference on Learning Representations,False,True
ryg7vA4tPB,1911.11134,2020,120,756,International Conference on Machine Learning,False,True
ryg48p4tPH,1907.11461,2020,12,45,International Conference on Learning Representations,False,True
ryenvpEKDr,1909.12673,2020,51,278,International Conference on Learning Representations,False,True
ryen_CEFwr,2001.09518,2020,5,35,IEEE Transactions on Pattern Analysis and Machine Intelligence,True,True
ryedqa4FwS,1909.01051,2020,19,29,Machine-mediated learning,True,True
ryebG04YvB,1905.08232,2020,14,130,International Conference on Learning Representations,False,True
ryeK6nNFDr,2005.05552,2020,1,10,Machine Intelligence Research,True,True
ryeFY0EFwS,2002.10657,2020,21,63,International Conference on Learning Representations,False,True
rye5YaEtPr,1905.02957,2020,2,,,,False
rkxuWaVYDB,1907.13548,2020,18,48,arXiv.org,False,True
rkxtNaNKwr,1906.07315,2020,26,71,International Conference on Machine Learning,False,True
rkxs0yHFPH,1906.00851,2020,13,35,International Conference on Learning Representations,False,True
rkxNh1Stvr,1906.00588,2020,13,60,International Conference on Learning Representations,False,True
rkxDoJBYPB,1905.02494,2020,25,71,International Conference on Learning Representations,False,True
rkx3-04FwB,1909.11793,2020,8,22,arXiv.org,False,True
rklp93EtwH,2001.00745,2020,22,103,International Conference on Learning Representations,False,True
rkllGyBFPH,1910.01619,2020,14,130,International Conference on Learning Representations,False,True
rklklCVYvB,1907.05321,2020,51,496,arXiv.org,False,True
rklk_ySYPB,1905.11213,2020,3,80,International Conference on Learning Representations,False,True
rklbKA4YDS,1906.02226,2020,15,357,International Conference on Learning Representations,False,True
rklTmyBKPH,2001.02525,2020,15,36,International Conference on Learning Representations,False,True
rklFh34Kwr,1908.03491,2020,16,38,arXiv.org,False,True
rklEj2EFvB,2002.06043,2020,16,61,International Conference on Learning Representations,False,True
rkl8dlHYvB,2002.06478,2020,18,44,International Conference on Learning Representations,False,True
rkl03ySYDH,2001.02407,2020,50,280,International Conference on Learning Representations,False,True
rkgz2aEKDr,1908.03265,2020,608,2266,International Conference on Learning Representations,False,True
rkgt0REKwS,1905.10045,2020,83,194,International Conference on Learning Representations,False,True
rkgqN1SYvr,2001.05992,2020,34,139,International Conference on Learning Representations,False,True
rkgU1gHtvr,1910.04849,2020,2,5,International Conference on Learning Representations,False,True
rkgOlCVYvB,1910.01671,2020,5,44,International Conference on Learning Representations,False,True
rkgO66VKDS,1902.08153,2020,296,1086,International Conference on Learning Representations,False,True
rkgIW1HKPB,1912.12186,2020,66,93,International Joint Conference on Artificial Intelligence,True,True
rkgAGAVKPr,1903.03096,2020,73,701,International Conference on Learning Representations,False,True
rkg6sJHYDr,1908.06663,2020,15,30,International Conference on Learning Representations,False,True
rkg-mA4FDr,2002.03932,2020,101,326,International Conference on Learning Representations,False,True
rkg-TJBFPB,2002.12292,2020,34,207,International Conference on Learning Representations,False,True
rkezdaEtvH,1902.06865,2020,55,123,arXiv.org,False,True
rkevSgrtPr,2002.06505,2020,9,19,International Conference on Learning Representations,False,True
rkeuAhVKvB,1909.11334,2020,11,62,International Conference on Learning Representations,False,True
rkenmREFDr,1901.08544,2020,27,12,arXiv.org,False,True
rkecl1rtwB,1909.12223,2020,158,608,International Conference on Learning Representations,False,True
rkecJ6VFvr,1909.00668,2020,0,11,International Conference on Learning Representations,False,True
rkeYL1SFvH,1907.05791,2020,146,443,Conference of the European Chapter of the Association for Computational Linguistics,True,True
rkeNr6EKwB,1910.1354,2020,33,,,,False
rkeNfp4tPr,2106.02985,2020,7,26,International Conference on Learning Representations,False,True
rkeJRhNYDH,1909.02164,2020,182,696,International Conference on Learning Representations,False,True
rke7geHtwH,2002.08396,2020,55,303,International Conference on Learning Representations,False,True
rke3TJrtPS,2010.03152,2020,81,322,International Conference on Learning Representations,False,True
rke2P1BFwS,2004.04926,2020,123,359,International Conference on Learning Representations,False,True
rke-f6NKvS,1907.05634,2020,4,14,International Conference on Learning Representations,False,True
rJxok1BYPr,1912.10156,2020,10,6,arXiv.org,False,True
rJxe3xSYDS,2002.06298,2020,7,25,International Conference on Learning Representations,False,True
rJxcBpNKPr,2006.13772,2020,10,13,IEEE International Joint Conference on Neural Network,True,True
rJxWxxSYvB,1910.01689,2020,11,27,International Conference on Learning Representations,False,True
rJxGLlBtwH,2002.01093,2020,30,,,,False
rJxBa1HFvS,2002.08329,2020,5,12,Neural Information Processing Systems,False,True
rJxAo2VYwr,2004.12519,2020,20,101,International Conference on Learning Representations,False,True
rJx4p3NYDB,1810.04433,2020,2,15,International Conference on Learning Representations,False,True
rJx1Na4Fwr,2001.02378,2020,66,202,International Conference on Learning Representations,False,True
rJx0Q6EFPB,1909.10351,2020,1631,2425,Findings,True,True
rJlnOhVYPS,2001.01526,2020,394,662,International Conference on Learning Representations,False,True
rJljdh4KDH,2003.00824,2020,15,175,International Conference on Learning Representations,False,True
rJlUt0EYwS,1911.01352,2020,17,41,,False,True
rJlNKCNtPB,1910.09131,2020,14,52,Neural Information Processing Systems,False,True
rJl31TNYPr,1905.11026,2020,56,40,arXiv.org,False,True
rJgzzJHtDB,2002.10025,2020,35,89,International Conference on Learning Representations,False,True
rJgqMRVYvr,1909.0583,2020,21,,,,False
rJgVwTVtvS,1911.11363,2020,28,,,,False
rJgUfTEYvH,1903.01434,2020,34,143,International Conference on Learning Representations,False,True
rJgRMkrtDr,1906.05743,2020,230,137,arXiv.org,False,True
rJgQkT4twH,1912.09857,2020,0,5,International Conference on Learning Representations,False,True
rJgD2ySFDr,2003.13367,2020,1,1,arXiv.org,False,True
rJg46kHYwH,1905.02463,2020,10,7,arXiv.org,False,True
rJg3zxBYwH,1912.00042,2020,55,270,arXiv.org,False,True
rJeqeCEtvH,1910.01709,2020,15,48,International Conference on Learning Representations,False,True
rJel41BtDH,1908.02983,2020,768,1098,IEEE International Joint Conference on Neural Network,True,True
rJehNT4YPr,2002.10648,2020,9,21,International Conference on Learning Representations,False,True
rJecbgHtDH,2001.01394,2020,12,68,Neural Information Processing Systems,False,True
rJebgkSFDB,2006.06707,2020,12,38,International Conference on Machine Learning,False,True
rJeXS04FPH,1911.12385,2020,13,29,International Conference on Learning Representations,False,True
rJeW1yHYwH,2002.07962,2020,32,983,International Conference on Learning Representations,False,True
rJeU_1SFvr,1912.00953,2020,55,92,arXiv.org,False,True
rJeQoCNYDS,1910.07719,2020,21,40,International Conference on Learning Representations,False,True
rJeINp4KwH,2001.02907,2020,6,41,International Conference on Learning Representations,False,True
rJe4_xSFDB,2004.08688,2020,28,157,International Conference on Learning Representations,False,True
r1xZAkrFPr,1912.02757,2020,351,768,arXiv.org,False,True
r1xGP6VYwH,2002.12174,2020,13,50,International Conference on Learning Representations,False,True
r1xCMyBtPS,2002.03518,2020,152,211,International Conference on Learning Representations,False,True
r1x0lxrFPS,2002.06517,2020,31,53,International Conference on Learning Representations,False,True
r1ltgp4FwS,1811.09393,2020,179,70,arXiv.org,False,True
r1lnxTEYPS,1906.02994,2020,58,85,arXiv.org,False,True
r1lfF2NYvH,1908.01,2020,147,,,,False
r1lZgyBYwS,1912.09953,2020,9,61,International Conference on Learning Representations,False,True
r1lUl6NFDH,1910.08237,2020,7,29,International Conference on Artificial Intelligence and Statistics,False,True
r1lPleBFvH,1906.01171,2020,13,65,International Conference on Learning Representations,False,True
r1lOgyrKDS,1912.13151,2020,3,4,International Conference on Learning Representations,False,True
r1lL4a4tDB,1912.10703,2020,20,81,International Conference on Learning Representations,False,True
r1lF_CEYwS,1909.03334,2020,6,16,International Conference on Learning Representations,False,True
r1l1myStwr,1912.08866,2020,9,84,Neural Information Processing Systems,False,True
r1l-VeSKwS,1906.07927,2020,22,204,European Conference on Computer Vision,True,True
r1gzoaNtvr,1904.09067,2020,36,52,arXiv.org,False,True
r1gixp4FPH,1810.13395,2020,17,19,arXiv.org,False,True
r1geR1BKPr,2007.09081,2020,4,21,Neural Information Processing Systems,False,True
r1gdj2EKPB,1902.09432,2020,19,210,International Conference on Learning Representations,False,True
r1gRTCVFvB,1910.09217,2020,219,1561,International Conference on Learning Representations,False,True
r1gPoCEKvH,1904.0042,2020,692,,,,False
r1gIdySFPH,1903.03698,2020,66,312,International Conference on Machine Learning,False,True
r1gIa0NtDH,1906.01083,2020,111,142,arXiv.org,False,True
r1gBOxSFwr,1909.12486,2020,45,74,arXiv.org,False,True
r1g87C4KwB,2002.09572,2020,33,203,International Conference on Learning Representations,False,True
r1g6ogrtDr,1911.07849,2020,17,25,International Conference on Learning Representations,False,True
r1evOhEKvH,2001.06137,2020,18,32,International Conference on Learning Representations,False,True
r1eiu2VtwH,1909.06312,2020,62,430,International Conference on Learning Representations,False,True
r1ecqn4YwB,1905.10437,2020,160,1673,International Conference on Learning Representations,False,True
r1eVX0EFvH,1903.10484,2020,19,48,arXiv.org,False,True
r1e9GCNKvH,1912.0012,2020,14,,,,False
SyxrxR4KPS,1911.09451,2020,10,80,International Conference on Learning Representations,False,True
SyxV9ANFDH,1911.09879,2020,7,98,International Conference on Learning Representations,False,True
SyxL2TNtvr,1905.12614,2020,27,89,International Conference on Learning Representations,False,True
Syx7A3NFvH,2004.01339,2020,62,144,International Conference on Learning Representations,False,True
Syx4wnEtvH,1904.00962,2020,164,1221,International Conference on Learning Representations,False,True
Syx1DkSYwB,2001.09623,2020,3,25,International Conference on Learning Representations,False,True
SylzhkBtDB,2005.00944,2020,47,188,International Conference on Learning Representations,False,True
SylpBgrKPH,2002.10837,2020,6,14,arXiv.org,False,True
SyljQyBFDH,1910.0272,2020,22,,,,False
Sylgsn4Fvr,1901.084,2020,5,,,,False
SylVJTNKDr,1905.13687,2020,4,3,arXiv.org,False,True
SylUiREKvB,2002.10501,2020,3,3,arXiv.org,False,True
SylR6n4tPS,1906.00283,2020,5,10,arXiv.org,False,True
SylR-CEKDS,1907.09899,2020,11,11,Annual Meeting of the Cognitive Science Society,False,True
SylOlp4FvH,1909.12238,2020,39,141,International Conference on Learning Representations,False,True
SylO2yStDr,1909.11556,2020,273,726,International Conference on Learning Representations,False,True
SylGpT4FPS,1906.02027,2020,41,75,arXiv.org,False,True
Syl5o2EFPB,2003.10925,2020,1,3,arXiv.org,False,True
SygpC6Ntvr,2004.05665,2020,7,92,International Conference on Learning Representations,False,True
SygfNCEYDH,1907.03179,2020,9,13,arXiv.org,False,True
SygcCnNKwr,1912.09713,2020,55,420,International Conference on Learning Representations,False,True
SygagpEKwB,1905.01258,2020,52,128,arXiv.org,False,True
SygXPaEYvH,1908.0853,2020,784,,,,False
SygWvAVFPr,1912.04971,2020,51,134,International Conference on Learning Representations,False,True
SygKyeHKDH,1909.01387,2020,41,97,International Conference on Learning Representations,False,True
Syg6jTNtDH,2001.00003,2020,26,28,Findings,True,True
SyevYxHtDB,1906.10908,2020,65,199,International Conference on Learning Representations,False,True
SyevDaVYwr,2001.03772,2020,36,131,International Conference on Machine Learning,False,True
Syee1pVtDS,1912.09705,2020,71,83,IEEE Transactions on Automatic Control,True,True
Sye_OgHFwH,1904.06347,2020,72,180,International Conference on Learning Representations,False,True
SyeD0RVtvS,1912.09697,2020,100,134,European Conference on Computer Vision,True,True
Sye57xStvB,2002.06038,2020,80,360,International Conference on Learning Representations,False,True
Sye0XkBKvS,1906.07038,2020,23,58,International Conference on Learning Representations,False,True
SkxxtgHKPS,1902.00621,2020,24,95,International Conference on Learning Representations,False,True
Skxw-REFwS,1904.02021,2020,7,41,International Joint Conference on Artificial Intelligence,True,True
Skxuk1rFwB,1906.06316,2020,39,393,International Conference on Learning Representations,False,True
SkxpxJBKwS,1909.07528,2020,337,767,International Conference on Learning Representations,False,True
Skxd6gSYDS,1906.02398,2020,30,88,International Conference on Learning Representations,False,True
SkxaueHFPB,1910.05852,2020,15,35,International Conference on Machine Learning,False,True
SkxW23NtPH,1910.01578,2020,25,44,arXiv.org,False,True
SkxSv6VFvS,1910.0294,2020,35,,,,False
SkxLFaNKwB,1912.11234,2020,30,36,International Conference on Learning Representations,False,True
SkxJ8REYPH,1910.00643,2020,68,224,International Conference on Learning Representations,False,True
SkxBUpEKwH,1904.08379,2020,10,42,International Conference on Learning Representations,False,True
Skx82ySYPH,1912.10615,2020,4,41,International Conference on Learning Representations,False,True
SkloDJSFPH,1910.06705,2020,0,0,arXiv.org,False,True
Skln2A4YDB,2005.08068,2020,40,96,International Conference on Learning Representations,False,True
SklkDkSFPB,1906.04113,2020,13,48,International Conference on Learning Representations,False,True
Sklgs0NFvr,1909.12434,2020,232,660,International Conference on Learning Representations,False,True
Sklf1yrYDr,2002.06715,2020,91,584,International Conference on Learning Representations,False,True
SklTQCNtvS,1909.10773,2020,29,262,International Conference on Learning Representations,False,True
SklSQgHFDS,1903.074,2020,19,,,,False
SklOUpEYvB,1909.12555,2020,3,15,International Conference on Learning Representations,False,True
SklM1xStPB,2006.04771,2020,21,28,AAAI Conference on Artificial Intelligence,True,True
SklKcRNYDH,1902.0462,2020,0,,,,False
SklGryBtwr,1910.00571,2020,53,111,International Conference on Learning Representations,False,True
SklD9yrFPS,1912.02803,2020,59,261,International Conference on Learning Representations,False,True
Skl8EkSFDr,2007.01491,2020,4,9,arXiv.org,False,True
Skl3SkSKDr,1910.03131,2020,38,58,arXiv.org,False,True
Skgy464Kvr,1907.02957,2020,37,77,International Conference on Learning Representations,False,True
Skgxcn4YDS,1909.03329,2020,84,254,International Conference on Learning Representations,False,True
SkgscaNYPS,1910.02875,2020,6,39,International Conference on Learning Representations,False,True
SkgsACVKPH,2002.07376,2020,148,769,International Conference on Learning Representations,False,True
SkgpBJrtvS,1910.10699,2020,64,1369,International Conference on Learning Representations,False,True
Skgeip4FPr,1909.11522,2020,11,43,arXiv.org,False,True
SkgGjRVKDS,2001.06838,2020,29,42,International Conference on Learning Representations,False,True
SkgGCkrKvH,1907.09356,2020,31,272,International Conference on Learning Representations,False,True
SkgC6TNFvr,2002.06583,2020,24,128,International Conference on Learning Representations,False,True
Skg9aAEKwH,1910.07882,2020,2,23,IEEE Symposium on Artificial Life,True,True
SkeyppEFvS,1909.12,2020,34,,,,False
SkexNpNFwS,1908.11462,2020,6,50,IEEE Transactions on Neural Networks and Learning Systems,True,True
SkeuexBtDr,2004.06025,2020,23,94,International Conference on Learning Representations,False,True
Skep6TVYDB,1911.06317,2020,27,89,International Conference on Learning Representations,False,True
Skeh1krtvH,1912.01219,2020,36,133,International Conference on Machine Learning,False,True
SkeYUkStPr,1910.00547,2020,2,10,arXiv.org,False,True
SkeHuCVFDr,1904.09675,2020,2040,9030,International Conference on Learning Representations,False,True
SkeGvaEtPr,1905.13462,2020,7,57,Conference on Uncertainty in Artificial Intelligence,False,True
SkeFl1HKwr,2001.01072,2020,21,48,International Conference on Learning Representations,False,True
SkeAaJrKDS,1912.02807,2020,17,53,International Conference on Learning Representations,False,True
SJxrKgStDH,1910.02384,2020,29,154,International Conference on Learning Representations,False,True
SJxhNTNYwB,1911.0714,2020,50,,,,False
SJxbHkrKDH,2003.10423,2020,15,97,International Conference on Learning Representations,False,True
SJxZnR4YvB,1904.06309,2020,8,7,arXiv.org,False,True
SJxSOJStPr,2001.00689,2020,94,242,International Conference on Learning Representations,False,True
SJxIm0VtwH,1912.1194,2020,21,,,,False
SJx9ngStPH,2001.10422,2020,61,157,International Conference on Learning Representations,False,True
SJx1URNKwH,1910.04742,2020,13,30,International Conference on Learning Representations,False,True
SJx0q1rtvS,1911.07116,2020,69,201,International Conference on Learning Representations,False,True
SJlh8CEYDB,1910.02481,2020,10,86,International Conference on Learning Representations,False,True
SJleNCNtDH,2002.05189,2020,5,28,International Conference on Learning Representations,False,True
SJldu6EtDS,1904.03936,2020,7,29,IEEE Transactions on Pattern Analysis and Machine Intelligence,True,True
SJlbGJrtDB,2005.0687,2020,27,,,,False
SJlVY04FwH,1908.05699,2020,13,38,International Conference on Learning Representations,False,True
SJlRUkrFPS,1909.13203,2020,3,17,International Conference on Learning Representations,False,True
SJlM0JSFDr,1901.00137,2020,194,767,Conference on Learning for Dynamics & Control,False,True
SJlJSaEFwS,1912.12481,2020,12,16,arXiv.org,False,True
SJlHwkBYDH,1908.06281,2020,231,791,International Conference on Learning Representations,False,True
SJlDDnVKwS,1901.11271,2020,4,13,arXiv.org,False,True
SJl5Np4tPr,2001.08735,2020,116,477,International Conference on Learning Representations,False,True
SJl3CANKvB,1912.11194,2020,12,31,European Conference on Computer Vision,True,True
SJgwzCEKwH,2005.0006,2020,33,,,,False
SJgwNerKvB,1906.00695,2020,13,427,International Conference on Learning Representations,True,True
SJgdnAVKDH,1909.13788,2020,139,296,International Conference on Learning Representations,False,True
SJgaRA4FPH,1911.06679,2020,43,210,International Conference on Learning Representations,False,True
SJgVU0EKwS,2002.07136,2020,16,28,International Conference on Learning Representations,False,True
SJgVHkrYDH,1911.1047,2020,146,,,,False
SJgNkpVFPr,1909.06769,2020,4,22,International Conference on Machine Learning,False,True
SJgIPJBFvH,1912.02178,2020,153,739,International Conference on Learning Representations,False,True
SJgBQaVKwH,1906.03402,2020,43,48,arXiv.org,False,True
SJg7KhVKPH,1910.10073,2020,61,284,International Conference on Learning Representations,False,True
SJg5J6NtDr,1906.03352,2020,9,54,International Conference on Learning Representations,False,True
SJezGp4YPr,1905.12185,2020,6,20,International Conference on Learning Representations,False,True
SJexHkSFPS,2004.06089,2020,9,46,International Conference on Learning Representations,False,True
SJetQpEYvB,1906.07181,2020,1,32,International Conference on Learning Representations,False,True
SJem8lSFwB,2006.07253,2020,87,232,International Conference on Learning Representations,False,True
SJeYe0NtvH,1908.04319,2020,241,724,International Conference on Learning Representations,False,True
SJeX2aVFwH,2005.03853,2020,5,10,Journal of machine learning research,False,True
SJeQEp4YDH,1905.11475,2020,23,47,International Conference on Learning Representations,False,True
SJeNz04tDS,1905.11742,2020,55,181,International Conference on Learning Representations,False,True
SJeHwJSYvH,1910.02806,2020,100,339,International Conference on Machine Learning,False,True
S1xtORNFwH,1902.03264,2020,9,20,International Conference on Learning Representations,False,True
S1xitgHtvS,2001.00805,2020,12,56,International Conference on Learning Representations,False,True
S1xLuRVFvr,1909.12977,2020,29,42,IEEE Transactions on Image Processing,True,True
S1xKd24twB,1905.11108,2020,53,55,arXiv.org,False,True
S1xI_TEtwS,2012.08112,2020,17,18,AAAI Conference on Artificial Intelligence,True,True
S1xFl64tDr,1901.09546,2020,6,33,International Conference on Learning Representations,False,True
S1xCPJHtDB,1903.00374,2020,85,994,International Conference on Learning Representations,False,True
S1x2PCNKDB,1910.01077,2020,22,65,Conference on Robot Learning,False,True
S1x1IkHtPr,1909.11459,2020,10,128,International Conference on Machine Learning,False,True
S1lyyANYwr,2008.11811,2020,17,60,International Conference on Machine Learning,False,True
S1ly10EKDS,2001.01898,2020,18,46,International Conference on Learning Representations,False,True
S1lxKlSKPH,1910.12027,2020,47,308,International Conference on Learning Representations,False,True
S1lvn0NtwH,1906.10197,2020,9,14,arXiv.org,False,True
S1ltg1rFDS,2003.11126,2020,12,33,International Conference on Learning Representations,False,True
S1lSapVtwS,1909.11286,2020,3,19,International Conference on Learning Representations,False,True
S1lF8xHYwS,1909.11825,2020,169,253,arXiv.org,False,True
S1lEX04tPr,1809.05188,2020,22,87,International Conference on Learning Representations,False,True
S1lBTerYwH,1909.13154,2020,6,8,arXiv.org,False,True
S1l6ITVKPS,1905.10307,2020,25,73,International Conference on Machine Learning,False,True
S1l66nNFvB,1902.0102,2020,15,,,,False
S1gmrxHFvB,1912.02781,2020,566,1612,International Conference on Learning Representations,False,True
S1gfu3EtDr,2002.02286,2020,15,34,ECML/PKDD,True,True
S1g_S0VYvr,1912.11206,2020,16,64,arXiv.org,False,True
S1gTAp4FDB,1901.07714,2020,13,13,arXiv.org,False,True
S1gLBgBtDH,1912.12482,2020,6,13,arXiv.org,False,True
S1gFvANKDS,1909.11304,2020,45,127,International Conference on Learning Representations,False,True
S1g8K1BFwS,1912.1,2020,15,,,,False
S1g7tpEYDS,1903.12436,2020,107,300,International Conference on Learning Representations,False,True
S1exA2NtDB,1910.01215,2020,51,128,International Conference on Learning Representations,False,True
S1evHerYPr,1910.04098,2020,59,132,International Conference on Learning Representations,False,True
S1esMkHYPr,2001.09382,2020,208,553,International Conference on Learning Representations,False,True
S1eqj1SKvr,2004.12385,2020,21,27,arXiv.org,False,True
S1eYKlrYvr,2005.03086,2020,46,67,International Joint Conference on Artificial Intelligence,True,True
S1e4jkSKvB,1912.00528,2020,16,60,International Conference on Learning Representations,False,True
S1e4Q6EtDH,1901.10787,2020,50,76,arXiv.org,False,True
S1e2agrFvS,2002.05287,2020,344,1490,International Conference on Learning Representations,False,True
S1e0ZlHYDB,1911.00472,2020,0,11,Proceedings of the VLDB Endowment,True,True
HyxoX6EKvB,2007.02598,2020,2,3,Annual Meeting of the Association for Computational Linguistics,True,True
HyxnMyBKwB,2001.00102,2020,0,0,International Conference on Learning Representations,False,True
HyxjOyrKvr,1907.05642,2020,6,13,International Conference on Learning Representations,False,True
HyxjNyrtPr,1909.12573,2020,15,30,International Conference on Learning Representations,False,True
HyxLRTVKPH,1905.04753,2020,18,61,International Conference on Learning Representations,False,True
HyxJhCEFDS,1906.03787,2020,17,65,International Conference on Learning Representations,False,True
Hyx0slrFvH,1905.11452,2020,51,41,arXiv.org,False,True
Hyx-jyBFPr,1911.05371,2020,98,883,International Conference on Learning Representations,False,True
HylxE1HKwS,1908.09791,2020,98,1582,International Conference on Learning Representations,False,True
HylAoJSKvH,1905.13278,2020,7,22,International Conference on Learning Representations,False,True
Hyl9xxHYPr,1906.11796,2020,9,65,International Conference on Learning Representations,False,True
Hyl9ahVFwH,2002.07863,2020,2,18,International Conference on Machine Learning,False,True
Hyl7ygStwB,2002.06823,2020,208,,,,False
HygrdpVKvr,1912.12522,2020,110,181,International Conference on Learning Representations,False,True
HygrAR4tPS,1910.05446,2020,188,304,arXiv.org,False,True
HygnDhEtvr,1908.04942,2020,79,167,International Conference on Learning Representations,False,True
HygaikBKvS,1909.11583,2020,4,71,International Conference on Machine Learning,False,True
HygHtpVtPH,2003.13623,2020,1,3,arXiv.org,False,True
HygDF6NFPB,1912.09893,2020,118,527,International Conference on Learning Representations,False,True
Hyg96gBKPS,1909.12406,2020,68,152,International Conference on Learning Representations,False,True
Hyg-JC4FDr,1912.05032,2020,30,250,International Conference on Learning Representations,False,True
HyevIJStwH,2001.07384,2020,10,65,International Conference on Learning Representations,False,True
HyeqPJHYvH,2002.09219,2020,40,168,International Conference on Machine Learning,False,True
HyebplHYwB,1905.11141,2020,22,60,International Conference on Learning Representations,False,True
HyeaSkrYPH,2003.06693,2020,79,197,International Conference on Learning Representations,False,True
Hye_V0NKwr,1912.12179,2020,21,56,International Conference on Learning Representations,False,True
HyeSin4FPB,2001.07457,2020,44,230,International Conference on Learning Representations,False,True
HyeJf1HKvS,2001.09621,2020,56,231,International Conference on Learning Representations,False,True
HyeG9yHKPr,2002.02836,2020,16,36,arXiv.org,False,True
Hye4KeSYDr,2006.00442,2020,15,72,International Conference on Learning Representations,False,True
Hye1kTVFDS,2004.11935,2020,7,26,International Conference on Learning Representations,False,True
Hye1RJHKwB,1905.1266,2020,3,,,,False
Hkxvl0EtDH,2005.01095,2020,36,101,Neural Information Processing Systems,False,True
Hkxp3JHtPr,1911.04971,2020,4,23,arXiv.org,False,True
HkxYzANYDB,1910.01442,2020,70,641,International Conference on Learning Representations,False,True
HkxWXkStDB,1906.02611,2020,94,229,arXiv.org,False,True
HkxU2pNYPH,1910.08684,2020,48,102,arXiv.org,False,True
HkxTwkrKDB,1910.02421,2020,6,74,International Conference on Learning Representations,False,True
HkxJpnVtPr,1903.0154,2020,8,,,,False
HkxJHlrFvr,1912.02279,2020,15,60,International Conference on Machine Learning,False,True
HkxCzeHFDB,1901.11356,2020,66,217,International Conference on Learning Representations,False,True
HkxCcJHtPr,1909.11481,2020,10,14,Journal of machine learning research,False,True
HkxARkrFwB,1911.04975,2020,7,44,International Conference on Learning Representations,False,True
Hkx7_1rKwS,1910.07512,2020,38,107,International Conference on Learning Representations,False,True
Hklz71rYvS,1910.09652,2020,6,23,International Conference on Learning Representations,False,True
HklvmlrKPB,2010.03172,2020,5,15,Machine-mediated learning,True,True
Hklso24Kwr,1911.09514,2020,27,79,International Conference on Learning Representations,False,True
Hklcm0VYDS,1910.00195,2020,10,37,arXiv.org,False,True
HklXn1BKDH,2004.05155,2020,221,629,International Conference on Learning Representations,False,True
HklUCCVKDB,1906.02425,2020,26,214,International Conference on Learning Representations,False,True
HklSeREtPB,1912.10189,2020,26,41,International Conference on Learning Representations,False,True
HklJdaNYPH,1907.0147,2020,46,,,,False
HklE01BYDB,1910.01741,2020,201,518,AAAI Conference on Artificial Intelligence,True,True
HklBjCEKvH,1911.00172,2020,56,1092,International Conference on Learning Representations,False,True
Hkl9JlBYvr,1910.08348,2020,65,331,International Conference on Learning Representations,False,True
Hkl1iRNFwS,2002.10365,2020,50,202,International Conference on Learning Representations,False,True
HkgxheBFDS,2003.04808,2020,0,19,Findings,True,True
HkgxW0EYDS,1906.06624,2020,8,46,International Conference on Learning Representations,False,True
HkgtJRVFPS,1906.00722,2020,3,207,International Conference on Machine Learning,False,True
HkgsWxrtPB,2001.00248,2020,3,38,International Conference on Learning Representations,False,True
HkgsPhNYPS,1910.01842,2020,56,357,International Conference on Learning Representations,False,True
HkgrZ0EYwB,1904.00069,2020,70,147,International Conference on Learning Representations,False,True
HkgaETNtDB,1909.11299,2020,100,239,International Conference on Learning Representations,False,True
HkgH0TEYwH,1906.02694,2020,31,703,International Conference on Learning Representations,False,True
HkgB2TNYPS,1909.11722,2020,12,77,International Conference on Learning Representations,False,True
Hkg9HgBYwH,1912.05537,2020,9,104,International Conference on Machine Learning,False,True
Hkg5lAEtvS,1911.08655,2020,39,451,Knowledge Discovery and Data Mining,True,True
Hkg-xgrYvH,2004.12696,2020,81,140,International Conference on Learning Representations,False,True
Hkex2a4FPr,1905.11975,2020,33,9,arXiv.org,False,True
Hkekl0NFPr,1910.07162,2020,18,130,International Conference on Learning Representations,False,True
HkejNgBtPB,2002.01127,2020,22,45,International Conference on Learning Representations,False,True
HkedQp4tPr,1906.04331,2020,12,24,arXiv.org,False,True
HkeQ6ANYDB,1910.00201,2020,33,37,arXiv.org,False,True
HkePNpVKPB,2002.01365,2020,34,116,International Conference on Learning Representations,False,True
Hke3gyHYwH,1905.11368,2020,16,12,arXiv.org,False,True
Hke12T4KPS,2002.08165,2020,189,289,AAAI Conference on Artificial Intelligence,True,True
Hke0V1rKPS,1912.10185,2020,8,83,International Conference on Learning Representations,False,True
HJxiMAVtPH,1909.13021,2020,92,1108,J. Complex Networks,True,True
HJxdTxHYvB,2003.08937,2020,16,57,International Conference on Learning Representations,False,True
HJxV-ANKDH,2002.01113,2020,29,146,International Conference on Learning Representations,False,True
HJxMYANtPH,1910.06943,2020,15,53,International Conference on Learning Representations,False,True
HJxK5pEYvr,2002.08046,2020,26,79,International Conference on Learning Representations,False,True
HJxEhREKDH,2003.01094,2020,8,45,International Conference on Learning Representations,False,True
HJxDugSFDB,1907.00953,2020,67,428,Neural Information Processing Systems,False,True
HJx8HANFDH,1906.03548,2020,30,57,International Conference on Learning Representations,False,True
HJx81ySKwr,2002.03734,2020,22,158,International Conference on Learning Representations,False,True
HJx7uJStPH,1911.13254,2020,185,324,arXiv.org,False,True
HJx-3grYDB,1910.05366,2020,26,178,International Conference on Learning Representations,False,True
HJlzxgBtwH,1907.02044,2020,121,614,International Conference on Machine Learning,False,True
HJlxIJBFDr,1909.0861,2020,34,,,,False
HJloElBYvB,2001.01878,2020,17,32,International Conference on Learning Representations,False,True
HJlnC1rKPB,1911.03584,2020,89,642,International Conference on Learning Representations,False,True
HJlfuTEtvB,1909.11542,2020,0,74,International Conference on Learning Representations,False,True
HJlWWJSFDH,1905.12265,2020,186,1834,International Conference on Learning Representations,False,True
HJlU-AVtvS,1907.10599,2020,42,121,arXiv.org,False,True
HJlSmC4FPS,1906.05478,2020,36,159,International Conference on Learning Representations,False,True
HJlRFlHFPS,2010.05265,2020,1,13,BlackboxNLP Workshop on Analyzing and Interpreting Neural Networks for NLP,True,True
HJlA0C4tPS,2002.03912,2020,63,136,International Conference on Learning Representations,False,True
HJgpugrKPS,1910.11093,2020,43,174,International Conference on Learning Representations,False,True
HJgfDREKDB,1907.10388,2020,12,23,International Conference on Learning Representations,False,True
HJgcvJBFvB,1910.05396,2020,48,197,International Conference on Learning Representations,False,True
HJg_ECEKDr,1912.07768,2020,48,184,International Conference on Machine Learning,False,True
HJgSwyBKvr,1910.09772,2020,43,149,International Conference on Learning Representations,False,True
HJgS7p4FPH,1907.08467,2020,16,9,arXiv.org,False,True
HJgLLyrYwB,2002.11879,2020,10,57,International Conference on Learning Representations,False,True
HJgKYlSKvr,1910.00287,2020,51,75,arXiv.org,False,True
HJgK0h4Ywr,1908.09961,2020,32,109,International Conference on Learning Representations,False,True
HJgJtT4tvB,2002.04326,2020,127,343,International Conference on Learning Representations,False,True
HJgExaVtwr,2002.07394,2020,500,1385,International Conference on Learning Representations,False,True
HJgEMpVFwB,1905.10615,2020,92,435,International Conference on Learning Representations,False,True
HJgC60EtwB,1906.07516,2020,38,138,International Conference on Learning Representations,False,True
HJg2b0VYDr,1906.11829,2020,76,493,International Conference on Learning Representations,False,True
HJezF3VYPB,1911.02054,2020,117,318,International Conference on Learning Representations,False,True
HJeqhA4YDS,1910.14634,2020,57,92,International Conference on Learning Representations,False,True
HJepXaVYDr,1908.10831,2020,28,117,International Conference on Learning Representations,False,True
HJenn6VFvB,1909.13789,2020,56,255,International Conference on Learning Representations,False,True
HJem3yHKwH,2004.10162,2020,13,69,International Conference on Learning Representations,False,True
HJe_yR4Fwr,1910.04284,2020,11,95,International Conference on Learning Representations,False,True
HJe_Z04Yvr,1811.0856,2020,6,,,,False
HJeVnCEKwH,1906.04848,2020,18,66,International Conference on Learning Representations,False,True
HJeTo2VFwH,1906.06307,2020,19,174,International Conference on Learning Representations,False,True
HJeT3yrtDr,1912.0784,2020,172,,,,False
HJeOekHKwr,2002.04185,2020,20,66,International Conference on Learning Representations,False,True
HJeO7RNKPr,1812.04605,2020,68,325,International Conference on Learning Representations,False,True
HJe9cR4KvB,1910.04289,2020,33,32,Annual Meeting of the Association for Computational Linguistics,True,True
HJe88xBKPr,1905.12334,2020,42,79,arXiv.org,False,True
HJe6uANtwH,2002.04764,2020,17,93,International Conference on Learning Representations,False,True
HJe4Cp4KwH,1906.12192,2020,45,189,International Conference on Machine Learning,False,True
H1xscnEKDr,1909.09552,2020,12,147,International Conference on Learning Representations,False,True
H1xJhJStPS,2005.04168,2020,17,47,arXiv.org,False,True
H1x5wRVtvS,1905.08622,2020,0,9,International Conference on Learning Representations,False,True
H1loF2NFwr,1902.08142,2020,166,375,International Conference on Learning Representations,False,True
H1lmyRNFvr,1909.11655,2020,95,159,International Conference on Learning Representations,False,True
H1lmhaVtvr,1907.08225,2020,3,96,International Conference on Learning Representations,False,True
H1lj0nNFwB,1909.12051,2020,13,92,International Conference on Learning Representations,False,True
H1lhqpEYPr,1910.07498,2020,19,61,International Conference on Learning Representations,False,True
H1lefTEKDS,1907.02057,2020,242,394,arXiv.org,False,True
H1ldzA4tPr,1910.08264,2020,32,137,International Conference on Learning Representations,False,True
H1laeJrKDB,2001.10238,2020,79,133,International Conference on Learning Representations,False,True
H1lZJpVFvr,1909.10147,2020,34,80,International Conference on Learning Representations,False,True
H1lNPxHKDH,1910.01635,2020,16,178,International Conference on Learning Representations,False,True
H1gzR2VKDH,1909.05829,2020,17,155,International Conference on Learning Representations,False,True
H1guaREYPr,2004.0583,2020,13,,,,False
H1gpET4YDB,1911.02972,2020,149,280,Findings,True,True
H1gmHaEKwB,1907.04018,2020,14,67,International Conference on Learning Representations,False,True
H1gN6kSFwS,1910.01075,2020,46,192,arXiv.org,False,True
H1gBhkBFDH,1909.12057,2020,15,157,International Conference on Learning Representations,False,True
H1gB4RVKvB,2010.15314,2020,17,50,International Conference on Learning Representations,False,True
H1g8p1BYvS,2002.04108,2020,126,248,International Conference on Machine Learning,False,True
H1g4M0EtPS,2010.04205,2020,0,1,arXiv.org,False,True
H1ezFREtwH,1905.10681,2020,11,35,International Conference on Learning Representations,False,True
H1exf64KwH,1906.08649,2020,76,164,International Conference on Learning Representations,False,True
H1eqQeHFDS,2002.00118,2020,2,10,International Conference on Learning Representations,False,True
H1edEyBKDS,1912.02164,2020,130,1226,International Conference on Learning Representations,False,True
H1e_cC4twS,2002.08024,2020,25,54,International Conference on Learning Representations,False,True
H1eWGREFvB,2002.0907,2020,5,,,,False
H1eRYxHYPB,1906.01292,2020,13,19,arXiv.org,False,True
H1eF3kStPS,1906.03707,2020,9,11,arXiv.org,False,True
H1eCw3EKvH,1907.01752,2020,10,127,International Conference on Learning Representations,False,True
ByxxgCEYDS,1904.12058,2020,31,281,International Conference on Learning Representations,False,True
ByxtC2VtPB,1909.11515,2020,42,115,International Conference on Learning Representations,False,True
ByxdUySKvS,1912.11188,2020,89,215,International Conference on Learning Representations,False,True
ByxaUgrFvH,2005.01123,2020,7,34,International Conference on Learning Representations,False,True
Byx_YAVYPH,2002.06306,2020,7,27,International Conference on Learning Representations,False,True
ByxT7TNFvH,2002.12319,2020,47,268,International Conference on Learning Representations,False,True
ByxQB1BKwH,2006.11197,2020,26,75,International Conference on Learning Representations,False,True
ByxGkySKwH,1909.1218,2020,9,,,,False
Byx9p2EtDH,1909.13111,2020,10,28,International Joint Conference on Artificial Intelligence,True,True
Byx4NkrtDS,2002.02496,2020,0,6,International Conference on Learning Representations,False,True
Bylkd0EFwr,2001.04907,2020,7,32,International Conference on Machine Learning,False,True
ByljMaNKwB,1909.05352,2020,26,85,International Conference on Machine Learning,False,True
Bylh2krYPr,2006.01016,2020,5,18,International Conference on Machine Learning,False,True
BylalAEtvB,2001.05411,2020,19,43,AAAI Conference on Artificial Intelligence,True,True
BylaUTNtPS,1909.10893,2020,80,369,International Conference on Learning Representations,False,True
BylVcTNtDS,1904.04334,2020,7,49,International Conference on Learning Representations,False,True
BylUMxSFwS,1911.10866,2020,7,15,arXiv.org,False,True
BylQSxHFwr,1912.0964,2020,42,,,,False
BylJUTEKvB,2002.05712,2020,113,91,Computer Vision and Pattern Recognition,True,True
BylA_C4tPr,1911.03082,2020,136,1159,International Conference on Learning Representations,False,True
ByglLlHFDS,2001.08682,2020,6,16,International Conference on Learning Representations,False,True
BygfrANKvB,1910.09688,2020,52,53,arXiv.org,False,True
BygdyxHFDS,2003.05325,2020,16,67,International Conference on Learning Representations,False,True
Byg_vREtvB,2005.0811,2020,4,,,,False
BygSP6Vtvr,1905.00076,2020,82,277,International Conference on Learning Representations,False,True
BygIjTNtPr,1905.10899,2020,15,43,arXiv.org,False,True
BygFVAEKDH,1911.02727,2020,33,237,International Conference on Learning Representations,False,True
Byg9bxrtwS,1906.05827,2020,66,436,Annual Conference Computational Learning Theory,False,True
Byg9A24tvB,1905.10626,2020,75,,,,False
Byg1v1HKDB,1908.05739,2020,34,537,International Conference on Learning Representations,False,True
ByeqyxBKvS,2204.107,2020,10,,,,False
ByeWogStDS,1906.05862,2020,13,88,International Conference on Learning Representations,False,True
ByeUBANtvB,1906.00889,2020,18,60,International Conference on Learning Representations,False,True
ByeSYa4KPS,1907.0484,2020,191,,,,False
ByeNra4FDB,1911.11943,2020,13,39,International Conference on Learning Representations,False,True
ByeMPlHKPH,2004.11886,2020,130,389,International Conference on Learning Representations,False,True
ByeL1R4FvS,1904.12848,2020,1622,2696,Neural Information Processing Systems,False,True
ByeGzlrKwH,1909.11274,2020,15,57,International Conference on Learning Representations,False,True
BkxfaTVFwH,1907.13052,2020,72,343,International Conference on Learning Representations,False,True
Bkxe2AVtPS,2001.05674,2020,3,53,International Conference on Learning Representations,False,True
BkxdqA4tvB,1910.09588,2020,7,39,International Conference on Machine Learning,False,True
BkxXe0Etwr,1909.12397,2020,14,51,International Conference on Learning Representations,False,True
BkxRRkSKwr,1911.06194,2020,26,56,International Conference on Learning Representations,False,True
BklHF6VtPB,1907.11959,2020,6,6,ECML/PKDD,True,True
Bkgq9ANKvB,1910.03231,2020,61,286,International Conference on Machine Learning,False,True
BkgnhTEtDS,2006.10966,2020,16,72,International Conference on Learning Representations,False,True
BkglSTNFDB,1901.09311,2020,37,110,International Conference on Learning Representations,False,True
BkggGREKvS,1908.02269,2020,13,3,arXiv.org,False,True
BkgXT24tDS,1909.13144,2020,120,332,International Conference on Learning Representations,False,True
BkgStySKPB,1906.05849,2020,1773,2767,European Conference on Computer Vision,True,True
BkgNqkHFPr,1911.00809,2020,80,138,arXiv.org,False,True
BkgF4kSFPB,2002.12336,2020,14,51,International Conference on Machine Learning,False,True
Bkg75aVKDH,1912.04792,2020,8,10,IEEE Transactions on Neural Networks and Learning Systems,True,True
Bkg0u3Etwr,2002.06487,2020,38,219,International Conference on Learning Representations,False,True
Bkf4XgrKvS,1912.11176,2020,16,26,AAAI Conference on Artificial Intelligence,True,True
BkepbpNFwr,1811.00239,2020,15,25,International Conference on Learning Representations,False,True
Bkeeca4Kvr,2002.12815,2020,17,77,International Conference on Learning Representations,False,True
Bke_DertPB,1907.05681,2020,21,56,International Conference on Learning Representations,False,True
BkeWw6VFwr,1912.09899,2020,34,109,International Conference on Learning Representations,False,True
BkePHaVKwS,1905.10108,2020,27,43,arXiv.org,False,True
BkeDGJBKvB,1904.01033,2020,7,26,Conference on Uncertainty in Artificial Intelligence,False,True
Bke8UR4FPB,1909.13488,2020,6,27,International Conference on Learning Representations,False,True
Bke89JBtvB,1907.06627,2020,38,83,International Conference on Learning Representations,False,True
Bke6vTVYwH,1910.00324,2020,22,23,European Conference on Computer Vision,True,True
Bke-6pVKvB,1906.07773,2020,39,69,arXiv.org,False,True
BJxwPJHFwS,2002.06622,2020,35,133,International Conference on Learning Representations,False,True
BJxt60VtPr,1906.03764,2020,8,6,arXiv.org,False,True
BJxt2aVFPr,1911.10088,2020,4,75,International Conference on Machine Learning,False,True
BJxiqxSYPB,2002.07019,2020,11,59,Neural Information Processing Systems,False,True
BJxVI04YvB,2001.00106,2020,18,78,International Conference on Learning Representations,False,True
BJxSI1SKDH,1910.1389,2020,8,,,,False
BJxI5gHKDr,2002.0647,2020,79,,,,False
BJxH22EKPS,1909.09569,2020,9,93,International Conference on Learning Representations,False,True
BJxG_0EtDS,1909.01506,2020,8,35,International Conference on Learning Representations,False,True
BJx8YnEFPH,1909.11671,2020,45,250,International Conference on Machine Learning,False,True
BJx040EFvH,2001.03994,2020,486,1384,International Conference on Learning Representations,False,True
BJlzm64tDH,1912.09637,2020,25,216,International Conference on Learning Representations,False,True
BJlowyHYPr,1907.1241,2020,31,,,,False
BJlkgaNKvr,2011.07478,2020,4,25,International Conference on Machine Learning,False,True
BJliakStvH,1909.05477,2020,18,77,International Conference on Learning Representations,False,True
BJlguT4YPr,2002.06115,2020,17,72,International Conference on Learning Representations,False,True
BJlgt2EYwr,1910.11831,2020,45,54,arXiv.org,False,True
BJlZ5ySKPH,1907.1083,2020,301,,,,False
BJlS634tPr,1907.05737,2020,389,702,International Conference on Learning Representations,False,True
BJlRs34Fvr,2002.0599,2020,176,,,,False
BJlLdhNFPr,1902.06918,2020,62,87,arXiv.org,False,True
BJlBSkHtDS,1907.06732,2020,20,121,International Conference on Learning Representations,False,True
BJlAzTEKwS,1909.07543,2020,8,16,arXiv.org,False,True
BJl4g0NYvB,1910.01751,2020,45,66,arXiv.org,False,True
BJl2_nVFPB,2002.05714,2020,34,227,International Conference on Learning Representations,False,True
BJl-5pNKDB,2001.02792,2020,9,44,International Conference on Learning Representations,False,True
BJgy96EYvr,1910.05512,2020,5,160,International Conference on Learning Representations,False,True
BJgr4kSFDS,2002.05969,2020,79,368,International Conference on Learning Representations,False,True
BJgd81SYwr,1905.12914,2020,21,3,arXiv.org,False,True
BJgZGeHFPH,1908.09357,2020,10,59,International Conference on Learning Representations,False,True
BJgWbpEtPr,1906.0082,2020,4,,,,False
BJgWE1SFwS,1909.11553,2020,1,2,International Conference on Learning Representations,False,True
BJgQfkSYDS,1909.0115,2020,91,,,,False
BJgQ4lSFPH,1908.04577,2020,100,301,International Conference on Learning Representations,False,True
BJgMFxrYPB,2001.02364,2020,8,37,International Conference on Learning Representations,False,True
BJg9hTNKPH,1911.11361,2020,249,863,arXiv.org,False,True
BJg866NFvB,2002.04083,2020,31,240,International Conference on Learning Representations,False,True
BJg73xHtvr,1911.05076,2020,36,175,International Conference on Machine Learning,True,True
BJg641BKPH,1905.0987,2020,22,,,,False
BJg4NgBKvH,2003.11535,2020,69,254,International Conference on Learning Representations,False,True
BJg1f6EFDB,1908.04211,2020,76,211,International Conference on Learning Representations,False,True
BJg15lrKvS,1912.01198,2020,81,312,International Joint Conference on Artificial Intelligence,True,True
BJevJCVYvB,1906.05661,2020,24,72,International Conference on Machine Learning,False,True
BJepcaEtwB,1912.09867,2020,30,72,arXiv.org,False,True
BJedHRVtPB,1906.0631,2020,126,,,,False
BJeTCAEtDB,1905.1083,2020,3,,,,False
BJeS62EtwH,1908.01581,2020,19,31,International Conference on Learning Representations,False,True
BJeKwTNFvB,1905.11169,2020,12,62,International Conference on Learning Representations,False,True
BJeKh3VYDH,1907.05279,2020,3,14,International Conference on Learning Representations,False,True
BJeGlJStPr,1912.00167,2020,1,18,International Conference on Learning Representations,False,True
BJeB5hVtvB,1912.0173,2020,15,,,,False
BJe8pkHFwS,1907.04931,2020,337,1204,International Conference on Learning Representations,False,True
BJe-_CNKPH,1909.11218,2020,69,191,arXiv.org,False,True
B1xybgSKwB,1907.08027,2020,13,6,arXiv.org,False,True
B1xxAJHFwS,1912.04511,2020,16,84,International Conference on Machine Learning,False,True
B1xv9pEKDS,2004.12817,2020,9,40,arXiv.org,False,True
B1xtd1HtPS,1912.12098,2020,84,94,European Conference on Computer Vision,True,True
B1xq264YvH,1908.06938,2020,23,60,arXiv.org,False,True
B1xfElrKPr,1910.06611,2020,37,59,arXiv.org,False,True
B1xSperKvH,2005.01807,2020,43,354,International Conference on Learning Representations,False,True
B1xIj3VYvr,1906.07647,2020,8,8,International Conference on Learning Representations,False,True
B1xGGTEtDH,1905.08539,2020,29,430,Annual Conference Computational Learning Theory,False,True
B1x8anVFPr,2002.04745,2020,260,1514,International Conference on Machine Learning,False,True
B1x6w0EtwH,2001.08837,2020,43,139,International Conference on Learning Representations,False,True
B1x6BTEKwr,2003.12236,2020,19,37,International Conference on Learning Representations,False,True
B1x62TNtDS,1910.06222,2020,32,248,International Conference on Learning Representations,False,True
B1x3EgHtwB,1811.10495,2020,32,92,Neural Information Processing Systems,False,True
B1x2eCNFvH,1905.11581,2020,7,14,arXiv.org,False,True
B1lGU64tDr,2001.0405,2020,2,,,,False
B1l8L6EtDS,2001.11691,2020,11,20,International Conference on Learning Representations,False,True
B1l6y0VFPr,1902.04698,2020,34,98,International Conference on Learning Representations,False,True
B1l4SgHKDH,2004.11714,2020,15,150,International Conference on Learning Representations,False,True
B1l1qnEFwH,1912.10292,2020,6,19,,False,True
B1guLAVFDB,2002.08202,2020,0,6,International Conference on Learning Representations,False,True
B1gskyStwr,2002.05822,2020,2,16,International Conference on Learning Representations,False,True
B1gdkxHFDH,1907.0002,2020,54,,,,False
B1gZV1HYvS,2001.03415,2020,3,23,International Conference on Learning Representations,False,True
B1gX8kBtPr,1909.13846,2020,4,23,International Conference on Learning Representations,False,True
B1gF56VYPH,1910.01089,2020,3,0,arXiv.org,False,True
B1g8VkHFPH,2002.1177,2020,62,,,,False
B1eyO1BFPr,1808.07217,2020,71,470,International Conference on Learning Representations,False,True
B1esx6EYvr,1904.13132,2020,65,153,International Conference on Learning Representations,False,True
B1em9h4KDS,1905.0934,2020,29,,,,False
B1eXygBFPH,1906.0375,2020,62,,,,False
B1eQcCEtDB,1906.05664,2020,13,50,International Conference on Machine Learning,False,True
B1eB5xSFvr,1910.00935,2020,75,514,International Conference on Learning Representations,False,True
B1e9Y2NYvS,1910.05513,2020,39,167,International Conference on Learning Representations,False,True
B1e3OlStPB,2012.15,2020,17,,,,False
B1e-kxSKDH,1910.02425,2020,18,78,International Conference on Learning Representations,False,True
