paper_id,year,citation_pct_rank,answer,p_high,p_low,p_unknown,fame,fame_ud
ryvxcPeAb,2018,0.1865342163355408,high,1.000000,0.000000,0.000000,1.000000,1.000000
rywHCPkAW,2018,0.9716981132075472,high,1.000000,0.000000,0.000000,1.000000,1.000000
ryzm6BATZ,2018,nan,unknown,0.000000,0.000000,1.000000,0.000000,-0.000000
rywDjg-RW,2018,0.652317880794702,unknown,0.000000,0.000000,1.000000,0.000000,-0.000000
ryykVe-0W,2018,0.630242825607064,low,0.000000,1.000000,0.000001,1.000000,-1.000000
B1NGT8xCZ,2018,0.1633554083885209,unknown,0.000000,0.000000,1.000000,0.000000,-0.000000
rk3pnae0b,2018,0.1917808219178082,unknown,0.000000,0.000000,1.000000,0.000000,-0.000000
SJa1Nk10b,2018,0.2406181015452538,low,0.000000,0.999997,0.000003,0.999997,-0.999997
HkJ1rgbCb,2018,0.1179245283018868,unknown,0.000000,0.000000,1.000000,0.000000,-0.000000
HJGcNz-0W,2018,0.1633554083885209,unknown,0.000000,0.000000,1.000000,0.000000,-0.000000
HyHmGyZCZ,2018,0.047945205479452,unknown,0.000000,0.000000,1.000000,0.000000,-0.000000
r1nmx5l0W,2018,0.0443037974683544,unknown,0.000000,0.000000,1.000000,0.000000,-0.000000
S1EzRgb0W,2018,0.0286975717439293,unknown,0.000000,0.000000,1.000000,0.000000,-0.000000
Byj54-bAW,2018,0.1258278145695364,unknown,0.000000,0.000000,1.000000,0.000000,-0.000000
SJiHOSeR-,2018,0.1745283018867924,unknown,0.000000,0.000000,1.000000,0.000000,-0.000000
BJGWO9k0Z,2018,0.0783664459161147,low,0.000000,0.999999,0.000001,0.999999,-0.999999
HJCXZQbAZ,2018,0.2260273972602739,unknown,0.000000,0.000000,1.000000,0.000000,-0.000000
H15odZ-C-,2018,0.1582278481012658,unknown,0.000000,0.000000,1.000000,0.000000,-0.000000
SJ-C6JbRW,2018,0.1917808219178082,low,0.000000,1.000000,0.000000,1.000000,-1.000000
rk3b2qxCW,2018,0.0377358490566037,unknown,0.000000,0.000000,1.000000,0.000000,-0.000000
B1EVwkqTW,2018,0.1258278145695364,unknown,0.000000,0.000000,1.000000,0.000000,-0.000000
HJNMYceCW,2018,0.2452830188679245,unknown,0.000000,0.000000,1.000000,0.000000,-0.000000
rkLyJl-0-,2018,0.1633554083885209,low,0.000000,1.000000,0.000000,1.000000,-1.000000
S1JHhv6TW,2018,0.2163355408388521,unknown,0.000000,0.000000,1.000000,0.000000,-0.000000
BJk59JZ0b,2018,0.1179245283018868,low,0.000000,0.999997,0.000003,0.999997,-0.999997
H1eJxngCW,2018,0.3219178082191781,low,0.000000,1.000000,0.000000,1.000000,-1.000000
SkOb1Fl0Z,2018,0.3112582781456953,low,0.000000,0.999997,0.000003,0.999997,-0.999997
ry80wMW0W,2018,0.2452830188679245,unknown,0.000000,0.000001,0.999999,0.000001,-0.000001
BybQ7zWCb,2018,0.3227848101265823,unknown,0.000000,0.000000,1.000000,0.000000,-0.000000
H1wt9x-RW,2018,0.3112582781456953,unknown,0.000000,0.000000,1.000000,0.000000,-0.000000
r1l4eQW0Z,2018,0.2516556291390728,low,0.000000,0.999984,0.000016,0.999984,-0.999984
S16FPMgRZ,2018,0.3498896247240618,unknown,0.000000,0.000000,1.000000,0.000000,-0.000000
SyMvJrdaW,2018,0.1258278145695364,low,0.000000,1.000000,0.000000,1.000000,-1.000000
HkGJUXb0-,2018,0.4050772626931567,unknown,0.000000,0.000000,1.000000,0.000000,-0.000000
rJGY8GbR-,2018,0.3498896247240618,low,0.000000,0.999955,0.000046,0.999955,-0.999955
Sy3XxCx0Z,2018,0.4931506849315068,unknown,0.000000,0.000000,1.000000,0.000000,-0.000000
S1HlA-ZAZ,2018,0.360759493670886,low,0.000000,1.000000,0.000000,1.000000,-1.000000
SJCPLLpaW,2018,0.3785871964679911,unknown,0.000000,0.000000,1.000000,0.000000,-0.000000
Syhr6pxCW,2018,0.2088607594936709,low,0.000000,1.000000,0.000000,1.000000,-1.000000
ry831QWAb,2018,0.3918322295805739,low,0.000000,1.000000,0.000000,1.000000,-1.000000
SJvrXqvaZ,2018,0.4481132075471698,unknown,0.000000,0.000001,0.999999,0.000001,-0.000001
rJYFzMZC-,2018,0.488962472406181,unknown,0.000000,0.000000,1.000000,0.000000,-0.000000
rJk51gJRb,2018,0.3018867924528302,unknown,0.000000,0.000000,1.000000,0.000000,-0.000000
r1q7n9gAb,2018,0.3653421633554083,high,1.000000,0.000000,0.000000,1.000000,1.000000
Skj8Kag0Z,2018,0.2947019867549669,unknown,0.000000,0.000000,1.000000,0.000000,-0.000000
Hk0wHx-RW,2018,0.3498896247240618,low,0.000000,0.999999,0.000001,0.999999,-0.999999
SJyEH91A-,2018,0.2792494481236203,unknown,0.000000,0.000000,1.000000,0.000000,-0.000000
HJJ23bW0b,2018,0.4050772626931567,unknown,0.000000,0.000000,1.000000,0.000000,-0.000000
Hksj2WWAW,2018,0.2792494481236203,unknown,0.000000,0.000000,1.000000,0.000000,-0.000000
HkMvEOlAb,2018,0.4050772626931567,unknown,0.000000,0.000000,1.000000,0.000000,-0.000000
SJQHjzZ0-,2018,0.379746835443038,low,0.000000,0.999999,0.000001,0.999999,-0.999999
HklpCzC6-,2018,0.5333333333333333,unknown,0.000000,0.000000,1.000000,0.000000,-0.000000
ByJWeR1AW,2018,0.6997792494481236,unknown,0.000000,0.000000,1.000000,0.000000,-0.000000
rJm7VfZA-,2018,0.3018867924528302,low,0.000000,0.999664,0.000336,0.999664,-0.999664
B1KFAGWAZ,2018,0.6132075471698113,unknown,0.000000,0.000001,1.000000,0.000001,-0.000001
r1DPFCyA-,2018,0.5772626931567328,unknown,0.000000,0.000000,1.000000,0.000000,-0.000000
rk4Fz2e0b,2018,0.6004415011037527,unknown,0.000000,0.000000,1.000000,0.000000,-0.000000
HkepKG-Rb,2018,0.6854304635761589,unknown,0.000000,0.000000,1.000000,0.000000,-0.000000
SksY3deAW,2018,0.5209713024282561,unknown,0.000000,0.000000,1.000000,0.000000,-0.000000
H1rRWl-Cb,2018,0.5419426048565121,unknown,0.000000,0.000000,1.000000,0.000000,-0.000000
r1YqWz-R-,2018,0.6962025316455697,low,0.000000,0.999965,0.000035,0.999965,-0.999965
B1mvVm-C-,2018,0.2735849056603773,unknown,0.000000,0.000000,1.000000,0.000000,-0.000000
HyMTkQZAb,2018,0.6169977924944813,high,1.000000,0.000000,0.000000,1.000000,1.000000
r1hsJCe0Z,2018,0.5099337748344371,unknown,0.000000,0.000000,1.000000,0.000000,-0.000000
Bki4EfWCb,2018,0.7196467991169978,low,0.000000,0.999999,0.000001,0.999999,-0.999999
SygwwGbRW,2018,0.6509433962264151,unknown,0.000000,0.000000,1.000000,0.000000,-0.000000
rknt2Be0-,2018,0.5518763796909493,unknown,0.000000,0.000000,1.000000,0.000000,-0.000000
HJzgZ3JCW,2018,0.6103752759381899,low,0.000000,0.999998,0.000002,0.999998,-0.999998
HyfHgI6aW,2018,0.5990566037735849,low,0.000000,0.999999,0.000001,0.999999,-0.999999
rkN2Il-RZ,2018,0.6578366445916115,unknown,0.000000,0.000000,1.000000,0.000000,-0.000000
HyyP33gAZ,2018,0.6075949367088608,unknown,0.000000,0.000000,1.000000,0.000000,-0.000000
ryazCMbR-,2018,0.6169977924944813,unknown,0.000000,0.000000,1.000000,0.000000,-0.000000
ry1arUgCW,2018,0.5849056603773585,unknown,0.000000,0.000000,1.000000,0.000000,-0.000000
HkfXMz-Ab,2018,0.6645569620253164,unknown,0.000000,0.000000,1.000000,0.000000,-0.000000
HJsjkMb0Z,2018,0.6622516556291391,low,0.000000,1.000000,0.000000,1.000000,-1.000000
H1bM1fZCW,2018,0.93598233995585,high,1.000000,0.000000,0.000000,1.000000,1.000000
r1Oen--RW,2018,0.933774834437086,high,1.000000,0.000000,0.000000,1.000000,1.000000
By5ugjyCb,2018,0.9668874172185432,high,1.000000,0.000000,0.000000,1.000000,1.000000
BJJ9bz-0-,2018,0.7924528301886793,unknown,0.000000,0.000000,1.000000,0.000000,-0.000000
ByJHuTgA-,2018,0.5958904109589042,low,0.000000,0.999999,0.000001,0.999999,-0.999999
ryj38zWRb,2018,0.8481012658227848,unknown,0.000000,0.000000,1.000000,0.000000,-0.000000
Sy1f0e-R-,2018,0.8498896247240618,low,0.000000,0.999999,0.000001,0.999999,-0.999999
Sy0GnUxCb,2018,0.8584905660377359,unknown,0.000000,0.000000,1.000000,0.000000,-0.000000
BJInEZsTb,2018,0.930379746835443,unknown,0.000000,0.000000,1.000000,0.000000,-0.000000
Syx6bz-Ab,2018,0.9863013698630136,low,0.000000,0.999999,0.000001,0.999999,-0.999999
B1ZvaaeAZ,2018,0.8211920529801324,low,0.000000,1.000000,0.000000,1.000000,-1.000000
rkhlb8lCZ,2018,0.7792494481236203,low,0.000000,1.000000,0.000000,1.000000,-1.000000
SJiHXGWAZ,2018,0.9448123620309052,high,1.000000,0.000000,0.000000,1.000000,1.000000
rkZvSe-RZ,2018,0.9955849889624724,high,1.000000,0.000000,0.000000,1.000000,1.000000
rJBiunlAW,2018,0.7682119205298014,low,0.000000,1.000000,0.000000,1.000000,-1.000000
ryZ283gAZ,2018,0.7991169977924945,unknown,0.000379,0.000000,0.000000,0.000379,0.000379
SkhQHMW0W,2018,0.9536423841059604,high,1.000000,0.000000,0.000000,1.000000,1.000000
H113pWZRb,2018,0.8587196467991169,low,0.000000,1.000000,0.000000,1.000000,-1.000000
rJg4YGWRb,2018,0.8785871964679912,unknown,0.000021,0.000000,0.000000,0.000021,0.000021
ByBAl2eAZ,2018,0.9622641509433962,high,1.000000,0.000000,0.000000,1.000000,1.000000
rJl3yM-Ab,2018,0.8082191780821918,unknown,0.000000,0.000000,1.000000,0.000000,-0.000000
HyxpNnRcFX,2019,0.1031746031746031,unknown,0.000000,0.000001,0.999999,0.000001,-0.000001
B1eXbn05t7,2019,0.1623931623931624,unknown,0.000000,0.000000,1.000000,0.000000,-0.000000
HJ_aoCyRZ,2018,0.7649006622516556,unknown,0.000000,0.000000,1.000000,0.000000,-0.000000
SJJinbWRZ,2018,0.9245283018867924,unknown,0.000000,0.000000,1.000000,0.000000,-0.000000
rylSzl-R-,2018,0.759493670886076,low,0.000000,0.999999,0.000001,0.999999,-0.999999
SygK6sA5tX,2019,0.1603174603174603,unknown,0.000000,0.000000,1.000000,0.000000,-0.000000
rkx0g3R5tX,2019,0.0325396825396825,unknown,0.000000,0.000040,0.999960,0.000040,-0.000040
SkGtjjR5t7,2019,0.0551948051948051,unknown,0.000000,0.000000,1.000000,0.000000,-0.000000
HJgJS30qtm,2019,0.0325396825396825,low,0.000000,0.999972,0.000028,0.999972,-0.999972
By-7dz-AZ,2018,0.8565121412803532,unknown,0.000051,0.000000,0.000000,0.000051,0.000051
rkMW1hRqKX,2019,0.2547619047619047,unknown,0.000000,0.000000,1.000000,0.000000,-0.000000
SkeUG30cFQ,2019,0.0325396825396825,unknown,0.000000,0.000000,1.000000,0.000000,-0.000000
SJggZnRcFQ,2019,0.2547619047619047,unknown,0.000000,0.000000,1.000000,0.000000,-0.000000
r1gRCiA5Ym,2019,0.1031746031746031,low,0.000000,0.999999,0.000001,0.999999,-0.999999
rJlJ-2CqtX,2019,0.1363636363636363,unknown,0.000000,0.000001,0.999999,0.000001,-0.000001
HkElFj0qYQ,2019,0.1603174603174603,low,0.000000,0.999996,0.000004,0.999996,-0.999996
B1GMDsR5tm,2019,0.2547619047619047,low,0.000000,1.000000,0.000000,1.000000,-1.000000
rkgoyn09KQ,2019,0.1951219512195122,low,0.000000,0.999994,0.000006,0.999994,-0.999994
S1EERs09YQ,2019,0.2547619047619047,unknown,0.000000,0.000000,1.000000,0.000000,-0.000000
HylTXn0qYX,2019,0.2253968253968254,unknown,0.000000,0.000000,1.000000,0.000000,-0.000000
rJgTTjA9tX,2019,0.196031746031746,unknown,0.000000,0.000000,1.000000,0.000000,-0.000000
H1lS8oA5YQ,2019,0.1603174603174603,unknown,0.000000,0.000000,1.000000,0.000000,-0.000000
rkemqsC9Fm,2019,0.196031746031746,unknown,0.000000,0.000000,1.000000,0.000000,-0.000000
S1xNb2A9YX,2019,0.2253968253968254,unknown,0.000000,0.000000,1.000000,0.000000,-0.000000
SJe8DsR9tm,2019,0.1031746031746031,unknown,0.000000,0.000000,1.000000,0.000000,-0.000000
Sklsm20ctX,2019,0.2435064935064935,low,0.000000,0.999995,0.000005,0.999995,-0.999995
Hyed4i05KX,2019,0.3373015873015873,unknown,0.000000,0.000000,1.000000,0.000000,-0.000000
H1g0piA9tQ,2019,0.3373015873015873,unknown,0.000000,0.000000,1.000000,0.000000,-0.000000
HJfwJ2A5KX,2019,0.2547619047619047,low,0.000000,0.999988,0.000012,0.999988,-0.999988
rylxxhRctX,2019,0.3034188034188034,unknown,0.000000,0.000001,0.999999,0.000001,-0.000001
SJgiNo0cKX,2019,0.34,unknown,0.000000,0.000000,1.000000,0.000000,-0.000000
r1MSBjA9Ym,2019,0.4103174603174603,low,0.000000,0.999999,0.000001,0.999999,-0.999999
rkgpCoRctm,2019,0.430952380952381,low,0.000000,0.999945,0.000055,0.999945,-0.999945
HJG7m2AcF7,2019,0.3373015873015873,low,0.000000,1.000000,0.000000,1.000000,-1.000000
B1fpDsAqt7,2019,0.2253968253968254,unknown,0.000000,0.000000,1.000000,0.000000,-0.000000
SJzYdsAqY7,2019,0.3619047619047619,low,0.000000,0.999976,0.000024,0.999976,-0.999976
HkekMnR5Ym,2019,0.2873015873015873,unknown,0.000000,0.000404,0.999595,0.000404,-0.000404
HkxjYoCqKX,2019,0.4984126984126984,unknown,0.000000,0.000000,1.000000,0.000000,-0.000000
B1G5ViAqFm,2019,0.3373015873015873,low,0.000000,0.999929,0.000071,0.999929,-0.999929
Ske7ToC5Km,2019,0.3373015873015873,unknown,0.000000,0.000000,1.000000,0.000000,-0.000000
HkgDTiCctQ,2019,0.4103174603174603,unknown,0.000000,0.000000,1.000000,0.000000,-0.000000
H1zeHnA9KX,2019,0.3865079365079365,unknown,0.000000,0.000000,1.000000,0.000000,-0.000000
ByeLBj0qFQ,2019,0.4103174603174603,low,0.000000,0.999972,0.000028,0.999972,-0.999972
SygQvs0cFQ,2019,0.2804878048780488,unknown,0.000000,0.000000,1.000000,0.000000,-0.000000
BJg9DoR9t7,2019,0.430952380952381,low,0.000000,0.999999,0.000001,0.999999,-0.999999
B1gstsCqt7,2019,0.2873015873015873,unknown,0.000000,0.000000,1.000000,0.000000,-0.000000
ryGfnoC5KQ,2019,0.3865079365079365,low,0.000000,0.999967,0.000033,0.999967,-0.999967
rJg4J3CqFm,2019,0.3619047619047619,unknown,0.000000,0.000000,1.000000,0.000000,-0.000000
HkgSEnA5KQ,2019,0.3409090909090909,unknown,0.000000,0.000000,1.000000,0.000000,-0.000000
rJlRKjActQ,2019,0.6365079365079365,high,1.000000,0.000000,0.000000,1.000000,1.000000
r1eJssCqY7,2019,0.6246031746031746,unknown,0.000000,0.000000,1.000000,0.000000,-0.000000
rkevMnRqYQ,2019,0.4512987012987013,unknown,0.000000,0.000000,1.000000,0.000000,-0.000000
H1lug3R5FX,2019,0.7285714285714285,unknown,0.000000,0.000000,1.000000,0.000000,-0.000000
HyM7AiA5YX,2019,0.4817460317460317,unknown,0.000000,0.000000,1.000000,0.000000,-0.000000
B1xeyhCctQ,2019,0.5571428571428572,unknown,0.000000,0.000000,1.000000,0.000000,-0.000000
SJxCsj0qYX,2019,0.594017094017094,unknown,0.000000,0.000000,1.000000,0.000000,-0.000000
B1exrnCcF7,2019,0.4817460317460317,low,0.000000,0.999995,0.000005,0.999995,-0.999995
ryeNPi0qKX,2019,0.7073170731707317,unknown,0.000000,0.000000,1.000000,0.000000,-0.000000
Hkl-di09FQ,2019,0.5454545454545454,unknown,0.000000,0.000000,1.000000,0.000000,-0.000000
HJeuOiRqKQ,2019,0.5158730158730159,low,0.000000,1.000000,0.000000,1.000000,-1.000000
HJz05o0qK7,2019,0.5888888888888889,unknown,0.000000,0.000000,1.000000,0.000000,-0.000000
rke_YiRct7,2019,0.6150793650793651,low,0.000000,0.999954,0.000046,0.999954,-0.999954
ryl8-3AcFX,2019,0.6363636363636364,unknown,0.000000,0.000000,1.000000,0.000000,-0.000000
HyxBpoR5tm,2019,0.5158730158730159,low,0.000000,0.999938,0.000062,0.999938,-0.999938
HyllasActm,2019,0.7008547008547008,low,0.000000,0.999995,0.000005,0.999995,-0.999995
rJzLciCqKm,2019,0.746031746031746,unknown,0.000000,0.000000,1.000000,0.000000,-0.000000
rygnfn0qF7,2019,0.524390243902439,low,0.000000,0.999998,0.000002,0.999998,-0.999998
SJequsCqKQ,2019,0.6246031746031746,unknown,0.000000,0.000000,1.000000,0.000000,-0.000000
ByetGn0cYX,2019,0.5974025974025974,unknown,0.000000,0.000000,1.000000,0.000000,-0.000000
ByzcS3AcYX,2019,0.5670731707317073,unknown,0.000000,0.000000,1.000000,0.000000,-0.000000
ryxSrhC9KX,2019,0.5952380952380952,unknown,0.000000,0.000000,1.000000,0.000000,-0.000000
HyxzRsR9Y7,2019,0.5876623376623377,unknown,0.000000,0.000000,1.000000,0.000000,-0.000000
SkNksoRctQ,2019,0.6246031746031746,low,0.000000,1.000000,0.000000,1.000000,-1.000000
SkxXg2C5FX,2019,0.5975609756097561,unknown,0.000000,0.000001,0.999999,0.000001,-0.000001
SyNPk2R9K7,2019,0.6611111111111111,unknown,0.000000,0.000000,1.000000,0.000000,-0.000000
r1GkMhAqYm,2019,0.7987804878048781,low,0.000000,1.000000,0.000000,1.000000,-1.000000
Bygre3R9Fm,2019,0.7948717948717948,unknown,0.000000,0.000000,1.000000,0.000000,-0.000000
S1MAriC5F7,2019,0.8809523809523809,low,0.000000,0.998297,0.001703,0.998297,-0.998297
rke41hC5Km,2019,0.8333333333333334,unknown,0.000000,0.000000,1.000000,0.000000,-0.000000
Hyx4knR9Ym,2019,0.7126984126984127,low,0.000000,0.999980,0.000020,0.999980,-0.999980
BkMWx309FX,2019,0.9090909090909092,unknown,0.000000,0.000000,1.000000,0.000000,-0.000000
rJl-b3RcF7,2019,0.9984126984126984,high,1.000000,0.000000,0.000000,1.000000,1.000000
rJfUCoR5KX,2019,0.8095238095238095,unknown,0.000000,0.000000,1.000000,0.000000,-0.000000
ryewE3R5YX,2019,0.7792207792207793,unknown,0.000000,0.000000,1.000000,0.000000,-0.000000
r1l73iRqKm,2019,0.9878048780487804,high,1.000000,0.000000,0.000000,1.000000,1.000000
rJeZS3RcYm,2019,0.9365079365079364,high,0.999999,0.000000,0.000001,0.999999,0.999998
rJMcdsA5FX,2019,0.8365079365079365,low,0.000000,0.999965,0.000035,0.999965,-0.999965
rygkk305YQ,2019,0.7606837606837606,unknown,0.000000,0.000000,1.000000,0.000000,-0.000000
ByeTHsAqtX,2019,0.8960317460317461,low,0.000000,0.999995,0.000005,0.999995,-0.999995
BJGVX3CqYm,2019,0.957936507936508,unknown,0.000000,0.000000,1.000000,0.000000,-0.000000
rJl0r3R9KX,2019,0.7896825396825397,unknown,0.000000,0.000000,1.000000,0.000000,-0.000000
B1xsqj09Fm,2019,1.0,high,1.000000,0.000000,0.000000,1.000000,1.000000
BJl6AjC5F7,2019,0.7587301587301587,unknown,0.000000,0.000000,1.000000,0.000000,-0.000000
rke5R1SFwS,2020,0.2147435897435897,unknown,0.000000,0.000000,1.000000,0.000000,-0.000000
Syl7OsRqY7,2019,0.7682926829268293,unknown,0.000000,0.000000,1.000000,0.000000,-0.000000
ryeFzT4YPr,2020,0.25,unknown,0.000000,0.000000,1.000000,0.000000,-0.000000
H1eRBoC9FX,2019,0.8051948051948052,low,0.000000,1.000000,0.000000,1.000000,-1.000000
rkgc06VtwH,2020,0.1428571428571428,unknown,0.000000,0.000000,1.000000,0.000000,-0.000000
B1e0X3C9tQ,2019,0.8760683760683761,unknown,0.000000,0.000000,1.000000,0.000000,-0.000000
rkglZyHtvH,2020,0.2147435897435897,unknown,0.000000,0.000000,1.000000,0.000000,-0.000000
HyxnZh0ct7,2019,0.9317460317460318,unknown,0.000000,0.000000,1.000000,0.000000,-0.000000
B1l6qiR5F7,2019,0.8780487804878049,low,0.000000,1.000000,0.000000,1.000000,-1.000000
ryGWhJBtDB,2020,0.048076923076923,unknown,0.000000,0.000000,1.000000,0.000000,-0.000000
rJx8ylSKvr,2020,0.048076923076923,unknown,0.000000,0.000000,1.000000,0.000000,-0.000000
ryl5CJSFPS,2020,0.048076923076923,unknown,0.000000,0.000000,1.000000,0.000000,-0.000000
rJgFjREtwr,2020,0.1378205128205128,unknown,0.000000,0.000000,1.000000,0.000000,-0.000000
rJxG3pVKPB,2020,0.048076923076923,unknown,0.000000,0.000001,0.999999,0.000001,-0.000001
ryex8CEKPr,2020,0.048076923076923,unknown,0.000000,0.000000,1.000000,0.000000,-0.000000
HkxaFoC9KQ,2019,0.9545454545454546,high,0.999999,0.000000,0.000001,0.999999,0.999999
ryxtCpNtDS,2020,0.25,unknown,0.000000,0.000000,1.000000,0.000000,-0.000000
rkxmPgrKwB,2020,0.048076923076923,unknown,0.000000,0.000000,1.000000,0.000000,-0.000000
rygjmpVFvB,2020,0.25,low,0.000000,0.999962,0.000038,0.999962,-0.999962
rkecJ6VFvr,2020,0.048076923076923,unknown,0.000000,0.000000,1.000000,0.000000,-0.000000
rkgU1gHtvr,2020,0.21875,unknown,0.000000,0.000000,1.000000,0.000000,-0.000000
rkeIq2VYPr,2020,0.2147435897435897,unknown,0.000000,0.000085,0.999915,0.000085,-0.000085
SklVEnR5K7,2019,0.9825396825396824,unknown,0.000502,0.000000,0.000000,0.000502,0.000502
rJx4p3NYDB,2020,0.2147435897435897,low,0.000000,1.000000,0.000000,1.000000,-1.000000
rkxNelrKPB,2020,0.391025641025641,unknown,0.000000,0.000000,1.000000,0.000000,-0.000000
rye5YaEtPr,2020,0.2147435897435897,unknown,0.000000,0.000000,1.000000,0.000000,-0.000000
ryxtWgSKPB,2020,0.4294871794871794,unknown,0.000000,0.000000,1.000000,0.000000,-0.000000
rJlf_RVKwr,2020,0.4487179487179487,unknown,0.000000,0.000000,1.000000,0.000000,-0.000000
rJgQkT4twH,2020,0.1,unknown,0.000000,0.000000,1.000000,0.000000,-0.000000
ryestJBKPB,2020,0.3621794871794871,unknown,0.000000,0.000000,1.000000,0.000000,-0.000000
rJxtgJBKDr,2020,0.1378205128205128,low,0.000000,0.999990,0.000010,0.999990,-0.999990
rJlnfaNYvB,2020,0.3621794871794871,unknown,0.000000,0.000000,1.000000,0.000000,-0.000000
rke2HRVYvH,2020,0.4487179487179487,unknown,0.000000,0.000000,1.000000,0.000000,-0.000000
rJxBa1HFvS,2020,0.34375,unknown,0.000000,0.000000,1.000000,0.000000,-0.000000
rkliHyrFDB,2020,0.4375,unknown,0.000000,0.000000,1.000000,0.000000,-0.000000
rkx3-04FwB,2020,0.4134615384615384,unknown,0.000000,0.000000,1.000000,0.000000,-0.000000
rJxt0JHKvS,2020,0.3333333333333333,unknown,0.000000,0.000000,1.000000,0.000000,-0.000000
rkeNfp4tPr,2020,0.391025641025641,unknown,0.000000,0.000000,1.000000,0.000000,-0.000000
ryxz8CVYDH,2020,0.3621794871794871,unknown,0.000000,0.000000,1.000000,0.000000,-0.000000
rkx-wA4YPS,2020,0.3012820512820512,unknown,0.000000,0.000000,1.000000,0.000000,-0.000000
rke-f6NKvS,2020,0.265625,unknown,0.000000,0.000000,1.000000,0.000000,-0.000000
rJxX8T4Kvr,2020,0.3012820512820512,unknown,0.000000,0.000000,1.000000,0.000000,-0.000000
rJxe3xSYDS,2020,0.391025641025641,unknown,0.000000,0.000000,1.000000,0.000000,-0.000000
rkevSgrtPr,2020,0.4294871794871794,unknown,0.000000,0.000000,1.000000,0.000000,-0.000000
ryen_CEFwr,2020,0.3333333333333333,unknown,0.000000,0.000000,1.000000,0.000000,-0.000000
rkgfdeBYvH,2020,0.4903846153846153,low,0.000000,0.999820,0.000180,0.999820,-0.999820
rklr9kHFDB,2020,0.3012820512820512,unknown,0.000000,0.000000,1.000000,0.000000,-0.000000
rklHqRVKvH,2020,0.484375,unknown,0.000000,0.000000,1.000000,0.000000,-0.000000
rkeYL1SFvH,2020,0.7142857142857143,high,1.000000,0.000000,0.000000,1.000000,1.000000
rJxlc0EtDr,2020,0.391025641025641,unknown,0.000000,0.000000,1.000000,0.000000,-0.000000
rklk_ySYPB,2020,0.266025641025641,unknown,0.000000,0.000000,1.000000,0.000000,-0.000000
rJlNKCNtPB,2020,0.5480769230769231,low,0.000000,1.000000,0.000001,1.000000,-1.000000
rkxVz1HKwB,2020,0.6826923076923077,unknown,0.000000,0.000000,1.000000,0.000000,-0.000000
ryga2CNKDH,2020,0.6071428571428571,unknown,0.000000,0.000000,1.000000,0.000000,-0.000000
ryedqa4FwS,2020,0.6826923076923077,low,0.000000,0.999942,0.000058,0.999942,-0.999942
rygwLgrYPB,2020,0.4134615384615384,low,0.000000,0.999999,0.000001,0.999999,-0.999999
ryl0cAVtPH,2020,0.5128205128205128,unknown,0.000000,0.000000,1.000000,0.000000,-0.000000
rklFh34Kwr,2020,0.6282051282051282,unknown,0.000000,0.000000,1.000000,0.000000,-0.000000
rygePJHYPH,2020,0.5480769230769231,unknown,0.000000,0.000000,1.000000,0.000000,-0.000000
rJggX0EKwS,2020,0.5480769230769231,unknown,0.000000,0.000000,1.000000,0.000000,-0.000000
rklTmyBKPH,2020,0.592948717948718,unknown,0.000000,0.000000,1.000000,0.000000,-0.000000
rkg-mA4FDr,2020,0.5714285714285714,unknown,0.000000,0.000000,1.000000,0.000000,-0.000000
rJgjGxrFPS,2020,0.55,unknown,0.000000,0.000000,1.000000,0.000000,-0.000000
rkxuWaVYDB,2020,0.6666666666666666,unknown,0.000000,0.000000,1.000000,0.000000,-0.000000
rJgJDAVKvB,2020,0.65625,unknown,0.000000,0.000000,1.000000,0.000000,-0.000000
ryg8wpEtvB,2020,0.7403846153846154,unknown,0.000000,0.000000,1.000000,0.000000,-0.000000
rylBK34FDS,2020,0.5128205128205128,low,0.000000,0.999995,0.000005,0.999995,-0.999995
rkgg6xBYDH,2020,0.6506410256410257,unknown,0.000000,0.000000,1.000000,0.000000,-0.000000
rJxycxHKDS,2020,0.592948717948718,unknown,0.000000,0.000000,1.000000,0.000000,-0.000000
rkxs0yHFPH,2020,0.5128205128205128,low,0.000000,0.999999,0.000001,0.999999,-0.999999
rJgqMRVYvr,2020,0.7211538461538461,unknown,0.000000,0.000000,1.000000,0.000000,-0.000000
rkgvXlrKwH,2020,0.71875,low,0.000000,1.000000,0.000000,1.000000,-1.000000
rklklCVYvB,2020,0.8557692307692307,high,1.000000,0.000000,0.000000,1.000000,1.000000
rygfnn4twS,2020,0.7403846153846154,low,0.000000,1.000000,0.000000,1.000000,-1.000000
rJlUt0EYwS,2020,0.6506410256410257,unknown,0.000000,0.000000,1.000000,0.000000,-0.000000
rkezdaEtvH,2020,0.953125,unknown,0.000000,0.000000,1.000000,0.000000,-0.000000
rJxGLlBtwH,2020,0.6875,low,0.000000,0.999769,0.000231,0.999769,-0.999769
rygvFyrKwH,2020,0.9102564102564102,unknown,0.000000,0.000000,1.000000,0.000000,-0.000000
rJgffkSFPS,2020,0.8012820512820513,unknown,0.000000,0.000000,1.000000,0.000000,-0.000000
rkltE0VKwH,2020,0.78125,unknown,0.000000,0.000000,1.000000,0.000000,-0.000000
rkeNr6EKwB,2020,0.7857142857142857,low,0.000000,0.999980,0.000020,0.999980,-0.999980
ryg7vA4tPB,2020,0.9294871794871796,low,0.000000,0.999996,0.000004,0.999996,-0.999996
rygHq6EFwr,2020,0.8333333333333334,unknown,0.000000,0.000000,1.000000,0.000000,-0.000000
rJgVwTVtvS,2020,0.7756410256410257,unknown,0.000000,0.000000,1.000000,0.000000,-0.000000
rygBVTVFPB,2020,0.78125,low,0.000000,1.000000,0.000000,1.000000,-1.000000
rJx1Na4Fwr,2020,0.8814102564102564,low,0.000000,1.000000,0.000000,1.000000,-1.000000
rkgNKkHtvB,2020,0.9807692307692308,high,1.000000,0.000000,0.000000,1.000000,1.000000
rJxHcgStwr,2020,0.8,unknown,0.000000,0.000000,1.000000,0.000000,-0.000000
rygGQyrFvH,2020,1.0,high,1.000000,0.000000,0.000000,1.000000,1.000000
ryeUg0VFwr,2020,0.90625,low,0.000000,0.999996,0.000004,0.999996,-0.999996
rJlnOhVYPS,2020,0.9871794871794872,low,0.000000,1.000000,0.000000,1.000000,-1.000000
r1e13s05YX,2019,0.4103174603174603,unknown,0.000000,0.000000,1.000000,0.000000,-0.000000
rygeHgSFDH,2020,0.8397435897435898,low,0.000000,0.999992,0.000008,0.999992,-0.999992
rygf-kSYwH,2020,0.84375,low,0.000000,1.000000,0.000000,1.000000,-1.000000
rke7geHtwH,2020,0.953125,unknown,0.000000,0.000000,1.000000,0.000000,-0.000000
rke3TJrtPS,2020,1.0,low,0.000000,1.000000,0.000000,1.000000,-1.000000
rkg-TJBFPB,2020,0.78125,low,0.000000,1.000000,0.000000,1.000000,-1.000000
r1g5b2RcKm,2019,0.6365079365079365,unknown,0.000000,0.000000,1.000000,0.000000,-0.000000
ryghZJBKPS,2020,0.9615384615384616,unknown,0.000000,0.000000,1.000000,0.000000,-0.000000
rkxoh24FPH,2020,0.9487179487179488,unknown,0.000000,0.000000,1.000000,0.000000,-0.000000
BJgTZ3C5FX,2019,0.3418803418803419,low,0.000000,1.000000,0.000000,1.000000,-1.000000
SJzqpj09YQ,2019,0.3126984126984127,unknown,0.000000,0.000000,1.000000,0.000000,-0.000000
BkQqq0gRb,2018,0.8973509933774835,high,1.000000,0.000000,0.000000,1.000000,1.000000
BylE1205Fm,2019,0.6068376068376068,unknown,0.000000,0.000000,1.000000,0.000000,-0.000000
Byx83s09Km,2019,0.3961038961038961,low,0.000000,1.000000,0.000000,1.000000,-1.000000
HyGBdo0qFm,2019,0.8015873015873016,unknown,0.000000,0.000000,1.000000,0.000000,-0.000000
rkxQ-nA9FX,2019,0.7238095238095238,low,0.000000,0.999993,0.000007,0.999993,-0.999993
rJl63fZRb,2018,0.4249448123620309,unknown,0.000000,0.000000,1.000000,0.000000,-0.000000
ByGVui0ctm,2019,0.3619047619047619,unknown,0.000000,0.000000,1.000000,0.000000,-0.000000
ByGOuo0cYm,2019,0.5484126984126985,unknown,0.000000,0.000000,1.000000,0.000000,-0.000000
rJxqZkSFDB,2020,0.4294871794871794,unknown,0.000000,0.000000,1.000000,0.000000,-0.000000
rke2P1BFwS,2020,0.935897435897436,unknown,0.000000,0.000000,1.000000,0.000000,-0.000000
rygrBhC5tQ,2019,0.5746753246753247,unknown,0.000000,0.000000,1.000000,0.000000,-0.000000
S1cZsf-RW,2018,0.6455696202531646,low,0.000000,0.999996,0.000004,0.999996,-0.999996
HJePy3RcF7,2019,0.2873015873015873,low,0.000000,0.999985,0.000015,0.999985,-0.999985
rytstxWAW,2018,0.9381898454746136,high,1.000000,0.000000,0.000000,1.000000,1.000000
ry_WPG-A-,2018,nan,high,1.000000,0.000000,0.000000,1.000000,1.000000
ryacTMZRZ,2018,0.2163355408388521,low,0.000000,1.000000,0.000000,1.000000,-1.000000
rydeCEhs-,2018,0.9227373068432672,low,0.000000,1.000000,0.000000,1.000000,-1.000000
rybAWfx0b,2018,0.6232876712328768,low,0.000000,1.000000,0.000000,1.000000,-1.000000
rye7IMbAZ,2018,nan,unknown,0.000000,0.000000,1.000000,0.000000,-0.000000
rypT3fb0b,2018,0.4977924944812362,unknown,0.000000,0.000000,1.000000,0.000000,-0.000000
ryup8-WCW,2018,0.6766004415011038,high,1.000000,0.000000,0.000000,1.000000,1.000000
ryj0790hb,2018,0.4381898454746137,unknown,0.000000,0.000000,1.000000,0.000000,-0.000000
ryk77mbRZ,2018,nan,unknown,0.000000,0.000000,1.000000,0.000000,-0.000000
ryb83alCZ,2018,nan,unknown,0.000000,0.000000,1.000000,0.000000,-0.000000
ryQu7f-RZ,2018,0.9933774834437086,high,1.000000,0.000000,0.000000,1.000000,1.000000
ryjw_eAaZ,2018,nan,low,0.000000,0.999999,0.000001,0.999999,-0.999999
ryRh0bb0Z,2018,0.2658227848101265,unknown,0.000000,0.000000,1.000000,0.000000,-0.000000
rytNfI1AZ,2018,0.5816777041942605,low,0.000000,0.999998,0.000002,0.999998,-0.999998
ryY4RhkCZ,2018,nan,unknown,0.000000,0.000000,1.000000,0.000000,-0.000000
rybDdHe0Z,2018,0.4381898454746137,unknown,0.000000,0.000000,1.000000,0.000000,-0.000000
ryZERzWCZ,2018,nan,unknown,0.000000,0.000000,1.000000,0.000000,-0.000000
ryOG3fWCW,2018,0.0286975717439293,unknown,0.000000,0.000000,1.000000,0.000000,-0.000000
ryTp3f-0-,2018,0.4245283018867924,unknown,0.000000,0.000000,1.000000,0.000000,-0.000000
ryiAv2xAZ,2018,0.760485651214128,low,0.000000,0.999996,0.000004,0.999996,-0.999996
rylejExC-,2018,nan,low,0.000000,0.999977,0.000023,0.999977,-0.999977
ryH20GbRW,2018,0.7836644591611479,unknown,0.000000,0.000000,1.000000,0.000000,-0.000000
ryZ3KCy0W,2018,0.0783664459161147,unknown,0.000000,0.000000,1.000000,0.000000,-0.000000
ryZElGZ0Z,2018,nan,low,0.000000,0.999976,0.000024,0.999976,-0.999976
ryHM_fbA-,2018,nan,unknown,0.000000,0.000000,1.000000,0.000000,-0.000000
ryepFJbA-,2018,0.8609271523178808,unknown,0.012068,0.000249,0.000000,0.012317,0.011819
ryUlhzWCZ,2018,0.5990566037735849,low,0.000000,0.999995,0.000005,0.999995,-0.999995
ryCM8zWRb,2018,0.9823399558498896,unknown,0.000000,0.000000,1.000000,0.000000,-0.000000
ryDNZZZAW,2018,0.6578366445916115,unknown,0.000000,0.000000,1.000000,0.000000,-0.000000
ryserbZR-,2018,0.8666666666666667,unknown,0.293618,0.014135,0.000000,0.307753,0.279483
ryH_bShhW,2018,0.1139240506329113,low,0.000000,0.999997,0.000003,0.999997,-0.999997
ry4S90l0b,2018,nan,unknown,0.000000,0.000000,1.000000,0.000000,-0.000000
ryA-jdlA-,2018,nan,low,0.000000,1.000000,0.000000,1.000000,-1.000000
ryG6xZ-RZ,2018,0.5309050772626932,low,0.000000,1.000000,0.000000,1.000000,-1.000000
ry-TW-WAb,2018,0.630242825607064,unknown,0.000000,0.000000,1.000000,0.000000,-0.000000
ry9tUX_6-,2018,0.1865342163355408,low,0.000000,1.000000,0.000000,1.000000,-1.000000
rkvDssyRb,2018,0.410377358490566,unknown,0.000000,0.000000,1.000000,0.000000,-0.000000
ry6-G_66b,2018,0.5660377358490566,unknown,0.000000,0.000000,1.000000,0.000000,-0.000000
ry8dvM-R-,2018,0.5573951434878587,low,0.000000,1.000000,0.000000,1.000000,-1.000000
ryALZdAT-,2018,0.3355408388520971,unknown,0.000000,0.000000,1.000000,0.000000,-0.000000
ry4SNTe0-,2018,nan,unknown,0.000000,0.000000,1.000000,0.000000,-0.000000
ry0WOxbRZ,2018,0.1139240506329113,low,0.000000,0.999962,0.000038,0.999962,-0.999962
ryBnUWb0b,2018,0.2163355408388521,unknown,0.000000,0.000000,1.000000,0.000000,-0.000000
rkpoTaxA-,2018,0.6766004415011038,unknown,0.000000,0.000000,1.000000,0.000000,-0.000000
rkmtTJZCb,2018,nan,unknown,0.000000,0.000000,1.000000,0.000000,-0.000000
rkgOLb-0W,2018,0.410958904109589,unknown,0.000000,0.000000,1.000000,0.000000,-0.000000
rkmu5b0a-,2018,0.8354430379746836,low,0.000000,1.000000,0.000000,1.000000,-1.000000
rkxY-sl0W,2018,0.7030905077262694,unknown,0.000000,0.000000,1.000000,0.000000,-0.000000
rkw-jlb0W,2018,0.2911392405063291,unknown,0.000000,0.000000,1.000000,0.000000,-0.000000
rkhxwltab,2018,0.1633554083885209,unknown,0.000000,0.000001,0.999999,0.000001,-0.000001
rkhCSO4T-,2018,nan,unknown,0.000000,0.000000,1.000000,0.000000,-0.000000
rkmoiMbCb,2018,0.0783664459161147,low,0.000000,1.000000,0.000000,1.000000,-1.000000
rkcQFMZRb,2018,0.9746835443037974,high,1.000000,0.000000,0.000000,1.000000,1.000000
rkfOvGbCW,2018,0.4823399558498896,unknown,0.000000,0.000000,1.000000,0.000000,-0.000000
rkrC3GbRW,2018,0.3417721518987341,unknown,0.000000,0.000000,1.000000,0.000000,-0.000000
rkr1UDeC-,2018,0.7947019867549668,unknown,0.000000,0.000000,1.000000,0.000000,-0.000000
rkYTTf-AZ,2018,0.8767123287671232,high,1.000000,0.000000,0.000000,1.000000,1.000000
rkrWCJWAW,2018,0.6390728476821192,low,0.000000,1.000000,0.000000,1.000000,-1.000000
rkZB1XbRZ,2018,0.8730684326710817,high,1.000000,0.000000,0.000000,1.000000,1.000000
rkc_hGb0Z,2018,nan,unknown,0.000000,0.000000,1.000000,0.000000,-0.000000
rkfbLilAb,2018,0.3537735849056603,unknown,0.000000,0.000000,1.000000,0.000000,-0.000000
rkWN3g-AZ,2018,nan,low,0.000000,1.000000,0.000000,1.000000,-1.000000
ry018WZAZ,2018,0.913907284768212,low,0.000000,1.000000,0.000000,1.000000,-1.000000
rkcya1ZAW,2018,0.4556962025316455,unknown,0.000000,0.000000,1.000000,0.000000,-0.000000
rkTS8lZAb,2018,0.2088607594936709,low,0.000000,1.000000,0.000000,1.000000,-1.000000
rkYgAJWCZ,2018,0.32560706401766,unknown,0.000000,0.000000,1.000000,0.000000,-0.000000
rkHywl-A-,2018,nan,high,1.000000,0.000000,0.000000,1.000000,1.000000
rkZzY-lCb,2018,0.0783664459161147,low,0.000000,0.999981,0.000019,0.999981,-0.999981
rkQu4Wb0Z,2018,0.0286975717439293,unknown,0.000000,0.000000,1.000000,0.000000,-0.000000
rkdU7tCaZ,2018,0.6699779249448123,low,0.000000,0.999994,0.000005,0.999994,-0.999994
rkaT3zWCZ,2018,0.9339622641509434,unknown,0.000000,0.000000,1.000000,0.000000,-0.000000
rkQsMCJCb,2018,nan,unknown,0.000000,0.000000,1.000000,0.000000,-0.000000
rkeZRGbRW,2018,0.1772151898734177,low,0.000000,0.999990,0.000010,0.999990,-0.999990
rkRwGg-0Z,2018,0.7649006622516556,low,0.000000,0.998498,0.001502,0.998498,-0.998498
rk6qdGgCZ,2018,0.9867549668874172,high,1.000000,0.000000,0.000000,1.000000,1.000000
rk9kKMZ0-,2018,nan,unknown,0.000000,0.000000,1.000000,0.000000,-0.000000
rkaqxm-0b,2018,0.4246575342465753,unknown,0.000000,0.000000,1.000000,0.000000,-0.000000
rkMt1bWAZ,2018,nan,unknown,0.000000,0.000000,1.000000,0.000000,-0.000000
rkTBjG-AZ,2018,0.7924944812362031,low,0.000000,0.999995,0.000005,0.999995,-0.999995
rk8wKk-R-,2018,0.5960264900662252,high,1.000000,0.000000,0.000000,1.000000,1.000000
rkQkBnJAb,2018,0.5949367088607594,low,0.000000,0.999997,0.000003,0.999997,-0.999997
rkEtzzWAb,2018,0.2911392405063291,unknown,0.000000,0.000000,1.000000,0.000000,-0.000000
rk6H0ZbRb,2018,0.4536423841059602,high,1.000000,0.000000,0.000000,1.000000,1.000000
rkEfPeZRb,2018,0.6236203090507726,unknown,0.000000,0.000000,1.000000,0.000000,-0.000000
rkPLzgZAZ,2018,nan,unknown,0.000000,0.000000,1.000000,0.000000,-0.000000
rk8R_JWRW,2018,nan,unknown,0.000000,0.000001,0.999999,0.000001,-0.000001
rkONG0xAW,2018,nan,low,0.000000,0.999987,0.000013,0.999987,-0.999987
rkGZuJb0b,2018,0.2406181015452538,low,0.000000,1.000000,0.000000,1.000000,-1.000000
rk6cfpRjZ,2018,0.7483443708609272,unknown,0.000000,0.000000,1.000000,0.000000,-0.000000
rJzIBfZAb,2018,0.9911699779249448,high,1.000000,0.000000,0.000000,1.000000,1.000000
rkO3uTkAZ,2018,0.430379746835443,unknown,0.000000,0.000038,0.999962,0.000038,-0.000038
rJwelMbR-,2018,0.3915094339622642,unknown,0.000000,0.000000,1.000000,0.000000,-0.000000
rk3mjYRp-,2018,0.0377358490566037,unknown,0.000000,0.000000,1.000000,0.000000,-0.000000
rkA1f3NpZ,2018,0.6931567328918322,low,0.000000,1.000000,0.000000,1.000000,-1.000000
rJv4XWZA-,2018,0.5189873417721519,unknown,0.000000,0.000016,0.999984,0.000016,-0.000015
rJr4kfWCb,2018,0.1666666666666666,unknown,0.000000,0.000000,1.000000,0.000000,-0.000000
rkHVZWZAZ,2018,0.5047169811320755,low,0.000000,0.999898,0.000102,0.999898,-0.999898
rJssAZ-0-,2018,0.0377358490566037,low,0.000000,0.999996,0.000004,0.999996,-0.999996
rJma2bZCW,2018,0.8763796909492274,unknown,0.000000,0.000000,1.000000,0.000000,-0.000000
rJlMAAeC-,2018,0.2792494481236203,low,0.000000,1.000000,0.000000,1.000000,-1.000000
rk1FQA0pW,2018,0.4666666666666667,unknown,0.000000,0.000000,1.000000,0.000000,-0.000000
rJqfKPJ0Z,2018,nan,low,0.000000,1.000000,0.000000,1.000000,-1.000000
rJXMpikCZ,2018,1.0,high,1.000000,0.000000,0.000000,1.000000,1.000000
rJe7FW-Cb,2018,0.2163355408388521,low,0.000000,1.000000,0.000000,1.000000,-1.000000
rJrTwxbCb,2018,0.8112582781456954,unknown,0.000000,0.000000,1.000000,0.000000,-0.000000
rJUYGxbCW,2018,0.8940397350993378,low,0.000000,0.798138,0.201862,0.798138,-0.798138
rJfHoM-C-,2018,nan,unknown,0.000000,0.000000,1.000000,0.000000,-0.000000
rk07ZXZRb,2018,0.9056603773584906,low,0.000000,0.999995,0.000005,0.999995,-0.999995
rJTGkKxAZ,2018,nan,unknown,0.000000,0.000000,1.000000,0.000000,-0.000000
rJUBryZ0W,2018,nan,unknown,0.000000,0.000000,1.000000,0.000000,-0.000000
rJWechg0Z,2018,0.5772626931567328,unknown,0.000000,0.000000,1.000000,0.000000,-0.000000
ryF-cQ6T-,2018,0.3498896247240618,low,0.000000,1.000000,0.000000,1.000000,-1.000000
rJNpifWAb,2018,0.8167770419426048,high,1.000000,0.000000,0.000000,1.000000,1.000000
rJvJXZb0W,2018,0.8904109589041096,unknown,0.000000,0.001170,0.998830,0.001170,-0.001169
rJQDjk-0b,2018,0.4724061810154525,unknown,0.000000,0.000000,1.000000,0.000000,-0.000000
rJoXrxZAZ,2018,0.0783664459161147,low,0.000000,0.998674,0.001326,0.998674,-0.998674
rJhR_pxCZ,2018,0.2163355408388521,unknown,0.000000,0.000000,1.000000,0.000000,-0.000000
rJIN_4lA-,2018,0.8113207547169812,high,1.000000,0.000000,0.000000,1.000000,1.000000
rJR2ylbRb,2018,0.4249448123620309,low,0.000000,0.999997,0.000003,0.999997,-0.999997
rJVruWZRW,2018,nan,unknown,0.000000,0.000000,1.000000,0.000000,-0.000000
rJbs5gbRW,2018,0.1258278145695364,low,0.000000,0.999996,0.000004,0.999996,-0.999996
rJLTTe-0W,2018,0.1865342163355408,unknown,0.000000,0.000000,1.000000,0.000000,-0.000000
rJiaRbk0-,2018,0.5662251655629139,unknown,0.000000,0.085097,0.914903,0.085097,-0.085097
rJTutzbA-,2018,0.2947019867549669,unknown,0.000000,0.000001,0.999999,0.000001,-0.000001
rJaE2alRW,2018,0.6236203090507726,low,0.000000,0.999664,0.000336,0.999664,-0.999664
rJ4uaX2aW,2018,0.3918322295805739,high,1.000000,0.000000,0.000000,1.000000,1.000000
rJWrK9lAb,2018,nan,low,0.000000,1.000000,0.000000,1.000000,-1.000000
rJL6pz-CZ,2018,nan,unknown,0.000000,0.000000,1.000000,0.000000,-0.000000
rJ7RBNe0-,2018,nan,unknown,0.000000,0.000000,1.000000,0.000000,-0.000000
rJJzTyWCZ,2018,0.2534246575342466,unknown,0.000000,0.000000,1.000000,0.000000,-0.000000
rJ7yZ2P6-,2018,0.4794520547945205,unknown,0.000000,0.000000,1.000000,0.000000,-0.000000
rJa90ceAb,2018,nan,low,0.000000,0.999999,0.000001,0.999999,-0.999999
rJIgf7bAZ,2018,0.4481132075471698,unknown,0.000000,0.000000,1.000000,0.000000,-0.000000
rJGZq6g0-,2018,0.5330188679245284,unknown,0.000000,0.000000,1.000000,0.000000,-0.000000
rJHcpW-CW,2018,nan,unknown,0.000000,0.000000,1.000000,0.000000,-0.000000
rJBwoM-Cb,2018,0.0783664459161147,unknown,0.000000,0.000000,1.000000,0.000000,-0.000000
rJ695PxRW,2018,0.0443037974683544,unknown,0.000000,0.000000,1.000000,0.000000,-0.000000
rJ6iJmWCW,2018,0.0443037974683544,low,0.000000,0.999876,0.000124,0.999876,-0.999876
rJ3fy0k0Z,2018,0.1179245283018868,unknown,0.000000,0.000000,1.000000,0.000000,-0.000000
rJSr0GZR-,2018,nan,unknown,0.000000,0.000000,1.000000,0.000000,-0.000000
r1kjEuHpZ,2018,nan,unknown,0.000000,0.000000,1.000000,0.000000,-0.000000
r1wEFyWCW,2018,0.569620253164557,low,0.000000,0.999990,0.000010,0.999990,-0.999990
r1uOhfb0W,2018,0.0286975717439293,unknown,0.000000,0.000000,1.000000,0.000000,-0.000000
r1vuQG-CW,2018,0.2947019867549669,low,0.000000,0.999999,0.000001,0.999999,-0.999999
rJ1RPJWAW,2018,nan,unknown,0.000000,0.000000,1.000000,0.000000,-0.000000
rJ5C67-C-,2018,0.1633554083885209,low,0.000000,0.999999,0.000001,0.999999,-0.999999
r1tJKuyRZ,2018,nan,low,0.000000,1.000000,0.000000,1.000000,-1.000000
r1lfpfZAb,2018,nan,unknown,0.000000,0.000000,1.000000,0.000000,-0.000000
rJFOptp6Z,2018,0.3918322295805739,low,0.000000,0.999980,0.000020,0.999980,-0.999980
rJ33wwxRb,2018,0.5573951434878587,unknown,0.000000,0.000000,1.000000,0.000000,-0.000000
r1kj4ACp-,2018,nan,unknown,0.000000,0.000001,0.999998,0.000001,-0.000001
r1saNM-RW,2018,0.0783664459161147,unknown,0.000000,0.000000,1.000000,0.000000,-0.000000
r1vccClCb,2018,nan,unknown,0.000000,0.000000,1.000000,0.000000,-0.000000
r1gs9JgRZ,2018,0.9801324503311258,high,1.000000,0.000000,0.000000,1.000000,1.000000
r1pW0WZAW,2018,0.4381898454746137,unknown,0.000000,0.000000,1.000000,0.000000,-0.000000
r1ZdKJ-0W,2018,0.8300220750551877,low,0.000000,1.000000,0.000000,1.000000,-1.000000
r1YUtYx0-,2018,nan,unknown,0.000000,0.000000,1.000000,0.000000,-0.000000
rJ8rHkWRb,2018,nan,low,0.000000,0.999983,0.000017,0.999983,-0.999983
r1dHXnH6-,2018,0.863013698630137,unknown,0.000000,0.000000,1.000000,0.000000,-0.000000
r1nzLmWAb,2018,0.1666666666666666,unknown,0.000000,0.000000,1.000000,0.000000,-0.000000
r1VVsebAZ,2018,0.4873417721518987,low,0.000000,1.000000,0.000000,1.000000,-1.000000
r1kP7vlRb,2018,0.1258278145695364,low,0.000000,0.999960,0.000040,0.999960,-0.999960
r1ayG7WRZ,2018,0.0286975717439293,unknown,0.000000,0.000000,1.000000,0.000000,-0.000000
r1RF3ExCb,2018,0.430379746835443,unknown,0.000000,0.000000,1.000000,0.000000,-0.000000
r1cLblgCZ,2018,0.2792494481236203,low,0.000000,0.999987,0.000013,0.999987,-0.999987
r1drp-WCZ,2018,0.5099337748344371,low,0.000000,0.999920,0.000080,0.999920,-0.999920
r1Ddp1-Rb,2018,0.9977924944812362,high,1.000000,0.000000,0.000000,1.000000,1.000000
r1SnX5xCb,2018,0.4249448123620309,unknown,0.000000,0.000000,1.000000,0.000000,-0.000000
r1NYjfbR-,2018,0.2468354430379747,unknown,0.000000,0.000000,1.000000,0.000000,-0.000000
r1h2DllAW,2018,nan,unknown,0.000000,0.000000,1.000000,0.000000,-0.000000
r1HNP0eCW,2018,0.2534246575342466,unknown,0.000000,0.000000,1.000000,0.000000,-0.000000
r1iuQjxCZ,2018,0.8410596026490066,low,0.000000,0.999999,0.000001,0.999999,-0.999999
r1BRfhiab,2018,nan,unknown,0.000000,0.000000,1.000000,0.000000,-0.000000
r1HhRfWRZ,2018,nan,unknown,0.000000,0.000000,1.000000,0.000000,-0.000000
r1TA9ZbA-,2018,0.4977924944812362,unknown,0.000000,0.000000,1.000000,0.000000,-0.000000
r1SuFjkRW,2018,0.7075471698113207,low,0.000000,1.000000,0.000000,1.000000,-1.000000
r1ISxGZRb,2018,0.0286975717439293,unknown,0.000000,0.000000,1.000000,0.000000,-0.000000
r1CE9GWR-,2018,0.5739514348785872,low,0.000000,0.999964,0.000035,0.999964,-0.999964
r154_g-Rb,2018,0.5188679245283019,unknown,0.000000,0.000000,1.000000,0.000000,-0.000000
r1Zi2Mb0-,2018,nan,unknown,0.000000,0.000001,0.999999,0.000001,-0.000001
r1kNDlbCb,2018,0.7088607594936709,low,0.000000,0.999998,0.000002,0.999998,-0.999998
r1AMITFaW,2018,0.2163355408388521,low,0.000000,0.999920,0.000080,0.999920,-0.999920
r1Kr3TyAb,2018,0.2163355408388521,low,0.000000,0.999999,0.000001,0.999999,-0.999999
SyunbfbAb,2018,0.9333333333333332,high,1.000000,0.000000,0.000000,1.000000,1.000000
r1RQdCg0W,2018,0.0286975717439293,low,0.000000,0.999990,0.000010,0.999990,-0.999990
r15kjpHa-,2018,nan,unknown,0.000000,0.000001,0.999999,0.000001,-0.000001
r1AoGNlC-,2018,nan,low,0.000000,0.999938,0.000062,0.999938,-0.999938
SyrGJYlRZ,2018,0.6766004415011038,low,0.000000,1.000000,0.000000,1.000000,-1.000000
Syt0r4bRZ,2018,0.1301369863013698,unknown,0.000000,0.000000,1.000000,0.000000,-0.000000
SywXXwJAb,2018,0.5518763796909493,unknown,0.000000,0.000000,1.000000,0.000000,-0.000000
SyuWNMZ0W,2018,0.1139240506329113,unknown,0.000000,0.000000,1.000000,0.000000,-0.000000
SyqShMZRb,2018,0.8607594936708861,unknown,0.000000,0.000000,1.000000,0.000000,-0.000000
SyzKd1bCW,2018,0.7384105960264901,unknown,0.000000,0.000000,1.000000,0.000000,-0.000000
r16Vyf-0-,2018,nan,low,0.000000,0.999999,0.000001,0.999999,-0.999999
SyvCD-b0W,2018,0.0783664459161147,unknown,0.000000,0.000004,0.999995,0.000004,-0.000004
r11Q2SlRW,2018,0.3924050632911392,unknown,0.000000,0.000001,0.999999,0.000001,-0.000001
r1QZ3zbAZ,2018,0.6931567328918322,unknown,0.000000,0.000000,1.000000,0.000000,-0.000000
Syl3_2JCZ,2018,nan,unknown,0.000000,0.000001,0.999999,0.000001,-0.000001
SyqAPeWAZ,2018,0.0666666666666666,unknown,0.000000,0.000000,1.000000,0.000000,-0.000000
r17lFgZ0Z,2018,0.8493150684931506,unknown,0.000000,0.000000,1.000000,0.000000,-0.000000
SylJ1D1C-,2018,0.847682119205298,high,1.000000,0.000000,0.000000,1.000000,1.000000
SyoDInJ0-,2018,nan,unknown,0.000000,0.000000,1.000000,0.000000,-0.000000
SyZipzbCb,2018,0.9433962264150944,high,1.000000,0.000000,0.000000,1.000000,1.000000
Sy_MK3lAZ,2018,0.1179245283018868,low,0.000000,1.000000,0.000000,1.000000,-1.000000
SyjjD1WRb,2018,nan,low,0.000000,0.999999,0.000001,0.999999,-0.999999
SyxCqGbRZ,2018,0.3726415094339622,unknown,0.000000,0.000000,1.000000,0.000000,-0.000000
SyfiiMZA-,2018,nan,unknown,0.000000,0.000000,1.000000,0.000000,-0.000000
Syjha0gAZ,2018,0.3653421633554083,unknown,0.000000,0.000000,1.000000,0.000000,-0.000000
SybqeKgA-,2018,nan,unknown,0.000000,0.000000,1.000000,0.000000,-0.000000
r111KtCp-,2018,nan,unknown,0.000000,0.000000,1.000000,0.000000,-0.000000
SyjsLqxR-,2018,0.1633554083885209,unknown,0.000000,0.000000,1.000000,0.000000,-0.000000
SyhRVm-Rb,2018,0.8679245283018868,unknown,0.000000,0.000000,1.000000,0.000000,-0.000000
r17Q6WWA-,2018,0.3112582781456953,low,0.000000,1.000000,0.000000,1.000000,-1.000000
SyXNErg0W,2018,nan,unknown,0.000000,0.000000,1.000000,0.000000,-0.000000
SyVOjfbRb,2018,0.2406181015452538,unknown,0.000000,0.000000,1.000000,0.000000,-0.000000
SyYe6k-CW,2018,0.410377358490566,unknown,0.000000,0.000000,1.000000,0.000000,-0.000000
SyhcXjy0Z,2018,0.4,low,0.000000,0.999934,0.000066,0.999934,-0.999934
Syr8Qc1CW,2018,0.6835443037974683,unknown,0.000000,0.000000,0.999998,0.000000,-0.000000
SyVVXngRW,2018,nan,unknown,0.000000,0.000001,0.999999,0.000001,-0.000001
SySpa-Z0Z,2018,0.0286975717439293,unknown,0.000000,0.000000,1.000000,0.000000,-0.000000
SyZI0GWCZ,2018,0.7880794701986755,high,1.000000,0.000000,0.000000,1.000000,1.000000
SySisz-CW,2018,nan,unknown,0.000000,0.000000,1.000000,0.000000,-0.000000
SyUkxxZ0b,2018,0.6103752759381899,low,0.000000,0.999796,0.000204,0.999796,-0.999796
Syg-YfWCW,2018,0.9528301886792452,low,0.000000,0.999999,0.000001,0.999999,-0.999999
SyL9u-WA-,2018,0.4150110375275938,unknown,0.000000,0.000000,1.000000,0.000000,-0.000000
SyPMT6gAb,2018,nan,unknown,0.000000,0.000000,1.000000,0.000000,-0.000000
SysEexbRb,2018,0.5894039735099338,unknown,0.000000,0.000000,1.000000,0.000000,-0.000000
SyX0IeWAW,2018,0.8207547169811321,low,0.000000,0.999987,0.000013,0.999987,-0.999987
SyBBgXWAZ,2018,0.2911392405063291,unknown,0.000000,0.000000,1.000000,0.000000,-0.000000
SyYYPdg0-,2018,nan,unknown,0.000000,0.000000,1.000000,0.000000,-0.000000
SyW4Gjg0W,2018,nan,unknown,0.000000,0.000000,1.000000,0.000000,-0.000000
SyProzZAW,2018,0.7251655629139073,unknown,0.000000,0.000001,0.999999,0.000001,-0.000001
SyELrEeAb,2018,0.3918322295805739,unknown,0.000000,0.000000,1.000000,0.000000,-0.000000
SyAbZb-0Z,2018,0.2163355408388521,unknown,0.000000,0.000000,1.000000,0.000000,-0.000000
Sy2ogebAW,2018,0.7808219178082192,high,1.000000,0.000000,0.000000,1.000000,1.000000
SyOK1Sg0W,2018,0.5662251655629139,unknown,0.000000,0.000000,1.000000,0.000000,-0.000000
Sy-tszZRZ,2018,0.6103752759381899,high,1.000000,0.000000,0.000000,1.000000,1.000000
Skz_WfbCZ,2018,0.8807947019867549,high,1.000000,0.000000,0.000000,1.000000,1.000000
SyKoKWbC-,2018,nan,unknown,0.000000,0.000000,1.000000,0.000000,-0.000000
Sy3fJXbA-,2018,0.4724061810154525,unknown,0.000000,0.000000,1.000000,0.000000,-0.000000
SyGT_6yCZ,2018,nan,unknown,0.000000,0.000000,1.000000,0.000000,-0.000000
Sy5OAyZC-,2018,0.2808219178082192,low,0.000000,1.000000,0.000000,1.000000,-1.000000
Skx5txzb0W,2018,0.1258278145695364,unknown,0.000000,0.000000,1.000000,0.000000,-0.000000
Sy-dQG-Rb,2018,0.6390728476821192,low,0.000000,1.000000,0.000000,1.000000,-1.000000
Sy8XvGb0-,2018,0.4873417721518987,low,0.000000,0.999992,0.000008,0.999992,-0.999992
SyJ7ClWCb,2018,0.9315673289183224,unknown,0.000000,0.000000,1.000000,0.000000,-0.000000
SktLlGbRZ,2018,0.9514348785871964,high,1.000000,0.000000,0.000000,1.000000,1.000000
Sy4c-3xRW,2018,0.1258278145695364,low,0.000000,0.999999,0.000001,0.999999,-0.999999
SkwAEQbAb,2018,0.0783664459161147,unknown,0.000000,0.000000,1.000000,0.000000,-0.000000
SkymMAxAb,2018,0.32560706401766,unknown,0.000000,0.000000,1.000000,0.000000,-0.000000
SyJS-OgR-,2018,0.6821192052980133,low,0.000000,0.999897,0.000103,0.999897,-0.999897
SkrHeXbCW,2018,nan,unknown,0.000000,0.000000,1.000000,0.000000,-0.000000
Skw0n-W0Z,2018,0.839622641509434,unknown,0.000000,0.000000,1.000000,0.000000,-0.000000
SyF7Erp6W,2018,0.0377358490566037,low,0.000000,0.999997,0.000004,0.999997,-0.999997
Skvd-myR-,2018,0.8,unknown,0.000000,0.000000,1.000000,0.000000,-0.000000
SySaJ0xCZ,2018,0.82560706401766,unknown,0.000001,0.998829,0.001170,0.998830,-0.998828
SkxqZngC-,2018,0.1301369863013698,unknown,0.000000,0.000000,1.000000,0.000000,-0.000000
Sktm4zWRb,2018,0.1179245283018868,unknown,0.000000,0.000000,1.000000,0.000000,-0.000000
SkmM6M_pW,2018,nan,unknown,0.000000,0.000000,1.000000,0.000000,-0.000000
SkfNU2e0Z,2018,0.0286975717439293,unknown,0.000000,0.000000,1.000000,0.000000,-0.000000
SknC0bW0-,2018,0.3785871964679911,low,0.000000,1.000000,0.000000,1.000000,-1.000000
SkYibHlRb,2018,0.9041095890410958,low,0.000000,1.000000,0.000000,1.000000,-1.000000
Skp1ESxRZ,2018,0.4470198675496689,unknown,0.000000,0.000000,1.000000,0.000000,-0.000000
SkqV-XZRZ,2018,0.2637969094922737,unknown,0.000000,0.000000,1.000000,0.000000,-0.000000
SkmiegW0b,2018,0.5253863134657837,unknown,0.000000,0.000000,1.000000,0.000000,-0.000000
SkiCjzNTZ,2018,0.0783664459161147,low,0.000000,1.000000,0.000000,1.000000,-1.000000
SkaPsfZ0W,2018,nan,unknown,0.000000,0.000000,1.000000,0.000000,-0.000000
SkRsFSRpb,2018,0.1301369863013698,low,0.000000,1.000000,0.000000,1.000000,-1.000000
SkVqXOxCb,2018,0.5063291139240507,low,0.000000,1.000000,0.000000,1.000000,-1.000000
Skk3Jm96W,2018,0.7169811320754716,low,0.000000,0.999999,0.000001,0.999999,-0.999999
SkZxCk-0Z,2018,nan,low,0.000000,0.999990,0.000010,0.999990,-0.999990
SkPoRg10b,2018,0.5099337748344371,unknown,0.000000,0.000000,1.000000,0.000000,-0.000000
Sy21R9JAW,2018,0.9183222958057397,unknown,0.000000,0.000000,1.000000,0.000000,-0.000000
SkHl6MWC-,2018,nan,unknown,0.000000,0.000000,1.000000,0.000000,-0.000000
SkHDoG-Cb,2018,0.3498896247240618,unknown,0.000000,0.000000,1.000000,0.000000,-0.000000
SkYMnLxRW,2018,0.8356164383561644,low,0.000000,1.000000,0.000000,1.000000,-1.000000
SkFEGHx0Z,2018,0.2163355408388521,unknown,0.000000,0.000000,1.000000,0.000000,-0.000000
SkT5Yg-RZ,2018,0.8490566037735849,unknown,0.000000,0.000000,1.000000,0.000000,-0.000000
Skdvd2xAZ,2018,0.8145695364238411,low,0.000000,1.000000,0.000000,1.000000,-1.000000
SkFvV0yC-,2018,nan,unknown,0.000000,0.000000,1.000000,0.000000,-0.000000
SkBYYyZRZ,2018,0.9735099337748344,low,0.000000,1.000000,0.000000,1.000000,-1.000000
SkffVjUaW,2018,nan,low,0.000000,1.000000,0.000000,1.000000,-1.000000
SkYXvCR6W,2018,nan,unknown,0.000000,0.000000,1.000000,0.000000,-0.000000
SkNQeiRpb,2018,0.1258278145695364,low,0.000000,0.999993,0.000007,0.999993,-0.999993
SkHkeixAW,2018,0.82560706401766,low,0.000000,0.999993,0.000007,0.999993,-0.999993
SkBcLugC-,2018,nan,unknown,0.000000,0.000000,1.000000,0.000000,-0.000000
SkZ-BnyCW,2018,nan,unknown,0.000000,0.000000,1.000000,0.000000,-0.000000
SkFAWax0-,2018,0.360759493670886,unknown,0.000000,0.000000,1.000000,0.000000,-0.000000
Sk9yuql0Z,2018,0.8388520971302428,unknown,0.000000,0.000000,1.000000,0.000000,-0.000000
SkJKHMW0Z,2018,0.4624724061810154,high,0.999999,0.000001,0.000000,1.000000,0.999998
SkA-IE06W,2018,nan,unknown,0.000000,0.000000,1.000000,0.000000,-0.000000
SkBHr1WRW,2018,0.0783664459161147,unknown,0.000000,0.000000,1.000000,0.000000,-0.000000
SkFqf0lAZ,2018,0.5958904109589042,unknown,0.000000,0.000000,1.000000,0.000000,-0.000000
SkJd_y-Cb,2018,0.047945205479452,unknown,0.000000,0.000000,1.000000,0.000000,-0.000000
Sk4w0A0Tb,2018,0.1258278145695364,low,0.000000,1.000000,0.000000,1.000000,-1.000000
SkAK2jg0b,2018,0.4050772626931567,low,0.000000,0.999938,0.000062,0.999938,-0.999938
Sk7cHb-C-,2018,nan,unknown,0.000000,0.000000,1.000000,0.000000,-0.000000
Sk6fD5yCb,2018,0.3355408388520971,low,0.000000,1.000000,0.000000,1.000000,-1.000000
SJyVzQ-C-,2018,0.2637969094922737,low,0.000000,1.000000,0.000000,1.000000,-1.000000
SkERSm-0-,2018,0.0286975717439293,low,0.000000,1.000000,0.000000,1.000000,-1.000000
SJzmJEq6W,2018,0.1258278145695364,unknown,0.000000,0.000000,1.000000,0.000000,-0.000000
Sk2u1g-0-,2018,0.8867924528301887,unknown,0.000000,0.000000,1.000000,0.000000,-0.000000
Sk1NTfZAb,2018,nan,unknown,0.000000,0.000000,1.000000,0.000000,-0.000000
Sk03Yi10Z,2018,nan,unknown,0.000000,0.000001,0.999999,0.000001,-0.000001
SJw03ceRW,2018,nan,unknown,0.000000,0.000000,1.000000,0.000000,-0.000000
SJzRZ-WCZ,2018,0.4724061810154525,unknown,0.000000,0.000000,1.000000,0.000000,-0.000000
SJzMATlAZ,2018,0.6445916114790287,unknown,0.000000,0.000000,1.000000,0.000000,-0.000000
SJyfrl-0b,2018,0.4381898454746137,unknown,0.000000,0.000000,1.000000,0.000000,-0.000000
SJu63o10b,2018,nan,unknown,0.000000,0.000000,1.000000,0.000000,-0.000000
Sk0pHeZAW,2018,nan,unknown,0.000000,0.000000,1.000000,0.000000,-0.000000
SkF2D7g0b,2018,0.6854304635761589,low,0.000000,1.000000,0.000000,1.000000,-1.000000
SJlhPMWAW,2018,0.5822784810126582,low,0.000000,1.000000,0.000000,1.000000,-1.000000
SJky6Ry0W,2018,0.7075055187637969,unknown,0.000000,0.000000,1.000000,0.000000,-0.000000
SJd0EAy0b,2018,nan,unknown,0.000000,0.000000,1.000000,0.000000,-0.000000
SJvu-GW0b,2018,0.2637969094922737,unknown,0.000000,0.000000,1.000000,0.000000,-0.000000
SJn0sLgRb,2018,0.9039735099337748,unknown,0.000000,0.000000,1.000000,0.000000,-0.000000
SJtChcgAW,2018,0.0286975717439293,unknown,0.000000,0.000000,1.000000,0.000000,-0.000000
SJi9WOeRb,2018,0.5419426048565121,unknown,0.000000,0.000000,1.000000,0.000000,-0.000000
SJxE3jlA-,2018,0.1179245283018868,low,0.000000,0.999989,0.000011,0.999989,-0.999989
SJgf6Z-0W,2018,nan,unknown,0.000000,0.000000,1.000000,0.000000,-0.000000
SJme6-ZR-,2018,nan,unknown,0.000000,0.000000,1.000000,0.000000,-0.000000
SJmAXkgCb,2018,0.4150110375275938,unknown,0.000000,0.000000,1.000000,0.000000,-0.000000
SJahqJZAW,2018,0.7215189873417721,low,0.000000,1.000000,0.000000,1.000000,-1.000000
SJaP_-xAb,2018,0.6981132075471698,unknown,0.000000,0.000000,1.000000,0.000000,-0.000000
SJtfOEn6-,2018,nan,low,0.000000,0.999995,0.000005,0.999995,-0.999995
SJVHY9lCb,2018,nan,unknown,0.000000,0.000000,1.000000,0.000000,-0.000000
SJLy_SxC-,2018,0.4977924944812362,low,0.000000,1.000000,0.000000,1.000000,-1.000000
SJdCUMZAW,2018,0.8301886792452831,unknown,0.000000,0.000000,1.000000,0.000000,-0.000000
Sk7KsfW0-,2018,0.8189845474613686,unknown,0.000000,0.000000,0.000000,0.000000,-0.000000
SJZ2Mf-0-,2018,nan,low,0.000000,0.999960,0.000040,0.999960,-0.999960
SJPpHzW0-,2018,0.6479028697571744,unknown,0.000000,0.000000,1.000000,0.000000,-0.000000
SJTB5GZCb,2018,0.2163355408388521,unknown,0.000000,0.000000,1.000000,0.000000,-0.000000
SJSVuReCZ,2018,0.0783664459161147,unknown,0.000000,0.000000,1.000000,0.000000,-0.000000
SJUX_MWCZ,2018,0.1865342163355408,low,0.000000,1.000000,0.000000,1.000000,-1.000000
SJcKhk-Ab,2018,nan,unknown,0.000000,0.000001,0.999999,0.000001,-0.000001
SJICXeWAb,2018,nan,unknown,0.000000,0.000000,1.000000,0.000000,-0.000000
SJLlmG-AZ,2018,nan,unknown,0.000000,0.000000,1.000000,0.000000,-0.000000
SJZsR7kCZ,2018,nan,unknown,0.000000,0.000000,0.999999,0.000000,-0.000000
SJx9GQb0-,2018,0.6645569620253164,low,0.000000,0.999997,0.000003,0.999997,-0.999997
SJA7xfb0b,2018,0.4050632911392405,low,0.000000,1.000000,0.000000,1.000000,-1.000000
SJJQVZW0b,2018,0.6698113207547169,unknown,0.000000,0.000000,1.000000,0.000000,-0.000000
SJD8YjCpW,2018,0.2406181015452538,unknown,0.000000,0.000000,1.000000,0.000000,-0.000000
SJ8M9yup-,2018,nan,unknown,0.000000,0.000000,1.000000,0.000000,-0.000000
SJJySbbAZ,2018,0.7902869757174393,low,0.000000,1.000000,0.000000,1.000000,-1.000000
SJOl4DlCZ,2018,0.1258278145695364,low,0.000000,0.999998,0.000002,0.999998,-0.999998
SJCq_fZ0Z,2018,0.2792494481236203,low,0.000000,1.000000,0.000000,1.000000,-1.000000
SJ1fQYlCZ,2018,0.0783664459161147,low,0.000000,1.000000,0.000000,1.000000,-1.000000
SJFM0ZWCb,2018,nan,low,0.000000,0.999993,0.000007,0.999993,-0.999993
S1vuO-bCW,2018,0.6792452830188679,low,0.000000,1.000000,0.000000,1.000000,-1.000000
SJ1Xmf-Rb,2018,0.8896247240618101,low,0.000000,1.000000,0.000000,1.000000,-1.000000
SJa9iHgAZ,2018,0.6048565121412803,low,0.000000,1.000000,0.000000,1.000000,-1.000000
S1viikbCW,2018,0.4470198675496689,high,1.000000,0.000000,0.000000,1.000000,1.000000
S1v4N2l0-,2018,0.9889624724061812,high,1.000000,0.000000,0.000000,1.000000,1.000000
SJ19eUg0-,2018,0.2947019867549669,low,0.000000,1.000000,0.000000,1.000000,-1.000000
SJ1nzBeA-,2018,0.547945205479452,unknown,0.000000,0.000000,1.000000,0.000000,-0.000000
S1p31z-Ab,2018,1.0,high,1.000000,0.000000,0.000000,1.000000,1.000000
SJ3dBGZ0Z,2018,0.0286975717439293,low,0.000000,1.000000,0.000000,1.000000,-1.000000
SJQO7UJCW,2018,0.9161147902869756,unknown,0.000000,0.000000,1.000000,0.000000,-0.000000
SJIA6ZWC-,2018,0.7152317880794702,low,0.000000,1.000000,0.000000,1.000000,-1.000000
S1tWRJ-R-,2018,0.2516556291390728,unknown,0.000000,0.000000,1.000000,0.000000,-0.000000
SJDYgPgCZ,2018,0.1258278145695364,unknown,0.000000,0.000001,0.999999,0.000001,-0.000001
SJ71VXZAZ,2018,0.9178082191780822,unknown,0.000000,0.000000,1.000000,0.000000,-0.000000
S1sRrN-CW,2018,0.1258278145695364,unknown,0.000000,0.000000,1.000000,0.000000,-0.000000
S1xDcSR6W,2018,0.0286975717439293,unknown,0.000000,0.000001,0.999999,0.000001,-0.000001
S1q_Cz-Cb,2018,nan,unknown,0.000000,0.000000,1.000000,0.000000,-0.000000
SJ60SbW0b,2018,nan,unknown,0.000000,0.000007,0.999993,0.000007,-0.000007
S1pWFzbAW,2018,0.4977924944812362,unknown,0.000000,0.000000,1.000000,0.000000,-0.000000
S1jBcueAb,2018,0.869757174392936,unknown,0.000000,0.000000,1.000000,0.000000,-0.000000
S1uxsye0Z,2018,nan,unknown,0.000000,0.000002,0.999998,0.000002,-0.000002
S1lN69AT-,2018,0.958057395143488,low,0.000000,1.000000,0.000001,1.000000,-1.000000
S1m6h21Cb,2018,0.8734177215189873,unknown,0.000000,0.000000,1.000000,0.000000,-0.000000
S1sqHMZCb,2018,0.8773584905660378,unknown,0.000000,0.000001,1.000000,0.000001,-0.000001
S1fduCl0b,2018,nan,unknown,0.000000,0.000000,1.000000,0.000000,-0.000000
S1WRibb0Z,2018,0.2792494481236203,unknown,0.000000,0.000000,1.000000,0.000000,-0.000000
S1nQvfgA-,2018,0.5379746835443038,unknown,0.000000,0.000000,1.000000,0.000000,-0.000000
S1TgE7WR-,2018,0.7196467991169978,unknown,0.000000,0.000000,1.000000,0.000000,-0.000000
S1fHmlbCW,2018,nan,unknown,0.000000,0.000000,1.000000,0.000000,-0.000000
S1Ow_e-Rb,2018,nan,low,0.000000,1.000000,0.000000,1.000000,-1.000000
S1Y7OOlRZ,2018,0.7384105960264901,unknown,0.000000,0.000000,1.000000,0.000000,-0.000000
S1XXq6lRW,2018,nan,unknown,0.000000,0.000000,1.000000,0.000000,-0.000000
S1PWi_lC-,2018,0.2163355408388521,low,0.000000,0.999809,0.000191,0.999809,-0.999809
S1XolQbRW,2018,0.8830022075055187,unknown,0.000000,0.000000,1.000000,0.000000,-0.000000
S1FQEfZA-,2018,0.2088607594936709,unknown,0.000000,0.000002,0.999998,0.000002,-0.000002
S1GUgxgCW,2018,0.2260273972602739,unknown,0.000000,0.000000,1.000000,0.000000,-0.000000
S1fcY-Z0-,2018,0.3785871964679911,low,0.000000,1.000000,0.000000,1.000000,-1.000000
S1D8MPxA-,2018,0.3355408388520971,unknown,0.000000,0.000000,1.000000,0.000000,-0.000000
S1Euwz-Rb,2018,0.7770419426048565,low,0.000000,1.000000,0.000000,1.000000,-1.000000
S19dR9x0b,2018,0.6655629139072847,low,0.000000,1.000000,0.000000,1.000000,-1.000000
S1EwLkW0W,2018,0.6975717439293598,unknown,0.000000,0.000000,1.000000,0.000000,-0.000000
S1GDXzb0b,2018,nan,unknown,0.000000,0.000000,1.000000,0.000000,-0.000000
S1ANxQW0b,2018,0.8962264150943396,unknown,0.000000,0.000000,1.000000,0.000000,-0.000000
S1Dh8Tg0-,2018,0.32560706401766,low,0.000000,1.000000,0.000000,1.000000,-1.000000
S1J2ZyZ0Z,2018,0.7333333333333333,low,0.000000,0.999999,0.000001,0.999999,-0.999999
S1NHaMW0b,2018,0.5309050772626932,low,0.000000,0.999996,0.000004,0.999996,-0.999996
S1FFLWWCZ,2018,0.0377358490566037,unknown,0.000000,0.000000,1.000000,0.000000,-0.000000
HyrCWeWCb,2018,0.5471698113207547,low,0.000000,1.000000,0.000000,1.000000,-1.000000
S17mtzbRb,2018,nan,unknown,0.000000,0.000000,1.000000,0.000000,-0.000000
S1DWPP1A-,2018,0.6367924528301887,unknown,0.000000,0.000000,1.000000,0.000000,-0.000000
S1347ot3b,2018,nan,low,0.000000,0.999980,0.000020,0.999980,-0.999980
S1CChZ-CZ,2018,0.7641509433962265,unknown,0.000000,0.000000,1.000000,0.000000,-0.000000
S1Q79heRW,2018,nan,low,0.000000,0.993303,0.006697,0.993303,-0.993303
S18Su--CW,2018,0.9426048565121412,low,0.000000,1.000000,0.000000,1.000000,-1.000000
Hymt27b0Z,2018,0.9006622516556292,high,1.000000,0.000000,0.000000,1.000000,1.000000
S1680_1Rb,2018,nan,low,0.000000,1.000000,0.000000,1.000000,-1.000000
HymuJz-A-,2018,0.6,low,0.000000,1.000000,0.000000,1.000000,-1.000000
HyunpgbR-,2018,0.2169811320754717,low,0.000000,1.000000,0.000000,1.000000,-1.000000
S1Auv-WRZ,2018,0.9620253164556962,low,0.000000,0.999373,0.000627,0.999373,-0.999373
HyydRMZC-,2018,0.8631346578366446,unknown,0.000000,0.000000,1.000000,0.000000,-0.000000
HypkN9yRW,2018,0.4823399558498896,low,0.000000,1.000000,0.000000,1.000000,-1.000000
HytSvlWRZ,2018,0.0286975717439293,unknown,0.000000,0.000000,1.000000,0.000000,-0.000000
HyxjwgbRZ,2018,0.1865342163355408,unknown,0.000000,0.000102,0.999898,0.000102,-0.000102
Hyp-JJJRW,2018,nan,unknown,0.000000,0.000002,0.999998,0.000002,-0.000002
S14EogZAZ,2018,0.1933962264150943,low,0.000000,0.999990,0.000010,0.999990,-0.999990
S1EfylZ0Z,2018,nan,unknown,0.000000,0.000000,0.000000,0.000000,0.000000
S191YzbRZ,2018,nan,unknown,0.000000,0.000000,1.000000,0.000000,-0.000000
HymYLebCb,2018,0.2163355408388521,low,0.000000,0.999999,0.000000,0.999999,-0.999999
Hyig0zb0Z,2018,0.047945205479452,low,0.000000,1.000000,0.000000,1.000000,-1.000000
HylgYB3pZ,2018,0.0286975717439293,unknown,0.000000,0.000001,0.999999,0.000001,-0.000001
S1LXVnxRb,2018,0.047945205479452,unknown,0.000000,0.000000,1.000000,0.000000,-0.000000
HyiAuyb0b,2018,0.3254716981132075,unknown,0.000000,0.000000,1.000000,0.000000,-0.000000
Hyg0vbWC-,2018,0.6986301369863014,unknown,0.000000,0.000000,1.000000,0.000000,-0.000000
HyzbhfWRW,2018,0.7704194260485652,low,0.000000,0.999997,0.000003,0.999997,-0.999997
Hyp3i2xRb,2018,0.7030905077262694,unknown,0.000000,0.000000,1.000000,0.000000,-0.000000
HyiRazbRb,2018,0.0286975717439293,unknown,0.000000,0.000000,1.000000,0.000000,-0.000000
HyjC5yWCW,2018,0.7328918322295805,low,0.000000,0.999969,0.000031,0.999969,-0.999969
HyRVBzap-,2018,0.6766004415011038,unknown,0.000000,0.000000,1.000000,0.000000,-0.000000
HyPpD0g0Z,2018,0.1865342163355408,unknown,0.000000,0.000000,1.000000,0.000000,-0.000000
HydnA1WCb,2018,0.6699779249448123,unknown,0.000000,0.000000,1.000000,0.000000,-0.000000
HyTrSegCb,2018,0.047945205479452,unknown,0.000000,0.000000,1.000000,0.000000,-0.000000
HyZoi-WRb,2018,0.5662251655629139,unknown,0.000000,0.000000,1.000000,0.000000,-0.000000
HyIFzx-0b,2018,0.0286975717439293,low,0.000000,0.999999,0.000001,0.999999,-0.999999
HyN-ZvlC-,2018,nan,unknown,0.000000,0.000003,0.999997,0.000003,-0.000003
HyRnez-RW,2018,0.1917808219178082,unknown,0.000000,0.000000,1.000000,0.000000,-0.000000
HyFaiGbCW,2018,0.0783664459161147,unknown,0.000000,0.000000,1.000000,0.000000,-0.000000
HyKZyYlRZ,2018,nan,unknown,0.000000,0.000000,1.000000,0.000000,-0.000000
HyI5ro0pW,2018,0.1258278145695364,unknown,0.000000,0.000000,1.000000,0.000000,-0.000000
HyY0Ff-AZ,2018,0.0377358490566037,unknown,0.000000,0.000000,1.000000,0.000000,-0.000000
Hy_o3x-0b,2018,nan,unknown,0.000000,0.000000,1.000000,0.000000,-0.000000
Hy8hkYeRb,2018,nan,unknown,0.000000,0.000000,1.000000,0.000000,-0.000000
HyWrIgW0W,2018,0.5518763796909493,unknown,0.000000,0.000000,1.000000,0.000000,-0.000000
HyH9lbZAW,2018,0.4381898454746137,unknown,0.000000,0.000000,1.000000,0.000000,-0.000000
HyI6s40a-,2018,0.1258278145695364,low,0.000000,0.999948,0.000052,0.999948,-0.999948
HyBbjW-RW,2018,0.1633554083885209,low,0.000000,0.999996,0.000004,0.999996,-0.999996
HyXNCZbCZ,2018,0.430379746835443,low,0.000000,0.999999,0.000001,0.999999,-0.999999
HyXBcYg0b,2018,0.8730684326710817,unknown,0.000000,0.000000,1.000000,0.000000,-0.000000
HyDMX0l0Z,2018,0.1139240506329113,low,0.000000,0.999997,0.000003,0.999997,-0.999997
Hy3MvSlRW,2018,nan,low,0.000000,1.000000,0.000000,1.000000,-1.000000
HyUNwulC-,2018,0.3653421633554083,unknown,0.000000,0.000000,1.000000,0.000000,-0.000000
HyEi7bWR-,2018,0.3653421633554083,low,0.000000,1.000000,0.000000,1.000000,-1.000000
Hy7fDog0b,2018,0.810126582278481,low,0.000000,1.000000,0.000000,1.000000,-1.000000
HktRlUlAZ,2018,0.6666666666666666,low,0.000000,1.000000,0.000000,1.000000,-1.000000
Hy1d-ebAb,2018,0.9113924050632912,high,1.000000,0.000000,0.000000,1.000000,1.000000
HyDAQl-AW,2018,0.3915094339622642,unknown,0.000000,0.000001,0.999999,0.000001,-0.000001
HktXuGb0-,2018,nan,unknown,0.000000,0.000000,1.000000,0.000000,-0.000000
Hy6GHpkCW,2018,0.9493670886075948,high,1.000000,0.000000,0.000000,1.000000,1.000000
HkwrqtlR-,2018,nan,low,0.000000,1.000000,0.000000,1.000000,-1.000000
HkmaTz-0W,2018,0.9492273730684326,high,1.000000,0.000000,0.000000,1.000000,1.000000
Hko85plCW,2018,0.5342465753424658,low,0.000000,1.000000,0.000000,1.000000,-1.000000
HktK4BeCZ,2018,0.3396226415094339,unknown,0.000000,0.000000,1.000000,0.000000,-0.000000
Hkn7CBaTW,2018,0.8675496688741722,unknown,0.000000,0.000000,1.000000,0.000000,-0.000000
Hy7EPh10W,2018,0.5419426048565121,low,0.000000,0.999904,0.000096,0.999904,-0.999904
HktJec1RZ,2018,0.4520547945205479,unknown,0.000000,0.000021,0.999979,0.000021,-0.000021
HkwVAXyCW,2018,0.5662251655629139,low,0.000000,1.000000,0.000000,1.000000,-1.000000
HkpYwMZRb,2018,0.5419426048565121,unknown,0.000000,0.000000,1.000000,0.000000,-0.000000
HkwBEMWCZ,2018,0.7119205298013245,unknown,0.000000,0.000000,1.000000,0.000000,-0.000000
Hki-ZlbA-,2018,0.5894039735099338,unknown,0.000000,0.000000,1.000000,0.000000,-0.000000
HkwZSG-CZ,2018,0.6712328767123288,high,1.000000,0.000000,0.000000,1.000000,1.000000
HkuGJ3kCb,2018,0.7836644591611479,high,1.000000,0.000000,0.000000,1.000000,1.000000
HkxF5RgC-,2018,0.0783664459161147,unknown,0.000000,0.000001,0.999999,0.000001,-0.000001
HklZOfW0W,2018,0.0286975717439293,unknown,0.000000,0.000000,1.000000,0.000000,-0.000000
HkeJVllRW,2018,nan,unknown,0.000000,0.000000,1.000000,0.000000,-0.000000
Hkbd5xZRb,2018,0.7737306843267108,high,1.000000,0.000000,0.000000,1.000000,1.000000
Hkp3uhxCW,2018,0.0783664459161147,low,0.000000,0.999999,0.000001,0.999999,-0.999999
HkinqfbAb,2018,nan,unknown,0.000000,0.000000,1.000000,0.000000,-0.000000
HknbyQbC-,2018,0.977924944812362,unknown,0.000000,0.000000,1.000000,0.000000,-0.000000
HkpRBFxRb,2018,0.1179245283018868,unknown,0.000000,0.000000,1.000000,0.000000,-0.000000
HkjL6MiTb,2018,0.1865342163355408,unknown,0.000000,0.000000,1.000000,0.000000,-0.000000
HkgNdt26Z,2018,0.3112582781456953,unknown,0.000000,0.000000,1.000000,0.000000,-0.000000
Hkc-TeZ0W,2018,0.7735849056603774,unknown,0.000000,0.000000,1.000000,0.000000,-0.000000
HkbmWqxCZ,2018,0.4823399558498896,unknown,0.000000,0.000005,0.999995,0.000005,-0.000005
HkL7n1-0b,2018,0.930379746835443,high,1.000000,0.000000,0.000000,1.000000,1.000000
HkTEFfZRb,2018,0.4536423841059602,unknown,0.000000,0.000000,1.000000,0.000000,-0.000000
HkNGsseC-,2018,0.4536423841059602,unknown,0.000000,0.000000,1.000000,0.000000,-0.000000
HkPCrEZ0Z,2018,0.2169811320754717,unknown,0.000000,0.000000,1.000000,0.000000,-0.000000
HkcTe-bR-,2018,0.7405660377358491,low,0.000000,0.999991,0.000008,0.999991,-0.999991
HkbJTYyAb,2018,0.3227848101265823,low,0.000000,0.999860,0.000140,0.999860,-0.999860
Hk99zCeAb,2018,0.9873417721518988,high,1.000000,0.000000,0.000000,1.000000,1.000000
HkXWCMbRW,2018,0.7417218543046358,low,0.000000,0.999942,0.000058,0.999942,-0.999942
Hk__kGbCW,2018,nan,unknown,0.000000,0.000000,1.000000,0.000000,-0.000000
HkCvZXbC-,2018,0.0443037974683544,unknown,0.000000,0.000000,1.000000,0.000000,-0.000000
HkUR_y-RZ,2018,0.3355408388520971,unknown,0.000000,0.000002,0.999998,0.000002,-0.000002
HkOhuyA6-,2018,nan,low,0.000000,0.999999,0.000001,0.999999,-0.999999
HkMCybx0-,2018,0.5816777041942605,unknown,0.000000,0.000002,0.999998,0.000002,-0.000002
Hk9Xc_lR-,2018,0.5309050772626932,low,0.000000,0.999995,0.000005,0.999995,-0.999995
HkMhoDITb,2018,0.0377358490566037,low,0.000000,0.999999,0.000001,0.999999,-0.999999
HkZy-bW0-,2018,0.3112582781456953,low,0.000000,1.000000,0.000000,1.000000,-1.000000
Hkfmn5n6W,2018,0.6390728476821192,low,0.000000,0.999997,0.000003,0.999997,-0.999997
HkAClQgA-,2018,0.9905660377358492,unknown,0.000000,0.000000,1.000000,0.000000,-0.000000
HkCsm6lRb,2018,0.6265822784810127,low,0.000000,0.999985,0.000015,0.999985,-0.999985
HJtEm4p6Z,2018,0.7974683544303798,high,1.000000,0.000000,0.000000,1.000000,1.000000
HkCnm-bAb,2018,nan,low,0.000000,0.999999,0.000001,0.999999,-0.999999
HkGcX--0-,2018,0.1582278481012658,low,0.000000,0.999972,0.000028,0.999972,-0.999972
HJjvxl-Cb,2018,1.0,high,1.000000,0.000000,0.000000,1.000000,1.000000
HJvvRoe0W,2018,0.4050772626931567,unknown,0.000000,0.000000,1.000000,0.000000,-0.000000
Hk2MHt-3-,2018,0.4624724061810154,unknown,0.000000,0.000000,1.000000,0.000000,-0.000000
Hk6kPgZA-,2018,0.9083885209713024,unknown,0.000000,0.000000,1.000000,0.000000,-0.000000
Hk91SGWR-,2018,0.7830188679245284,unknown,0.000000,0.000000,1.000000,0.000000,-0.000000
Hk8XMWgRb,2018,nan,unknown,0.000000,0.000000,1.000000,0.000000,-0.000000
HJsk5-Z0W,2018,nan,unknown,0.000000,0.000000,1.000000,0.000000,-0.000000
HJr4QJ26W,2018,nan,unknown,0.000000,0.000000,1.000000,0.000000,-0.000000
HkanP0lRW,2018,nan,unknown,0.000000,0.000000,1.000000,0.000000,-0.000000
Hk-FlMbAZ,2018,0.1633554083885209,unknown,0.000000,0.000000,1.000000,0.000000,-0.000000
HJrJpzZRZ,2018,nan,unknown,0.000000,0.000000,1.000000,0.000000,-0.000000
Hk6WhagRW,2018,0.6226415094339622,low,0.000000,1.000000,0.000000,1.000000,-1.000000
HJdXGy1RW,2018,0.3,unknown,0.000000,0.000000,1.000000,0.000000,-0.000000
HJqUtdOaZ,2018,nan,unknown,0.000000,0.000000,1.000000,0.000000,-0.000000
HJw8fAgA-,2018,nan,unknown,0.000000,0.000001,0.999999,0.000001,-0.000001
HJXyS7bRb,2018,0.1301369863013698,low,0.000000,1.000000,0.000000,1.000000,-1.000000
HJUOHGWRb,2018,0.5662251655629139,unknown,0.000000,0.000000,1.000000,0.000000,-0.000000
HJYoqzbC-,2018,nan,unknown,0.000000,0.000000,1.000000,0.000000,-0.000000
HJ_X8GupW,2018,0.0286975717439293,unknown,0.000000,0.000000,1.000000,0.000000,-0.000000
HJZiRkZC-,2018,0.1301369863013698,unknown,0.000000,0.000000,1.000000,0.000000,-0.000000
HJnQJXbC-,2018,0.5099337748344371,unknown,0.000000,0.000000,1.000000,0.000000,-0.000000
HJjePwx0-,2018,nan,unknown,0.000000,0.000000,1.000000,0.000000,-0.000000
HJWGdbbCW,2018,0.9150943396226416,unknown,0.000000,0.000000,1.000000,0.000000,-0.000000
Hk5elxbRW,2018,0.6335540838852097,unknown,0.000000,0.000019,0.999981,0.000019,-0.000019
HJewuJWCZ,2018,nan,low,0.000000,1.000000,0.000000,1.000000,-1.000000
HJcSzz-CZ,2018,0.9690949227373068,unknown,0.000000,0.000000,1.000000,0.000000,-0.000000
HJg1NTGZRZ,2018,0.0783664459161147,unknown,0.000000,0.000000,1.000000,0.000000,-0.000000
HJcjQTJ0W,2018,0.4977924944812362,low,0.000000,0.999972,0.000028,0.999972,-0.999972
Hk3ddfWRW,2018,0.2735849056603773,unknown,0.000000,0.000000,1.000000,0.000000,-0.000000
HJJ0w--0W,2018,0.7450331125827815,low,0.000000,1.000000,0.000000,1.000000,-1.000000
HJPSN3gRW,2018,nan,unknown,0.000000,0.000000,1.000000,0.000000,-0.000000
HJNGGmZ0Z,2018,nan,unknown,0.000000,0.000000,1.000000,0.000000,-0.000000
HJXOfZ-AZ,2018,nan,unknown,0.000000,0.000000,1.000000,0.000000,-0.000000
HJRV1ZZAW,2018,0.3561643835616438,low,0.000000,1.000000,0.000000,1.000000,-1.000000
HJYQLb-RW,2018,nan,unknown,0.000000,0.000000,1.000000,0.000000,-0.000000
Hk2aImxAb,2018,0.8653421633554084,low,0.000000,1.000000,0.000000,1.000000,-1.000000
HJhIM0xAW,2018,0.2947019867549669,low,0.000000,1.000000,0.000000,1.000000,-1.000000
HJIhGXWCZ,2018,nan,unknown,0.000000,0.000000,1.000000,0.000000,-0.000000
HJGv1Z-AW,2018,0.5566037735849056,low,0.000000,1.000000,0.000000,1.000000,-1.000000
HJC2SzZCW,2018,0.8520971302428256,unknown,0.000000,0.000000,1.000000,0.000000,-0.000000
HJaDJZ-0W,2018,0.7350993377483444,unknown,0.000000,0.000002,0.999998,0.000002,-0.000002
HJMN-xWC-,2018,nan,unknown,0.000000,0.000003,0.999997,0.000003,-0.000003
HJSA_e1AW,2018,0.4249448123620309,unknown,0.000000,0.000000,1.000000,0.000000,-0.000000
HJBhEMbRb,2018,0.1865342163355408,unknown,0.000000,0.000000,1.000000,0.000000,-0.000000
HJ8W1Q-0Z,2018,nan,low,0.000000,1.000000,0.000000,1.000000,-1.000000
HJIoJWZCZ,2018,0.6236203090507726,unknown,0.000000,0.000000,1.000000,0.000000,-0.000000
H1zriGeCZ,2018,0.4977924944812362,unknown,0.000000,0.000000,1.000000,0.000000,-0.000000
HJWLfGWRb,2018,0.9713024282560706,unknown,0.000000,0.000000,1.000000,0.000000,0.000000
HJ4YGZ-AW,2018,nan,unknown,0.000000,0.000000,1.000000,0.000000,-0.000000
HJGXzmspb,2018,0.8454746136865342,unknown,0.000000,0.000000,1.000000,0.000000,-0.000000
H1xJjlbAZ,2018,nan,high,1.000000,0.000000,0.000000,1.000000,1.000000
HJ94fqApW,2018,0.7991169977924945,unknown,0.000000,0.000000,1.000000,0.000000,-0.000000
HJ39YKiTb,2018,nan,unknown,0.000000,0.000000,1.000000,0.000000,-0.000000
H1tSsb-AW,2018,0.7405660377358491,unknown,0.000000,0.000000,1.000000,0.000000,-0.000000
HJ1HFlZAb,2018,0.0783664459161147,unknown,0.000000,0.000000,1.000000,0.000000,-0.000000
HJOQ7MgAW,2018,0.3498896247240618,unknown,0.000000,0.000000,1.000000,0.000000,-0.000000
H1uP7ebAW,2018,0.8344370860927153,unknown,0.000000,0.000000,1.000000,0.000000,-0.000000
H1u8fMW0b,2018,nan,unknown,0.000000,0.000000,1.000000,0.000000,-0.000000
H1srNebAZ,2018,nan,unknown,0.000000,0.000000,1.000000,0.000000,-0.000000
H1vCXOe0b,2018,nan,unknown,0.000000,0.000000,1.000000,0.000000,-0.000000
H1sUHgb0Z,2018,0.7119205298013245,unknown,0.000000,0.000000,1.000000,0.000000,-0.000000
H1q-TM-AW,2018,0.8973509933774835,unknown,0.000000,0.000001,0.999999,0.000001,-0.000001
HJDV5YxCW,2018,0.4381898454746137,unknown,0.000000,0.000000,1.000000,0.000000,-0.000000
H1meywxRW,2018,0.7465753424657534,low,0.000000,1.000000,0.000000,1.000000,-1.000000
H1mCp-ZRZ,2018,0.5754716981132075,unknown,0.000000,0.000000,1.000000,0.000000,-0.000000
HJDUjKeA-,2018,nan,low,0.000000,0.999997,0.000003,0.999997,-0.999997
H1l8sz-AW,2018,nan,unknown,0.000000,0.000000,1.000000,0.000000,-0.000000
HJ3d2Ax0-,2018,0.2637969094922737,low,0.000000,0.999997,0.000004,0.999997,-0.999997
H1Y8hhg0b,2018,nan,high,1.000000,0.000000,0.000000,1.000000,1.000000
H1dh6Ax0Z,2018,0.5330188679245284,unknown,0.000000,0.000000,1.000000,0.000000,-0.000000
H1kMMmb0-,2018,nan,unknown,0.000000,0.000000,1.000000,0.000000,-0.000000
H1bhRHeA-,2018,0.2637969094922737,unknown,0.000000,0.000000,1.000000,0.000000,-0.000000
HJ5AUm-CZ,2018,nan,low,0.000000,0.999993,0.000007,0.999993,-0.999993
H1VjBebR-,2018,0.3112582781456953,unknown,0.000000,0.000000,1.000000,0.000000,-0.000000
H1cKvl-Rb,2018,0.7547169811320755,unknown,0.000000,0.000000,1.000000,0.000000,-0.000000
H1pri9vTZ,2018,nan,low,0.000000,0.999904,0.000096,0.999904,-0.999904
H1WgVz-AZ,2018,0.488962472406181,unknown,0.000000,0.000000,1.000000,0.000000,-0.000000
H1vEXaxA-,2018,0.5616438356164384,unknown,0.000000,0.965640,0.022709,0.965640,-0.965640
H1Xw62kRZ,2018,0.6367924528301887,unknown,0.000000,0.000000,1.000000,0.000000,-0.000000
H1U_af-0-,2018,0.4150110375275938,unknown,0.000000,0.000000,1.000000,0.000000,-0.000000
H1Ww66x0-,2018,0.1258278145695364,low,0.000000,0.999997,0.000003,0.999997,-0.999997
H1a37GWCZ,2018,nan,unknown,0.000000,0.000000,1.000000,0.000000,-0.000000
H1aIuk-RW,2018,0.9646799116997792,high,1.000000,0.000000,0.000000,1.000000,1.000000
H1kG7GZAW,2018,0.6265822784810127,unknown,0.000000,0.000000,1.000000,0.000000,0.000000
HJ4IhxZAb,2018,0.660377358490566,low,0.000000,1.000000,0.000000,1.000000,-1.000000
H1VGkIxRZ,2018,0.955849889624724,unknown,0.000000,0.000000,1.000000,0.000000,-0.000000
H1Yp-j1Cb,2018,0.3653421633554083,unknown,0.000000,0.000000,1.000000,0.000000,-0.000000
H1uR4GZRZ,2018,0.8432671081677704,unknown,0.000000,0.000020,0.999980,0.000020,-0.000020
H1cWzoxA-,2018,0.7123287671232876,low,0.000000,0.999945,0.000055,0.999945,-0.999945
H1Dy---0Z,2018,0.981132075471698,high,1.000000,0.000000,0.000000,1.000000,1.000000
H1A5ztj3b,2018,nan,high,1.000000,0.000000,0.000000,1.000000,1.000000
H1I3M7Z0b,2018,0.0286975717439293,low,0.000000,1.000000,0.000000,1.000000,-1.000000
H1DkN7ZCZ,2018,0.4249448123620309,unknown,0.000000,0.000000,1.000000,0.000000,-0.000000
H1T2hmZAb,2018,0.8112582781456954,low,0.000000,1.000000,0.000000,1.000000,-1.000000
H1MczcgR-,2018,0.6004415011037527,unknown,0.000000,0.000000,1.000000,0.000000,-0.000000
H1Nyf7W0Z,2018,0.0783664459161147,unknown,0.000000,0.000000,1.000000,0.000000,-0.000000
H1NV4agCb,2018,nan,unknown,0.000000,0.000000,1.000000,0.000000,-0.000000
H1YynweCb,2018,0.3112582781456953,low,0.000000,0.999999,0.000001,0.999999,-0.999999
H1BHbmWCZ,2018,nan,unknown,0.000000,0.000000,1.000000,0.000000,-0.000000
H1DGha1CZ,2018,0.5894039735099338,unknown,0.000000,0.000000,1.000000,0.000000,-0.000000
H196sainb,2018,0.9726027397260274,high,1.000000,0.000000,0.000000,1.000000,1.000000
H1LAqMbRW,2018,0.1745283018867924,unknown,0.000000,0.000001,0.999999,0.000001,-0.000001
H1BO9M-0Z,2018,0.1301369863013698,low,0.000000,0.999999,0.000001,0.999999,-0.999999
H18WqugAb,2018,0.6438356164383562,high,1.000000,0.000000,0.000000,1.000000,1.000000
H1-nGgWC-,2018,0.7251655629139073,high,1.000000,0.000000,0.000000,1.000000,1.000000
H1OQukZ0-,2018,nan,low,0.000000,0.999891,0.000109,0.999891,-0.999891
H1K6Tb-AZ,2018,0.0286975717439293,unknown,0.000000,0.000000,1.000000,0.000000,-0.000000
BywyFQlAW,2018,0.4624724061810154,unknown,0.000000,0.000000,1.000000,0.000000,-0.000000
H18uzzWAZ,2018,0.1633554083885209,unknown,0.000000,0.000000,1.000000,0.000000,-0.000000
H1O0KGC6b,2018,nan,unknown,0.000000,0.000000,1.000000,0.000000,-0.000000
H139Q_gAW,2018,nan,unknown,0.000000,0.000000,1.000000,0.000000,-0.000000
ByzvHagA-,2018,0.1258278145695364,unknown,0.000000,0.000000,1.000000,0.000000,-0.000000
ByxLBMZCb,2018,nan,unknown,0.000000,0.000000,1.000000,0.000000,-0.000000
H11lAfbCW,2018,0.6655629139072847,unknown,0.000000,0.000000,1.000000,0.000000,-0.000000
H1BLjgZCb,2018,0.911699779249448,low,0.000000,0.999990,0.000010,0.999990,-0.999990
H1DJFybC-,2018,0.7450331125827815,low,0.000000,1.000000,0.000000,1.000000,-1.000000
ByuP8yZRb,2018,0.0286975717439293,unknown,0.000000,0.000000,1.000000,0.000000,-0.000000
Bys_NzbC-,2018,nan,unknown,0.000000,0.000000,1.000000,0.000000,-0.000000
H135uzZ0-,2018,0.7571743929359823,low,0.000000,0.999994,0.000006,0.999994,-0.999994
Byt3oJ-0W,2018,0.7306843267108167,low,0.000000,0.999998,0.000002,0.999998,-0.999998
H13WofbAb,2018,0.1258278145695364,unknown,0.000000,0.000000,1.000000,0.000000,-0.000000
Bys4ob-Rb,2018,0.9083885209713024,high,1.000000,0.000000,0.000000,1.000000,1.000000
H1UOm4gA-,2018,0.5068493150684932,unknown,0.000000,0.000000,1.000000,0.000000,-0.000000
ByrZyglCb,2018,0.6004415011037527,unknown,0.000000,0.000000,1.000000,0.000000,-0.000000
H1-oTz-Cb,2018,nan,unknown,0.000000,0.000000,1.000000,0.000000,-0.000000
ByqFhGZCW,2018,0.1865342163355408,unknown,0.000000,0.000000,1.000000,0.000000,-0.000000
ByuI-mW0W,2018,0.1258278145695364,low,0.000000,0.999996,0.000004,0.999996,-0.999996
ByZmGjkA-,2018,0.5047169811320755,unknown,0.000000,0.000000,1.000000,0.000000,-0.000000
BydLzGb0Z,2018,0.5894039735099338,unknown,0.000000,0.000000,1.000000,0.000000,-0.000000
Byd-EfWCb,2018,0.2163355408388521,unknown,0.000000,0.000000,1.000000,0.000000,-0.000000
Byk4My-RZ,2018,nan,unknown,0.000000,0.000000,1.000000,0.000000,-0.000000
ByS1VpgRZ,2018,0.8987341772151899,high,1.000000,0.000000,0.000000,1.000000,1.000000
ByquB-WC-,2018,0.3219178082191781,low,0.000000,0.999512,0.000488,0.999512,-0.999512
ByhthReRb,2018,nan,unknown,0.000000,0.000000,1.000000,0.000000,-0.000000
Bym0cU1CZ,2018,0.2808219178082192,unknown,0.000000,0.000001,0.999999,0.000001,-0.000001
ByeqORgAW,2018,0.2792494481236203,low,0.000000,1.000000,0.000001,1.000000,-1.000000
ByUEelW0-,2018,nan,unknown,0.000000,0.000000,1.000000,0.000000,-0.000000
H15RufWAW,2018,0.1139240506329113,high,1.000000,0.000000,0.000000,1.000000,1.000000
ByRWCqvT-,2018,0.7284768211920529,unknown,0.000000,0.000000,1.000000,0.000000,-0.000000
BySRH6CpW,2018,0.3112582781456953,unknown,0.000000,0.000000,1.000000,0.000000,-0.000000
ByQZjx-0-,2018,0.3785871964679911,high,1.000000,0.000000,0.000000,1.000000,1.000000
Byht0GbRZ,2018,nan,low,0.000000,0.999983,0.000017,0.999983,-0.999983
Bya8fGWAZ,2018,nan,unknown,0.000000,0.000000,1.000000,0.000000,-0.000000
ByJIWUnpW,2018,0.1865342163355408,unknown,0.000000,0.000000,1.000000,0.000000,-0.000000
ByOfBggRZ,2018,0.5309050772626932,unknown,0.000000,0.000000,1.000000,0.000000,-0.000000
ByKWUeWA-,2018,0.82560706401766,low,0.000000,1.000000,0.000000,1.000000,-1.000000
BydjJte0-,2018,0.8874172185430463,low,0.000000,0.999999,0.000001,0.999999,-0.999999
BygpQlbA-,2018,0.4724061810154525,low,0.000000,0.999999,0.000001,0.999999,-0.999999
ByJ7obb0b,2018,nan,unknown,0.000000,0.000000,1.000000,0.000000,-0.000000
ByW5yxgA-,2018,0.1258278145695364,unknown,0.000000,0.000000,1.000000,0.000000,-0.000000
ByYPLJA6W,2018,nan,low,0.000000,0.999999,0.000000,0.999999,-0.999999
ByJDAIe0b,2018,0.2735849056603773,unknown,0.000000,0.000000,1.000000,0.000000,-0.000000
By9iRkWA-,2018,0.3767123287671233,unknown,0.000000,0.000001,0.999999,0.000001,-0.000001
ByQpn1ZA-,2018,0.7848101265822784,unknown,0.000000,0.000000,0.999999,0.000000,-0.000000
By5SY2gA-,2018,nan,unknown,0.000000,0.000000,1.000000,0.000000,-0.000000
By3v9k-RZ,2018,0.1633554083885209,unknown,0.000000,0.000000,1.000000,0.000000,-0.000000
ByOExmWAb,2018,nan,low,0.000000,0.999991,0.000009,0.999991,-0.999991
ByJbJwxCW,2018,nan,unknown,0.000000,0.000000,1.000000,0.000000,-0.000000
ByCPHrgCW,2018,0.2163355408388521,low,0.000000,1.000000,0.000000,1.000000,-1.000000
ByaQIGg0-,2018,nan,low,0.000000,0.999989,0.000011,0.999989,-0.999989
By4HsfWAZ,2018,nan,unknown,0.000000,0.000000,1.000000,0.000000,-0.000000
ByED-X-0W,2018,nan,unknown,0.000000,0.000000,1.000000,0.000000,-0.000000
ByOnmlWC-,2018,0.3726415094339622,low,0.000000,0.999998,0.000002,0.999998,-0.999998
By0ANxbRW,2018,nan,unknown,0.000000,0.000001,0.999999,0.000001,-0.000001
BkrSv0lA-,2018,0.6578366445916115,low,0.000000,0.999998,0.000002,0.999998,-0.999998
By-IifZRW,2018,nan,low,0.000000,0.999769,0.000231,0.999769,-0.999769
BkfEzz-0-,2018,nan,unknown,0.000000,0.000000,1.000000,0.000000,-0.000000
BkpXqwUTZ,2018,0.0286975717439293,unknown,0.000000,0.000000,1.000000,0.000000,-0.000000
BkpiPMbA-,2018,0.7196467991169978,low,0.000000,0.999998,0.000002,0.999998,-0.999998
BkoCeqgR-,2018,nan,unknown,0.000000,0.000000,1.000000,0.000000,-0.000000
ByL48G-AW,2018,0.2452830188679245,low,0.000000,0.999876,0.000124,0.999876,-0.999876
Bki1Ct1AW,2018,0.0286975717439293,unknown,0.000000,0.000000,1.000000,0.000000,-0.000000
BkiIkBJ0b,2018,nan,unknown,0.000000,0.000000,1.000000,0.000000,-0.000000
BkrsAzWAb,2018,0.6931567328918322,low,0.000000,1.000000,0.000000,1.000000,-1.000000
BkoXnkWAb,2018,0.2947019867549669,low,0.000000,0.999993,0.000007,0.999993,-0.999993
BkXmYfbAZ,2018,0.4249448123620309,unknown,0.000000,0.000000,1.000000,0.000000,-0.000000
BkUDW_lCb,2018,0.5205479452054794,high,1.000000,0.000000,0.000000,1.000000,1.000000
BkVf1AeAZ,2018,0.5209713024282561,low,0.000000,1.000000,0.000000,1.000000,-1.000000
BkwHObbRZ,2018,0.7549668874172185,low,0.000000,1.000000,0.000000,1.000000,-1.000000
BkSDMA36Z,2018,0.6232876712328768,unknown,0.000000,0.000000,1.000000,0.000000,-0.000000
BkeqO7x0-,2018,0.4683544303797468,unknown,0.000000,0.000003,0.999997,0.000003,-0.000003
By3VrbbAb,2018,0.3424657534246575,unknown,0.000000,0.000000,1.000000,0.000000,-0.000000
BkisuzWRW,2018,0.7264150943396226,unknown,0.000000,0.000000,1.000000,0.000000,-0.000000
BkN_r2lR-,2018,0.3355408388520971,unknown,0.000000,0.000000,1.000000,0.000000,-0.000000
BkVsWbbAW,2018,0.7737306843267108,unknown,0.000000,0.000000,1.000000,0.000000,-0.000000
Bk_fs6gA-,2018,nan,low,0.000000,1.000000,0.000000,1.000000,-1.000000
Bkl1uWb0Z,2018,0.3918322295805739,unknown,0.000000,0.000000,1.000000,0.000000,-0.000000
BkabRiQpb,2018,0.4622641509433962,unknown,0.000000,0.000000,1.000000,0.000000,-0.000000
BkJ3ibb0-,2018,0.891832229580574,high,1.000000,0.000000,0.000000,1.000000,1.000000
BkUHlMZ0b,2018,0.8057395143487859,unknown,0.000000,0.000001,1.000000,0.000001,-0.000001
BkM27IxR-,2018,0.7075055187637969,unknown,0.000000,0.000000,1.000000,0.000000,-0.000000
BkQCGzZ0-,2018,0.5419426048565121,unknown,0.000000,0.000000,1.000000,0.000000,-0.000000
BkPrDFgR-,2018,0.6236203090507726,unknown,0.000000,0.000000,1.000000,0.000000,-0.000000
BkS3fnl0W,2018,nan,low,0.000000,0.999920,0.000080,0.999920,-0.999920
BkDB51WR-,2018,nan,unknown,0.000000,0.000000,1.000000,0.000000,-0.000000
BkUp6GZRW,2018,0.3018867924528302,unknown,0.000000,0.000000,1.000000,0.000000,-0.000000
BkM3ibZRW,2018,0.5569620253164557,low,0.000000,1.000000,0.000000,1.000000,-1.000000
Bk-ofQZRb,2018,0.3254716981132075,unknown,0.000000,0.000000,1.000000,0.000000,-0.000000
Bk346Ok0W,2018,nan,unknown,0.000000,0.000000,1.000000,0.000000,-0.000000
BkA7gfZAb,2018,0.1258278145695364,unknown,0.000000,0.000000,1.000000,0.000000,-0.000000
BkLhaGZRW,2018,0.2792494481236203,unknown,0.000000,0.000000,1.000000,0.000000,-0.000000
BJy0fcgRZ,2018,0.2516556291390728,unknown,0.000000,0.000000,1.000000,0.000000,-0.000000
Bk6qQGWRb,2018,0.490566037735849,unknown,0.000000,0.000001,0.999999,0.000001,-0.000001
BJubPWZRW,2018,0.2516556291390728,low,0.000000,1.000000,0.000000,1.000000,-1.000000
Bk9zbyZCZ,2018,0.8018867924528302,low,0.000000,0.999999,0.000001,0.999999,-0.999999
BJj6qGbRW,2018,0.9293598233995584,high,1.000000,0.000000,0.000000,1.000000,1.000000
Bk7wvW-C-,2018,0.3013698630136986,low,0.000000,0.999925,0.000075,0.999925,-0.999925
BJvWjcgAZ,2018,0.4339622641509434,unknown,0.000000,0.000002,0.999998,0.000002,-0.000002
BkCV_W-AZ,2018,0.4764150943396226,unknown,0.000000,0.000000,1.000000,0.000000,-0.000000
BJluxbWC-,2018,0.652317880794702,unknown,0.000000,0.000000,1.000000,0.000000,-0.000000
BkIkkseAZ,2018,nan,unknown,0.000000,0.000000,1.000000,0.000000,-0.000000
BJjquybCW,2018,0.4050772626931567,unknown,0.000000,0.000000,1.000000,0.000000,-0.000000
BJypUGZ0Z,2018,0.5894039735099338,low,0.000000,0.999998,0.000002,0.999998,-0.999998
Bk8ZcAxR-,2018,0.6886792452830188,unknown,0.000000,0.000000,1.000000,0.000000,-0.000000
BJvVbCJCb,2018,nan,unknown,0.000000,0.000000,1.000000,0.000000,-0.000000
BJk7Gf-CZ,2018,0.6479028697571744,unknown,0.000000,0.000000,1.000000,0.000000,-0.000000
BJhxcGZCW,2018,nan,unknown,0.000000,0.000000,1.000000,0.000000,-0.000000
BJgVaG-Ab,2018,0.1933962264150943,unknown,0.000000,0.000000,1.000000,0.000000,-0.000000
BJcAWaeCW,2018,nan,low,0.000000,0.999996,0.000004,0.999996,-0.999996
BJlrSmbAZ,2018,0.7505518763796909,low,0.000000,0.999984,0.000016,0.999984,-0.999984
BJaU__eCZ,2018,0.0443037974683544,unknown,0.000000,0.000000,1.000000,0.000000,-0.000000
BJjBnN9a-,2018,nan,low,0.000000,0.999999,0.000001,0.999999,-0.999999
BJJLHbb0-,2018,0.9845474613686536,high,1.000000,0.000000,0.000000,1.000000,1.000000
BJuWrGW0Z,2018,0.5419426048565121,unknown,0.000000,0.000000,1.000000,0.000000,-0.000000
BJOFETxR-,2018,0.6103752759381899,unknown,0.000000,0.000000,1.000000,0.000000,-0.000000
BJNRFNlRW,2018,0.2637969094922737,low,0.000000,1.000000,0.000000,1.000000,-1.000000
BJ_QxP1AZ,2018,0.1258278145695364,unknown,0.000000,0.000000,1.000000,0.000000,-0.000000
BJQRKzbA-,2018,0.8543046357615894,unknown,0.000000,0.000000,1.000000,0.000000,-0.000000
BJgd7m0xRZ,2018,0.1258278145695364,unknown,0.000000,0.000000,1.000000,0.000000,-0.000000
BJehNfW0-,2018,nan,low,0.000000,0.999998,0.000002,0.999998,-0.999998
BJRxfZbAW,2018,nan,unknown,0.000000,0.000000,1.000000,0.000000,-0.000000
BJE-4xW0W,2018,0.7341772151898734,low,0.000000,1.000000,0.000000,1.000000,-1.000000
BJMuY-gRW,2018,0.726027397260274,unknown,0.000000,0.000000,1.000000,0.000000,-0.000000
BJRZzFlRb,2018,0.5099337748344371,unknown,0.000000,0.000001,0.999999,0.000001,-0.000001
BJIgi_eCZ,2018,0.7465753424657534,low,0.000000,0.999999,0.000001,0.999999,-0.999999
BJInMmWC-,2018,0.0443037974683544,unknown,0.000000,0.000001,0.999999,0.000001,-0.000001
BJgPCveAW,2018,0.2163355408388521,low,0.000000,0.999998,0.000002,0.999998,-0.999998
BJ7d0fW0b,2018,nan,unknown,0.000000,0.000000,1.000000,0.000000,-0.000000
BJ78bJZCZ,2018,0.0783664459161147,unknown,0.000000,0.000000,1.000000,0.000000,-0.000000
BJ_UL-k0b,2018,0.8079470198675497,low,0.000000,1.000000,0.000000,1.000000,-1.000000
BJ4prNx0W,2018,nan,unknown,0.000000,0.000000,1.000000,0.000000,-0.000000
BJij4yg0Z,2018,0.4624724061810154,low,0.000000,0.999992,0.000008,0.999992,-0.999992
BJ8vJebC-,2018,0.9315068493150684,low,0.000000,1.000000,0.000000,1.000000,-1.000000
BJB7fkWR-,2018,nan,unknown,0.000000,0.000000,1.000000,0.000000,-0.000000
BJQPG5lR-,2018,0.4823399558498896,unknown,0.000000,0.000000,1.000000,0.000000,-0.000000
BJLmN8xRW,2018,0.821917808219178,low,0.000000,0.998967,0.001033,0.998967,-0.998967
BJ8c3f-0b,2018,0.6390728476821192,low,0.000000,1.000000,0.000000,1.000000,-1.000000
BJ_wN01C-,2018,0.7836644591611479,low,0.000000,0.999997,0.000003,0.999997,-0.999997
B1ydPgTpW,2018,0.4520547945205479,low,0.000000,0.999948,0.000052,0.999948,-0.999948
B1uvH_gC-,2018,0.1633554083885209,unknown,0.000000,0.000000,1.000000,0.000000,-0.000000
B1twdMCab,2018,0.6575342465753424,unknown,0.000000,0.000000,1.000000,0.000000,-0.000000
B1p461b0W,2018,0.9271523178807948,high,1.000000,0.000000,0.000000,1.000000,1.000000
B1nZ1weCZ,2018,0.3537735849056603,unknown,0.000000,0.000000,1.000000,0.000000,-0.000000
B1zlp1bRW,2018,nan,unknown,0.000000,0.000000,1.000000,0.000000,-0.000000
B1l8BtlCb,2018,0.958904109589041,high,1.000000,0.000000,0.000000,1.000000,1.000000
B1spAqUp-,2018,0.5379746835443038,unknown,0.000000,0.000000,1.000000,0.000000,-0.000000
B1suU-bAW,2018,nan,unknown,0.000000,0.000000,1.000000,0.000000,-0.000000
B1tExikAW,2018,nan,low,0.000000,0.999991,0.000009,0.999991,-0.999991
BJDEbngCZ,2018,nan,high,0.999981,0.000000,0.000019,0.999981,0.999981
B1n8LexRZ,2018,0.4724061810154525,unknown,0.000000,0.000000,1.000000,0.000000,-0.000000
BJ0hF1Z0b,2018,0.9602649006622516,low,0.000000,0.999994,0.000006,0.999994,-0.999994
B1tC-LT6W,2018,0.2406181015452538,unknown,0.000000,0.000000,1.000000,0.000000,-0.000000
BJDH5M-AW,2018,0.9624724061810156,unknown,0.000000,0.000000,1.000000,0.000000,-0.000000
BJ6anzb0Z,2018,0.7671232876712328,low,0.000000,0.999985,0.000015,0.999985,-0.999985
B1gJ1L2aW,2018,0.9249448123620309,low,0.000000,1.000000,0.000000,1.000000,-1.000000
B1i7ezW0-,2018,nan,unknown,0.000000,0.000000,1.000000,0.000000,-0.000000
B1lMMx1CW,2018,nan,unknown,0.000000,0.000000,1.000000,0.000000,-0.000000
B1nLkl-0Z,2018,0.1179245283018868,unknown,0.000000,0.000000,1.000000,0.000000,-0.000000
B1Yy1BxCZ,2018,0.9205298013245032,high,1.000000,0.000000,0.000000,1.000000,1.000000
B1mSWUxR-,2018,0.3498896247240618,unknown,0.000000,0.000001,0.999999,0.000001,-0.000001
B1mAkPxCZ,2018,nan,unknown,0.000000,0.000000,1.000000,0.000000,-0.000000
B1al7jg0b,2018,0.6887417218543046,low,0.000000,1.000000,0.000000,1.000000,-1.000000
B1bgpzZAZ,2018,0.4520547945205479,low,0.000000,1.000000,0.000000,1.000000,-1.000000
B1QRgziT-,2018,1.0,high,1.000000,0.000000,0.000000,1.000000,1.000000
B1nxTzbRZ,2018,0.3785871964679911,unknown,0.000000,0.000000,1.000000,0.000000,-0.000000
B1ZZTfZAW,2018,0.8860759493670886,unknown,0.000000,0.000000,1.000000,0.000000,-0.000000
B1EPYJ-C-,2018,nan,high,1.000000,0.000000,0.000000,1.000000,1.000000
B1e5ef-C-,2018,0.5209713024282561,unknown,0.000000,0.000000,1.000000,0.000000,-0.000000
B1Z3W-b0W,2018,nan,unknown,0.000000,0.000000,1.000000,0.000000,-0.000000
B1NOXfWR-,2018,0.1179245283018868,unknown,0.000000,0.000000,1.000000,0.000000,-0.000000
B1kIr-WRb,2018,0.047945205479452,unknown,0.000000,0.000000,1.000000,0.000000,-0.000000
B1DmUzWAW,2018,0.9757174392935982,high,1.000000,0.000000,0.000000,1.000000,1.000000
B1X4DWWRb,2018,0.5662251655629139,unknown,0.000000,0.000000,1.000000,0.000000,-0.000000
B1jscMbAW,2018,nan,unknown,0.000000,0.000000,1.000000,0.000000,-0.000000
B1J_rgWRW,2018,nan,unknown,0.000000,0.000000,1.000000,0.000000,-0.000000
B1EA-M-0Z,2018,0.9039735099337748,high,1.000000,0.000000,0.000000,1.000000,1.000000
B1Lc-Gb0Z,2018,0.3918322295805739,unknown,0.000000,0.000000,1.000000,0.000000,-0.000000
B1ae1lZRb,2018,0.8035320088300221,unknown,0.000000,0.000000,1.000000,0.000000,-0.000000
B1hYRMbCW,2018,0.8227848101265823,low,0.000000,0.999999,0.000001,0.999999,-0.999999
B1EGg7ZCb,2018,0.2169811320754717,unknown,0.000000,0.000000,1.000000,0.000000,-0.000000
B1hcZZ-AW,2018,0.760485651214128,low,0.000000,0.999738,0.000262,0.999738,-0.999738
B18WgG-CZ,2018,0.7945205479452054,high,1.000000,0.000000,0.000000,1.000000,1.000000
B1Gi6LeRZ,2018,0.7991169977924945,low,0.000000,0.999373,0.000627,0.999373,-0.999373
B1CQGfZ0b,2018,nan,unknown,0.000000,0.000000,1.000000,0.000000,-0.000000
B17JTOe0-,2018,0.8344370860927153,high,1.000000,0.000000,0.000000,1.000000,1.000000
B1CNpYg0-,2018,0.684931506849315,unknown,0.000000,0.000000,1.000000,0.000000,-0.000000
B14uJzW0b,2018,0.3112582781456953,low,0.000000,1.000000,0.000000,1.000000,-1.000000
B14TlG-RW,2018,0.9452054794520548,high,1.000000,0.000000,0.000000,1.000000,1.000000
B1IDRdeCW,2018,0.3498896247240618,unknown,0.000000,0.000001,0.999999,0.000001,-0.000001
B16_iGWCW,2018,nan,unknown,0.000000,0.000000,1.000000,0.000000,-0.000000
B1D6ty-A-,2018,nan,low,0.000000,0.999999,0.000001,0.999999,-0.999999
B13EC5u6W,2018,0.0286975717439293,unknown,0.000000,0.000000,1.000000,0.000000,-0.000000
ryxyHnR5tX,2019,nan,unknown,0.000000,0.000000,1.000000,0.000000,-0.000000
B1KJJf-R-,2018,0.2163355408388521,low,0.000000,0.999996,0.000005,0.999996,-0.999996
ryzHXnR5Y7,2019,0.1603174603174603,low,0.000000,1.000000,0.000000,1.000000,-1.000000
B1X0mzZCW,2018,0.2516556291390728,unknown,0.000000,0.000000,1.000000,0.000000,-0.000000
ryxxCiRqYX,2019,0.4817460317460317,unknown,0.000000,0.000000,1.000000,0.000000,-0.000000
ryzfcoR5YQ,2019,0.196031746031746,low,0.000000,1.000000,0.000000,1.000000,-1.000000
ryzECoAcY7,2019,nan,unknown,0.000000,0.000000,1.000000,0.000000,-0.000000
ryxwJhC9YX,2019,0.8888888888888888,low,0.000000,1.000000,0.000000,1.000000,-1.000000
B1CEaMbR-,2018,0.8344370860927153,unknown,0.000000,0.000000,1.000000,0.000000,-0.000000
ryxsS3A5Km,2019,nan,unknown,0.000000,0.000000,1.000000,0.000000,-0.000000
B16yEqkCZ,2018,0.1179245283018868,unknown,0.000000,0.000000,1.000000,0.000000,-0.000000
B1QgVti6Z,2018,0.32560706401766,unknown,0.002471,0.000000,0.000000,0.002471,0.002471
ryxhB3CcK7,2019,0.6698412698412698,unknown,0.000000,0.000000,1.000000,0.000000,-0.000000
ryxhynC9KX,2019,0.0325396825396825,unknown,0.000000,0.000000,1.000000,0.000000,-0.000000
ryza73R9tQ,2019,0.1951219512195122,unknown,0.000000,0.000000,1.000000,0.000000,-0.000000
ryx3_iAcY7,2019,0.1036585365853658,unknown,0.000000,0.000000,1.000000,0.000000,-0.000000
B12Js_yRb,2018,1.0,unknown,0.000000,0.000000,1.000000,0.000000,-0.000000
ryxY73AcK7,2019,0.6611111111111111,unknown,0.000000,0.000000,1.000000,0.000000,-0.000000
ryxjH3R5KQ,2019,0.1031746031746031,low,0.000000,0.999999,0.000001,0.999999,-0.999999
ryxMX2R9YQ,2019,0.2873015873015873,unknown,0.000000,0.000000,1.000000,0.000000,-0.000000
B13njo1R-,2018,0.4764150943396226,unknown,0.000000,0.000000,1.000000,0.000000,-0.000000
ryljV2A5KX,2019,0.6039682539682539,low,0.000000,1.000000,0.000000,1.000000,-1.000000
ryxLG2RcYX,2019,0.1948051948051948,unknown,0.000000,0.000000,1.000000,0.000000,-0.000000
ryxDjjCqtQ,2019,0.6525974025974026,unknown,0.000000,0.000000,1.000000,0.000000,-0.000000
ryxDUs05KQ,2019,nan,low,0.000000,1.000000,0.000000,1.000000,-1.000000
ryxnHhRqFm,2019,0.6707317073170732,unknown,0.000000,0.000000,1.000000,0.000000,-0.000000
ryxHii09KQ,2019,nan,unknown,0.000000,0.000000,1.000000,0.000000,-0.000000
ryxaSsActQ,2019,0.3292682926829268,low,0.000000,0.999999,0.000001,0.999999,-0.999999
ryl5khRcKm,2019,0.5,unknown,0.000000,0.000000,1.000000,0.000000,-0.000000
rylWVnR5YQ,2019,0.1603174603174603,unknown,0.000000,0.000000,1.000000,0.000000,-0.000000
ryxepo0cFX,2019,0.8579365079365079,low,0.000000,0.999998,0.000002,0.999998,-0.999998
rylqooRqK7,2019,0.9722222222222222,low,0.000000,1.000000,0.000000,1.000000,-1.000000
ryxOIsA5FQ,2019,nan,unknown,0.000000,0.000000,1.000000,0.000000,-0.000000
rylIAsCqYm,2019,0.4103174603174603,unknown,0.000000,0.000000,1.000000,0.000000,-0.000000
rylIy3R9K7,2019,0.3865079365079365,unknown,0.000000,0.000000,1.000000,0.000000,-0.000000
rylDfnCqF7,2019,0.9230769230769232,unknown,0.000000,0.000000,1.000000,0.000000,-0.000000
rylhToC5YQ,2019,nan,unknown,0.000000,0.000001,0.999999,0.000001,-0.000001
rylV6i09tX,2019,0.5484126984126985,unknown,0.000000,0.000000,1.000000,0.000000,-0.000000
rygjN3C9F7,2019,0.2547619047619047,unknown,0.000000,0.000000,1.000000,0.000000,-0.000000
rygZJ2RcF7,2019,0.3418803418803419,unknown,0.000000,0.000000,1.000000,0.000000,-0.000000
rygqqsA9KX,2019,0.9555555555555556,unknown,0.000000,0.000000,1.000000,0.000000,-0.000000
rylbWhC5Ym,2019,0.0551948051948051,low,0.000000,0.999997,0.000004,0.999997,-0.999997
ryfaViR9YX,2019,0.2222222222222222,unknown,0.000000,0.000000,1.000000,0.000000,-0.000000
rygk9oA9Ym,2019,0.34,unknown,0.000000,0.000000,1.000000,0.000000,-0.000000
rygo9iR9F7,2019,0.7055555555555556,low,0.000000,0.999999,0.000001,0.999999,-0.999999
rylV-2C9KQ,2019,0.923809523809524,high,1.000000,0.000000,0.000000,1.000000,1.000000
ryfz73C9KQ,2019,0.7402597402597403,unknown,0.000000,0.000000,1.000000,0.000000,-0.000000
rygjcsR9Y7,2019,0.8015873015873016,low,0.000000,1.000000,0.000000,1.000000,-1.000000
ryfcCo0ctQ,2019,0.3409090909090909,unknown,0.000000,0.000000,1.000000,0.000000,-0.000000
rylNH20qFQ,2019,0.7692307692307693,low,0.000000,0.999999,0.000001,0.999999,-0.999999
rygFmh0cKm,2019,nan,unknown,0.000000,0.000000,1.000000,0.000000,-0.000000
rygVV205KQ,2019,0.1948051948051948,unknown,0.000000,0.000000,1.000000,0.000000,-0.000000
rygp3iRcF7,2019,nan,low,0.000000,0.999995,0.000005,0.999995,-0.999995
ryf6Fs09YX,2019,0.3126984126984127,unknown,0.000000,0.000000,1.000000,0.000000,-0.000000
rylKB3A9Fm,2019,0.935064935064935,unknown,0.000000,0.000000,1.000000,0.000000,-0.000000
ryetZ20ctX,2019,0.6896825396825397,unknown,0.000000,0.000000,1.000000,0.000000,-0.000000
rygunsAqYQ,2019,0.8063492063492064,high,1.000000,0.000000,0.000000,1.000000,1.000000
ryfMLoCqtQ,2019,0.7055555555555556,unknown,0.000000,0.000000,1.000000,0.000000,-0.000000
ryggIs0cYQ,2019,0.926984126984127,high,1.000000,0.000000,0.000000,1.000000,0.999999
ryf7ioRqFX,2019,0.430952380952381,low,0.000000,0.999999,0.000001,0.999999,-0.999999
ryeyti0qKX,2019,nan,unknown,0.000000,0.000000,1.000000,0.000000,-0.000000
ryekdoCqF7,2019,nan,unknown,0.000000,0.000000,1.000000,0.000000,-0.000000
ryepUj0qtX,2019,0.430952380952381,unknown,0.000000,0.000000,1.000000,0.000000,-0.000000
rye7knCqK7,2019,0.7272727272727273,unknown,0.000000,0.000000,1.000000,0.000000,-0.000000
ryeoxnRqKQ,2019,0.1603174603174603,low,0.000000,1.000000,0.000000,1.000000,-1.000000
ryeYHi0ctQ,2019,0.92,low,0.000000,1.000000,0.000000,1.000000,-1.000000
ryGs6iA5Km,2019,nan,high,1.000000,0.000000,0.000000,1.000000,1.000000
ryeX-nC9YQ,2019,0.2873015873015873,unknown,0.000000,0.000000,1.000000,0.000000,-0.000000
ryeh4jA9F7,2019,0.4817460317460317,low,0.000000,0.999999,0.000001,0.999999,-0.999999
ryM_IoAqYX,2019,0.5952380952380952,unknown,0.000000,0.000000,1.000000,0.000000,-0.000000
rye7XnRqFm,2019,0.1948051948051948,unknown,0.000000,0.000000,1.000000,0.000000,-0.000000
ryGvcoA5YX,2019,0.8420634920634921,unknown,0.000000,0.000000,1.000000,0.000000,-0.000000
ryEkcsActX,2019,0.196031746031746,unknown,0.000000,0.000000,1.000000,0.000000,-0.000000
ryeaZhRqFm,2019,0.3865079365079365,unknown,0.000000,0.000000,1.000000,0.000000,-0.000000
ryeOSnAqYm,2019,0.4984126984126984,unknown,0.000000,0.000000,1.000000,0.000000,-0.000000
ryM07h0cYX,2019,0.0551948051948051,unknown,0.000000,0.000000,1.000000,0.000000,-0.000000
ryMQ5sRqYX,2019,0.5158730158730159,unknown,0.000000,0.000000,1.000000,0.000000,-0.000000
rkzjUoAcFX,2019,0.8414634146341463,unknown,0.000000,0.000000,1.000000,0.000000,-0.000000
ryG2Cs09Y7,2019,0.3373015873015873,unknown,0.000000,0.000000,1.000000,0.000000,-0.000000
ryGDEjCcK7,2019,nan,unknown,0.000000,0.000000,1.000000,0.000000,-0.000000
ryemosC9tm,2019,0.1603174603174603,unknown,0.000000,0.000000,1.000000,0.000000,-0.000000
ryeAy3AqYm,2019,0.3409090909090909,unknown,0.000000,0.000000,1.000000,0.000000,-0.000000
ryGkSo0qYm,2019,nan,unknown,0.000000,0.000000,1.000000,0.000000,-0.000000
rye4g3AqFm,2019,0.8579365079365079,low,0.000000,0.999998,0.000002,0.999998,-0.999998
rkzUYjCcFm,2019,0.14,unknown,0.000000,0.000000,1.000000,0.000000,-0.000000
ryGpEiAcFQ,2019,nan,unknown,0.000000,0.000000,1.000000,0.000000,-0.000000
ryG8UsR5t7,2019,nan,low,0.000000,1.000000,0.000000,1.000000,-1.000000
ryGgSsAcFQ,2019,0.2873015873015873,low,0.000000,0.999990,0.000010,0.999990,-0.999990
rkzfuiA9F7,2019,0.4523809523809524,low,0.000000,1.000000,0.000000,1.000000,-1.000000
rkxhX209FX,2019,nan,unknown,0.000000,0.000000,1.000000,0.000000,-0.000000
ryGiYoAqt7,2019,0.1948051948051948,unknown,0.000000,0.000000,1.000000,0.000000,-0.000000
rkxw-hAcFQ,2019,0.7136752136752137,unknown,0.000000,0.000000,1.000000,0.000000,-0.000000
ryE98iR5tm,2019,0.746031746031746,unknown,0.000000,0.000000,1.000000,0.000000,-0.000000
rklz9iAcKQ,2019,0.9761904761904762,high,1.000000,0.000000,0.000000,1.000000,1.000000
rkxraoRcF7,2019,0.5484126984126985,unknown,0.000000,0.000000,1.000000,0.000000,-0.000000
rkxt8oC9FQ,2019,0.7896825396825397,unknown,0.000000,0.000000,1.000000,0.000000,-0.000000
rkx1m2C5YQ,2019,0.6507936507936508,low,0.000000,0.999999,0.000001,0.999999,-0.999999
rkxn7nR5KX,2019,0.6507936507936508,unknown,0.000000,0.000001,0.999999,0.000001,-0.000001
rkxoNnC5FQ,2019,0.6150793650793651,unknown,0.000000,0.000000,1.000000,0.000000,-0.000000
rkxusjRctQ,2019,0.64,unknown,0.000000,0.000000,1.000000,0.000000,-0.000000
rkx8l3Cctm,2019,0.275974025974026,unknown,0.000000,0.000000,1.000000,0.000000,-0.000000
rkxtl3C5YX,2019,0.0551948051948051,low,0.000000,1.000000,0.000000,1.000000,-1.000000
rkzDIiA5YQ,2019,0.5952380952380952,low,0.000000,1.000000,0.000000,1.000000,-1.000000
rkxkHnA5tX,2019,0.0551948051948051,unknown,0.000000,0.000000,1.000000,0.000000,-0.000000
rkxd2oR9Y7,2019,0.3373015873015873,unknown,0.000000,0.000001,0.999999,0.000001,-0.000001
rklwwo05Ym,2019,0.430952380952381,unknown,0.000000,0.000000,1.000000,0.000000,-0.000000
rkxfjjA5Km,2019,0.5158730158730159,low,0.000000,1.000000,0.000000,1.000000,-1.000000
rklhb2R9Y7,2019,0.1948051948051948,unknown,0.000000,0.000000,1.000000,0.000000,-0.000000
rkxjnjA5KQ,2019,0.6948051948051948,unknown,0.000000,0.000001,0.999999,0.000001,-0.000001
rkl3-hA5Y7,2019,0.1951219512195122,unknown,0.000000,0.000000,1.000000,0.000000,-0.000000
rklQas09tm,2019,0.3865079365079365,unknown,0.000000,0.000000,1.000000,0.000000,-0.000000
rkxJus0cFX,2019,nan,low,0.000000,1.000000,0.000000,1.000000,-1.000000
rkl6As0cF7,2019,0.7694805194805194,unknown,0.000000,0.000000,1.000000,0.000000,-0.000000
rkxciiC9tm,2019,0.1948051948051948,low,0.000000,1.000000,0.000000,1.000000,-1.000000
rklaWn0qK7,2019,0.7896825396825397,unknown,0.000000,0.000000,1.000000,0.000000,-0.000000
rkle3i09K7,2019,0.2692307692307692,unknown,0.000000,0.000000,1.000000,0.000000,-0.000000
rkgv9oRqtQ,2019,nan,unknown,0.000000,0.000000,1.000000,0.000000,-0.000000
rkxacs0qY7,2019,0.9047619047619048,unknown,0.000000,0.000000,1.000000,0.000000,-0.000000
rkxaNjA9Ym,2019,0.3619047619047619,low,0.000000,0.999994,0.000006,0.999994,-0.999994
rkluJ2R9KQ,2019,0.6071428571428571,high,1.000000,0.000000,0.000000,1.000000,1.000000
rklXaoAcFX,2019,0.8761904761904762,high,1.000000,0.000000,0.000000,1.000000,1.000000
rkgwuiA9F7,2019,0.5555555555555556,low,0.000000,1.000000,0.000000,1.000000,-1.000000
rkl4M3R5K7,2019,nan,unknown,0.000000,0.000000,1.000000,0.000000,-0.000000
rkgqCiRqKQ,2019,0.1363636363636363,unknown,0.000000,0.000000,1.000000,0.000000,-0.000000
rklEUjR5tm,2019,0.0325396825396825,unknown,0.000000,0.000000,1.000000,0.000000,-0.000000
rkgBHoCqYX,2019,0.3126984126984127,unknown,0.000000,0.000000,1.000000,0.000000,-0.000000
rkl42iA5t7,2019,0.4103174603174603,low,0.000000,0.999995,0.000005,0.999995,-0.999995
rkgT3jRct7,2019,0.4512195121951219,unknown,0.000000,0.000000,1.000000,0.000000,-0.000000
rkgZ3oR9FX,2019,nan,unknown,0.000000,0.000000,1.000000,0.000000,-0.000000
rkglvsC9Ym,2019,0.782051282051282,unknown,0.000000,0.000001,0.999999,0.000001,-0.000001
rkgbwsAcYm,2019,0.8611111111111112,unknown,0.000000,0.000000,1.000000,0.000000,-0.000000
rkgsvoA9K7,2019,0.4658119658119658,low,0.000000,0.999999,0.000001,0.999999,-0.999999
rkeT8iR9Y7,2019,0.2547619047619047,unknown,0.000000,0.000000,1.000000,0.000000,-0.000000
rkeUrjCcYQ,2019,nan,low,0.000000,1.000000,0.000000,1.000000,-1.000000
rkgKBhA5Y7,2019,0.9285714285714286,unknown,0.000000,0.000000,1.000000,0.000000,-0.000000
rkgMNnC9YQ,2019,nan,unknown,0.000000,0.000002,0.999998,0.000002,-0.000002
rkeqCoA5tX,2019,0.0726495726495726,unknown,0.000000,0.000000,1.000000,0.000000,-0.000000
rkgW0oA9FX,2019,0.9031746031746032,low,0.000000,0.999998,0.000002,0.999998,-0.999998
rkgpy3C5tX,2019,0.8341269841269842,unknown,0.000000,0.000000,1.000000,0.000000,-0.000000
rket4i0qtX,2019,nan,low,0.000000,1.000000,0.000000,1.000000,-1.000000
rkeYUsRqKQ,2019,0.1951219512195122,unknown,0.000000,0.000000,1.000000,0.000000,-0.000000
rkeMHjR9Ym,2019,0.2253968253968254,unknown,0.000000,0.000000,1.000000,0.000000,-0.000000
rkeX-3Rqtm,2019,nan,low,0.000000,0.999891,0.000109,0.999891,-0.999891
rkgfWh0qKX,2019,nan,low,0.000000,0.999996,0.000004,0.999996,-0.999996
rkgK3oC5Fm,2019,0.5817460317460318,low,0.000000,0.999860,0.000140,0.999860,-0.999860
rkGcYi09Km,2019,0.0426829268292682,low,0.000000,1.000000,0.000000,1.000000,-1.000000
rke4HiAcY7,2019,0.5341269841269841,unknown,0.000000,0.000000,1.000000,0.000000,-0.000000
rJxgknCcK7,2019,0.9316239316239316,high,1.000000,0.000000,0.000000,1.000000,1.000000
rkMnHjC5YQ,2019,nan,unknown,0.000000,0.000000,1.000000,0.000000,-0.000000
rkVOXhAqY7,2019,0.3373015873015873,unknown,0.000000,0.000000,1.000000,0.000000,-0.000000
rkMhusC5Y7,2019,0.3409090909090909,unknown,0.000000,0.000000,1.000000,0.000000,-0.000000
rk4Wf30qKQ,2019,0.776984126984127,unknown,0.000000,0.000000,1.000000,0.000000,-0.000000
rJzoujRct7,2019,0.1948051948051948,low,0.000000,1.000000,0.000000,1.000000,-1.000000
rkg5fh0ctQ,2019,nan,unknown,0.000000,0.000000,1.000000,0.000000,-0.000000
rke8ZhCcFQ,2019,0.796031746031746,unknown,0.000000,0.000000,1.000000,0.000000,-0.000000
rJxpuoCqtQ,2019,nan,unknown,0.000000,0.000000,1.000000,0.000000,-0.000000
rJxHsjRqFQ,2019,0.7531746031746032,high,1.000000,0.000000,0.000000,1.000000,1.000000
rJlpUiAcYX,2019,0.196031746031746,unknown,0.000000,0.000000,1.000000,0.000000,-0.000000
rkgd0iA9FQ,2019,0.85,unknown,0.000000,0.000000,1.000000,0.000000,-0.000000
rk4Qso0cKm,2019,0.8642857142857143,unknown,0.000000,0.000000,1.000000,0.000000,-0.000000
rJx_b3RqY7,2019,0.2222222222222222,unknown,0.000000,0.000000,1.000000,0.000000,-0.000000
rJxcHnRqYQ,2019,nan,unknown,0.000000,0.000000,1.000000,0.000000,-0.000000
rJxMM2C5K7,2019,0.2547619047619047,low,0.000000,0.999997,0.000003,0.999997,-0.999997
rkGG6s0qKQ,2019,0.905982905982906,unknown,0.000000,0.000000,1.000000,0.000000,-0.000000
rJxug2R9Km,2019,0.3733766233766233,unknown,0.000000,0.000000,1.000000,0.000000,-0.000000
rJlg1n05YX,2019,0.0325396825396825,unknown,0.000000,0.000000,1.000000,0.000000,-0.000000
rJxNAjC5F7,2019,0.2253968253968254,unknown,0.000000,0.000000,1.000000,0.000000,-0.000000
rkeSiiA5Fm,2019,0.74,low,0.000000,0.999904,0.000096,0.999904,-0.999904
rJxXDsCqYX,2019,0.2804878048780488,unknown,0.000000,0.000000,1.000000,0.000000,-0.000000
rkMD73A5FX,2019,nan,low,0.000000,0.999999,0.000001,0.999999,-0.999999
rJlk6iRqKX,2019,nan,unknown,0.000000,0.000000,1.000000,0.000000,-0.000000
rJxF73R9tX,2019,nan,unknown,0.000000,0.000000,1.000000,0.000000,-0.000000
rJlnB3C5Ym,2019,0.9952380952380953,high,1.000000,0.000000,0.000000,1.000000,0.999999
rJl_NhR9K7,2019,0.2222222222222222,unknown,0.000000,0.000000,1.000000,0.000000,-0.000000
rJleN20qK7,2019,0.5324675324675324,unknown,0.000000,0.000000,1.000000,0.000000,-0.000000
rJl8FoRcY7,2019,nan,unknown,0.000000,0.000000,1.000000,0.000000,-0.000000
rJlEojAqFm,2019,0.6363636363636364,unknown,0.000000,0.000000,1.000000,0.000000,-0.000000
rJlcV2Actm,2019,0.0325396825396825,unknown,0.000000,0.468780,0.531220,0.468780,-0.468780
rJlMBjAcYX,2019,nan,unknown,0.000000,0.000000,1.000000,0.000000,-0.000000
rJl2E3AcF7,2019,0.1603174603174603,unknown,0.000000,0.000000,1.000000,0.000000,-0.000000
rJliMh09F7,2019,0.9145299145299144,low,0.000000,0.999290,0.000710,0.999290,-0.999290
rJgfjjC9Ym,2019,0.5158730158730159,unknown,0.000000,0.000000,1.000000,0.000000,-0.000000
rJlDnoA5Y7,2019,0.776984126984127,low,0.000000,0.999998,0.000002,0.999998,-0.999998
rJgMlhRctm,2019,0.9253968253968254,high,1.000000,0.000000,0.000000,1.000000,1.000000
rJl6M2C5Y7,2019,0.0325396825396825,unknown,0.000000,0.000000,1.000000,0.000000,-0.000000
rJl4BsR5KX,2019,nan,unknown,0.000000,0.000000,1.000000,0.000000,-0.000000
rJlWOj0qF7,2019,0.4674603174603174,low,0.000000,0.999995,0.000005,0.999995,-0.999995
rJg_NjCqtX,2019,nan,unknown,0.000000,0.000000,1.000000,0.000000,-0.000000
rJgTciR9tm,2019,nan,unknown,0.000000,0.000000,1.000000,0.000000,-0.000000
rJlHIo09KQ,2019,0.2873015873015873,low,0.000000,1.000000,0.000000,1.000000,-1.000000
rJl3S2A9t7,2019,0.2987012987012987,unknown,0.000000,0.000000,1.000000,0.000000,-0.000000
rJg6ssC5Y7,2019,0.2873015873015873,low,0.000000,1.000000,0.000000,1.000000,-1.000000
rJgvf3RcFQ,2019,0.5324675324675324,unknown,0.000000,0.000000,1.000000,0.000000,-0.000000
rJeXCo0cYX,2019,0.8409090909090909,high,1.000000,0.000000,0.000000,1.000000,1.000000
rJe4ShAcF7,2019,0.9914529914529916,high,1.000000,0.000000,0.000000,1.000000,1.000000
rJgSV3AqKQ,2019,0.0325396825396825,unknown,0.000000,0.000000,1.000000,0.000000,-0.000000
rJfW5oA5KQ,2019,0.7238095238095238,unknown,0.000000,0.000000,1.000000,0.000000,-0.000000
rJgYxn09Fm,2019,0.5952380952380952,unknown,0.000000,0.000000,1.000000,0.000000,-0.000000
rJl-HsR9KX,2019,0.8920634920634921,unknown,0.000000,0.000000,1.000000,0.000000,-0.000000
rJedbn0ctQ,2019,0.4512195121951219,unknown,0.000000,0.000000,1.000000,0.000000,-0.000000
rJevYoA9Fm,2019,0.8674603174603175,unknown,0.000000,0.000000,1.000000,0.000000,-0.000000
rJedV3R5tm,2019,nan,low,0.000000,0.999997,0.000003,0.999997,-0.999997
rJed6j0cKX,2019,0.9333333333333332,high,1.000000,0.000000,0.000000,1.000000,1.000000
rJg8yhAqKm,2019,0.7402597402597403,unknown,0.000000,0.000000,1.000000,0.000000,-0.000000
rJ4km2R5t7,2019,1.0,high,1.000000,0.000000,0.000000,1.000000,1.000000
rJgz8sA5F7,2019,nan,unknown,0.000000,0.000000,1.000000,0.000000,-0.000000
rJe1y3CqtX,2019,nan,unknown,0.000000,0.000000,1.000000,0.000000,-0.000000
rJl8viCqKQ,2019,0.7714285714285715,unknown,0.000000,0.000000,1.000000,0.000000,-0.000000
rJf0BjAqYX,2019,nan,unknown,0.000000,0.000000,1.000000,0.000000,-0.000000
rJgP7hR5YQ,2019,nan,unknown,0.000000,0.000001,0.999999,0.000001,-0.000001
rJVorjCcKQ,2019,0.9634920634920636,unknown,0.000000,0.000000,1.000000,0.000000,-0.000000
rJgbSn09Ym,2019,0.9285714285714286,unknown,0.000000,0.000000,1.000000,0.000000,-0.000000
rJNH6sAqY7,2019,0.5341269841269841,unknown,0.000000,0.000000,1.000000,0.000000,-0.000000
rJeEqiC5KQ,2019,0.0325396825396825,unknown,0.000000,0.000000,1.000000,0.000000,-0.000000
rJeQYjRqYX,2019,nan,low,0.000000,0.999991,0.000009,0.999991,-0.999991
rJe10iC5K7,2019,0.5952380952380952,unknown,0.000000,0.000000,1.000000,0.000000,-0.000000
rJ4vlh0qtm,2019,0.0551948051948051,unknown,0.000000,0.000000,1.000000,0.000000,-0.000000
rJEjjoR9K7,2019,0.8674603174603175,unknown,0.000000,0.000000,1.000000,0.000000,-0.000000
rJG8asRqKX,2019,0.1603174603174603,unknown,0.000000,0.000000,1.000000,0.000000,-0.000000
rJVoEiCqKQ,2019,0.5571428571428572,low,0.000000,0.999990,0.000010,0.999990,-0.999990
r1xkIjA9tX,2019,nan,low,0.000000,1.000000,0.000000,1.000000,-1.000000
r1ztwiCcYQ,2019,0.0325396825396825,unknown,0.000000,0.000000,1.000000,0.000000,-0.000000
rJEyrjRqYX,2019,nan,unknown,0.000000,0.000000,1.000000,0.000000,-0.000000
rJ4qXnCqFX,2019,nan,unknown,0.000000,0.000000,1.000000,0.000000,-0.000000
rJNwDjAqYX,2019,1.0,low,0.000000,1.000000,0.000000,1.000000,-1.000000
r1xywsC9tQ,2019,0.0426829268292682,unknown,0.000000,0.000000,1.000000,0.000000,-0.000000
r1xrb3CqtQ,2019,0.0726495726495726,unknown,0.000000,0.000000,1.000000,0.000000,-0.000000
r1zOg309tX,2019,0.3373015873015873,unknown,0.000000,0.000001,0.999999,0.000001,-0.000001
r1xwqjRcY7,2019,nan,unknown,0.000000,0.000000,1.000000,0.000000,-0.000000
r1xurn0cKQ,2019,0.4523809523809524,unknown,0.000000,0.000000,1.000000,0.000000,-0.000000
r1znKiAcY7,2019,0.3126984126984127,unknown,0.000000,0.000000,1.000000,0.000000,-0.000000
r1xlvi0qYm,2019,0.4674603174603174,unknown,0.000000,0.000000,1.000000,0.000000,-0.000000
r1xX42R5Fm,2019,0.4984126984126984,low,0.000000,1.000000,0.000000,1.000000,-1.000000
r1xdH3CcKX,2019,0.6698412698412698,unknown,0.000000,0.000000,1.000000,0.000000,-0.000000
r1xQQhAqKX,2019,nan,unknown,0.000000,0.000000,1.000000,0.000000,-0.000000
r1xN5oA5tm,2019,0.4756097560975609,unknown,0.000000,0.000000,1.000000,0.000000,-0.000000
r1zmVhCqKm,2019,0.5670731707317073,unknown,0.000000,0.000000,1.000000,0.000000,-0.000000
r1lyTjAqYX,2019,nan,high,1.000000,0.000000,0.000000,1.000000,1.000000
r1xwKoR9Y7,2019,0.6896825396825397,unknown,0.000000,0.000008,0.999992,0.000008,-0.000008
r1xyx3R9tQ,2019,0.4817460317460317,unknown,0.000000,0.000000,1.000000,0.000000,-0.000000
r1xFE3Rqt7,2019,0.5158730158730159,unknown,0.000000,0.000000,1.000000,0.000000,-0.000000
r1x4BnCqKX,2019,0.3034188034188034,unknown,0.000000,0.000000,1.000000,0.000000,-0.000000
r1lYRjC9F7,2019,0.9401709401709402,high,1.000000,0.000000,0.000000,1.000000,1.000000
r1lohoCqY7,2019,nan,unknown,0.000000,0.000000,1.000000,0.000000,-0.000000
r1xwS3RqKQ,2019,nan,unknown,0.000000,0.000001,0.999999,0.000001,-0.000001
r1ledo0ctX,2019,nan,unknown,0.000000,0.000000,1.000000,0.000000,-0.000000
r1lq1hRqYQ,2019,0.8409090909090909,unknown,0.000000,0.000000,1.000000,0.000000,-0.000000
r1lM_sA5Fm,2019,0.0426829268292682,unknown,0.000000,0.000000,1.000000,0.000000,-0.000000
r1gnQ20qYX,2019,nan,low,0.000000,1.000000,0.000000,1.000000,-1.000000
r1lFIiR9tQ,2019,0.2222222222222222,unknown,0.000000,0.000001,1.000000,0.000001,-0.000001
r1lgm3C5t7,2019,0.8611111111111112,unknown,0.000000,0.000000,1.000000,0.000000,-0.000000
r1gR2sC9FX,2019,0.9412698412698411,high,1.000000,0.000000,0.000000,1.000000,1.000000
r1gl7hC5Km,2019,0.8722222222222222,unknown,0.000000,0.000000,1.000000,0.000000,-0.000000
r1luCsCqFm,2019,0.0325396825396825,unknown,0.000000,0.000000,1.000000,0.000000,-0.000000
r1l3NiCqY7,2019,0.1031746031746031,unknown,0.000000,0.000000,1.000000,0.000000,-0.000000
r1gVqsA9tQ,2019,0.1623931623931624,low,0.000000,1.000000,0.000000,1.000000,-1.000000
r1xYr3C5t7,2019,0.6801587301587302,unknown,0.000000,0.000000,1.000000,0.000000,-0.000000
r1glehC5tQ,2019,0.1031746031746031,low,0.000000,0.999995,0.000005,0.999995,-0.999995
r1gkAoA5FQ,2019,nan,unknown,0.000000,0.000000,1.000000,0.000000,-0.000000
r1xRW3A9YX,2019,0.3865079365079365,low,0.000000,0.999999,0.000001,0.999999,-0.999999
r1l9Nj09YQ,2019,0.1951219512195122,unknown,0.000000,0.000000,1.000000,0.000000,-0.000000
r1gNni0qtm,2019,0.2873015873015873,unknown,0.000000,0.000000,1.000000,0.000000,-0.000000
r1gEqiC9FX,2019,0.196031746031746,unknown,0.000000,0.000001,0.999999,0.000001,-0.000001
r1lpx3A9K7,2019,0.4487179487179487,low,0.000000,0.999997,0.000003,0.999997,-0.999997
r1fWmnR5tm,2019,0.3373015873015873,unknown,0.000000,0.000000,1.000000,0.000000,-0.000000
r1l-e3Cqtm,2019,0.5769230769230769,low,0.000000,0.999995,0.000005,0.999995,-0.999995
r1laEnA5Ym,2019,0.9071428571428573,unknown,0.000000,0.000000,1.000000,0.000000,-0.000000
r1fE3sAcYQ,2019,0.430952380952381,unknown,0.000000,0.000000,1.000000,0.000000,-0.000000
r1fO8oC9Y7,2019,0.1951219512195122,unknown,0.000000,0.000000,1.000000,0.000000,-0.000000
r1ez_sRcFQ,2019,0.1031746031746031,low,0.000000,1.000000,0.000000,1.000000,-1.000000
r1fiFs09YX,2019,nan,unknown,0.000000,0.000000,1.000000,0.000000,-0.000000
r1g1LoAcFm,2019,nan,unknown,0.000000,0.000000,1.000000,0.000000,-0.000000
r1gKNs0qYX,2019,0.0325396825396825,low,0.000000,0.999999,0.000001,0.999999,-0.999999
r1f0YiCctm,2019,0.5650793650793651,low,0.000000,0.999999,0.000001,0.999999,-0.999999
r1lrAiA5Ym,2019,0.6896825396825397,unknown,0.000011,0.000000,0.000000,0.000011,0.000011
r1lWUoA9FQ,2019,nan,low,0.000000,0.999974,0.000026,0.999974,-0.999974
r1gOe209t7,2019,0.4103174603174603,unknown,0.000000,0.000001,0.999999,0.000001,-0.000001
r1g7y2RqYX,2019,nan,low,0.000000,1.000000,0.000000,1.000000,-1.000000
r1ge8sCqFX,2019,0.4103174603174603,unknown,0.000000,0.000000,1.000000,0.000000,-0.000000
r1f78iAcFm,2019,0.9675324675324676,low,0.000000,1.000000,0.000000,1.000000,-1.000000
r1exVhActQ,2019,0.0325396825396825,low,0.000000,1.000000,0.000000,1.000000,-1.000000
r1g4E3C9t7,2019,0.8547619047619047,low,0.000000,0.999664,0.000336,0.999664,-0.999664
r1espiA9YQ,2019,nan,unknown,0.000000,0.000000,1.000000,0.000000,-0.000000
r1Vx_oA5YQ,2019,0.2692307692307692,low,0.000000,1.000000,0.000000,1.000000,-1.000000
r1erRoCqtX,2019,nan,low,0.000000,1.000000,0.000000,1.000000,-1.000000
r1eO_oCqtQ,2019,0.1031746031746031,unknown,0.000000,0.000000,1.000000,0.000000,-0.000000
r1eEG20qKQ,2019,0.6365079365079365,unknown,0.000000,0.000000,1.000000,0.000000,-0.000000
r1eiqi09K7,2019,0.8722222222222222,low,0.000000,1.000000,0.000000,1.000000,-1.000000
r1NDBsAqY7,2019,nan,unknown,0.000000,0.000000,1.000000,0.000000,-0.000000
r1VPNiA5Fm,2019,0.4817460317460317,unknown,0.000000,0.000000,1.000000,0.000000,-0.000000
r1MxciCcKm,2019,0.4123376623376623,unknown,0.000000,0.000000,1.000000,0.000000,-0.000000
r1GbfhRqF7,2019,0.4817460317460317,unknown,0.000000,0.000000,1.000000,0.000000,-0.000000
r1Gsk3R9Fm,2019,nan,unknown,0.000000,0.000000,1.000000,0.000000,-0.000000
r1esnoAqt7,2019,0.5484126984126985,low,0.000000,0.999998,0.000002,0.999998,-0.999998
r1eVMnA9K7,2019,0.7532467532467533,unknown,0.000000,0.000000,1.000000,0.000000,-0.000000
r1Nb5i05tX,2019,0.2547619047619047,unknown,0.000000,0.000000,1.000000,0.000000,-0.000000
r1NJqsRctX,2019,nan,unknown,0.000000,0.000000,1.000000,0.000000,-0.000000
r1GAsjC5Fm,2019,0.948051948051948,unknown,0.000000,0.000000,1.000000,0.000000,-0.000000
r1gGpjActQ,2019,0.5487804878048781,low,0.000000,0.999998,0.000002,0.999998,-0.999998
r1elIi09K7,2019,0.9095238095238096,unknown,0.000000,0.000000,1.000000,0.000000,-0.000000
r1V0m3C5YQ,2019,0.3846153846153846,low,0.000000,0.999994,0.000005,0.999994,-0.999994
r1efr3C9Ym,2019,0.6507936507936508,low,0.000000,0.999992,0.000008,0.999992,-0.999992
r1E0OsA9tX,2019,0.1603174603174603,unknown,0.000000,0.000000,1.000000,0.000000,-0.000000
SyzVb3CcFX,2019,0.74,unknown,0.000000,0.000000,1.000000,0.000000,-0.000000
r14EOsCqKX,2019,0.8285714285714286,unknown,0.000000,0.000000,1.000000,0.000000,-0.000000
Syzn9i05Ym,2019,0.6367521367521367,unknown,0.000000,0.000000,1.000000,0.000000,-0.000000
SyzjBiR9t7,2019,0.0325396825396825,unknown,0.000000,0.000000,1.000000,0.000000,-0.000000
r1GgDj0cKX,2019,nan,unknown,0.000000,0.000000,1.000000,0.000000,-0.000000
Syxt5oC5YQ,2019,0.3126984126984127,unknown,0.000000,0.000000,1.000000,0.000000,-0.000000
SyxwW2A5Km,2019,0.1031746031746031,unknown,0.000000,0.000000,1.000000,0.000000,-0.000000
SyxZJn05YX,2019,0.56,unknown,0.000000,0.000000,1.000000,0.000000,-0.000000
Syxgbh05tQ,2019,0.1363636363636363,low,0.000000,1.000000,0.000000,1.000000,-1.000000
SyxtJh0qYm,2019,0.8461538461538461,unknown,0.000000,0.000001,0.999999,0.000001,-0.000001
SyxfEn09Y7,2019,nan,low,0.000000,1.000000,0.000000,1.000000,-1.000000
r14Aas09Y7,2019,0.3034188034188034,unknown,0.000000,0.000000,1.000000,0.000000,-0.000000
SyxAb30cY7,2019,0.9809523809523808,high,1.000000,0.000000,0.000000,1.000000,1.000000
SyxYEoA5FX,2019,0.0325396825396825,unknown,0.000000,0.000000,1.000000,0.000000,-0.000000
SyxaYsAqY7,2019,0.7626984126984127,unknown,0.000000,0.000000,1.000000,0.000000,-0.000000
SyzrLjA5FQ,2019,0.196031746031746,unknown,0.000000,0.000000,1.000000,0.000000,-0.000000
SyxknjC9KQ,2019,0.5341269841269841,low,0.000000,0.999769,0.000231,0.999769,-0.999769
r1My6sR9tX,2019,0.9158730158730158,low,0.000000,0.999820,0.000180,0.999820,-0.999820
SyxZOsA9tX,2019,nan,low,0.000000,0.999998,0.000002,0.999998,-0.999998
SyxHKjAcYX,2019,0.5341269841269841,unknown,0.000000,0.000000,1.000000,0.000000,-0.000000
Syxt2jC5FX,2019,0.1031746031746031,unknown,0.000000,0.000001,0.999999,0.000001,-0.000001
SylLYsCcFm,2019,0.7325396825396825,unknown,0.000000,0.000000,1.000000,0.000000,-0.000000
Syx9rnRcYm,2019,nan,unknown,0.000000,0.000000,1.000000,0.000000,-0.000000
SylPMnR9Ym,2019,0.4230769230769231,unknown,0.000000,0.000000,1.000000,0.000000,-0.000000
Syx5V2CcFm,2019,0.3373015873015873,unknown,0.000000,0.000000,1.000000,0.000000,-0.000000
Syl6tjAqKX,2019,nan,unknown,0.000000,0.000000,1.000000,0.000000,-0.000000
SylCrnCcFX,2019,0.4984126984126984,unknown,0.000000,0.000000,1.000000,0.000000,-0.000000
r1GB5jA5tm,2019,0.3373015873015873,unknown,0.000000,0.000000,1.000000,0.000000,-0.000000
SyxMWh09KX,2019,0.6365079365079365,unknown,0.000000,0.000000,1.000000,0.000000,-0.000000
SyxXhsAcFQ,2019,0.0325396825396825,unknown,0.000000,0.000000,1.000000,0.000000,-0.000000
Syx4_iCqKQ,2019,nan,low,0.000000,0.999990,0.000010,0.999990,-0.999990
SylKoo0cKm,2019,0.6801587301587302,unknown,0.000000,0.000006,0.999994,0.000006,-0.000006
SygxYoC5FX,2019,0.0325396825396825,unknown,0.000000,0.000000,1.000000,0.000000,-0.000000
SygJSiA5YQ,2019,nan,unknown,0.000000,0.000000,1.000000,0.000000,-0.000000
Syx_Ss05tm,2019,0.5650793650793651,unknown,0.000000,0.000000,1.000000,0.000000,0.000000
Syl8Sn0cK7,2019,0.6150793650793651,unknown,0.000000,0.000000,1.000000,0.000000,-0.000000
SyxnvsAqFm,2019,nan,unknown,0.000000,0.000000,1.000000,0.000000,-0.000000
SygLehCqtm,2019,0.9507936507936507,unknown,0.000000,0.000000,1.000000,0.000000,-0.000000
SyfIfnC5Ym,2019,0.7936507936507936,unknown,0.000000,0.000000,1.000000,0.000000,-0.000000
Syx0Mh05YQ,2019,0.4523809523809524,unknown,0.000000,0.000000,1.000000,0.000000,-0.000000
SygHGnRqK7,2019,0.3619047619047619,unknown,0.000000,0.000000,1.000000,0.000000,-0.000000
SygD-hCcF7,2019,0.3373015873015873,unknown,0.000000,0.000000,1.000000,0.000000,-0.000000
SylU3jC5Y7,2019,0.3126984126984127,low,0.000000,0.999995,0.000005,0.999995,-0.999995
Syeil309tX,2019,nan,unknown,0.000000,0.000000,1.000000,0.000000,-0.000000
Syez3j0cKX,2019,0.196031746031746,unknown,0.000000,0.000000,1.000000,0.000000,-0.000000
Sygx4305KQ,2019,0.196031746031746,unknown,0.000000,0.000000,1.000000,0.000000,-0.000000
Syfz6sC9tQ,2019,nan,unknown,0.000000,0.000000,1.000000,0.000000,-0.000000
SygInj05Fm,2019,nan,low,0.000000,0.999996,0.000005,0.999996,-0.999996
SyerAiCqt7,2019,nan,unknown,0.000000,0.000000,1.000000,0.000000,-0.000000
SygONjRqKm,2019,nan,unknown,0.000000,0.000000,1.000000,0.000000,-0.000000
SyeQFiCcF7,2019,0.4984126984126984,low,0.000000,1.000000,0.000000,1.000000,-1.000000
Syx72jC9tm,2019,0.8984126984126984,unknown,0.000000,0.999998,0.000000,0.999998,-0.999998
SyehMhC9Y7,2019,0.7922077922077922,unknown,0.000000,0.000000,1.000000,0.000000,-0.000000
SyNvti09KQ,2019,0.4675324675324675,unknown,0.000000,0.000000,1.000000,0.000000,-0.000000
Syeben09FQ,2019,0.2873015873015873,unknown,0.000000,0.000004,0.999996,0.000004,-0.000004
SyfXKoRqFQ,2019,nan,unknown,0.000000,0.000000,1.000000,0.000000,-0.000000
SyeKf30cFQ,2019,0.3126984126984127,unknown,0.000000,0.000000,1.000000,0.000000,-0.000000
Sye2doC9tX,2019,nan,unknown,0.000000,0.000000,1.000000,0.000000,-0.000000
SygvZ209F7,2019,0.7,low,0.000000,0.999999,0.000001,0.999999,-0.999999
SyNbRj09Y7,2019,nan,unknown,0.000000,0.000000,1.000000,0.000000,-0.000000
SyMhLo0qKQ,2019,nan,unknown,0.000000,0.000000,1.000000,0.000000,-0.000000
SyMras0cFQ,2019,0.4674603174603174,unknown,0.000000,0.000000,1.000000,0.000000,-0.000000
SyVU6s05K7,2019,0.4984126984126984,low,0.000000,1.000000,0.000000,1.000000,-1.000000
Sye7qoC5FQ,2019,0.6039682539682539,unknown,0.000000,0.000000,1.000000,0.000000,-0.000000
SyeLno09Fm,2019,0.2253968253968254,unknown,0.000000,0.000000,1.000000,0.000000,-0.000000
Sy4lojC9tm,2019,nan,high,1.000000,0.000000,0.000000,1.000000,1.000000
SyVhg20cK7,2019,0.0551948051948051,unknown,0.000000,0.000000,1.000000,0.000000,-0.000000
SyVuRiC5K7,2019,0.9888888888888888,low,0.000000,1.000000,0.000000,1.000000,-1.000000
SyVpB2RqFX,2019,nan,unknown,0.000000,0.000000,1.000000,0.000000,-0.000000
SyMWn05F7,2019,0.672077922077922,unknown,0.000000,0.000000,1.000000,0.000000,-0.000000
SyezvsC5tX,2019,0.6968253968253968,unknown,0.000000,0.000000,1.000000,0.000000,-0.000000
SyG4RiR5Ym,2019,nan,unknown,0.000000,0.000000,1.000000,0.000000,-0.000000
SkxZFoAqtQ,2019,0.1036585365853658,unknown,0.000000,0.000000,1.000000,0.000000,-0.000000
Skz3Q2CcFX,2019,nan,unknown,0.000000,0.000000,1.000000,0.000000,-0.000000
SyGjQ30qFX,2019,0.2222222222222222,low,0.000000,1.000000,0.000000,1.000000,-1.000000
SyeBqsRctm,2019,nan,unknown,0.000000,0.000000,1.000000,0.000000,-0.000000
SkzK4iC5Ym,2019,nan,unknown,0.000000,0.000001,0.999999,0.000001,-0.000001
SkxXCi0qFX,2019,0.3733766233766233,low,0.000000,1.000000,0.000000,1.000000,-1.000000
SkxYOiCqKX,2019,nan,unknown,0.000000,0.000000,1.000000,0.000000,-0.000000
SyGjjsC5tQ,2019,0.3865079365079365,low,0.000000,0.989010,0.010990,0.989010,-0.989010
SklzIjActX,2019,nan,unknown,0.000000,0.000000,1.000000,0.000000,-0.000000
SkzeJ3A9F7,2019,0.1363636363636363,unknown,0.000000,0.000000,1.000000,0.000000,-0.000000
Skz-3j05tm,2019,0.6585365853658537,unknown,0.000000,0.000000,1.000000,0.000000,-0.000000
SkxxIs0qY7,2019,0.5299145299145299,low,0.000000,0.999993,0.000007,0.999993,-0.999993
SkxJ-309FQ,2019,0.9146341463414634,low,0.000000,1.000000,0.000000,1.000000,-1.000000
SkxXwo0qYm,2019,nan,unknown,0.000000,0.000000,1.000000,0.000000,-0.000000
SkxANsC9tQ,2019,nan,unknown,0.000000,0.000000,1.000000,0.000000,-0.000000
SkloDjAqYm,2019,0.2873015873015873,low,0.000000,1.000000,0.000000,1.000000,-1.000000
SklgHoRqt7,2019,0.2873015873015873,unknown,0.000000,0.000000,1.000000,0.000000,-0.000000
SklrrhRqFX,2019,0.0551948051948051,unknown,0.000000,0.000000,1.000000,0.000000,-0.000000
SkxbDsR9Ym,2019,nan,low,0.000000,0.999984,0.000016,0.999984,-0.999984
Sklr9i09KQ,2019,0.430952380952381,unknown,0.000000,0.000000,1.000000,0.000000,-0.000000
Skl3M20qYQ,2019,0.1623931623931624,unknown,0.000000,0.000000,1.000000,0.000000,-0.000000
Sklv5iRqYX,2019,0.5817460317460318,unknown,0.000000,0.000000,1.000000,0.000000,-0.000000
Sklqvo0qt7,2019,0.4523809523809524,unknown,0.000000,0.000000,1.000000,0.000000,-0.000000
SkgzYiRqtX,2019,0.9390243902439024,unknown,0.000000,0.000000,1.000000,0.000000,-0.000000
Syf9Q209YQ,2019,0.4523809523809524,unknown,0.000000,0.926014,0.000000,0.926014,-0.926014
SklcFsAcKX,2019,nan,unknown,0.000000,0.000000,1.000000,0.000000,-0.000000
SkgZNnR5tX,2019,0.430952380952381,unknown,0.000000,0.000000,1.000000,0.000000,-0.000000
Skl6k209Ym,2019,0.0325396825396825,unknown,0.000000,0.000000,1.000000,0.000000,-0.000000
SklckhR5Ym,2019,nan,low,0.000000,0.999994,0.000005,0.999994,-0.999994
Skluy2RcK7,2019,0.1031746031746031,low,0.000000,0.999999,0.000001,0.999999,-0.999999
Skh4jRcKQ,2019,0.8063492063492064,unknown,0.000000,0.000011,0.999989,0.000011,-0.000011
SkgToo0qFm,2019,nan,unknown,0.000000,0.000000,1.000000,0.000000,-0.000000
SyMDXnCcF7,2019,0.776984126984127,low,0.000000,1.000000,0.000000,1.000000,-1.000000
SklXvs0qt7,2019,0.7142857142857143,unknown,0.000000,0.000000,1.000000,0.000000,-0.000000
SkguE30ct7,2019,nan,unknown,0.000000,0.000000,1.000000,0.000000,-0.000000
SklEEnC5tQ,2019,nan,unknown,0.000000,0.000000,1.000000,0.000000,-0.000000
SkgiX2Aqtm,2019,nan,unknown,0.000000,0.000000,1.000000,0.000000,-0.000000
SkghN205KQ,2019,0.0325396825396825,unknown,0.000000,0.000002,0.999998,0.000002,-0.000002
SkfTIj0cKX,2019,0.0551948051948051,unknown,0.000000,0.000000,1.000000,0.000000,-0.000000
SkgVRiC9Km,2019,0.6365079365079365,unknown,0.000000,0.000001,0.999999,0.000001,-0.000001
Skgge3R9FQ,2019,nan,unknown,0.000000,0.000000,1.000000,0.000000,-0.000000
SkgQBn0cF7,2019,0.4935064935064935,unknown,0.000000,0.000000,1.000000,0.000000,-0.000000
SkfrvsA9FX,2019,0.9805194805194806,low,0.000000,1.000000,0.000000,1.000000,-1.000000
SkfhIo0qtQ,2019,0.24,unknown,0.000000,0.000005,0.999995,0.000005,-0.000005
SkenUj0qYm,2019,nan,unknown,0.000000,0.000000,1.000000,0.000000,-0.000000
SkgE8sRcK7,2019,0.2435064935064935,unknown,0.000000,0.000000,1.000000,0.000000,-0.000000
SkgKzh0cY7,2019,0.5,low,0.000000,1.000000,0.000000,1.000000,-1.000000
SkeRTsAcYm,2019,0.8658536585365854,high,1.000000,0.000000,0.000000,1.000000,1.000000
SkgEaj05t7,2019,0.6365079365079365,unknown,0.000000,0.000000,1.000000,0.000000,-0.000000
SkeK3s0qKQ,2019,0.961038961038961,high,1.000000,0.000000,0.000000,1.000000,1.000000
SkfMWhAqYQ,2019,0.9301587301587302,unknown,0.000000,0.000007,0.999993,0.000007,-0.000007
SkgkJn05YX,2019,0.4984126984126984,low,0.000000,0.999998,0.000002,0.999998,-0.999998
SkelJnRqt7,2019,0.3865079365079365,unknown,0.000000,0.000000,1.000000,0.000000,-0.000000
Skf-oo0qt7,2019,0.5484126984126985,unknown,0.000000,0.000000,1.000000,0.000000,-0.000000
SkeVsiAcYm,2019,0.4123376623376623,unknown,0.000000,0.000000,1.000000,0.000000,-0.000000
Skeke3C5Fm,2019,0.725609756097561,unknown,0.000000,0.000000,1.000000,0.000000,-0.000000
Ske1-209Y7,2019,nan,unknown,0.000000,0.000000,1.000000,0.000000,-0.000000
SkeQniAqK7,2019,nan,unknown,0.000000,0.000000,1.000000,0.000000,-0.000000
SkgCV205tQ,2019,nan,unknown,0.000000,0.000000,1.000000,0.000000,-0.000000
SkeZisA5t7,2019,0.3373015873015873,unknown,0.000000,0.000000,1.000000,0.000000,-0.000000
SkeJ6iR9Km,2019,0.5555555555555556,unknown,0.000000,0.000000,1.000000,0.000000,-0.000000
SkMx_iC9K7,2019,0.0726495726495726,unknown,0.000000,0.000000,1.000000,0.000000,-0.000000
SkeL6sCqK7,2019,nan,unknown,0.000000,0.000000,1.000000,0.000000,-0.000000
Ske6wiAcKQ,2019,nan,unknown,0.000000,0.000000,1.000000,0.000000,-0.000000
SkeXehR9t7,2019,0.938095238095238,low,0.000000,1.000000,0.000000,1.000000,-1.000000
SkMuPjRcKQ,2019,0.4103174603174603,unknown,0.000000,0.000000,1.000000,0.000000,-0.000000
SkMON20ctX,2019,0.196031746031746,high,1.000000,0.000000,0.000000,1.000000,1.000000
SkNSehA9FQ,2019,0.5650793650793651,unknown,0.000000,0.000000,1.000000,0.000000,-0.000000
SkMwpiR9Y7,2019,0.5158730158730159,unknown,0.000000,0.000000,1.000000,0.000000,-0.000000
SkVe3iA9Ym,2019,0.2987012987012987,unknown,0.000000,0.000000,1.000000,0.000000,-0.000000
SkGuG2R5tm,2019,0.6039682539682539,unknown,0.000000,0.000000,1.000000,0.000000,-0.000000
SkNSOjR9Y7,2019,nan,unknown,0.000000,0.000000,1.000000,0.000000,-0.000000
SkVRTj0cYQ,2019,nan,unknown,0.000000,0.000000,1.000000,0.000000,-0.000000
SkGpW3C5KX,2019,0.7126984126984127,unknown,0.000000,0.000000,1.000000,0.000000,-0.000000
SJzSgnRcKX,2019,nan,high,1.000000,0.000000,0.000000,1.000000,1.000000
SkGQujR5FX,2019,0.1031746031746031,low,0.000000,0.999999,0.000001,0.999999,-0.999999
Ske5r3AqK7,2019,nan,low,0.000000,0.999876,0.000124,0.999876,-0.999876
SkEqro0ctQ,2019,0.8253968253968254,unknown,0.000000,0.000000,1.000000,0.000000,-0.000000
Sk4jFoA9K7,2019,0.5484126984126985,low,0.000000,0.999993,0.000007,0.999993,-0.999993
SkMQg3C5K7,2019,0.9007936507936508,unknown,0.000000,0.000000,1.000000,0.000000,-0.000000
Ske25sC9FQ,2019,nan,unknown,0.000000,0.000000,1.000000,0.000000,-0.000000
SJzwvoCqF7,2019,0.7285714285714285,unknown,0.000000,0.000000,1.000000,0.000000,-0.000000
SkGT6sRcFX,2019,nan,unknown,0.000000,0.000000,1.000000,0.000000,-0.000000
SJxsV2R5FQ,2019,0.1603174603174603,unknown,0.000000,0.000000,1.000000,0.000000,-0.000000
SJz6MnC5YQ,2019,nan,unknown,0.000000,0.000000,1.000000,0.000000,-0.000000
SJxu5iR9KQ,2019,0.8116883116883117,unknown,0.000000,0.000000,1.000000,0.000000,-0.000000
SJzR2iRcK7,2019,0.5158730158730159,unknown,0.000000,0.000000,1.000000,0.000000,-0.000000
SkVhlh09tX,2019,0.951219512195122,unknown,0.000000,0.000000,1.000000,0.000000,-0.000000
SJxfxnA9K7,2019,0.3418803418803419,unknown,0.000000,0.000000,1.000000,0.000000,-0.000000
SJzvDjAcK7,2019,nan,unknown,0.000000,0.000000,1.000000,0.000000,-0.000000
SJzuHiA9tQ,2019,0.7055555555555556,low,0.000000,0.999948,0.000052,0.999948,-0.999948
SkGH2oRcYX,2019,nan,unknown,0.000000,0.000000,1.000000,0.000000,-0.000000
SJxzPsAqFQ,2019,0.4878048780487805,unknown,0.000000,0.000000,1.000000,0.000000,-0.000000
SJx5kn0cK7,2019,0.0726495726495726,unknown,0.000000,0.000000,1.000000,0.000000,-0.000000
SJxFN3RcFX,2019,nan,unknown,0.000000,0.000000,1.000000,0.000000,-0.000000
SJlgOjAqYQ,2019,0.1603174603174603,low,0.000000,1.000000,0.000000,1.000000,-1.000000
SJlh2jR9FX,2019,0.3034188034188034,unknown,0.000000,0.000000,1.000000,0.000000,-0.000000
SJlt6oA9Fm,2019,nan,unknown,0.000000,0.000000,1.000000,0.000000,-0.000000
SJxTroR9F7,2019,nan,low,0.000000,0.999954,0.000046,0.999954,-0.999954
SJl8J30qFX,2019,0.85,low,0.000000,0.999997,0.000003,0.999997,-0.999997
SJl7DsR5YQ,2019,0.0551948051948051,unknown,0.000000,0.000000,1.000000,0.000000,-0.000000
SkEYojRqtm,2019,0.7804878048780488,unknown,0.000000,0.000000,1.000000,0.000000,-0.000000
SJxJtiRqt7,2019,0.1623931623931624,unknown,0.000000,0.000001,0.999999,0.000001,-0.000001
SJl8gnAqtX,2019,0.0426829268292682,unknown,0.000000,0.000000,1.000000,0.000000,-0.000000
SJl2niR9KQ,2019,0.6507936507936508,low,0.000000,0.999999,0.000001,0.999999,-0.999999
SJgs1n05YQ,2019,0.3961038961038961,unknown,0.000000,0.000000,1.000000,0.000000,-0.000000
SJgsCjCqt7,2019,0.4230769230769231,unknown,0.000000,0.000000,1.000000,0.000000,-0.000000
SJz1x20cFQ,2019,0.4512987012987013,unknown,0.000000,0.000000,1.000000,0.000000,-0.000000
SJldZ2RqFX,2019,0.0726495726495726,unknown,0.000000,0.000000,1.000000,0.000000,-0.000000
SJx94o0qYX,2019,0.3865079365079365,low,0.000000,0.999972,0.000028,0.999972,-0.999972
SJgTps0qtQ,2019,nan,unknown,0.000000,0.000000,1.000000,0.000000,-0.000000
SJgEl3A5tm,2019,nan,low,0.000000,1.000000,0.000000,1.000000,-1.000000
SJgw_sRqFQ,2019,0.8222222222222222,low,0.000000,0.999998,0.000002,0.999998,-0.999998
SJg013C5KX,2019,nan,unknown,0.000000,0.000000,1.000000,0.000000,-0.000000
SJfb5jCqKm,2019,0.7,unknown,0.000000,0.000000,1.000000,0.000000,-0.000000
SJgNwi09Km,2019,0.6153846153846154,unknown,0.000000,0.000000,1.000000,0.000000,-0.000000
SJfPFjA9Fm,2019,0.5158730158730159,low,0.000000,1.000000,0.000000,1.000000,-1.000000
SJekyhCctQ,2019,0.3373015873015873,low,0.000000,1.000000,0.000000,1.000000,-1.000000
SJfZKiC5FX,2019,0.5738095238095238,unknown,0.000000,0.000000,1.000000,0.000000,-0.000000
SJlpM3RqKQ,2019,0.9349206349206348,unknown,0.000000,0.000000,1.000000,0.000000,-0.000000
SJf_XhCqKm,2019,nan,unknown,0.000000,0.000000,1.000000,0.000000,-0.000000
SJx63jRqFm,2019,0.8896103896103896,unknown,0.000000,0.999981,0.000000,0.999981,-0.999981
SJfFTjA5KQ,2019,0.0325396825396825,unknown,0.000000,0.000000,1.000000,0.000000,-0.000000
SkE6PjC9KX,2019,0.6150793650793651,unknown,0.839784,0.000000,0.000000,0.839784,0.839784
SJf6BhAqK7,2019,0.2547619047619047,unknown,0.000000,0.000000,1.000000,0.000000,-0.000000
SJerEhR5Km,2019,0.196031746031746,unknown,0.000000,0.000000,1.000000,0.000000,-0.000000
SJg6nj09F7,2019,0.4772727272727273,unknown,0.000000,0.000000,1.000000,0.000000,-0.000000
SJg7IsC5KQ,2019,0.1031746031746031,unknown,0.000000,0.000000,1.000000,0.000000,-0.000000
SJfHg2A5tQ,2019,0.8785714285714286,low,0.000000,1.000000,0.000000,1.000000,-1.000000
SJe9rh0cFX,2019,0.5341269841269841,unknown,0.000000,0.000000,1.000000,0.000000,-0.000000
SJe2so0qF7,2019,nan,unknown,0.000000,0.000000,1.000000,0.000000,-0.000000
SJeUAj05tQ,2019,0.4817460317460317,unknown,0.000000,0.000001,0.999999,0.000001,-0.000001
SJe3HiC5KX,2019,0.430952380952381,unknown,0.000000,0.000000,1.000000,0.000000,-0.000000
SJMBM2RqKQ,2019,0.1031746031746031,unknown,0.000000,0.000000,1.000000,0.000000,-0.000000
SJl2ps0qKQ,2019,0.196031746031746,low,0.000000,0.999992,0.000008,0.999992,-0.999992
SJMnG2C9YX,2019,0.4984126984126984,unknown,0.000000,0.000000,1.000000,0.000000,-0.000000
SJeFNoRcFQ,2019,nan,unknown,0.000000,0.000000,1.000000,0.000000,-0.000000
SJGyFiRqK7,2019,0.430952380952381,unknown,0.000000,0.000000,1.000000,0.000000,-0.000000
SJVmjjR9FX,2019,nan,low,0.000000,0.999971,0.000029,0.999971,-0.999971
S1zk9iRqF7,2019,0.9829059829059827,high,1.000000,0.000000,0.000000,1.000000,1.000000
SJeT_oRcY7,2019,0.1603174603174603,low,0.000000,1.000000,0.000000,1.000000,-1.000000
SJGvns0qK7,2019,0.275974025974026,unknown,0.000000,0.000000,1.000000,0.000000,-0.000000
SJMZRsC9Y7,2019,nan,low,0.000000,1.000000,0.000000,1.000000,-1.000000
SJLhxnRqFQ,2019,0.2222222222222222,unknown,0.000000,0.000007,0.999993,0.000007,-0.000007
SJMO2iCct7,2019,nan,unknown,0.000000,0.000000,1.000000,0.000000,-0.000000
SJG1wjRqFQ,2019,nan,unknown,0.000000,0.000000,1.000000,0.000000,-0.000000
SJl98sR5tX,2019,nan,unknown,0.000000,0.000001,0.999999,0.000001,-0.000001
S1xzyhR9Y7,2019,0.3780487804878049,unknown,0.000000,0.000000,1.000000,0.000000,-0.000000
SJNceh0cFX,2019,nan,low,0.000000,0.999876,0.000124,0.999876,-0.999876
SJ4vTjRqtQ,2019,nan,unknown,0.000000,0.000000,1.000000,0.000000,-0.000000
SJ4Z72Rctm,2019,0.422077922077922,unknown,0.000000,0.000000,1.000000,0.000000,-0.000000
S1xjdoC9Fm,2019,nan,unknown,0.000000,0.000000,1.000000,0.000000,-0.000000
S1xcx3C5FX,2019,0.5341269841269841,unknown,0.000000,0.000000,1.000000,0.000000,-0.000000
S1z9ehAqYX,2019,0.1363636363636363,unknown,0.000000,0.000000,1.000000,0.000000,-0.000000
S1xNEhR9KX,2019,0.3619047619047619,unknown,0.000000,0.000000,1.000000,0.000000,-0.000000
S1zz2i0cY7,2019,0.782051282051282,unknown,0.000000,0.000000,1.000000,0.000000,-0.000000
S1x4ghC9tQ,2019,0.4786324786324786,unknown,0.000000,0.201765,0.798235,0.201765,-0.201765
S1xLN3C9YX,2019,0.5158730158730159,unknown,0.000000,0.000000,1.000000,0.000000,-0.000000
S1xLZ2R5KQ,2019,0.2222222222222222,unknown,0.000000,0.000000,1.000000,0.000000,-0.000000
S1x8WnA5Ym,2019,nan,unknown,0.000000,0.000000,1.000000,0.000000,-0.000000
S1xq3oR5tQ,2019,0.430952380952381,unknown,0.000000,0.000000,1.000000,0.000000,-0.000000
S1xoy3CcYX,2019,0.9174603174603174,unknown,0.000000,0.000000,1.000000,0.000000,-0.000000
SJNRHiAcYX,2019,0.5162337662337663,unknown,0.000000,0.000000,1.000000,0.000000,-0.000000
S1lwRjR9YX,2019,nan,unknown,0.000000,0.000000,1.000000,0.000000,-0.000000
S1zlmnA5K7,2019,nan,low,0.000000,0.999962,0.000038,0.999962,-0.999962
SJG6G2RqtX,2019,nan,unknown,0.000000,0.000000,1.000000,0.000000,-0.000000
S1xtAjR5tX,2019,0.5817460317460318,low,0.000000,1.000000,0.000000,1.000000,-1.000000
S1lhbnRqF7,2019,0.725609756097561,unknown,0.000000,0.000000,1.000000,0.000000,-0.000000
S1xiOjC9F7,2019,0.9682539682539684,high,1.000000,0.000000,0.000000,1.000000,1.000000
S1lqMn05Ym,2019,0.5584415584415584,unknown,0.000000,0.000000,1.000000,0.000000,-0.000000
S1x2aiRqFX,2019,nan,low,0.000000,0.999998,0.000002,0.999998,-0.999998
SJMeTo09YQ,2019,nan,low,0.000000,1.000000,0.000000,1.000000,-1.000000
S1lg0jAcYm,2019,0.6801587301587302,low,0.000000,0.999998,0.000002,0.999998,-0.999998
S1geJhC9Km,2019,nan,unknown,0.000000,0.000000,1.000000,0.000000,-0.000000
S1llBiR5YX,2019,nan,unknown,0.000000,0.000000,1.000000,0.000000,-0.000000
S1lTEh09FQ,2019,0.5571428571428572,unknown,0.000000,0.000001,0.999999,0.000001,-0.000001
S1lTg3RqYQ,2019,0.7136752136752137,unknown,0.000000,0.000000,1.000000,0.000000,-0.000000
S1lTg3RcFm,2019,0.3733766233766233,unknown,0.000000,0.000000,1.000000,0.000000,-0.000000
S1xBioR5KX,2019,0.9111111111111112,low,0.000000,0.999998,0.000002,0.999998,-0.999998
S1gd7nCcF7,2019,nan,unknown,0.000000,0.000000,1.000000,0.000000,-0.000000
S1lKSjRcY7,2019,nan,unknown,0.000000,0.000000,1.000000,0.000000,-0.000000
S1lDV3RcKm,2019,0.811965811965812,low,0.000000,0.999938,0.000062,0.999938,-0.999938
S1lVniC5Y7,2019,0.6365079365079365,unknown,0.000000,0.000000,1.000000,0.000000,-0.000000
S1gWz2CcKX,2019,nan,low,0.000000,1.000000,0.000000,1.000000,-1.000000
S1lPShAqFm,2019,0.1031746031746031,unknown,0.000000,0.000000,1.000000,0.000000,-0.000000
S1g_EsActm,2019,nan,unknown,0.000000,0.000000,1.000000,0.000000,-0.000000
S1x2Fj0qKQ,2019,0.5,unknown,0.000000,0.000002,0.999998,0.000002,-0.000002
S1g2JnRcFX,2019,nan,high,1.000000,0.000000,0.000000,1.000000,1.000000
S1lvm305YQ,2019,0.5555555555555556,unknown,0.000000,0.000000,1.000000,0.000000,-0.000000
S1gUsoR9YX,2019,nan,unknown,0.000000,0.000000,1.000000,0.000000,-0.000000
S1gQ5sRcFm,2019,nan,unknown,0.000000,0.000000,1.000000,0.000000,-0.000000
S1lIMn05F7,2019,0.7555555555555555,low,0.000000,0.999995,0.000005,0.999995,-0.999995
S1g9N2A5FX,2019,nan,unknown,0.000000,0.000000,1.000000,0.000000,-0.000000
S1gARiAcFm,2019,nan,unknown,0.000000,0.000000,1.000000,0.000000,-0.000000
S1grRoR9tQ,2019,0.196031746031746,unknown,0.000000,0.000000,1.000000,0.000000,-0.000000
S1gBz2C9tX,2019,nan,unknown,0.000000,0.000000,1.000000,0.000000,-0.000000
S1fcnoR9K7,2019,nan,unknown,0.000000,0.000000,1.000000,0.000000,-0.000000
S1fQSiCcYm,2019,nan,unknown,0.000000,0.000000,1.000000,0.000000,-0.000000
S1fDssA5Y7,2019,nan,unknown,0.000000,0.000000,1.000000,0.000000,-0.000000
S1eYHoC5FX,2019,nan,high,1.000000,0.000000,0.000000,1.000000,1.000000
S1ej8o05tm,2019,nan,unknown,0.000000,0.000000,1.000000,0.000000,-0.000000
S1gDCiCqtQ,2019,nan,low,0.000000,0.999979,0.000021,0.999979,-0.999979
S1eK3i09YQ,2019,nan,high,1.000000,0.000000,0.000000,1.000000,1.000000
S1gOpsCctm,2019,nan,low,0.000000,0.999447,0.000553,0.999447,-0.999447
S1ey2sRcYQ,2019,nan,unknown,0.000000,0.000000,1.000000,0.000000,-0.000000
S1e_H3AqYQ,2019,nan,unknown,0.000000,0.000000,1.000000,0.000000,-0.000000
S1erHoR5t7,2019,nan,low,0.000000,1.000000,0.000000,1.000000,-1.000000
S1gUVjCqKm,2019,nan,unknown,0.000000,0.000002,0.999998,0.000002,-0.000002
S1giro05t7,2019,0.2547619047619047,unknown,0.000000,0.000000,1.000000,0.000000,-0.000000
S1gBgnR9Y7,2019,nan,unknown,0.000000,0.000000,1.000000,0.000000,-0.000000
S1ecm2C9K7,2019,nan,unknown,0.000000,0.000000,1.000000,0.000000,-0.000000
S1eFtj0cKQ,2019,nan,unknown,0.000000,0.000000,1.000000,0.000000,-0.000000
S1eVe2AqKX,2019,nan,unknown,0.000000,0.000000,1.000000,0.000000,-0.000000
S1g2V3Cct7,2019,nan,low,0.000000,0.999948,0.000052,0.999948,-0.999948
S1e_ssC5F7,2019,nan,unknown,0.000000,0.000000,1.000000,0.000000,-0.000000
S1giVsRcYm,2019,0.922077922077922,low,0.000000,0.999983,0.000017,0.999983,-0.999983
S1eEmn05tQ,2019,nan,unknown,0.000000,0.000000,1.000000,0.000000,-0.000000
S1fUpoR5FQ,2019,nan,low,0.000000,0.999999,0.000001,0.999999,-0.999999
S1eB3sRqtm,2019,nan,unknown,0.000000,0.000000,1.000000,0.000000,-0.000000
S1VWjiRcKX,2019,0.5584415584415584,unknown,0.000000,0.000000,1.000000,0.000000,-0.000000
S1eEdj0cK7,2019,nan,unknown,0.000000,0.000000,1.000000,0.000000,-0.000000
S1eOHo09KX,2019,nan,unknown,0.000000,0.000001,0.999999,0.000001,-0.000001
S1en0sRqKm,2019,nan,low,0.000000,0.999967,0.000033,0.999967,-0.999967
S1M6Z2Cctm,2019,0.6752136752136753,unknown,0.000000,0.000000,1.000000,0.000000,-0.000000
S1eX-nA5KX,2019,nan,low,0.000000,0.999999,0.000001,0.999999,-0.999999
HyzdRiR9Y7,2019,0.975609756097561,high,1.000000,0.000000,0.000000,1.000000,1.000000
S1MeM2RcFm,2019,nan,low,0.000000,0.999997,0.000003,0.999997,-0.999997
S1MQ6jCcK7,2019,nan,unknown,0.000000,0.000000,1.000000,0.000000,-0.000000
S1E3Ko09F7,2019,0.7182539682539683,unknown,0.000000,0.000000,1.000000,0.000000,-0.000000
S1MB-3RcF7,2019,0.6367521367521367,low,0.000000,0.999904,0.000096,0.999904,-0.999904
S1GkToR5tm,2019,0.6581196581196581,low,0.000000,0.999999,0.000001,0.999999,-0.999999
S14g5s09tm,2019,nan,unknown,0.000000,0.000000,1.000000,0.000000,-0.000000
S1GcHsAqtm,2019,0.2253968253968254,unknown,0.000000,0.000000,1.000000,0.000000,-0.000000
S1G_cj05YQ,2019,nan,unknown,0.000000,0.000000,1.000000,0.000000,-0.000000
Hyxsl2AqKm,2019,0.7666666666666667,unknown,0.000000,0.000000,1.000000,0.000000,-0.000000
HyztsoC5Y7,2019,0.9090909090909092,unknown,0.000000,0.000000,1.000000,0.000000,-0.000000
HyzMyhCcK7,2019,0.7587301587301587,unknown,0.000000,0.000000,1.000000,0.000000,-0.000000
S1eBzhRqK7,2019,nan,unknown,0.000000,0.000000,1.000000,0.000000,-0.000000
HyxlHsActm,2019,0.2873015873015873,unknown,0.000000,0.000000,1.000000,0.000000,-0.000000
HyxUIj09KX,2019,nan,low,0.000000,1.000000,0.000000,1.000000,-1.000000
S1EHOsC9tX,2019,0.946031746031746,unknown,0.000000,0.000001,0.999999,0.000001,-0.000001
S1E64jC5tm,2019,nan,unknown,0.000000,0.000000,1.000000,0.000000,-0.000000
S14h9sCqYm,2019,0.3619047619047619,unknown,0.000000,0.000000,1.000000,0.000000,-0.000000
HyxhusA9Fm,2019,0.3292682926829268,unknown,0.000000,0.000001,0.999999,0.000001,-0.000001
HyxCxhRcY7,2019,0.9857142857142858,high,1.000000,0.000000,0.000000,1.000000,1.000000
Hyxu6oAqYX,2019,0.1031746031746031,low,0.000000,0.999995,0.000005,0.999995,-0.999995
HyxSBh09t7,2019,nan,unknown,0.000000,0.000000,1.000000,0.000000,-0.000000
Hylyui09tm,2019,0.275974025974026,unknown,0.000000,0.000000,1.000000,0.000000,-0.000000
HylzTiC5Km,2019,0.8034188034188035,unknown,0.000000,0.000000,1.000000,0.000000,-0.000000
HylVB3AqYm,2019,0.9722222222222222,high,1.000000,0.000000,0.000000,1.000000,1.000000
HyxGB2AcY7,2019,0.7142857142857143,unknown,0.000000,0.000000,1.000000,0.000000,-0.000000
HyxAfnA5tm,2019,0.8733766233766234,unknown,0.000000,0.000000,1.000000,0.000000,-0.000000
HylsgnCcFQ,2019,0.8134920634920635,unknown,0.000000,0.000000,1.000000,0.000000,-0.000000
Hyx6Bi0qYm,2019,0.6246031746031746,unknown,0.000000,0.000000,1.000000,0.000000,-0.000000
Hyxtso0qtX,2019,0.1948051948051948,unknown,0.000000,0.042087,0.957913,0.042087,-0.042087
HyxPx3R9tm,2019,0.8833333333333333,unknown,0.000000,0.000131,0.999869,0.000131,-0.000131
HyxKIiAqYQ,2019,0.9698412698412698,high,1.000000,0.000000,0.000000,1.000000,1.000000
HylSk205YQ,2019,0.5324675324675324,unknown,0.000000,0.000000,1.000000,0.000000,-0.000000
HyxOIoRqFQ,2019,0.1603174603174603,unknown,0.000000,0.000000,1.000000,0.000000,-0.000000
Hylnis0qKX,2019,nan,unknown,0.000000,0.000000,1.000000,0.000000,-0.000000
Hyls7h05FQ,2019,0.1036585365853658,unknown,0.000000,0.000000,1.000000,0.000000,-0.000000
HylKJhCcKm,2019,0.6365079365079365,unknown,0.000000,0.000002,0.999998,0.000002,-0.000002
HygsfnR9Ym,2019,0.5746753246753247,unknown,0.000000,0.000000,1.000000,0.000000,-0.000000
Hygvln09K7,2019,nan,unknown,0.000000,0.000000,1.000000,0.000000,-0.000000
HylRk2A5FQ,2019,nan,unknown,0.000000,0.000000,1.000000,0.000000,-0.000000
HylTBhA5tQ,2019,0.8063492063492064,unknown,0.000000,0.000002,0.999998,0.000002,-0.000002
Hyghb2Rct7,2019,0.0551948051948051,low,0.000000,1.000000,0.000000,1.000000,-1.000000
HylJtiRqYQ,2019,nan,unknown,0.000000,0.000000,1.000000,0.000000,-0.000000
Hygxb2CqKm,2019,0.8317460317460318,low,0.000000,0.997809,0.002191,0.997809,-0.997809
HylDpoActX,2019,0.1603174603174603,low,0.000000,0.999983,0.000017,0.999983,-0.999983
HygqJnCqtm,2019,nan,unknown,0.000000,0.000000,1.000000,0.000000,-0.000000
Hyl_vjC5KQ,2019,0.5162337662337663,unknown,0.000000,0.000000,1.000000,0.000000,-0.000000
HygYqs0qKX,2019,nan,unknown,0.000000,0.000000,1.000000,0.000000,-0.000000
Hygn2o0qKX,2019,0.7373015873015873,unknown,0.000000,0.000000,1.000000,0.000000,-0.000000
Hygv0sC5F7,2019,nan,unknown,0.000000,0.000000,1.000000,0.000000,-0.000000
Hygm8jC9FQ,2019,0.1603174603174603,low,0.000000,0.999999,0.000001,0.999999,-0.999999
HygjqjR9Km,2019,0.7393162393162394,unknown,0.000000,0.000001,0.999999,0.000001,-0.000001
HygBZnRctX,2019,0.7126984126984127,unknown,0.000000,0.000000,1.000000,0.000000,-0.000000
Hyg1Ls0cKQ,2019,nan,unknown,0.000000,0.000000,1.000000,0.000000,-0.000000
Hyg_X2C5FX,2019,0.9444444444444444,low,0.000000,1.000000,0.000000,1.000000,-1.000000
Hygp1nR9FQ,2019,0.1031746031746031,unknown,0.000000,0.000000,1.000000,0.000000,-0.000000
HygS7n0cFQ,2019,0.2435064935064935,unknown,0.000000,0.000000,1.000000,0.000000,-0.000000
HygTE309t7,2019,nan,unknown,0.000000,0.000000,1.000000,0.000000,-0.000000
Hyg1G2AqtQ,2019,0.7694805194805194,unknown,0.000000,0.000000,1.000000,0.000000,-0.000000
HygT9oRqFX,2019,0.3373015873015873,low,0.000000,1.000000,0.000000,1.000000,-1.000000
HygQro05KX,2019,nan,unknown,0.000000,0.000000,1.000000,0.000000,-0.000000
Hyfg5o0qtm,2019,0.44,unknown,0.000000,0.000000,1.000000,0.000000,-0.000000
HyePrhR5KX,2019,0.9650793650793652,high,1.000000,0.000000,0.000000,1.000000,1.000000
HyesW2C9YQ,2019,0.6463414634146342,high,1.000000,0.000000,0.000000,1.000000,1.000000
HyexAiA5Fm,2019,0.4523809523809524,unknown,0.000000,0.000000,1.000000,0.000000,-0.000000
HyefgnCqFm,2019,0.2547619047619047,unknown,0.000000,0.000000,1.000000,0.000000,-0.000000
Hyewf3AqYX,2019,0.7833333333333333,low,0.000000,1.000000,0.000000,1.000000,-1.000000
HygQBn0cYm,2019,0.8636363636363636,unknown,0.000000,0.000000,1.000000,0.000000,-0.000000
HyeS73ActX,2019,nan,unknown,0.000000,0.000000,1.000000,0.000000,-0.000000
HyleYiC9FX,2019,0.3780487804878049,unknown,0.000000,0.000000,1.000000,0.000000,-0.000000
Hyffti0ctQ,2019,0.1031746031746031,unknown,0.000000,0.000000,1.000000,0.000000,-0.000000
HyeU1hRcFX,2019,nan,unknown,0.000000,0.000001,0.999999,0.000001,-0.000001
Hye9lnCct7,2019,nan,unknown,0.000000,0.000000,1.000000,0.000000,-0.000000
HygtHnR5tQ,2019,0.9904761904761904,unknown,0.999028,0.000335,0.000000,0.999363,0.998693
HyevnsCqtQ,2019,nan,unknown,0.000000,0.000000,1.000000,0.000000,-0.000000
Hye-LiR5Y7,2019,0.3126984126984127,unknown,0.000000,0.000000,1.000000,0.000000,-0.000000
HyeFAsRctQ,2019,0.4817460317460317,unknown,0.000000,0.000000,1.000000,0.000000,-0.000000
HyfyN30qt7,2019,nan,unknown,0.000000,0.000000,1.000000,0.000000,-0.000000
HyNA5iRcFQ,2019,0.524390243902439,unknown,0.000000,0.000000,1.000000,0.000000,-0.000000
HyMuaiAqY7,2019,0.0726495726495726,unknown,0.000000,0.000000,1.000000,0.000000,-0.000000
HyN-M2Rctm,2019,nan,unknown,0.000000,0.000000,1.000000,0.000000,-0.000000
HyMnYiR9Y7,2019,nan,unknown,0.000000,0.000000,1.000000,0.000000,-0.000000
Hye64hA9tm,2019,nan,unknown,0.000000,0.000000,1.000000,0.000000,-0.000000
Hye6uoC9tm,2019,0.1363636363636363,low,0.000000,0.999990,0.000010,0.999990,-0.999990
HyVxPsC9tm,2019,0.1031746031746031,low,0.000000,1.000000,0.000000,1.000000,-1.000000
HyMxAi05Km,2019,nan,unknown,0.000000,0.000000,1.000000,0.000000,-0.000000
HyNmRiCqtm,2019,0.3619047619047619,unknown,0.000000,0.000000,1.000000,0.000000,-0.000000
HyMRaoAqKX,2019,0.3034188034188034,low,0.000000,0.999998,0.000002,0.999998,-0.999998
HyeVtoRqtQ,2019,0.8253968253968254,unknown,0.000000,0.000000,1.000000,0.000000,-0.000000
HyGDdsCcFQ,2019,0.1031746031746031,unknown,0.000000,0.000000,1.000000,0.000000,-0.000000
HyMS8iRcK7,2019,nan,low,0.000000,0.998829,0.001171,0.998829,-0.998829
Hyfn2jCcKm,2019,0.4935064935064935,unknown,0.000000,1.000000,0.000000,1.000000,-1.000000
HyGcghRct7,2019,0.3373015873015873,unknown,0.000000,0.000000,1.000000,0.000000,-0.000000
HyGhN2A5tm,2019,0.7182539682539683,unknown,0.000000,0.000000,1.000000,0.000000,-0.000000
HyNbtiR9YX,2019,0.3292682926829268,unknown,0.000000,0.000000,1.000000,0.000000,-0.000000
HyMRUiC9YX,2019,nan,unknown,0.000000,0.000000,1.000000,0.000000,-0.000000
HyGLy2RqtQ,2019,nan,low,0.000000,0.999990,0.000010,0.999990,-0.999990
HyM8V2A9Km,2019,nan,low,0.000000,0.999994,0.000006,0.999994,-0.999994
HyG1_j0cYQ,2019,0.5341269841269841,low,0.000000,0.999999,0.000001,0.999999,-0.999999
HyGySsAct7,2019,0.6039682539682539,unknown,0.000000,0.000000,1.000000,0.000000,-0.000000
HkzNXhC9KQ,2019,nan,unknown,0.000000,0.000000,1.000000,0.000000,-0.000000
HkzZBi0cFQ,2019,0.6150793650793651,unknown,0.000000,0.000000,1.000000,0.000000,-0.000000
Hy4R2oRqKQ,2019,nan,unknown,0.000000,0.000000,1.000000,0.000000,-0.000000
HyEtjoCqFX,2019,0.6233766233766234,low,0.000000,1.000000,0.000000,1.000000,-1.000000
HyGIdiRqtm,2019,nan,low,0.000000,1.000000,0.000000,1.000000,-1.000000
HkzyX3CcFQ,2019,nan,unknown,0.000000,0.000000,1.000000,0.000000,-0.000000
HyEl3o05Fm,2019,0.9658119658119658,unknown,0.000000,0.000000,1.000000,0.000000,-0.000000
HyGEM3C9KQ,2019,0.3865079365079365,low,0.000000,0.999993,0.000007,0.999993,-0.999993
HkxLXnAcFQ,2019,0.9476190476190476,high,1.000000,0.000000,0.000000,1.000000,1.000000
Hkxarj09Y7,2019,nan,unknown,0.000000,0.000000,1.000000,0.000000,-0.000000
Hkxx3o0qFX,2019,0.0726495726495726,unknown,0.000000,0.000000,1.000000,0.000000,-0.000000
HkxOoiAcYX,2019,nan,unknown,0.000000,0.000000,1.000000,0.000000,-0.000000
HkxStoC5F7,2019,0.8301587301587302,unknown,0.000000,0.000000,1.000000,0.000000,-0.000000
HkzOWnActX,2019,0.1031746031746031,unknown,0.000000,0.000000,1.000000,0.000000,-0.000000
HygcvsAcFX,2019,nan,unknown,0.000000,0.000000,1.000000,0.000000,-0.000000
HyGh4sR9YQ,2019,nan,low,0.000000,1.000000,0.000000,1.000000,-1.000000
HkzRQhR9YX,2019,0.6896825396825397,unknown,0.000000,0.000000,1.000000,0.000000,-0.000000
Hyg74h05tX,2019,0.9487179487179488,low,0.000000,1.000000,0.000000,1.000000,-1.000000
HkxMG209K7,2019,0.68,low,0.000000,0.999997,0.000003,0.999997,-0.999997
Hklc6oAcFX,2019,nan,unknown,0.000000,0.000000,1.000000,0.000000,-0.000000
HkxCEhAqtQ,2019,0.196031746031746,unknown,0.000000,0.000000,1.000000,0.000000,-0.000000
HyeGBj09Fm,2019,0.3034188034188034,unknown,0.000000,0.000000,1.000000,0.000000,-0.000000
Hkxr1nCcFm,2019,nan,unknown,0.000000,0.000000,1.000000,0.000000,-0.000000
HkxCenR5F7,2019,nan,unknown,0.000000,0.000000,1.000000,0.000000,-0.000000
HklyMhCqYQ,2019,0.24,unknown,0.000000,0.000000,1.000000,0.000000,-0.000000
HkxKH2AcFm,2019,0.6801587301587302,low,0.000000,1.000000,0.000000,1.000000,-1.000000
HklY120cYm,2019,0.8205128205128205,low,0.000000,1.000000,0.000000,1.000000,-1.000000
HkljioCcFQ,2019,0.8134920634920635,unknown,0.000000,0.000000,1.000000,0.000000,-0.000000
HklbTjRcKX,2019,nan,low,0.000000,1.000000,0.000000,1.000000,-1.000000
HkxAisC9FQ,2019,0.5817460317460318,unknown,0.000000,0.000000,1.000000,0.000000,-0.000000
HkzSQhCcK7,2019,0.5299145299145299,unknown,0.000000,0.000000,1.000000,0.000000,-0.000000
HygUOoC5KX,2019,nan,unknown,0.000000,0.000000,1.000000,0.000000,-0.000000
HklJV3A9Ym,2019,nan,unknown,0.000000,0.000000,1.000000,0.000000,-0.000000
Hklgis0cF7,2019,0.0325396825396825,unknown,0.000000,0.000000,1.000000,0.000000,-0.000000
HklSf3CqKm,2019,0.6698412698412698,unknown,0.000000,0.000000,1.000000,0.000000,-0.000000
HkxWrsC5FQ,2019,nan,unknown,0.000000,0.000000,1.000000,0.000000,-0.000000
HklKWhC5F7,2019,0.6507936507936508,unknown,0.000000,0.000000,1.000000,0.000000,-0.000000
Hkgnii09Ym,2019,nan,high,1.000000,0.000000,0.000000,1.000000,1.000000
HklVMnR5tQ,2019,0.196031746031746,unknown,0.000000,0.000000,1.000000,0.000000,-0.000000
Hkl5aoR5tm,2019,0.7521367521367521,unknown,0.000000,0.000000,1.000000,0.000000,-0.000000
HklVTi09tm,2019,nan,low,0.000000,1.000000,0.000000,1.000000,-1.000000
Hkx-ii05FQ,2019,0.0551948051948051,low,0.000000,0.999986,0.000014,0.999986,-0.999986
HklAhi09Y7,2019,0.0426829268292682,unknown,0.000000,0.000000,1.000000,0.000000,-0.000000
HkgqFiAcFm,2019,0.2987012987012987,unknown,0.000000,0.000000,1.000000,0.000000,-0.000000
HkghV209tm,2019,nan,unknown,0.000000,0.000000,1.000000,0.000000,-0.000000
HkgnpiR9Y7,2019,0.0726495726495726,unknown,0.000000,0.000000,1.000000,0.000000,-0.000000
HklnzhR9YQ,2019,0.1031746031746031,unknown,0.000000,0.000007,0.999993,0.000007,-0.000007
HklQxnC5tX,2019,0.6507936507936508,unknown,0.000000,0.000000,1.000000,0.000000,-0.000000
HkgHk3RctX,2019,0.7285714285714285,low,0.000000,1.000000,0.000000,1.000000,-1.000000
HklKui0ct7,2019,0.3733766233766233,unknown,0.000000,0.000000,1.000000,0.000000,-0.000000
HkgEQnRqYQ,2019,0.9968253968253968,high,1.000000,0.000000,0.000000,1.000000,1.000000
HkgxasA5Ym,2019,0.776984126984127,low,0.000000,0.999999,0.000001,0.999999,-0.999999
Hkl84iCcFm,2019,nan,low,0.000000,1.000000,0.000000,1.000000,-1.000000
HkgTkhRcKQ,2019,0.6365079365079365,low,0.000000,0.999998,0.000002,0.999998,-0.999998
HkfYOoCcYX,2019,0.3865079365079365,low,0.000000,1.000000,0.000000,1.000000,-1.000000
HkfPSh05K7,2019,0.6829268292682927,unknown,0.000000,0.000000,1.000000,0.000000,-0.000000
HkgSk2A9Y7,2019,0.919047619047619,unknown,0.000000,0.000001,0.999999,0.000001,-0.000001
HkgmzhC5F7,2019,0.8341269841269842,low,0.000000,0.999986,0.000014,0.999986,-0.999986
HketHo0qFm,2019,nan,unknown,0.000000,0.000000,1.000000,0.000000,-0.000000
Hkg4W2AcFm,2019,0.5,unknown,0.000000,0.000000,1.000000,0.000000,-0.000000
Hkesr205t7,2019,0.1031746031746031,unknown,0.000000,0.000000,1.000000,0.000000,-0.000000
HkeyZhC9F7,2019,nan,unknown,0.000000,0.000000,1.000000,0.000000,-0.000000
Hkf2_sC5FX,2019,0.992063492063492,high,1.000000,0.000000,0.000000,1.000000,1.000000
Hkes0iR9KX,2019,nan,unknown,0.000000,0.000000,1.000000,0.000000,-0.000000
HkfwpiA9KX,2019,nan,unknown,0.000000,0.000000,1.000000,0.000000,-0.000000
Hkg1csA5Y7,2019,nan,unknown,0.000000,0.000000,1.000000,0.000000,-0.000000
Hkg1YiAcK7,2019,0.3846153846153846,unknown,0.000000,0.000000,1.000000,0.000000,-0.000000
HkeILsRqFQ,2019,nan,unknown,0.000000,0.000000,1.000000,0.000000,-0.000000
HkezfhA5Y7,2019,nan,low,0.000000,1.000000,0.000000,1.000000,-1.000000
HkeKVh05Fm,2019,0.1036585365853658,low,0.000000,1.000000,0.000000,1.000000,-1.000000
HkgYmhR9KX,2019,nan,low,0.000000,0.999984,0.000016,0.999984,-0.999984
HkeoOo09YX,2019,0.5341269841269841,low,0.000000,0.999992,0.000008,0.999992,-0.999992
HkeGhoA5FX,2019,1.0,unknown,0.000000,0.000001,0.999999,0.000001,-0.000001
HkeWSnR5Y7,2019,0.0325396825396825,low,0.000000,1.000000,0.000000,1.000000,-1.000000
HkezXnA9YX,2019,nan,unknown,0.000000,0.000000,1.000000,0.000000,-0.000000
HkNGYjR9FX,2019,0.196031746031746,unknown,0.000000,0.000000,1.000000,0.000000,-0.000000
Hkemdj09YQ,2019,0.0325396825396825,low,0.000000,1.000000,0.000000,1.000000,-1.000000
Hke-JhA9Y7,2019,0.4817460317460317,unknown,0.000000,0.000000,1.000000,0.000000,-0.000000
Hkg313AcFX,2019,0.3619047619047619,unknown,0.000000,0.000000,1.000000,0.000000,-0.000000
HJz6tiCqYm,2019,0.9746031746031746,high,1.000000,0.000000,0.000000,1.000000,1.000000
Hke4l2AcKQ,2019,0.5,unknown,0.000000,0.000000,1.000000,0.000000,-0.000000
HkMlGnC9KQ,2019,nan,unknown,0.000000,0.000000,1.000000,0.000000,-0.000000
Hke8Do0cF7,2019,nan,unknown,0.000000,0.000000,1.000000,0.000000,-0.000000
HkGmDsR9YQ,2019,0.8961038961038961,unknown,0.000000,0.000000,1.000000,0.000000,-0.000000
HkGSniC9FQ,2019,0.1603174603174603,unknown,0.000000,0.000000,1.000000,0.000000,-0.000000
Hke20iA9Y7,2019,0.3126984126984127,unknown,0.000000,0.000001,0.999999,0.000001,-0.000001
HkGTwjCctm,2019,0.2547619047619047,low,0.000000,0.999841,0.000159,0.999841,-0.999841
Hk4dFjR5K7,2019,0.5888888888888889,unknown,0.000000,0.000000,1.000000,0.000000,-0.000000
Hk4fpoA5Km,2019,0.8311688311688312,low,0.000000,1.000000,0.000000,1.000000,-1.000000
HkNDsiC9KQ,2019,0.8253968253968254,unknown,0.000000,0.000000,1.000000,0.000000,-0.000000
HJzLdjR9FX,2019,0.5650793650793651,low,0.000000,0.999999,0.000001,0.999999,-0.999999
HJxpDiC5tX,2019,0.8,high,1.000000,0.000000,0.000000,1.000000,1.000000
HJxwDiActX,2019,nan,low,0.000000,1.000000,0.000000,1.000000,-1.000000
HkMwHsCctm,2019,0.4103174603174603,unknown,0.000000,0.000000,1.000000,0.000000,-0.000000
HkG3e205K7,2019,0.430952380952381,unknown,0.000000,0.000000,1.000000,0.000000,-0.000000
Hk41X2AqtQ,2019,0.2222222222222222,unknown,0.000000,0.000000,1.000000,0.000000,-0.000000
HJxqMhC5YQ,2019,nan,unknown,0.000000,0.000000,1.000000,0.000000,-0.000000
HkGsHj05tQ,2019,nan,low,0.000000,1.000000,0.000000,1.000000,-1.000000
HJxeWnCcF7,2019,nan,low,0.000000,1.000000,0.000000,1.000000,-1.000000
HJxfm2CqKm,2019,0.5484126984126985,unknown,0.000000,0.000000,1.000000,0.000000,-0.000000
HJxdAoCcYX,2019,0.5158730158730159,unknown,0.000000,0.000000,1.000000,0.000000,-0.000000
HJx9EhC9tQ,2019,0.7896825396825397,unknown,0.000000,0.000000,1.000000,0.000000,-0.000000
HJxB5sRcFQ,2019,0.6923076923076923,low,0.000000,1.000000,0.000000,1.000000,-1.000000
HJxyAjRcFX,2019,0.4358974358974359,unknown,0.000000,0.000000,1.000000,0.000000,-0.000000
HJlmhs05tm,2019,0.0726495726495726,low,0.000000,1.000000,0.000000,1.000000,-1.000000
HkGGfhC5Y7,2019,0.4523809523809524,low,0.000000,0.999998,0.000002,0.999998,-0.999998
HJx54i05tX,2019,nan,unknown,0.000000,0.000000,1.000000,0.000000,-0.000000
HJxXynC9t7,2019,nan,unknown,0.000000,0.000000,1.000000,0.000000,-0.000000
HkGzUjR5tQ,2019,0.1951219512195122,low,0.000000,0.999972,0.000028,0.999972,-0.999972
HJx4KjRqYQ,2019,0.196031746031746,unknown,0.000000,0.000000,1.000000,0.000000,-0.000000
HJlmHoR5tQ,2019,0.3149350649350649,unknown,0.000000,0.000000,1.000000,0.000000,-0.000000
HJldzhA5tQ,2019,nan,unknown,0.000000,0.000000,1.000000,0.000000,-0.000000
HJx38iC5KX,2019,0.2253968253968254,unknown,0.000000,0.000000,1.000000,0.000000,-0.000000
HJlWXhC5Km,2019,nan,unknown,0.000000,0.000000,1.000000,0.000000,-0.000000
HJlNpoA5YQ,2019,0.3246753246753247,unknown,0.000000,0.000000,1.000000,0.000000,-0.000000
HJgkx2Aqt7,2019,nan,high,1.000000,0.000000,0.000000,1.000000,1.000000
HJlt7209Km,2019,nan,unknown,0.000000,0.000000,1.000000,0.000000,-0.000000
HJlfAo09KX,2019,0.5738095238095238,unknown,0.000000,0.000000,1.000000,0.000000,-0.000000
HJxYwiC5tm,2019,nan,unknown,0.000000,0.000000,1.000000,0.000000,-0.000000
HJlYzhR9tm,2019,nan,unknown,0.000000,0.000000,1.000000,0.000000,-0.000000
HJxwAo09KQ,2019,nan,low,0.000000,0.999999,0.000001,0.999999,-0.999999
HJlQfnCqKX,2019,0.8547619047619047,unknown,0.000000,0.000000,1.000000,0.000000,-0.000000
HJg6e2CcK7,2019,0.8904761904761904,high,1.000000,0.000000,0.000000,1.000000,1.000000
HJl0jiRqtX,2019,0.7587301587301587,unknown,0.000000,0.000000,1.000000,0.000000,-0.000000
HJxFrs09YQ,2019,nan,low,0.000000,1.000000,0.000000,1.000000,-1.000000
HJgZrsC5t7,2019,nan,unknown,0.000000,0.000000,1.000000,0.000000,-0.000000
HJlLKjR9FQ,2019,0.7714285714285715,unknown,0.000000,0.000000,1.000000,0.000000,-0.000000
HJlEUoR9Km,2019,nan,unknown,0.000000,0.000000,1.000000,0.000000,-0.000000
HJglg2A9FX,2019,nan,unknown,0.000000,0.000000,1.000000,0.000000,-0.000000
HJguLo0cKQ,2019,0.3126984126984127,unknown,0.000000,0.000000,1.000000,0.000000,-0.000000
HJl2Ns0qKX,2019,nan,unknown,0.000000,0.000002,0.999998,0.000002,-0.000002
HJx7l309Fm,2019,0.9935064935064936,low,0.000000,0.999999,0.000001,0.999999,-0.999999
HJl1ujCct7,2019,nan,unknown,0.000000,0.000000,1.000000,0.000000,-0.000000
HJlY0jA5F7,2019,nan,unknown,0.000000,0.000000,1.000000,0.000000,-0.000000
HJgVisRqtX,2019,0.3126984126984127,unknown,0.000000,0.000000,1.000000,0.000000,-0.000000
HJgOl3AqY7,2019,0.5299145299145299,unknown,0.000000,0.000000,1.000000,0.000000,-0.000000
HJgd1nAqFX,2019,0.3571428571428571,low,0.000000,0.999991,0.000009,0.999991,-0.999991
HJex0o05F7,2019,0.0325396825396825,unknown,0.000000,0.000000,1.000000,0.000000,-0.000000
HJf7ts0cFm,2019,nan,unknown,0.000000,0.000000,1.000000,0.000000,-0.000000
HJfxbhR9KQ,2019,0.0551948051948051,unknown,0.000000,0.000000,1.000000,0.000000,-0.000000
HJgTHnActQ,2019,nan,low,0.000000,1.000000,0.000000,1.000000,-1.000000
HJej6jR5Fm,2019,nan,unknown,0.000000,0.000000,1.000000,0.000000,-0.000000
HJgODj05KX,2019,nan,unknown,0.000000,0.000000,1.000000,0.000000,-0.000000
HJej3s09Km,2019,nan,unknown,0.000000,0.000000,1.000000,0.000000,-0.000000
HJf9ZhC9FX,2019,0.5817460317460318,unknown,0.000000,0.000000,1.000000,0.000000,-0.000000
HJflg30qKX,2019,0.8785714285714286,unknown,0.000000,0.000000,1.000000,0.000000,-0.000000
HJeu43ActQ,2019,0.4103174603174603,low,0.000000,0.999999,0.000001,0.999999,-0.999999
HJg3rjA5tQ,2019,nan,unknown,0.000000,0.000000,1.000000,0.000000,-0.000000
HJfSEnRqKQ,2019,0.6611111111111111,unknown,0.000000,0.000000,1.000000,0.000000,-0.000000
HJePno0cYm,2019,0.75,high,1.000000,0.000000,0.000000,1.000000,1.000000
HJgXsjA5tQ,2019,0.7126984126984127,low,0.000000,0.999981,0.000019,0.999981,-0.999981
HJepJh0qKX,2019,nan,unknown,0.000000,0.000000,1.000000,0.000000,-0.000000
HJeQToAqKQ,2019,nan,unknown,0.000000,0.000000,1.000000,0.000000,-0.000000
HJei-2RcK7,2019,nan,unknown,0.000000,0.000000,1.000000,0.000000,-0.000000
HJeABnCqKQ,2019,0.7142857142857143,low,0.000000,1.000000,0.000000,1.000000,-1.000000
HJgyAoRqFQ,2019,nan,low,0.000000,0.999999,0.000001,0.999999,-0.999999
HJeRm3Aqt7,2019,0.0325396825396825,unknown,0.000000,0.000000,1.000000,0.000000,-0.000000
HJerDj05tQ,2019,nan,unknown,0.000000,0.000000,1.000000,0.000000,-0.000000
HJedho0qFX,2019,nan,unknown,0.000000,0.000000,1.000000,0.000000,-0.000000
HJeQbnA5tm,2019,0.1031746031746031,unknown,0.000000,0.000000,1.000000,0.000000,-0.000000
HJgeEh09KQ,2019,nan,unknown,0.000000,0.000000,1.000000,0.000000,-0.000000
HJfQrs0qt7,2019,nan,unknown,0.000000,0.000000,1.000000,0.000000,-0.000000
HJMghjA9YX,2019,0.1951219512195122,unknown,0.000000,0.000000,1.000000,0.000000,-0.000000
HJeB0sC9Fm,2019,0.2253968253968254,unknown,0.000000,0.000000,1.000000,0.000000,-0.000000
HJeKCi0qYX,2019,0.6150793650793651,low,0.000000,0.999997,0.000003,0.999997,-0.999997
HJeRkh05Km,2019,0.672077922077922,unknown,0.000000,0.000000,1.000000,0.000000,-0.000000
HJMCcjAcYX,2019,0.3619047619047619,unknown,0.000000,0.000000,1.000000,0.000000,-0.000000
HJMCdsC5tX,2019,0.6896825396825397,unknown,0.000000,0.000000,1.000000,0.000000,-0.000000
HJMXus0ct7,2019,0.0325396825396825,unknown,0.000000,0.000003,0.999997,0.000003,-0.000003
HJMsiiRctX,2019,nan,unknown,0.000000,0.000000,1.000000,0.000000,-0.000000
HJMjW3RqtX,2019,0.4772727272727273,unknown,0.000000,0.000000,1.000000,0.000000,-0.000000
HJeOMhA5K7,2019,nan,unknown,0.000000,0.000000,1.000000,0.000000,-0.000000
HJe3TsR5K7,2019,nan,unknown,0.000000,0.000000,1.000000,0.000000,-0.000000
HJe62s09tX,2019,0.6951219512195121,unknown,0.000000,0.000000,1.000000,0.000000,-0.000000
HJGciiR5Y7,2019,nan,unknown,0.000000,0.000000,1.000000,0.000000,-0.000000
HJMHpjC9Ym,2019,0.8015873015873016,unknown,0.000000,0.000000,1.000000,0.000000,-0.000000
HJMXTsCqYQ,2019,nan,unknown,0.000000,0.000000,1.000000,0.000000,-0.000000
HJG1Uo09Fm,2019,nan,unknown,0.000000,0.000000,1.000000,0.000000,-0.000000
HJePRoAct7,2019,nan,high,1.000000,0.000000,0.000000,1.000000,1.000000
HJMRvsAcK7,2019,0.4512987012987013,unknown,0.000000,0.000000,1.000000,0.000000,-0.000000
HJG0ojCcFm,2019,0.685064935064935,unknown,0.000000,0.000000,1.000000,0.000000,-0.000000
HJMC_iA5tm,2019,0.953968253968254,unknown,0.000000,0.000007,0.999993,0.000007,-0.000007
H1ziPjC5Fm,2019,nan,unknown,0.000000,0.000000,1.000000,0.000000,-0.000000
HJE6X305Fm,2019,nan,unknown,0.000000,0.000000,1.000000,0.000000,-0.000000
H1zxjsCqKQ,2019,nan,low,0.000000,1.000000,0.000000,1.000000,-1.000000
HJGkisCcKm,2019,0.7393162393162394,low,0.000000,0.999999,0.000001,0.999999,-0.999999
H1xsSjC9Ym,2019,0.8506493506493507,unknown,0.000000,0.000000,1.000000,0.000000,-0.000000
HJM4rsRqFX,2019,nan,unknown,0.000000,0.000000,1.000000,0.000000,-0.000000
H1xipsA5K7,2019,nan,unknown,0.000000,0.000000,1.000000,0.000000,-0.000000
HJNJws0cF7,2019,0.6611111111111111,unknown,0.000000,0.000000,1.000000,0.000000,-0.000000
H1xQVn09FX,2019,0.9743589743589745,high,1.000000,0.000000,0.000000,1.000000,1.000000
H1xpe2C5Km,2019,nan,low,0.000000,1.000000,0.000000,1.000000,-1.000000
H1xmqiAqFm,2019,0.2253968253968254,unknown,0.000000,0.000000,1.000000,0.000000,-0.000000
H1xQSjCqFQ,2019,nan,low,0.000000,1.000000,0.000000,1.000000,-1.000000
H1xEtoRqtQ,2019,0.1031746031746031,unknown,0.000000,0.000000,1.000000,0.000000,-0.000000
H1z-PsR5KX,2019,0.6341463414634146,low,0.000000,1.000000,0.000000,1.000000,-1.000000
HJGven05Y7,2019,0.85,low,0.000000,1.000000,0.000000,1.000000,-1.000000
H1z_Z2A5tX,2019,nan,low,0.000000,0.999997,0.000003,0.999997,-0.999997
H1xEwsR9FX,2019,0.84,unknown,0.000000,0.000000,1.000000,0.000000,-0.000000
H1xD9sR5Fm,2019,nan,unknown,0.000000,0.000000,1.000000,0.000000,-0.000000
H1xaJn05FQ,2019,nan,low,0.000000,1.000000,0.000000,1.000000,-1.000000
HJGtFoC5Fm,2019,0.7666666666666667,unknown,0.000000,0.000000,1.000000,0.000000,-0.000000
H1ltQ3R9KQ,2019,0.8571428571428571,unknown,0.000000,0.000000,1.000000,0.000000,-0.000000
H1lo3sC9KX,2019,0.1031746031746031,unknown,0.000000,0.000000,1.000000,0.000000,-0.000000
H1lJJnR5Ym,2019,0.987012987012987,high,1.000000,0.000000,0.000000,1.000000,1.000000
H1lqZhRcFm,2019,0.2547619047619047,unknown,0.000000,0.000000,1.000000,0.000000,-0.000000
H1lJws05K7,2019,0.7531746031746032,unknown,0.000000,0.000000,1.000000,0.000000,-0.000000
H1xk8jAqKQ,2019,nan,low,0.000000,0.999909,0.000090,0.999909,-0.999909
H1ldNoC9tX,2019,0.3865079365079365,unknown,0.000000,0.000000,1.000000,0.000000,-0.000000
H1lIzhC9FX,2019,0.1031746031746031,unknown,0.000000,0.000000,1.000000,0.000000,-0.000000
H1lGHsA9KX,2019,nan,unknown,0.000000,0.000000,1.000000,0.000000,-0.000000
H1x1noAqKX,2019,0.7373015873015873,unknown,0.000000,0.000001,0.999999,0.000001,-0.000001
H1lUOsA9Fm,2019,0.0726495726495726,low,0.000000,0.999996,0.000004,0.999996,-0.999996
H1xSNiRcF7,2019,0.7666666666666667,low,0.000000,1.000000,0.000000,1.000000,-1.000000
H1xwNhCcYm,2019,nan,unknown,0.000000,0.000004,0.999996,0.000004,-0.000004
H1lPUiRcYQ,2019,0.1031746031746031,unknown,0.000000,0.000000,1.000000,0.000000,-0.000000
H1xAH2RqK7,2019,0.2873015873015873,unknown,0.000000,0.000000,1.000000,0.000000,-0.000000
H1lnJ2Rqt7,2019,0.6896825396825397,unknown,0.000000,0.000000,1.000000,0.000000,-0.000000
H1l7bnR5Ym,2019,0.6367521367521367,low,0.000000,1.000000,0.000000,1.000000,-1.000000
H1glKiCqtm,2019,nan,unknown,0.000000,0.000000,1.000000,0.000000,-0.000000
H1l-SjA5t7,2019,0.1623931623931624,unknown,0.000000,0.000000,1.000000,0.000000,-0.000000
H1x3SnAcYQ,2019,0.1031746031746031,unknown,0.000000,0.000000,1.000000,0.000000,-0.000000
H1gMCsAqY7,2019,0.9666666666666668,high,1.000000,0.000000,0.000000,1.000000,1.000000
H1lC8o0cKX,2019,0.1603174603174603,unknown,0.000000,0.000000,1.000000,0.000000,-0.000000
H1gsz30cKX,2019,0.8960317460317461,low,0.000000,1.000000,0.000000,1.000000,-1.000000
H1gL-2A9Ym,2019,0.9873015873015872,high,1.000000,0.000000,0.000000,1.000000,1.000000
H1gKYo09tX,2019,0.8170731707317073,high,1.000000,0.000000,0.000000,1.000000,1.000000
H1gRM2A5YX,2019,nan,unknown,0.000000,0.000000,1.000000,0.000000,-0.000000
H1g6osRcFQ,2019,0.7402597402597403,unknown,0.000000,0.000000,1.000000,0.000000,-0.000000
H1lADsCcFQ,2019,nan,unknown,0.000000,0.000000,1.000000,0.000000,-0.000000
H1goBoR9F7,2019,nan,unknown,0.000000,0.000000,1.000000,0.000000,-0.000000
H1gNHs05FX,2019,0.1031746031746031,unknown,0.000000,0.000000,1.000000,0.000000,-0.000000
H1gh_sC9tm,2019,0.196031746031746,low,0.000000,1.000000,0.000000,1.000000,-1.000000
H1gfOiAqYm,2019,nan,unknown,0.000000,0.000000,1.000000,0.000000,-0.000000
H1gTEj09FX,2019,0.4523809523809524,unknown,0.000000,0.000000,1.000000,0.000000,-0.000000
H1lFZnR5YX,2019,nan,low,0.000000,1.000000,0.000000,1.000000,-1.000000
H1gR5iR5FX,2019,0.8902439024390244,unknown,0.000000,0.000000,1.000000,0.000000,-0.000000
H1gFuiA9KX,2019,0.6097560975609756,unknown,0.000000,0.000000,1.000000,0.000000,-0.000000
H1f7S3C9YQ,2019,0.1951219512195122,unknown,0.000000,0.000000,1.000000,0.000000,-0.000000
H1gZV30qKQ,2019,nan,unknown,0.000000,0.000000,1.000000,0.000000,-0.000000
H1faSn0qY7,2019,nan,unknown,0.000000,0.000000,1.000000,0.000000,-0.000000
H1x-x309tm,2019,0.8722222222222222,low,0.000000,0.999991,0.000009,0.999991,-0.999991
H1fsUiRcKQ,2019,nan,unknown,0.000000,0.000000,1.000000,0.000000,-0.000000
H1emus0qF7,2019,0.8181818181818182,unknown,0.000000,0.000000,1.000000,0.000000,-0.000000
H1g4k309F7,2019,0.4817460317460317,unknown,0.000000,0.000000,1.000000,0.000000,-0.000000
H1edIiA9KQ,2019,0.6752136752136753,unknown,0.000000,0.000000,1.000000,0.000000,-0.000000
H1fF0iR9KX,2019,0.4,unknown,0.000000,0.000000,1.000000,0.000000,-0.000000
H1gDgn0qY7,2019,0.1031746031746031,unknown,0.000000,0.000000,1.000000,0.000000,-0.000000
H1fevoAcKX,2019,0.2547619047619047,high,1.000000,0.000000,0.000000,1.000000,1.000000
H1eiZnAqKm,2019,0.1031746031746031,unknown,0.000000,0.000000,1.000000,0.000000,-0.000000
H1fU8iAqKX,2019,0.5341269841269841,unknown,0.000000,0.000000,1.000000,0.000000,-0.000000
H1g2NhC5KQ,2019,nan,unknown,0.000000,0.000000,1.000000,0.000000,-0.000000
H1ewdiR5tQ,2019,0.8380952380952381,low,0.000000,1.000000,0.000000,1.000000,-1.000000
H1ebTsActm,2019,0.8420634920634921,unknown,0.000000,0.000000,1.000000,0.000000,-0.000000
H1ecDoR5Y7,2019,nan,low,0.000000,1.000000,0.000000,1.000000,-1.000000
H1eadi0cFQ,2019,nan,unknown,0.000000,0.000000,1.000000,0.000000,-0.000000
H1g0Z3A9Fm,2019,0.9071428571428573,unknown,0.000000,0.000000,1.000000,0.000000,-0.000000
H1eqviAqYX,2019,nan,unknown,0.000000,0.000000,1.000000,0.000000,-0.000000
H1MBuiAqtX,2019,0.685064935064935,unknown,0.000000,0.000000,1.000000,0.000000,-0.000000
H1MgjoR9tQ,2019,0.2804878048780488,low,0.000000,0.999999,0.000001,0.999999,-0.999999
H1MzKs05F7,2019,0.6611111111111111,low,0.000000,0.999997,0.000003,0.999997,-0.999997
H1eSS3CcKX,2019,0.7325396825396825,unknown,0.000000,0.000000,1.000000,0.000000,-0.000000
H1V4QhAqYQ,2019,0.7626984126984127,unknown,0.000000,0.000000,1.000000,0.000000,-0.000000
H1e0-30qKm,2019,0.0726495726495726,low,0.000000,0.999988,0.000012,0.999988,-0.999988
H1e6ij0cKQ,2019,0.1031746031746031,unknown,0.000000,0.000000,1.000000,0.000000,-0.000000
H1Gfx3Rqtm,2019,0.1951219512195122,unknown,0.000000,0.000001,0.999999,0.000001,-0.000001
ByxkijC5FQ,2019,0.7,low,0.000000,1.000000,0.000000,1.000000,-1.000000
H1eMBn09Km,2019,0.0726495726495726,unknown,0.000000,0.000002,0.999998,0.000002,-0.000002
ByxkCj09Fm,2019,nan,unknown,0.000000,0.000000,1.000000,0.000000,-0.000000
Byxr73R5FQ,2019,0.1363636363636363,low,0.000000,1.000000,0.000000,1.000000,-1.000000
H1ERcs09KQ,2019,nan,unknown,0.000000,0.000000,1.000000,0.000000,-0.000000
H1GLm2R9Km,2019,nan,unknown,0.000000,0.000000,1.000000,0.000000,-0.000000
H1eqjiCctX,2019,0.3292682926829268,unknown,0.000000,0.000000,1.000000,0.000000,-0.000000
ByxZX20qFQ,2019,0.7987804878048781,unknown,0.000000,0.000000,1.000000,0.000000,-0.000000
H1ersoRqtm,2019,0.926829268292683,unknown,0.000000,0.000000,1.000000,0.000000,-0.000000
ByxBFsRqYm,2019,0.9523809523809524,high,1.000000,0.000000,0.000000,1.000000,1.000000
Byxpfh0cFm,2019,0.3865079365079365,unknown,0.000000,0.000000,1.000000,0.000000,-0.000000
H1e572A5tQ,2019,0.5876623376623377,unknown,0.000906,0.000000,0.000000,0.000906,0.000906
H1GaLiAcY7,2019,0.2873015873015873,unknown,0.000000,0.000000,1.000000,0.000000,-0.000000
H1MW72AcK7,2019,0.6150793650793651,unknown,0.000000,0.000000,1.000000,0.000000,-0.000000
ByxF-nAqYX,2019,nan,unknown,0.000000,0.000000,1.000000,0.000000,-0.000000
H1M7soActX,2019,nan,unknown,0.000000,0.000000,1.000000,0.000000,-0.000000
ByxAOoR5K7,2019,0.3149350649350649,unknown,0.000000,0.000000,1.000000,0.000000,-0.000000
H1e8wsCqYX,2019,nan,unknown,0.000000,0.000000,1.000000,0.000000,-0.000000
H1eH4n09KX,2019,0.3846153846153846,unknown,0.000000,0.000000,1.000000,0.000000,-0.000000
ByxmXnA9FQ,2019,0.4674603174603174,unknown,0.000000,0.000000,1.000000,0.000000,-0.000000
ByxZdj09tX,2019,0.0551948051948051,unknown,0.000000,0.000001,0.999998,0.000001,-0.000001
ByxHb3R5tX,2019,0.3961038961038961,unknown,0.000000,0.000000,1.000000,0.000000,-0.000000
Byx93sC9tm,2019,nan,unknown,0.000000,0.000000,1.000000,0.000000,-0.000000
ByxGSsR9FQ,2019,0.6753968253968254,low,0.000000,0.999999,0.000001,0.999999,-0.999999
ByxLl309Ym,2019,0.3846153846153846,unknown,0.000000,0.000000,1.000000,0.000000,-0.000000
ByxPYjC5KQ,2019,0.8632478632478633,unknown,0.000000,0.000000,1.000000,0.000000,-0.000000
ByloIiCqYQ,2019,0.6611111111111111,low,0.000000,0.999984,0.000016,0.999984,-0.999984
Bylmkh05KX,2019,0.1951219512195122,unknown,0.000000,0.000000,1.000000,0.000000,-0.000000
ByleB2CcKm,2019,0.3619047619047619,unknown,0.000000,0.000000,1.000000,0.000000,-0.000000
BylkG20qYm,2019,nan,unknown,0.000000,0.000000,1.000000,0.000000,-0.000000
Byx1VnR9K7,2019,nan,unknown,0.000000,0.000000,1.000000,0.000000,-0.000000
Byldr3RqKX,2019,0.0325396825396825,unknown,0.000000,0.000000,1.000000,0.000000,-0.000000
Byx7LjRcYm,2019,nan,unknown,0.000000,0.000000,1.000000,0.000000,-0.000000
BylRVjC9K7,2019,nan,unknown,0.000000,0.000000,1.000000,0.000000,-0.000000
ByldlhAqYQ,2019,0.3619047619047619,unknown,0.000000,0.000000,1.000000,0.000000,-0.000000
BylIciRcYQ,2019,0.5738095238095238,unknown,0.000000,0.000000,1.000000,0.000000,-0.000000
Bygh9j09KX,2019,0.9936507936507936,high,1.000000,0.000000,0.000000,1.000000,1.000000
BylctiCctX,2019,0.0325396825396825,unknown,0.000000,0.000000,1.000000,0.000000,-0.000000
ByloJ20qtm,2019,0.746031746031746,low,0.000000,0.999938,0.000062,0.999938,-0.999938
Byl_ciRcY7,2019,nan,unknown,0.000000,0.000000,1.000000,0.000000,-0.000000
BylBr3C9K7,2019,0.6039682539682539,unknown,0.000000,0.000000,1.000000,0.000000,-0.000000
Byl8BnRcYm,2019,0.9222222222222224,low,0.000000,1.000000,0.000000,1.000000,-1.000000
BylQV305YQ,2019,0.5650793650793651,unknown,0.000000,0.000000,1.000000,0.000000,-0.000000
BygqBiRcFQ,2019,0.6753968253968254,low,0.000000,1.000000,0.000000,1.000000,-1.000000
BygfghAcYX,2019,0.9396825396825396,unknown,0.000000,0.000000,1.000000,0.000000,-0.000000
BylBns0qtX,2019,0.1603174603174603,unknown,0.000000,0.000000,1.000000,0.000000,-0.000000
BygIV2CcKm,2019,0.1603174603174603,unknown,0.000000,0.000000,1.000000,0.000000,-0.000000
BygmRoA9YQ,2019,0.4523809523809524,unknown,0.000000,0.000000,1.000000,0.000000,-0.000000
BygrtoC9Km,2019,0.2547619047619047,unknown,0.000000,0.000001,0.999999,0.000001,-0.000001
BygMAiRqK7,2019,0.3865079365079365,low,0.000000,0.999991,0.000009,0.999991,-0.999991
ByghKiC5YX,2019,0.6365079365079365,unknown,0.000000,0.000000,1.000000,0.000000,-0.000000
BygGNnCqKQ,2019,nan,unknown,0.000000,0.000000,1.000000,0.000000,-0.000000
BygANhA9tQ,2019,0.4523809523809524,unknown,0.000000,0.000000,1.000000,0.000000,-0.000000
Byg0DsCqYQ,2019,0.594017094017094,unknown,0.000000,0.000000,1.000000,0.000000,-0.000000
BygRNn0qYX,2019,0.0325396825396825,low,0.000000,0.999971,0.000029,0.999971,-0.999971
ByxAcjCqt7,2019,0.8333333333333334,low,0.000000,1.000000,0.000000,1.000000,-1.000000
Byg5QhR5FQ,2019,nan,unknown,0.000000,0.000000,1.000000,0.000000,-0.000000
ByeZ5jC5YQ,2019,0.7206349206349206,low,0.000000,1.000000,0.000000,1.000000,-1.000000
Byxz4n09tQ,2019,0.2873015873015873,unknown,0.000000,0.000000,1.000000,0.000000,-0.000000
BygANjA5FX,2019,0.1031746031746031,unknown,0.000000,0.000000,1.000000,0.000000,-0.000000
ByfXe2C5tm,2019,0.0426829268292682,unknown,0.000000,0.000000,1.000000,0.000000,-0.000000
BygNqoR9tm,2019,0.6752136752136753,unknown,0.000000,0.000001,0.999999,0.000001,-0.000001
Byf5-30qFX,2019,0.7857142857142857,low,0.000000,1.000000,0.000000,1.000000,-1.000000
ByfyHh05tQ,2019,nan,unknown,0.000000,0.000000,1.000000,0.000000,-0.000000
ByftGnR9KX,2019,0.8292682926829268,low,0.000000,1.000000,0.000000,1.000000,-1.000000
ByfbnsA9Km,2019,0.3619047619047619,unknown,0.000000,0.000000,1.000000,0.000000,-0.000000
ByecAoAqK7,2019,0.524390243902439,unknown,0.000000,0.000000,1.000000,0.000000,-0.000000
BygREjC9YQ,2019,0.2547619047619047,unknown,0.000000,0.000000,1.000000,0.000000,-0.000000
Byey7n05FQ,2019,0.8246753246753247,unknown,0.000000,0.000000,1.000000,0.000000,-0.000000
ByMVTsR5KQ,2019,0.8760683760683761,unknown,0.000000,0.000000,1.000000,0.000000,-0.000000
ByMHvs0cFQ,2019,0.7238095238095238,low,0.000000,1.000000,0.000000,1.000000,-1.000000
ByN7Yo05YX,2019,0.5888888888888889,unknown,0.000000,0.000023,0.999977,0.000023,-0.000023
ByezgnA5tm,2019,nan,unknown,0.000000,0.000001,0.999999,0.000001,-0.000001
ByeSdsC9Km,2019,0.3865079365079365,unknown,0.000000,0.000000,1.000000,0.000000,-0.000000
Bylnx209YX,2019,0.9793650793650792,unknown,0.000000,0.000000,1.000000,0.000000,-0.000000
ByeDojRcYQ,2019,0.2435064935064935,unknown,0.000000,0.000000,1.000000,0.000000,-0.000000
BylBfnRqFm,2019,nan,low,0.000000,0.999995,0.000005,0.999995,-0.999995
Bye5OiR5F7,2019,nan,unknown,0.000000,0.000000,1.000000,0.000000,-0.000000
ByeMB3Act7,2019,0.3865079365079365,low,0.000000,0.999999,0.000001,0.999999,-0.999999
Bye5SiAqKX,2019,0.0325396825396825,unknown,0.000000,0.000000,1.000000,0.000000,-0.000000
ByGq7hRqKX,2019,0.1363636363636363,unknown,0.000000,0.000000,1.000000,0.000000,-0.000000
ByG_3s09KX,2019,0.974025974025974,low,0.000000,1.000000,0.000000,1.000000,-1.000000
ByGUFsAqYm,2019,0.2547619047619047,unknown,0.000000,0.000000,1.000000,0.000000,-0.000000
ByEtPiAcY7,2019,nan,unknown,0.000000,0.000000,1.000000,0.000000,-0.000000
Bye9LiR9YX,2019,0.4318181818181818,unknown,0.000000,0.000000,1.000000,0.000000,-0.000000
ByePUo05K7,2019,0.24,unknown,0.000000,0.000000,1.000000,0.000000,-0.000000
ByeNFoRcK7,2019,0.5769230769230769,low,0.000000,1.000000,0.000000,1.000000,-1.000000
By41BjA9YQ,2019,0.6365079365079365,unknown,0.000000,0.000000,1.000000,0.000000,-0.000000
ByGuynAct7,2019,0.4984126984126984,low,0.000000,1.000000,0.000000,1.000000,-1.000000
BkxkH30cFm,2019,nan,unknown,0.000000,0.000000,1.000000,0.000000,-0.000000
By40DoAqtX,2019,nan,unknown,0.000000,0.000000,1.000000,0.000000,-0.000000
Bkxbrn0cYX,2019,0.7714285714285715,unknown,0.000000,0.000000,1.000000,0.000000,-0.000000
Bkxdqj0cFQ,2019,0.0325396825396825,unknown,0.000000,0.000000,1.000000,0.000000,-0.000000
Byg3y3C9Km,2019,0.8722222222222222,unknown,0.000001,0.995389,0.004610,0.995389,-0.995388
Bkx_Dj09tQ,2019,0.2253968253968254,unknown,0.000000,0.000000,1.000000,0.000000,-0.000000
ByeLmn0qtX,2019,nan,unknown,0.000000,0.000000,1.000000,0.000000,-0.000000
BkxSHsC5FQ,2019,0.6039682539682539,unknown,0.000000,0.000000,1.000000,0.000000,-0.000000
BklpOo09tQ,2019,0.2873015873015873,unknown,0.000000,0.000000,1.000000,0.000000,-0.000000
Bkx0RjA9tX,2019,nan,unknown,0.000000,0.000000,1.000000,0.000000,-0.000000
BkxWJnC9tX,2019,0.5817460317460318,unknown,0.000000,0.000000,1.000000,0.000000,-0.000000
BkloRs0qK7,2019,0.796031746031746,unknown,0.000000,0.000000,1.000000,0.000000,-0.000000
BkltNhC9FX,2019,0.6219512195121951,unknown,0.000000,0.000001,0.999999,0.000001,-0.000001
BkxgbhCqtQ,2019,0.1031746031746031,unknown,0.000000,0.000000,1.000000,0.000000,-0.000000
BklMjsRqY7,2019,nan,low,0.000000,1.000000,0.000000,1.000000,-1.000000
Bklfsi0cKm,2019,0.8888888888888888,unknown,0.000000,0.000001,0.999999,0.000001,-0.000001
BkzeUiRcY7,2019,nan,unknown,0.000000,0.000000,1.000000,0.000000,-0.000000
BklKFo09YX,2019,0.7264957264957265,low,0.000000,1.000000,0.000000,1.000000,-1.000000
BklMYjC9FQ,2019,0.0726495726495726,low,0.000000,1.000000,0.000000,1.000000,-1.000000
BklACjAqFm,2019,0.4935064935064935,unknown,0.000000,0.000000,1.000000,0.000000,-0.000000
BklUAoAcY7,2019,0.4146341463414634,unknown,0.000000,0.000000,1.000000,0.000000,-0.000000
Bklzkh0qFm,2019,0.9142857142857144,low,0.000000,1.000000,0.000000,1.000000,-1.000000
BkgzniCqY7,2019,0.8873015873015873,unknown,0.000000,0.000000,1.000000,0.000000,-0.000000
BklAEsR5t7,2019,nan,unknown,0.000000,0.000000,1.000000,0.000000,-0.000000
BkgosiRcKm,2019,nan,unknown,0.000000,0.000000,1.000000,0.000000,-0.000000
Bkl2SjCcKQ,2019,0.430952380952381,unknown,0.000000,0.000000,1.000000,0.000000,-0.000000
BkxAUjRqY7,2019,0.2873015873015873,unknown,0.000000,0.000000,1.000000,0.000000,-0.000000
BkgFqiAqFX,2019,nan,unknown,0.000000,0.000000,1.000000,0.000000,-0.000000
BkgBvsC9FQ,2019,0.902439024390244,low,0.000000,1.000000,0.000000,1.000000,-1.000000
BkgtDsCcKQ,2019,0.4674603174603174,unknown,0.000000,0.000000,1.000000,0.000000,-0.000000
Bkl-43C9FQ,2019,0.88,unknown,0.000000,0.000000,1.000000,0.000000,-0.000000
BkgVx3A9Km,2019,0.3373015873015873,unknown,0.000000,0.000000,1.000000,0.000000,-0.000000
Bklr3j0cKX,2019,1.0,unknown,0.000000,0.000000,1.000000,0.000000,-0.000000
Bkg5aoAqKm,2019,nan,unknown,0.000000,0.000000,1.000000,0.000000,-0.000000
Bkg93jC5YX,2019,0.4146341463414634,unknown,0.000000,0.000000,1.000000,0.000000,-0.000000
BkgGmh09FQ,2019,nan,unknown,0.000000,0.000000,1.000000,0.000000,-0.000000
BkgYIiAcFQ,2019,0.0325396825396825,low,0.000000,0.999997,0.000003,0.999997,-0.999997
ByME42AqK7,2019,0.819047619047619,low,0.000000,0.999999,0.000001,0.999999,-0.999999
BkgPajAcY7,2019,0.8536585365853658,unknown,0.000000,0.000004,0.999996,0.000004,-0.000004
BklCusRct7,2019,nan,low,0.000000,1.000000,0.000000,1.000000,-1.000000
BkewX2C9tX,2019,0.984126984126984,unknown,0.000000,0.000000,1.000000,0.000000,-0.000000
BklhAj09K7,2019,0.746031746031746,unknown,0.000000,0.000000,1.000000,0.000000,-0.000000
Bkg6RiCqY7,2019,nan,high,1.000000,0.000000,0.000000,1.000000,1.000000
BkfPnoActQ,2019,0.0551948051948051,low,0.000000,0.999999,0.000001,0.999999,-0.999999
Bkl87h09FX,2019,nan,low,0.000000,1.000000,0.000000,1.000000,-1.000000
BkfbpsAcF7,2019,0.7984126984126985,low,0.000000,0.999998,0.000002,0.999998,-0.999998
Bkf1tjR9KQ,2019,0.4103174603174603,unknown,0.000000,0.000000,1.000000,0.000000,-0.000000
BkfhZnC9t7,2019,0.4146341463414634,unknown,0.000000,0.000000,1.000000,0.000000,-0.000000
BkedznAqKQ,2019,0.9206349206349206,low,0.000000,0.999999,0.000001,0.999999,-0.999999
BkesJ3R9YX,2019,nan,unknown,0.000000,0.000000,1.000000,0.000000,-0.000000
BkgiM20cYX,2019,nan,unknown,0.000000,0.000000,1.000000,0.000000,-0.000000
BkesGnCcFX,2019,nan,unknown,0.000000,0.000000,1.000000,0.000000,-0.000000
BkfxKj09Km,2019,0.06,low,0.000000,1.000000,0.000000,1.000000,-1.000000
Bke0rjR5F7,2019,nan,unknown,0.000000,0.000000,1.000000,0.000000,-0.000000
Bkeuz20cYm,2019,0.4512987012987013,unknown,0.000000,0.000000,1.000000,0.000000,-0.000000
Bkg8jjC9KQ,2019,0.8936507936507937,high,1.000000,0.000000,0.000000,1.000000,1.000000
BkgWHnR5tm,2019,0.6363636363636364,unknown,0.000000,0.000000,1.000000,0.000000,-0.000000
BkNUFjR5KQ,2019,nan,unknown,0.000000,0.000000,1.000000,0.000000,-0.000000
BkN5UoAqF7,2019,0.6623376623376623,unknown,0.000000,0.000000,1.000000,0.000000,-0.000000
Bkg3g2R9FX,2019,0.9492063492063492,unknown,0.000000,0.000000,1.000000,0.000000,-0.000000
BklHpjCqKm,2019,0.8420634920634921,low,0.000000,0.999996,0.000004,0.999996,-0.999996
BJzmzn0ctX,2019,0.1031746031746031,unknown,0.000000,0.000000,1.000000,0.000000,-0.000000
Bkg2viA5FQ,2019,nan,unknown,0.000000,0.000001,0.999999,0.000001,-0.000001
BJzbG20cFQ,2019,nan,unknown,0.000000,0.000000,1.000000,0.000000,-0.000000
BJxssoA5KX,2019,0.5,unknown,0.000000,0.000000,1.000000,0.000000,-0.000000
BkeDEoCctQ,2019,0.5064935064935064,low,0.000000,1.000000,0.000000,1.000000,-1.000000
BkeU5j0ctQ,2019,0.8831168831168831,low,0.000000,1.000000,0.000000,1.000000,-1.000000
BkeUasA5YQ,2019,0.4523809523809524,unknown,0.000000,0.000000,1.000000,0.000000,-0.000000
BkedwoC5t7,2019,0.819047619047619,unknown,0.000000,0.000000,1.000000,0.000000,-0.000000
BkeK-nRcFX,2019,0.3126984126984127,unknown,0.000000,0.000085,0.999915,0.000085,-0.000085
Bke4KsA5FX,2019,0.8547008547008547,unknown,0.000000,0.000000,1.000000,0.000000,-0.000000
BkMn9jAcYQ,2019,0.1948051948051948,low,0.000000,1.000000,0.000000,1.000000,-1.000000
BkeStsCcKQ,2019,nan,low,0.000000,1.000000,0.000000,1.000000,-1.000000
BJxbYoC9FQ,2019,0.5158730158730159,unknown,0.000000,0.000000,1.000000,0.000000,-0.000000
BJxvEh0cFQ,2019,0.6507936507936508,unknown,0.000000,0.000000,1.000000,0.000000,-0.000000
BkMiWhR5K7,2019,0.957936507936508,unknown,0.000000,0.000000,1.000000,0.000000,-0.000000
BkMXkhA5Fm,2019,nan,unknown,0.000000,0.000000,1.000000,0.000000,-0.000000
BkGiPoC5FX,2019,0.430952380952381,low,0.000000,1.000000,0.000000,1.000000,-1.000000
Bke96sC5tm,2019,0.9415584415584416,unknown,0.000000,0.000000,1.000000,0.000000,-0.000000
BJzuKiC9KX,2019,0.3865079365079365,unknown,0.000000,0.000003,0.999997,0.000003,-0.000003
BJxgz2R9t7,2019,nan,low,0.000000,1.000000,0.000000,1.000000,-1.000000
BJxh2j0qYm,2019,0.961904761904762,unknown,0.000000,0.000080,0.999920,0.000080,-0.000080
BJxOHs0cKm,2019,0.7126984126984127,unknown,0.000000,0.000000,1.000000,0.000000,-0.000000
BkG8sjR5Km,2019,0.7987012987012987,unknown,0.000000,0.000000,1.000000,0.000000,-0.000000
BJxLH2AcYX,2019,0.6150793650793651,unknown,0.000000,0.000000,1.000000,0.000000,-0.000000
BJxYEsAqY7,2019,nan,low,0.000000,0.999996,0.000004,0.999996,-0.999996
BJxmXhRcK7,2019,nan,low,0.000000,1.000000,0.000000,1.000000,-1.000000
BJxhijAcY7,2019,0.9126984126984128,low,0.000000,1.000000,0.000000,1.000000,-1.000000
BJlxm30cKm,2019,0.9007936507936508,high,1.000000,0.000000,0.000000,1.000000,1.000000
BJx0sjC5FX,2019,nan,unknown,0.000000,0.000000,1.000000,0.000000,-0.000000
BJluy2RcFm,2019,0.8134920634920635,low,0.000000,1.000000,0.000000,1.000000,-1.000000
BJxRVnC5Fm,2019,0.1031746031746031,unknown,0.000000,0.000000,1.000000,0.000000,-0.000000
BkE8NjCqYm,2019,nan,unknown,0.000000,0.000000,1.000000,0.000000,-0.000000
BkMq0oRqFQ,2019,nan,unknown,0.000000,0.000000,1.000000,0.000000,-0.000000
BJx9f305t7,2019,0.3846153846153846,low,0.000000,1.000000,0.000000,1.000000,-1.000000
BkG5SjR5YQ,2019,0.1031746031746031,unknown,0.000000,0.000000,1.000000,0.000000,-0.000000
BJx1SsAcYQ,2019,0.746031746031746,unknown,0.000000,0.000000,1.000000,0.000000,-0.000000
BJlpCsC5Km,2019,0.0726495726495726,unknown,0.000000,0.000000,1.000000,0.000000,-0.000000
BJlyznAcFm,2019,nan,unknown,0.000000,0.000000,1.000000,0.000000,-0.000000
BJxPk2A9Km,2019,0.2253968253968254,low,0.000000,0.999998,0.000002,0.999998,-0.999998
BJll6o09tm,2019,nan,low,0.000000,1.000000,0.000000,1.000000,-1.000000
BJlc6iA5YX,2019,0.0325396825396825,unknown,0.000000,0.000000,1.000000,0.000000,-0.000000
BJl65sA9tm,2019,nan,unknown,0.000000,0.000000,1.000000,0.000000,-0.000000
BJl6TjRcY7,2019,0.8733766233766234,unknown,0.000000,0.000000,1.000000,0.000000,-0.000000
BJgvg30ctX,2019,nan,unknown,0.000000,0.000000,1.000000,0.000000,-0.000000
BJl4f2A5tQ,2019,0.4318181818181818,low,0.000000,1.000000,0.000000,1.000000,-1.000000
BJlgNh0qKQ,2019,0.75,low,0.000000,0.999999,0.000001,0.999999,-0.999999
BJgqqsAct7,2019,0.8420634920634921,high,1.000000,0.000000,0.000000,1.000000,1.000000
BkVVOi0cFX,2019,nan,low,0.000000,0.999948,0.000051,0.999948,-0.999948
BJlMcjC5K7,2019,nan,unknown,0.000000,0.000000,1.000000,0.000000,-0.000000
BJlVhsA5KX,2019,nan,unknown,0.000000,0.000000,1.000000,0.000000,-0.000000
BJgnmhA5KQ,2019,nan,unknown,0.000000,0.000001,0.999999,0.000001,-0.000001
BJlXUsR5KQ,2019,nan,unknown,0.000000,0.000000,1.000000,0.000000,-0.000000
BJgklhAcK7,2019,0.9603174603174603,high,0.999999,0.000001,0.000000,1.000000,0.999999
BJleciCcKQ,2019,nan,unknown,0.000000,0.000000,1.000000,0.000000,-0.000000
BJl_VnR9Km,2019,nan,unknown,0.000000,0.000000,1.000000,0.000000,-0.000000
BJgbzhC5Ym,2019,nan,low,0.000000,0.999987,0.000013,0.999987,-0.999987
BJgolhR9Km,2019,0.2547619047619047,unknown,0.000000,0.000000,1.000000,0.000000,-0.000000
BJgsN3R9Km,2019,0.196031746031746,low,0.000000,1.000000,0.000000,1.000000,-1.000000
BJgQB20qFQ,2019,nan,unknown,0.000000,0.000000,1.000000,0.000000,-0.000000
BJg_roAcK7,2019,0.85,low,0.000000,0.999999,0.000001,0.999999,-0.999999
BJgK6iA5KX,2019,nan,unknown,0.000000,0.000000,1.000000,0.000000,-0.000000
BJgLg3R9KQ,2019,0.6,unknown,0.000000,0.000000,1.000000,0.000000,-0.000000
BJgYl205tQ,2019,0.2547619047619047,low,0.000000,1.000000,0.000000,1.000000,-1.000000
BJf_YjCqYX,2019,0.5650793650793651,unknown,0.000000,0.000000,1.000000,0.000000,-0.000000
BJlSHsAcK7,2019,nan,unknown,0.000000,0.000000,1.000000,0.000000,-0.000000
BJgy-n0cK7,2019,0.14,unknown,0.000000,0.000000,1.000000,0.000000,-0.000000
BJfRpoA9YX,2019,nan,unknown,0.000000,0.000001,0.999999,0.000001,-0.000001
BJfOXnActQ,2019,0.7833333333333333,unknown,0.000000,0.000000,1.000000,0.000000,-0.000000
BJfguoAcFm,2019,0.196031746031746,unknown,0.000000,0.000000,1.000000,0.000000,-0.000000
BJeapjA5FX,2019,nan,unknown,0.000000,0.000000,1.000000,0.000000,-0.000000
BJej72AqF7,2019,0.3126984126984127,unknown,0.000000,0.000001,0.999999,0.000001,-0.000001
BJemQ209FQ,2019,nan,unknown,0.000000,0.000000,1.000000,0.000000,-0.000000
BJgGhiR5KX,2019,0.5853658536585366,unknown,0.000000,0.000000,1.000000,0.000000,-0.000000
BJgEjiRqYX,2019,0.4487179487179487,unknown,0.000000,0.000000,1.000000,0.000000,-0.000000
BJgRDjR9tQ,2019,nan,low,0.000000,0.999997,0.000003,0.999997,-0.999997
BJfIVjAcKm,2019,0.8134920634920635,unknown,0.000000,0.000000,1.000000,0.000000,-0.000000
BJfvAoC9YQ,2019,nan,unknown,0.000000,0.000000,1.000000,0.000000,-0.000000
BJe1E2R5KX,2019,0.9090909090909092,unknown,0.000000,0.000000,1.000000,0.000000,-0.000000
BJfYvo09Y7,2019,0.7597402597402597,unknown,0.000000,0.000000,1.000000,0.000000,-0.000000
BJMvBjC5YQ,2019,0.2253968253968254,unknown,0.000000,0.000000,1.000000,0.000000,-0.000000
BJesDsA9t7,2019,0.4523809523809524,unknown,0.000000,0.000001,0.999999,0.000001,-0.000001
BJe1hsCcYQ,2019,0.1031746031746031,unknown,0.000000,0.000005,0.999995,0.000005,-0.000005
BJeRg205Fm,2019,0.2547619047619047,unknown,0.000000,0.000000,1.000000,0.000000,-0.000000
BJfvknCqFQ,2019,nan,low,0.000000,1.000000,0.000000,1.000000,-1.000000
BJeWOi09FQ,2019,0.2253968253968254,low,0.000000,1.000000,0.000000,1.000000,-1.000000
BJeY6sR9KX,2019,0.1031746031746031,low,0.000000,0.999998,0.000002,0.999998,-0.999998
BJg4Z3RqF7,2019,0.6367521367521367,unknown,0.000000,0.000000,1.000000,0.000000,-0.000000
BJWfW2C9Y7,2019,0.1031746031746031,unknown,0.000000,0.000000,1.000000,0.000000,-0.000000
BJe-DsC5Fm,2019,nan,unknown,0.000000,0.000000,1.000000,0.000000,-0.000000
BJ4BVhRcYX,2019,0.2547619047619047,unknown,0.000000,0.000001,0.999999,0.000001,-0.000001
BJeem3C9F7,2019,0.3846153846153846,unknown,0.000000,0.000000,1.000000,0.000000,-0.000000
BJeWUs05KQ,2019,0.6071428571428571,low,0.000000,0.999983,0.000017,0.999983,-0.999983
BJG__i0qF7,2019,nan,unknown,0.000000,0.000000,1.000000,0.000000,-0.000000
BJeOioA9Y7,2019,0.5484126984126985,low,0.000000,1.000000,0.000000,1.000000,-1.000000
B1xf9jAqFQ,2019,0.5,low,0.000000,1.000000,0.000000,1.000000,-1.000000
BJEOOsCqKm,2019,0.0325396825396825,unknown,0.000000,0.000000,1.000000,0.000000,-0.000000
BJe0Gn0cY7,2019,0.4658119658119658,low,0.000000,1.000000,0.000000,1.000000,-1.000000
BJGfCjA5FX,2019,0.2222222222222222,low,0.000000,1.000000,0.000000,1.000000,-1.000000
BJGjOi09t7,2019,0.3846153846153846,unknown,0.000000,0.000000,1.000000,0.000000,-0.000000
B1zMDjAqKQ,2019,0.0325396825396825,low,0.000000,0.999999,0.000001,0.999999,-0.999999
BJe-Sn0ctm,2019,0.3780487804878049,low,0.000000,0.999289,0.000711,0.999289,-0.999289
B1xnPsA5KX,2019,0.1031746031746031,unknown,0.000000,0.000000,1.000000,0.000000,-0.000000
B1xVTjCqKQ,2019,0.5650793650793651,unknown,0.000000,0.000000,1.000000,0.000000,-0.000000
B1xhQhRcK7,2019,0.746031746031746,unknown,0.000000,0.000000,1.000000,0.000000,-0.000000
B1xY-hRctX,2019,0.746031746031746,low,0.000000,1.000000,0.000000,1.000000,-1.000000
B1xWcj0qYm,2019,0.7055555555555556,unknown,0.000000,0.000000,1.000000,0.000000,-0.000000
B1xJAsA5F7,2019,nan,unknown,0.000000,0.000000,1.000000,0.000000,-0.000000
B1xOYoA5tQ,2019,0.1603174603174603,unknown,0.000000,0.000000,1.000000,0.000000,-0.000000
BJG0voC9YQ,2019,0.7012987012987013,low,0.000000,0.999999,0.000001,0.999999,-0.999999
B1xFxh0cKX,2019,0.5158730158730159,unknown,0.000000,0.000000,1.000000,0.000000,-0.000000
B1x5KiCcFX,2019,0.1031746031746031,unknown,0.000000,0.000002,0.999998,0.000002,-0.000002
B1x0enCcK7,2019,nan,unknown,0.000000,0.000000,1.000000,0.000000,-0.000000
B1lfHhR9tm,2019,0.9634146341463414,high,1.000000,0.000000,0.000000,1.000000,1.000000
B1xFhiC9Y7,2019,nan,unknown,0.000000,0.000000,1.000000,0.000000,-0.000000
B1xFVhActm,2019,0.3292682926829268,unknown,0.000000,0.000000,1.000000,0.000000,-0.000000
B1lxH20qtX,2019,0.7373015873015873,unknown,0.000000,0.000000,1.000000,0.000000,-0.000000
B1lnzn0ctQ,2019,0.8857142857142857,low,0.000000,1.000000,0.000000,1.000000,-1.000000
B1lx42A9Ym,2019,nan,unknown,0.000000,0.000000,1.000000,0.000000,-0.000000
BJ4AFsRcFQ,2019,nan,low,0.000000,0.999999,0.000001,0.999999,-0.999999
B1lXGnRctX,2019,nan,unknown,0.000000,0.000000,1.000000,0.000000,-0.000000
B1lKS2AqtX,2019,0.9572649572649572,low,0.000000,1.000000,0.000000,1.000000,-1.000000
B1xU4nAqK7,2019,nan,unknown,0.000000,0.000000,1.000000,0.000000,-0.000000
B1x-LjAcKX,2019,0.1031746031746031,unknown,0.000000,0.000000,1.000000,0.000000,-0.000000
B1lnjo05Km,2019,nan,unknown,0.000000,0.000000,1.000000,0.000000,-0.000000
B1x9siCcYQ,2019,0.1031746031746031,unknown,0.000000,0.000000,1.000000,0.000000,-0.000000
B1x33sC9KQ,2019,0.846031746031746,low,0.000000,1.000000,0.000000,1.000000,-1.000000
B1lKtjA9FQ,2019,nan,unknown,0.000000,0.000000,1.000000,0.000000,-0.000000
B1l6e3RcF7,2019,nan,unknown,0.000000,0.000000,1.000000,0.000000,-0.000000
B1lwSsC5KX,2019,0.3865079365079365,low,0.000000,1.000000,0.000000,1.000000,-1.000000
B1gIf305Ym,2019,nan,low,0.000000,1.000000,0.000000,1.000000,-1.000000
B1gTShAct7,2019,0.8833333333333333,unknown,0.000000,0.000000,1.000000,0.000000,-0.000000
B1gJOoRcYQ,2019,0.2435064935064935,unknown,0.000000,0.000000,1.000000,0.000000,-0.000000
B1l08oAct7,2019,0.819047619047619,unknown,0.000000,0.000000,1.000000,0.000000,-0.000000
B1fbosCcYm,2019,0.2253968253968254,unknown,0.000000,0.000000,1.000000,0.000000,-0.000000
B1ffQnRcKX,2019,0.6896825396825397,unknown,0.000000,0.000000,1.000000,0.000000,-0.000000
B1g29oAqtm,2019,0.2435064935064935,unknown,0.000000,0.000000,1.000000,0.000000,-0.000000
B1l9qsA5KQ,2019,nan,unknown,0.000000,0.000000,1.000000,0.000000,-0.000000
B1g-X3RqKm,2019,nan,unknown,0.000000,0.000000,1.000000,0.000000,-0.000000
B1ethsR9Ym,2019,0.0726495726495726,low,0.000000,1.000000,0.000000,1.000000,-1.000000
B1lz-3Rct7,2019,0.7833333333333333,unknown,0.000000,0.000001,0.999999,0.000001,-0.000001
B1g30j0qF7,2019,0.9428571428571428,unknown,0.000000,0.000000,1.000000,0.000000,-0.000000
B1gabhRcYX,2019,0.96,low,0.000000,1.000000,0.000000,1.000000,-1.000000
B1epooR5FX,2019,nan,unknown,0.000000,0.000000,1.000000,0.000000,-0.000000
B1l8iiA9tQ,2019,0.1031746031746031,low,0.000000,0.985935,0.014065,0.985935,-0.985935
B1lG42C9Km,2019,0.6168831168831169,high,0.999999,0.000000,0.000001,0.999999,0.999999
B1gHjoRqYQ,2019,nan,unknown,0.000000,0.000000,1.000000,0.000000,-0.000000
B1fysiAqK7,2019,0.7373015873015873,low,0.000000,0.999995,0.000005,0.999995,-0.999995
B1euhoAcKX,2019,0.1603174603174603,unknown,0.000000,0.000000,1.000000,0.000000,-0.000000
B1fPYj0qt7,2019,nan,low,0.000000,0.999998,0.000002,0.999998,-0.999998
B1l1b205KX,2019,nan,unknown,0.000000,0.000000,1.000000,0.000000,-0.000000
B1VZqjAcYX,2019,0.9777777777777776,high,1.000000,0.000000,0.000000,1.000000,1.000000
B1ePui0ctQ,2019,0.0325396825396825,low,0.000000,1.000000,0.000000,1.000000,-1.000000
B1fA3oActQ,2019,0.4512195121951219,low,0.000000,0.999512,0.000488,0.999512,-0.999512
B1e8CsRctX,2019,0.7833333333333333,unknown,0.000000,0.000000,1.000000,0.000000,-0.000000
B1e9W3AqFX,2019,nan,unknown,0.000000,0.000000,1.000000,0.000000,-0.000000
B1eEKi0qYQ,2019,nan,unknown,0.000000,0.000000,1.000000,0.000000,-0.000000
B1e0KsRcYQ,2019,0.196031746031746,unknown,0.000000,0.000000,1.000000,0.000000,-0.000000
B1eKk2CcKm,2019,nan,unknown,0.000000,0.000000,1.000000,0.000000,-0.000000
B1eSg3C9Ym,2019,nan,unknown,0.000000,0.000000,1.000000,0.000000,-0.000000
B1e4wo09K7,2019,0.1031746031746031,unknown,0.000000,0.000000,1.000000,0.000000,-0.000000
B1MAJhR5YX,2019,0.5738095238095238,unknown,0.000000,0.000000,1.000000,0.000000,-0.000000
B1MhpiRqFm,2019,0.0551948051948051,unknown,0.000000,0.000000,1.000000,0.000000,-0.000000
B1ggosR9Ym,2019,0.1031746031746031,unknown,0.000000,0.000000,1.000000,0.000000,-0.000000
B1M9FjC5FQ,2019,nan,unknown,0.000000,0.000000,1.000000,0.000000,-0.000000
B1e7hs05Km,2019,0.5584415584415584,unknown,0.000000,0.000000,1.000000,0.000000,-0.000000
B1MUroRct7,2019,nan,unknown,0.000000,0.000000,1.000000,0.000000,-0.000000
B1MX5j0cFX,2019,0.0325396825396825,unknown,0.000000,0.000000,1.000000,0.000000,-0.000000
B1e9csRcFm,2019,0.1603174603174603,unknown,0.000000,0.000000,1.000000,0.000000,-0.000000
B1excoAqKQ,2019,nan,low,0.000000,1.000000,0.000000,1.000000,-1.000000
B1eZRiC9YX,2019,nan,low,0.000000,1.000000,0.000000,1.000000,-1.000000
B1MB5oRqtQ,2019,0.275974025974026,low,0.000000,0.999997,0.000004,0.999997,-0.999997
B1MbDj0ctQ,2019,0.6698412698412698,unknown,0.000000,0.000000,1.000000,0.000000,-0.000000
B1GAUs0cKQ,2019,0.4523809523809524,unknown,0.000000,0.000000,1.000000,0.000000,-0.000000
B1GIB3A9YX,2019,0.1363636363636363,unknown,0.000000,0.000000,1.000000,0.000000,-0.000000
B1EjKsRqtQ,2019,nan,unknown,0.000000,0.000000,1.000000,0.000000,-0.000000
B14rPj0qY7,2019,nan,unknown,0.000000,0.000000,1.000000,0.000000,-0.000000
B1GHJ3R9tQ,2019,0.0726495726495726,low,0.000000,1.000000,0.000000,1.000000,-1.000000
B1GSBsRcFX,2019,0.196031746031746,unknown,0.000000,0.000000,1.000000,0.000000,-0.000000
B1VWtsA5tQ,2019,0.6525974025974026,low,0.000000,0.999999,0.000001,0.999999,-0.999999
ryxnJlSKvr,2020,nan,low,0.000000,1.000000,0.000000,1.000000,-1.000000
ryxn8RNtvr,2020,nan,unknown,0.000000,0.000000,1.000000,0.000000,-0.000000
ryxsUySFwr,2020,nan,unknown,0.000000,0.000000,1.000000,0.000000,-0.000000
B1eCCoR5tm,2019,0.0325396825396825,low,0.000000,1.000000,0.000000,1.000000,-1.000000
B1MXz20cYQ,2019,0.8642857142857143,unknown,0.000000,0.000000,1.000000,0.000000,-0.000000
ryxmrpNtvH,2020,nan,unknown,0.000000,0.000000,1.000000,0.000000,-0.000000
B1GIQhCcYm,2019,nan,unknown,0.000000,0.000000,1.000000,0.000000,-0.000000
ryxgJTEYDr,2020,nan,unknown,0.000000,0.000000,1.000000,0.000000,-0.000000
B1G9doA9F7,2019,0.6896825396825397,unknown,0.000000,0.000000,1.000000,0.000000,-0.000000
ryxnY3NYPS,2020,1.0,unknown,0.000000,0.000000,1.000000,0.000000,-0.000000
B14ejsA5YQ,2019,nan,unknown,0.000000,0.000000,1.000000,0.000000,-0.000000
ryxmb1rKDS,2020,nan,unknown,0.000000,0.000000,1.000000,0.000000,-0.000000
ryxyCeHtPB,2020,0.8461538461538461,unknown,0.000000,0.000000,1.000000,0.000000,-0.000000
ryxOUTVYDH,2020,nan,unknown,0.000000,0.000000,1.000000,0.000000,-0.000000
ryxQ6T4YwB,2020,nan,low,0.000000,1.000000,0.000000,1.000000,-1.000000
ryxUMREYPr,2020,nan,unknown,0.000000,0.000000,1.000000,0.000000,-0.000000
ryxf9CEKDr,2020,nan,unknown,0.000000,0.000000,1.000000,0.000000,-0.000000
ryxjnREFwH,2020,nan,unknown,0.000000,0.000000,1.000000,0.000000,-0.000000
ryxWIgBFPS,2020,nan,unknown,0.000000,0.000000,1.000000,0.000000,-0.000000
ryxQuANKPB,2020,nan,unknown,0.000000,0.000000,1.000000,0.000000,-0.000000
ryxOBgBFPH,2020,nan,unknown,0.000000,0.000000,1.000000,0.000000,-0.000000
ryxUkTVYvH,2020,nan,low,0.000000,0.999898,0.000102,0.999898,-0.999898
ryxPRpEtvH,2020,nan,unknown,0.000000,0.000002,0.999998,0.000002,-0.000002
ryxK0JBtPr,2020,nan,unknown,0.000000,0.000002,0.999998,0.000002,-0.000002
ryxW804FPH,2020,nan,unknown,0.000000,0.000000,1.000000,0.000000,-0.000000
ryxgsCVYPr,2020,nan,low,0.000000,0.998498,0.001502,0.998498,-0.998498
ryxPbkrtvr,2020,nan,unknown,0.000000,0.000001,0.999999,0.000001,-0.000001
ryx6daEtwr,2020,nan,low,0.000000,1.000000,0.000000,1.000000,-1.000000
ryxC-kBYDS,2020,nan,unknown,0.000000,0.000000,1.000000,0.000000,-0.000000
ryxMW6EtPB,2020,nan,low,0.000000,1.000000,0.000000,1.000000,-1.000000
ryxB2lBtvH,2020,nan,unknown,0.000000,0.000000,1.000000,0.000000,-0.000000
ryxGuJrFvS,2020,nan,unknown,0.000000,0.000000,1.000000,0.000000,-0.000000
rylwJxrYDS,2020,nan,high,1.000000,0.000000,0.000000,1.000000,1.000000
ryx2wp4tvS,2020,nan,unknown,0.000000,0.000000,1.000000,0.000000,-0.000000
B1MIBs05F7,2019,0.4674603174603174,unknown,0.234564,0.000000,0.000000,0.234564,0.234564
ryx6WgStPB,2020,nan,unknown,0.000000,0.000000,1.000000,0.000000,-0.000000
ryxdEkHtPS,2020,nan,low,0.000000,1.000000,0.000000,1.000000,-1.000000
ryx4TlHKDS,2020,nan,unknown,0.000000,0.000000,1.000000,0.000000,-0.000000
ryxIZR4tvS,2020,nan,unknown,0.000000,0.000000,1.000000,0.000000,-0.000000
rylztAEYvr,2020,nan,unknown,0.000000,0.000000,1.000000,0.000000,-0.000000
ryx4PJrtvS,2020,nan,unknown,0.000000,0.000000,1.000000,0.000000,-0.000000
rylnK6VtDH,2020,nan,unknown,0.000000,0.000000,1.000000,0.000000,-0.000000
rylxpA4YwH,2020,nan,unknown,0.000000,0.000000,1.000000,0.000000,-0.000000
ryx1wRNFvB,2020,nan,low,0.000000,0.999998,0.000002,0.999998,-0.999998
rylrI1HtPr,2020,nan,unknown,0.000000,0.000000,1.000000,0.000000,-0.000000
ryx0nnEKwH,2020,nan,unknown,0.000000,0.000000,1.000000,0.000000,-0.000000
ryxC6kSYPr,2020,nan,unknown,0.000000,0.000000,1.000000,0.000000,-0.000000
rylXBkrYDS,2020,nan,high,1.000000,0.000000,0.000000,1.000000,1.000000
ryxAY34YwB,2020,nan,unknown,0.000000,0.000000,1.000000,0.000000,-0.000000
rylb3eBtwr,2020,nan,unknown,0.000000,0.000000,1.000000,0.000000,-0.000000
rylrdxHFDr,2020,nan,unknown,0.000000,0.000000,1.000000,0.000000,-0.000000
ryloogSKDS,2020,nan,low,0.000000,1.000000,0.000000,1.000000,-1.000000
rylmoxrFDH,2020,nan,unknown,0.000000,0.000000,1.000000,0.000000,-0.000000
rylvYaNYDH,2020,nan,unknown,0.000000,0.000000,1.000000,0.000000,-0.000000
rylqmxBKvH,2020,nan,unknown,0.000000,0.000000,1.000000,0.000000,-0.000000
rylvAA4YDB,2020,nan,unknown,0.000000,0.000000,1.000000,0.000000,-0.000000
ryljMpNtwr,2020,nan,unknown,0.000000,0.000000,1.000000,0.000000,-0.000000
rylDzTEKwr,2020,0.048076923076923,unknown,0.000000,0.000000,1.000000,0.000000,-0.000000
rylVTTVtvH,2020,nan,unknown,0.000000,0.000000,1.000000,0.000000,-0.000000
rylVHR4FPB,2020,nan,low,0.000000,1.000000,0.000000,1.000000,-1.000000
rylkma4twr,2020,nan,unknown,0.000000,0.000000,1.000000,0.000000,-0.000000
rylUOn4Yvr,2020,nan,unknown,0.000000,0.000000,1.000000,0.000000,-0.000000
rylZKTNYPr,2020,nan,unknown,0.000000,0.000000,1.000000,0.000000,-0.000000
rylHspEKPr,2020,nan,unknown,0.000000,0.000000,1.000000,0.000000,-0.000000
rygoURNYvS,2020,0.4285714285714285,high,1.000000,0.000000,0.000000,1.000000,1.000000
rylJkpEtwS,2020,nan,unknown,0.000000,0.000000,1.000000,0.000000,-0.000000
rygT_JHtDr,2020,0.3621794871794871,unknown,0.000000,0.000000,1.000000,0.000000,-0.000000
rylMgCNYvS,2020,nan,unknown,0.000000,0.000000,1.000000,0.000000,-0.000000
ryxF80NYwS,2020,nan,unknown,0.033499,0.000000,0.000000,0.033499,0.033499
rylNJlStwB,2020,nan,unknown,0.000000,0.000000,1.000000,0.000000,-0.000000
rylfl6VFDH,2020,nan,unknown,0.000000,0.000000,1.000000,0.000000,-0.000000
rygw7aNYDS,2020,nan,unknown,0.000000,0.000000,1.000000,0.000000,-0.000000
ryl-RTEYvB,2020,0.8205128205128205,unknown,0.000000,0.000000,1.000000,0.000000,-0.000000
ryl3blSFPr,2020,nan,unknown,0.000000,0.000000,1.000000,0.000000,-0.000000
ryl71a4YPB,2020,0.1378205128205128,unknown,0.000000,0.000000,1.000000,0.000000,-0.000000
ryguP1BFwr,2020,0.2147435897435897,unknown,0.000000,0.000000,1.000000,0.000000,-0.000000
ryl3ygHYDB,2020,0.6506410256410257,unknown,0.000000,0.000000,1.000000,0.000000,-0.000000
ryghPCVYvH,2020,nan,unknown,0.000000,0.000000,1.000000,0.000000,-0.000000
ryl1r1BYDS,2020,nan,unknown,0.000000,0.000000,1.000000,0.000000,-0.000000
ryg48p4tPH,2020,0.484375,unknown,0.000000,0.000000,1.000000,0.000000,-0.000000
rygMWT4twS,2020,nan,unknown,0.000000,0.000000,1.000000,0.000000,-0.000000
rygixkHKDH,2020,0.592948717948718,unknown,0.000000,0.000000,1.000000,0.000000,-0.000000
rygfC0VKPS,2020,nan,unknown,0.000000,0.000000,1.000000,0.000000,-0.000000
rygxdA4YPS,2020,0.1378205128205128,low,0.000000,0.999997,0.000003,0.999997,-0.999997
rygHe64FDS,2020,0.048076923076923,low,0.000000,1.000000,0.000000,1.000000,-1.000000
rygG7AEtvB,2020,0.2147435897435897,unknown,0.000000,0.000000,1.000000,0.000000,-0.000000
rygG4AVFvH,2020,0.53125,unknown,0.000000,0.000000,1.000000,0.000000,-0.000000
ryg8WJSKPr,2020,0.15625,low,0.000000,1.000000,0.000000,1.000000,-1.000000
rygRP2VYwB,2020,nan,unknown,0.000000,0.000000,1.000000,0.000000,-0.000000
ryeT10VKDH,2020,nan,unknown,0.000000,0.000000,1.000000,0.000000,-0.000000
rygPm64tDH,2020,0.8717948717948718,unknown,0.000000,0.000000,1.000000,0.000000,-0.000000
ryl4-pEKvB,2020,0.0625,unknown,0.000000,0.000004,0.999996,0.000004,-0.000004
rygFWAEFwS,2020,0.592948717948718,low,0.000000,1.000000,0.000000,1.000000,-1.000000
rygjHxrYDB,2020,0.7564102564102564,unknown,0.000000,0.000000,1.000000,0.000000,-0.000000
ryesZANKPB,2020,0.7660256410256411,unknown,0.000000,0.000000,1.000000,0.000000,-0.000000
ryevtyHtPr,2020,nan,low,0.000000,0.999998,0.000002,0.999998,-0.999998
ryeRwlSYPH,2020,nan,unknown,0.000000,0.000000,1.000000,0.000000,-0.000000
ryeRn3NtPH,2020,nan,unknown,0.000000,0.000000,1.000000,0.000000,-0.000000
ryefE1SYDr,2020,0.6071428571428571,unknown,0.000000,0.000000,1.000000,0.000000,-0.000000
ryeYpJSKwr,2020,0.4711538461538461,unknown,0.000000,0.000000,1.000000,0.000000,-0.000000
ryeG924twB,2020,0.265625,unknown,0.000000,0.000000,1.000000,0.000000,-0.000000
ryefmpEYPr,2020,nan,unknown,0.000000,0.000000,1.000000,0.000000,-0.000000
rygUoeHKvB,2020,0.0625,unknown,0.000000,0.000000,1.000000,0.000000,-0.000000
ryeQmCVYPS,2020,0.266025641025641,unknown,0.000000,0.000000,1.000000,0.000000,-0.000000
ryeN5aEYDH,2020,nan,unknown,0.000000,0.000000,1.000000,0.000000,-0.000000
rkxdexBYPB,2020,nan,low,0.000000,1.000000,0.000000,1.000000,-1.000000
rkxxA24FDr,2020,nan,unknown,0.000000,0.000000,1.000000,0.000000,-0.000000
ryeHuJBtPH,2020,0.7916666666666666,low,0.000000,1.000000,0.000000,1.000000,-1.000000
rkxWpCNKvS,2020,0.2147435897435897,low,0.000000,1.000000,0.000000,1.000000,-1.000000
ryeK6nNFDr,2020,0.1378205128205128,low,0.000000,0.999994,0.000006,0.999994,-0.999994
ryedjkSFwr,2020,nan,low,0.000000,0.999998,0.000002,0.999998,-0.999998
ryeFY0EFwS,2020,0.7211538461538461,unknown,0.000000,0.000000,1.000000,0.000000,-0.000000
rkxXNR4tvH,2020,nan,unknown,0.000000,0.000000,1.000000,0.000000,-0.000000
rkxZyaNtwB,2020,0.3333333333333333,unknown,0.000000,0.000000,1.000000,0.000000,-0.000000
rkxZCJrtwS,2020,0.15625,unknown,0.000000,0.000000,1.000000,0.000000,-0.000000
ryenvpEKDr,2020,0.8557692307692307,low,0.000000,0.999960,0.000040,0.999960,-0.999960
rkxtNaNKwr,2020,0.625,unknown,0.000000,0.000000,1.000000,0.000000,-0.000000
ryebG04YvB,2020,0.5480769230769231,unknown,0.000000,0.000000,1.000000,0.000000,-0.000000
rkxawlHKDr,2020,0.7,unknown,0.000000,0.000000,1.000000,0.000000,-0.000000
ryg7jhEtPB,2020,nan,unknown,0.000000,0.000000,0.000000,0.000000,0.000000
rkxDon4Yvr,2020,nan,unknown,0.000000,0.000000,1.000000,0.000000,-0.000000
rkx1b64Fvr,2020,nan,unknown,0.000000,0.000000,1.000000,0.000000,-0.000000
rklnA34twH,2020,nan,unknown,0.000000,0.000000,1.000000,0.000000,-0.000000
rkxKwJrKPS,2020,0.34375,low,0.000000,0.999876,0.000124,0.999876,-0.999876
rklz16Vtvr,2020,0.266025641025641,low,0.000000,1.000000,0.000000,1.000000,-1.000000
rklw4AVtDH,2020,nan,unknown,0.000000,0.000000,1.000000,0.000000,-0.000000
rkx35lHKwB,2020,nan,unknown,0.000000,0.000000,1.000000,0.000000,-0.000000
rkxgHerKvH,2020,nan,unknown,0.000000,0.000000,1.000000,0.000000,-0.000000
rklnDgHtDS,2020,0.782051282051282,unknown,0.000000,0.000000,1.000000,0.000000,-0.000000
rklxF0NtDr,2020,nan,unknown,0.000000,0.000000,1.000000,0.000000,-0.000000
rklp93EtwH,2020,0.7403846153846154,unknown,0.000000,0.000000,1.000000,0.000000,-0.000000
rkl_f6EFPS,2020,nan,unknown,0.000000,0.000000,1.000000,0.000000,-0.000000
rkl_Ch4YwS,2020,0.4,unknown,0.000000,0.000000,1.000000,0.000000,-0.000000
rkly70EKDH,2020,0.5480769230769231,unknown,0.000000,0.000000,1.000000,0.000000,-0.000000
rklx-gSYPS,2020,nan,unknown,0.000000,0.000000,1.000000,0.000000,-0.000000
rklhqkHFDB,2020,0.2147435897435897,unknown,0.000000,0.000000,1.000000,0.000000,-0.000000
rklj3gBYvH,2020,0.048076923076923,unknown,0.000000,0.000000,1.000000,0.000000,-0.000000
rklfIeSFwS,2020,0.048076923076923,unknown,0.000000,0.000000,1.000000,0.000000,-0.000000
rklv-a4tDB,2020,nan,unknown,0.000000,0.000000,1.000000,0.000000,-0.000000
rkxUfANKwB,2020,nan,unknown,0.000000,0.000000,1.000000,0.000000,-0.000000
rklEj2EFvB,2020,0.6282051282051282,unknown,0.000000,0.000000,1.000000,0.000000,-0.000000
rkllGyBFPH,2020,0.5480769230769231,low,0.000000,0.999999,0.000001,0.999999,-0.999999
rkl44TEtwH,2020,nan,unknown,0.000000,0.000000,1.000000,0.000000,-0.000000
rklJ2CEYPH,2020,nan,unknown,0.000000,0.000000,1.000000,0.000000,-0.000000
rkl2s34twS,2020,0.048076923076923,unknown,0.000000,0.000000,1.000000,0.000000,-0.000000
rklPITVKvS,2020,nan,unknown,0.000000,0.000000,1.000000,0.000000,-0.000000
ryeEr0EFvS,2020,nan,unknown,0.000000,0.000000,1.000000,0.000000,-0.000000
rklVOnNtwH,2020,0.1378205128205128,unknown,0.000000,0.000000,1.000000,0.000000,-0.000000
rklbKA4YDS,2020,0.592948717948718,unknown,0.000000,0.000000,1.000000,0.000000,-0.000000
rkgt0REKwS,2020,0.9166666666666666,unknown,0.000000,0.000000,1.000000,0.000000,-0.000000
rklOg6EFwS,2020,0.9743589743589745,unknown,0.000000,0.000000,1.000000,0.000000,-0.000000
rkgz2aEKDr,2020,0.9935897435897436,unknown,0.000000,0.000000,1.000000,0.000000,-0.000000
rkgrbTNtDr,2020,nan,unknown,0.000000,0.000000,1.000000,0.000000,-0.000000
rkgpv2VFvr,2020,nan,unknown,0.000000,0.000000,1.000000,0.000000,-0.000000
rkgiURVFDS,2020,0.1378205128205128,unknown,0.000000,0.000000,1.000000,0.000000,-0.000000
rkgqm0VKwB,2020,0.2857142857142857,unknown,0.000000,0.000000,1.000000,0.000000,-0.000000
rkgbYyHtwB,2020,0.875,unknown,0.000000,0.000000,1.000000,0.000000,-0.000000
rkl8dlHYvB,2020,0.9,low,0.000000,0.999447,0.000553,0.999447,-0.999447
rkl8sJBYvH,2020,0.5128205128205128,unknown,0.000000,0.000000,1.000000,0.000000,-0.000000
rklB76EKPr,2020,nan,unknown,0.000000,0.000000,1.000000,0.000000,-0.000000
rkl3m1BFDB,2020,0.7916666666666666,unknown,0.000000,0.000000,1.000000,0.000000,-0.000000
rkgMkCEtPB,2020,nan,high,1.000000,0.000000,0.000000,1.000000,1.000000
rkgl51rKDB,2020,nan,low,0.000000,0.999703,0.000296,0.999703,-0.999703
rkgqN1SYvr,2020,0.8076923076923077,unknown,0.000000,0.000000,1.000000,0.000000,-0.000000
rkgO66VKDS,2020,0.967948717948718,high,1.000000,0.000000,0.000000,1.000000,1.000000
rkgb9kSKwS,2020,nan,unknown,0.000000,0.000000,1.000000,0.000000,-0.000000
rkgTdkrtPH,2020,0.3012820512820512,low,0.000000,0.999996,0.000004,0.999996,-0.999996
rkgKW64FPH,2020,nan,unknown,0.000000,0.000000,1.000000,0.000000,-0.000000
rkgIllBtwB,2020,nan,unknown,0.000000,0.000000,1.000000,0.000000,-0.000000
rkgAGAVKPr,2020,0.8974358974358975,high,1.000000,0.000000,0.000000,1.000000,1.000000
rkgHY0NYwr,2020,0.5625,unknown,0.000000,0.000000,1.000000,0.000000,-0.000000
rkgAb1Btvr,2020,nan,unknown,0.000000,0.000011,0.999988,0.000011,-0.000011
rkgOlCVYvB,2020,0.3333333333333333,unknown,0.000000,0.000000,1.000000,0.000000,-0.000000
rkg98yBFDr,2020,0.048076923076923,unknown,0.000000,0.000000,1.000000,0.000000,-0.000000
rkg3kRNKvH,2020,nan,unknown,0.000000,0.000000,1.000000,0.000000,-0.000000
rkgCJ64tDB,2020,0.4711538461538461,unknown,0.000000,0.000000,1.000000,0.000000,-0.000000
rkg8xTEtvB,2020,nan,low,0.000000,0.990290,0.009711,0.990290,-0.990290
rkg1ngrFPr,2020,nan,unknown,0.000000,0.000000,1.000000,0.000000,-0.000000
rkgQL6VFwr,2020,nan,unknown,0.000000,0.000000,1.000000,0.000000,-0.000000
rkg8FJBYDS,2020,0.5,low,0.000000,0.999898,0.000102,0.999898,-0.999898
rkg0_eHtDr,2020,nan,unknown,0.000000,0.000000,1.000000,0.000000,-0.000000
rkewaxrtvr,2020,nan,unknown,0.000000,0.000000,1.000000,0.000000,-0.000000
rkg6FgrtPB,2020,nan,unknown,0.000000,0.000000,1.000000,0.000000,-0.000000
rkeuAhVKvB,2020,0.4711538461538461,unknown,0.000000,0.000000,1.000000,0.000000,-0.000000
rkerLaVtDr,2020,0.266025641025641,unknown,0.000000,0.000000,1.000000,0.000000,-0.000000
rketraEtPr,2020,nan,unknown,0.000000,0.000000,1.000000,0.000000,-0.000000
rkesVkHtDr,2020,nan,unknown,0.000000,0.000000,1.000000,0.000000,-0.000000
rklMnyBtPB,2020,0.8269230769230769,unknown,0.000000,0.000000,1.000000,0.000000,-0.000000
rkeqn1rtDH,2020,nan,unknown,0.000000,0.000000,1.000000,0.000000,-0.000000
rkenmREFDr,2020,0.7660256410256411,unknown,0.000000,0.000000,1.000000,0.000000,-0.000000
rkeiQlBFPB,2020,0.8910256410256411,unknown,0.000000,0.000000,1.000000,0.000000,-0.000000
rkehoAVtvS,2020,0.048076923076923,low,0.000000,0.999998,0.000002,0.999998,-0.999998
rkxEKp4Fwr,2020,nan,unknown,0.000000,0.000000,1.000000,0.000000,-0.000000
rkem91rtDB,2020,0.592948717948718,unknown,0.000000,0.000000,1.000000,0.000000,-0.000000
rkeZNREFDr,2020,0.1378205128205128,unknown,0.000000,0.000000,1.000000,0.000000,-0.000000
rkecl1rtwB,2020,0.9423076923076924,high,0.999999,0.000001,0.000000,1.000000,0.999997
rkeZIJBYvr,2020,0.6826923076923077,unknown,0.000000,0.000000,1.000000,0.000000,-0.000000
rkeUcRNtwS,2020,0.391025641025641,unknown,0.000000,0.000000,1.000000,0.000000,-0.000000
rkxMKerYwr,2020,nan,unknown,0.000000,0.000000,1.000000,0.000000,-0.000000
rkg6PhNKDr,2020,nan,unknown,0.000000,0.000000,1.000000,0.000000,-0.000000
rkl03ySYDH,2020,0.9285714285714286,unknown,0.000000,0.000000,1.000000,0.000000,-0.000000
rkegcC4YvS,2020,nan,low,0.000000,1.000000,0.000000,1.000000,-1.000000
rkeeoeHYvr,2020,0.3571428571428571,low,0.000000,1.000000,0.000000,1.000000,-1.000000
rkeS1RVtPS,2020,0.903846153846154,low,0.000000,1.000000,0.000000,1.000000,-1.000000
rkeu30EtvS,2020,nan,unknown,0.000000,0.000000,1.000000,0.000000,-0.000000
rkxNh1Stvr,2020,0.5128205128205128,unknown,0.000000,0.000000,1.000000,0.000000,-0.000000
rkxDoJBYPB,2020,0.59375,unknown,0.000000,0.000000,1.000000,0.000000,-0.000000
rkeJRhNYDH,2020,0.8571428571428571,high,1.000000,0.000000,0.000000,1.000000,1.000000
rkeO-lrYwr,2020,nan,unknown,0.000000,0.000000,1.000000,0.000000,-0.000000
rkeIIkHKvS,2020,nan,unknown,0.000000,0.000000,1.000000,0.000000,-0.000000
rkgdYhVtvH,2020,0.9230769230769232,unknown,0.000000,0.000000,1.000000,0.000000,-0.000000
rke3OxSKwr,2020,nan,unknown,0.000000,0.000000,1.000000,0.000000,-0.000000
rke3U6NtwH,2020,0.3333333333333333,low,0.000000,1.000000,0.000000,1.000000,-1.000000
rJxq3kHKPH,2020,0.266025641025641,low,0.000000,1.000000,0.000000,1.000000,-1.000000
rJxok1BYPr,2020,0.4285714285714285,unknown,0.000000,0.000000,1.000000,0.000000,-0.000000
rkguLC4tPB,2020,nan,unknown,0.000000,0.000000,1.000000,0.000000,-0.000000
rJxyqkSYDH,2020,0.3012820512820512,unknown,0.000000,0.000000,1.000000,0.000000,-0.000000
rkej86VYvB,2020,nan,unknown,0.000000,0.000000,1.000000,0.000000,-0.000000
rJxcBpNKPr,2020,0.4487179487179487,low,0.000000,1.000000,0.000000,1.000000,-1.000000
rkg6sJHYDr,2020,0.592948717948718,unknown,0.000000,0.000000,1.000000,0.000000,-0.000000
rJxbJeHFPS,2020,nan,unknown,0.000000,0.000000,1.000000,0.000000,-0.000000
rkePU0VYDr,2020,nan,unknown,0.000000,0.000000,1.000000,0.000000,-0.000000
rJxotpNYPS,2020,nan,low,0.000000,1.000000,0.000000,1.000000,-1.000000
rked_6NFwH,2020,nan,unknown,0.000000,0.000000,1.000000,0.000000,-0.000000
rJx7wlSYvB,2020,nan,unknown,0.000000,0.000000,1.000000,0.000000,-0.000000
rkeYvaNKPr,2020,nan,unknown,0.000000,0.000000,1.000000,0.000000,-0.000000
rJxFpp4Fvr,2020,0.1378205128205128,unknown,0.000000,0.000000,1.000000,0.000000,-0.000000
rJxAo2VYwr,2020,0.7051282051282052,unknown,0.000000,0.000000,1.000000,0.000000,-0.000000
rJxRJeStvB,2020,nan,low,0.000000,0.999998,0.000002,0.999998,-0.999998
rkeZ9a4Fwr,2020,nan,unknown,0.000000,0.000008,0.999992,0.000008,-0.000008
rJxGGlSKwH,2020,nan,unknown,0.000000,0.000000,1.000000,0.000000,-0.000000
rkedXgrKDH,2020,nan,unknown,0.000000,0.000000,1.000000,0.000000,-0.000000
rJx8I1rFwr,2020,nan,low,0.000000,1.000000,0.000000,1.000000,-1.000000
rJx9vaVtDS,2020,0.1378205128205128,unknown,0.000000,0.000000,1.000000,0.000000,-0.000000
rJleFREKDr,2020,0.2147435897435897,unknown,0.000000,0.000000,1.000000,0.000000,-0.000000
rJljdh4KDH,2020,0.592948717948718,unknown,0.000000,0.000000,1.000000,0.000000,-0.000000
rkgyS0VFvr,2020,0.9551282051282052,low,0.000001,0.999988,0.000011,0.999989,-0.999988
rJlk71rYvH,2020,nan,unknown,0.000000,0.000000,1.000000,0.000000,-0.000000
rkgIW1HKPB,2020,0.8814102564102564,low,0.000000,0.999992,0.000007,0.999992,-0.999992
rJlnxkSYPS,2020,0.6506410256410257,unknown,0.000000,0.000000,1.000000,0.000000,-0.000000
rJlqoTEtDB,2020,nan,unknown,0.000000,0.000000,1.000000,0.000000,-0.000000
rJx0Q6EFPB,2020,1.0,high,1.000000,0.000000,0.000000,1.000000,1.000000
rJxWxxSYvB,2020,0.4711538461538461,unknown,0.000000,0.000000,1.000000,0.000000,-0.000000
rJlVdREKDS,2020,0.1378205128205128,unknown,0.000000,0.000000,1.000000,0.000000,-0.000000
rJlcLaVFvB,2020,0.1378205128205128,unknown,0.000000,0.000000,1.000000,0.000000,-0.000000
rJx2slSKDS,2020,nan,unknown,0.000000,0.000000,1.000000,0.000000,-0.000000
rJl3YC4YPH,2020,0.1071428571428571,low,0.000000,1.000000,0.000000,1.000000,-1.000000
rJlYsn4YwS,2020,nan,low,0.000000,1.000000,0.000000,1.000000,-1.000000
rJlwAa4YwS,2020,nan,unknown,0.000000,0.000000,1.000000,0.000000,-0.000000
rJl5MeHKvB,2020,0.1378205128205128,unknown,0.000000,0.000000,1.000000,0.000000,-0.000000
rJl05AVtwB,2020,0.1378205128205128,low,0.000000,1.000000,0.000000,1.000000,-1.000000
rJleKgrKwS,2020,0.7403846153846154,low,0.000000,0.999999,0.000001,0.999999,-0.999999
rJlDO64KPH,2020,nan,unknown,0.000000,0.000000,1.000000,0.000000,-0.000000
rJgzzJHtDB,2020,0.8141025641025641,unknown,0.000000,0.000000,1.000000,0.000000,-0.000000
rJl31TNYPr,2020,0.8653846153846154,low,0.000000,1.000000,0.000000,1.000000,-1.000000
rJxYMCEFDr,2020,nan,unknown,0.000000,0.000000,1.000000,0.000000,-0.000000
rJlUhhVYvS,2020,0.6282051282051282,unknown,0.000000,0.000000,1.000000,0.000000,-0.000000
rJld3hEYvS,2020,nan,unknown,0.000000,0.000000,1.000000,0.000000,-0.000000
rJlTXxSFPr,2020,nan,low,0.000000,0.999986,0.000014,0.999986,-0.999986
rJgSk04tDH,2020,nan,unknown,0.000000,0.000000,1.000000,0.000000,-0.000000
rJgPFgHFwr,2020,0.55,unknown,0.000000,0.000000,1.000000,0.000000,-0.000000
rJl0ceBtDH,2020,nan,unknown,0.000000,0.000000,1.000000,0.000000,-0.000000
rJxvD3VKvr,2020,nan,unknown,0.000000,0.000000,1.000000,0.000000,-0.000000
rJgUfTEYvH,2020,0.8571428571428571,low,0.000000,0.999972,0.000028,0.999972,-0.999972
rJxwDTVFDB,2020,nan,unknown,0.000000,0.000000,1.000000,0.000000,-0.000000
rJgHC2VKvB,2020,nan,unknown,0.000000,0.000000,1.000000,0.000000,-0.000000
rJgLlAVYPr,2020,nan,unknown,0.000000,0.000000,1.000000,0.000000,-0.000000
rJlDoT4twr,2020,nan,unknown,0.000000,0.000000,1.000000,0.000000,-0.000000
rJl5rRVFvH,2020,0.34375,low,0.000000,0.999988,0.000012,0.999988,-0.999988
rJgFDnEYPr,2020,nan,unknown,0.000000,0.000000,1.000000,0.000000,-0.000000
rJgsskrFwH,2020,0.7142857142857143,unknown,0.000000,0.000000,1.000000,0.000000,-0.000000
rJguRyBYvr,2020,nan,unknown,0.000000,0.000000,1.000000,0.000000,-0.000000
rJg8NertPr,2020,nan,unknown,0.000000,0.000000,1.000000,0.000000,-0.000000
rJgD2ySFDr,2020,nan,unknown,0.000000,0.000000,1.000000,0.000000,-0.000000
rJgRMkrtDr,2020,1.0,unknown,0.000000,0.000000,1.000000,0.000000,-0.000000
rJg9OANFwS,2020,nan,unknown,0.000000,0.000000,1.000000,0.000000,-0.000000
rJgE9CEYPS,2020,0.6826923076923077,unknown,0.000000,0.000000,1.000000,0.000000,-0.000000
rJg76kStwH,2020,nan,unknown,0.000000,0.000000,1.000000,0.000000,-0.000000
rJgCOySYwH,2020,nan,unknown,0.000000,0.000000,1.000000,0.000000,-0.000000
rJg46kHYwH,2020,nan,unknown,0.000000,0.000000,1.000000,0.000000,-0.000000
rJgDT04twH,2020,nan,unknown,0.000000,0.000000,1.000000,0.000000,-0.000000
rJg8TeSFDH,2020,nan,unknown,0.000000,0.000000,1.000000,0.000000,-0.000000
rJehf0VKwS,2020,nan,unknown,0.000000,0.000000,1.000000,0.000000,-0.000000
rJejta4KDS,2020,nan,unknown,0.000000,0.000000,1.000000,0.000000,-0.000000
rJeg7TEYwB,2020,nan,unknown,0.000000,0.000000,1.000000,0.000000,-0.000000
rJeuMREKwS,2020,nan,unknown,0.000000,0.000000,1.000000,0.000000,-0.000000
rJeqeCEtvH,2020,nan,unknown,0.000000,0.000000,1.000000,0.000000,-0.000000
rJgBd2NYPH,2020,nan,unknown,0.000000,0.000000,1.000000,0.000000,-0.000000
rJel41BtDH,2020,nan,unknown,0.000000,0.000000,1.000000,0.000000,-0.000000
rJeidA4KvS,2020,nan,unknown,0.000000,0.000000,1.000000,0.000000,-0.000000
rJecbgHtDH,2020,nan,unknown,0.000000,0.000014,0.999986,0.000014,-0.000014
rJehVyrKwH,2020,nan,unknown,0.000000,0.000000,1.000000,0.000000,-0.000000
rJgqjREtvS,2020,0.25,unknown,0.000000,0.000000,1.000000,0.000000,-0.000000
rJerHlrYwH,2020,nan,unknown,0.000000,0.000000,1.000000,0.000000,-0.000000
rJehllrtDS,2020,nan,unknown,0.000000,0.000000,1.000000,0.000000,-0.000000
rJeW1yHYwH,2020,nan,high,1.000000,0.000000,0.000000,1.000000,1.000000
rJxRmlStDB,2020,0.266025641025641,unknown,0.000000,0.000000,1.000000,0.000000,-0.000000
rJehNT4YPr,2020,nan,unknown,0.000000,0.000000,1.000000,0.000000,-0.000000
rJg7BA4YDr,2020,nan,low,0.000000,0.999820,0.000180,0.999820,-0.999820
rJg3zxBYwH,2020,nan,unknown,0.000000,0.000000,1.000000,0.000000,-0.000000
rJg851rYwH,2020,nan,unknown,0.000000,0.000000,1.000000,0.000000,-0.000000
rJe_cyrKPB,2020,nan,unknown,0.000000,0.000000,1.000000,0.000000,-0.000000
rJeQoCNYDS,2020,nan,unknown,0.000000,0.000000,1.000000,0.000000,-0.000000
rJeGJaEtPH,2020,nan,unknown,0.000000,0.000000,1.000000,0.000000,-0.000000
rJeXS04FPH,2020,nan,low,0.000000,0.999999,0.000001,0.999999,-0.999999
rJeIGkBKPS,2020,nan,unknown,0.000000,0.000000,1.000000,0.000000,-0.000000
rJeINp4KwH,2020,nan,unknown,0.000000,0.000000,1.000000,0.000000,-0.000000
rkgFXR4KPr,2020,nan,unknown,0.000000,0.000000,1.000000,0.000000,-0.000000
rJeXDANKwr,2020,nan,low,0.000000,0.995928,0.004072,0.995928,-0.995928
rJeB22VFvS,2020,nan,unknown,0.000000,0.000000,1.000000,0.000000,-0.000000
rJeBJJBYDB,2020,nan,unknown,0.000000,0.000000,1.000000,0.000000,-0.000000
rJeO3aVKPB,2020,nan,low,0.000000,0.999664,0.000336,0.999664,-0.999664
rJePwgSYwB,2020,nan,low,0.000000,0.999989,0.000011,0.999989,-0.999989
rJeU_1SFvr,2020,nan,low,0.000000,0.999994,0.000006,0.999994,-0.999994
rJeB36NKvB,2020,nan,unknown,0.000000,0.000000,1.000000,0.000000,-0.000000
rJe2syrtvS,2020,nan,high,1.000000,0.000000,0.000000,1.000000,1.000000
rJeA_aVtPB,2020,nan,unknown,0.000000,0.000000,1.000000,0.000000,-0.000000
rJe9lpEFDH,2020,nan,unknown,0.000000,0.000000,1.000000,0.000000,-0.000000
rJe04p4YDB,2020,nan,unknown,0.000000,0.000000,1.000000,0.000000,-0.000000
rJe8pxSFwr,2020,nan,unknown,0.000000,0.000000,1.000000,0.000000,-0.000000
rJecSyHtDS,2020,nan,unknown,0.000000,0.000000,1.000000,0.000000,-0.000000
rJeIcTNtvS,2020,nan,unknown,0.000000,0.000000,1.000000,0.000000,-0.000000
r1xxKJBKvr,2020,nan,low,0.000000,1.000000,0.000000,1.000000,-1.000000
rJe4_xSFDB,2020,nan,low,0.000000,1.000000,0.000000,1.000000,-1.000000
rJebgkSFDB,2020,nan,low,0.000000,0.999999,0.000001,0.999999,-0.999999
rJeeKTNKDB,2020,nan,unknown,0.000000,0.000000,1.000000,0.000000,-0.000000
rJe7CkrFvS,2020,nan,unknown,0.000000,0.000000,1.000000,0.000000,-0.000000
rJe9fTNtPS,2020,nan,unknown,0.000000,0.000000,1.000000,0.000000,-0.000000
rJe5_CNtPB,2020,nan,low,0.000000,1.000000,0.000000,1.000000,-1.000000
r1xMH1BtvB,2020,nan,high,1.000000,0.000000,0.000000,1.000000,1.000000
r1xbj2VKvr,2020,nan,unknown,0.000000,0.000000,1.000000,0.000000,-0.000000
r1xo9grKPr,2020,nan,unknown,0.000000,0.000000,1.000000,0.000000,-0.000000
r1xfECEKvr,2020,nan,unknown,0.000000,0.000000,1.000000,0.000000,-0.000000
rJe1DTNYPH,2020,nan,unknown,0.000000,0.000000,1.000000,0.000000,-0.000000
r1xwA34KDB,2020,nan,unknown,0.000000,0.000000,1.000000,0.000000,-0.000000
r1xI-gHFDH,2020,nan,unknown,0.000000,0.000000,1.000000,0.000000,-0.000000
r1xa9TVFvH,2020,nan,high,1.000000,0.000000,0.000000,1.000000,1.000000
r1xpF0VYDS,2020,nan,unknown,0.000000,0.000000,1.000000,0.000000,-0.000000
r1xQNlBYPS,2020,nan,unknown,0.000000,0.000000,1.000000,0.000000,-0.000000
r1xNJ0NYDH,2020,nan,unknown,0.000000,0.000000,1.000000,0.000000,-0.000000
r1xPh2VtPB,2020,nan,unknown,0.000000,0.000000,1.000000,0.000000,-0.000000
r1xjgxBFPB,2020,nan,unknown,0.000000,0.000000,1.000000,0.000000,-0.000000
r1xHxgrKwr,2020,nan,unknown,0.000000,0.000000,1.000000,0.000000,-0.000000
r1xZAkrFPr,2020,nan,unknown,0.000000,0.000000,1.000000,0.000000,-0.000000
r1x0lxrFPS,2020,nan,low,0.000000,1.000000,0.000000,1.000000,-1.000000
r1ltnp4KwS,2020,nan,unknown,0.000000,0.000000,1.000000,0.000000,-0.000000
r1xF7lSYDS,2020,nan,unknown,0.000000,0.000000,1.000000,0.000000,-0.000000
r1nSxrKPH,2020,nan,unknown,0.000000,0.000001,0.999999,0.000001,-0.000001
r1ln504YvH,2020,nan,unknown,0.000000,0.000000,1.000000,0.000000,-0.000000
r1xH5xHYwH,2020,nan,low,0.000000,1.000000,0.000000,1.000000,-1.000000
r1x63grFvH,2020,nan,unknown,0.000000,0.000000,1.000000,0.000000,-0.000000
r1xCMyBtPS,2020,nan,unknown,0.000000,0.000000,1.000000,0.000000,-0.000000
r1lfga4KvS,2020,nan,unknown,0.000000,0.000000,1.000000,0.000000,-0.000000
r1xapAEKwS,2020,nan,unknown,0.000000,0.000000,1.000000,0.000000,-0.000000
r1x3unVKPS,2020,nan,unknown,0.000000,0.000000,1.000000,0.000000,-0.000000
r1lnxTEYPS,2020,nan,unknown,0.000000,0.000001,0.999999,0.000001,-0.000001
r1lnigSFDr,2020,nan,unknown,0.000000,0.000000,1.000000,0.000000,-0.000000
r1laNeBYPB,2020,nan,unknown,0.000000,0.000000,1.000000,0.000000,-0.000000
r1lkKn4KDS,2020,nan,unknown,0.000000,0.000000,1.000000,0.000000,-0.000000
r1lZgyBYwS,2020,nan,low,0.000000,0.999999,0.000000,0.999999,-0.999999
r1lclxBYDS,2020,nan,unknown,0.000000,0.000000,1.000000,0.000000,-0.000000
r1lUl6NFDH,2020,nan,unknown,0.000000,0.000000,1.000000,0.000000,-0.000000
r1lfF2NYvH,2020,nan,low,0.000000,1.000000,0.000000,1.000000,-1.000000
r1lQQeHYPr,2020,nan,unknown,0.000000,0.000000,1.000000,0.000000,-0.000000
r1xGP6VYwH,2020,nan,unknown,0.000000,0.000000,1.000000,0.000000,-0.000000
r1lOgyrKDS,2020,nan,unknown,0.000000,0.000000,1.000000,0.000000,-0.000000
r1la7krKPS,2020,nan,unknown,0.000000,0.000000,1.000000,0.000000,-0.000000
r1xGnA4Kvr,2020,nan,low,0.000000,1.000000,0.000000,1.000000,-1.000000
r1lczkHKPr,2020,nan,unknown,0.000000,0.000000,1.000000,0.000000,-0.000000
r1lh6C4FDr,2020,nan,unknown,0.000000,0.000000,1.000000,0.000000,-0.000000
r1lEd64YwH,2020,nan,unknown,0.000000,0.000000,1.000000,0.000000,-0.000000
r1x_DaVKwH,2020,nan,unknown,0.994281,0.000065,0.000000,0.994347,0.994216
r1l7E1HFPH,2020,nan,unknown,0.000000,0.000000,1.000000,0.000000,-0.000000
r1lUdpVtwB,2020,nan,unknown,0.000000,0.000000,1.000000,0.000000,-0.000000
r1lPleBFvH,2020,nan,unknown,0.000000,0.000000,1.000000,0.000000,-0.000000
r1ltgp4FwS,2020,nan,unknown,0.000000,0.000000,1.000000,0.000000,-0.000000
r1lL4a4tDB,2020,nan,unknown,0.000000,0.000000,1.000000,0.000000,-0.000000
r1l-HTNtDB,2020,nan,low,0.000000,1.000000,0.000000,1.000000,-1.000000
r1lGO0EKDH,2020,nan,unknown,0.000000,0.000000,1.000000,0.000000,-0.000000
r1lHAAVtwr,2020,nan,unknown,0.000000,0.000000,1.000000,0.000000,-0.000000
r1lEjlHKPH,2020,nan,unknown,0.000000,0.000000,1.000000,0.000000,-0.000000
r1gfQgSFDr,2020,nan,high,1.000000,0.000000,0.000000,1.000000,1.000000
r1l0VCNKwB,2020,nan,unknown,0.000000,0.000000,1.000000,0.000000,-0.000000
r1lZ7AEKvB,2020,nan,unknown,0.000000,0.000000,1.000000,0.000000,-0.000000
r1gixp4FPH,2020,nan,unknown,0.000000,0.000000,1.000000,0.000000,-0.000000
r1gx60NKPS,2020,nan,unknown,0.000000,0.000000,1.000000,0.000000,-0.000000
r1lF_CEYwS,2020,nan,unknown,0.000000,0.000000,1.000000,0.000000,-0.000000
r1lIKlSYvH,2020,nan,unknown,0.000000,0.000000,1.000000,0.000000,-0.000000
r1ghgxHtPH,2020,nan,unknown,0.000000,0.000000,1.000000,0.000000,-0.000000
r1gRTCVFvB,2020,nan,high,1.000000,0.000000,0.000000,1.000000,1.000000
r1l-5pEtDr,2020,nan,low,0.000000,0.999988,0.000012,0.999988,-0.999988
r1geR1BKPr,2020,nan,unknown,0.000000,0.000000,1.000000,0.000000,-0.000000
r1glDpNYwS,2020,nan,low,0.000000,0.999999,0.000001,0.999999,-0.999999
r1gzdhEKvH,2020,nan,unknown,0.000000,0.000000,1.000000,0.000000,-0.000000
r1gIdySFPH,2020,nan,low,0.000000,1.000000,0.000000,1.000000,-1.000000
r1glygHtDB,2020,nan,unknown,0.000000,0.000000,1.000000,0.000000,-0.000000
r1gelyrtwH,2020,nan,unknown,0.000000,0.000000,1.000000,0.000000,-0.000000
r1gdj2EKPB,2020,nan,unknown,0.000000,0.000000,1.000000,0.000000,-0.000000
rJgqalBKvH,2020,0.0625,unknown,0.000000,0.000000,1.000000,0.000000,-0.000000
r1l1myStwr,2020,nan,unknown,0.000000,0.000000,1.000000,0.000000,-0.000000
r1gIwgSYwr,2020,nan,unknown,0.000000,0.000000,1.000000,0.000000,-0.000000
r1gV3nVKPS,2020,nan,unknown,0.000000,0.000000,1.000000,0.000000,-0.000000
r1gEXgBYDH,2020,nan,unknown,0.000000,0.000000,1.000000,0.000000,-0.000000
r1l-VeSKwS,2020,nan,unknown,0.000000,0.000000,1.000000,0.000000,-0.000000
r1gzoaNtvr,2020,nan,low,0.000000,0.999993,0.000007,0.999993,-0.999993
r1gc3lBFPH,2020,nan,low,0.000000,0.999769,0.000231,0.999769,-0.999769
r1gPoCEKvH,2020,nan,high,0.999999,0.000000,0.000001,0.999999,0.999999
r1gBOxSFwr,2020,nan,unknown,0.000000,0.000000,1.000000,0.000000,-0.000000
r1gNLAEFPS,2020,nan,low,0.000000,0.999996,0.000004,0.999996,-0.999996
r1etN1rtPB,2020,nan,high,1.000000,0.000000,0.000000,1.000000,1.000000
r1ecqn4YwB,2020,nan,high,1.000000,0.000000,0.000000,1.000000,1.000000
r1genAVKPB,2020,nan,low,0.000000,0.999998,0.000002,0.999998,-0.999998
r1gIa0NtDH,2020,nan,unknown,0.000000,0.000000,1.000000,0.000000,-0.000000
r1evOhEKvH,2020,nan,unknown,0.000000,0.000000,1.000000,0.000000,-0.000000
r1eiu2VtwH,2020,nan,high,1.000000,0.000000,0.000000,1.000000,1.000000
r1eyceSYPr,2020,nan,unknown,0.000000,0.000000,1.000000,0.000000,-0.000000
r1eWdlBFwS,2020,nan,unknown,0.000000,0.000000,1.000000,0.000000,-0.000000
r1ezqaEFPr,2020,nan,unknown,0.000000,0.000000,1.000000,0.000000,-0.000000
r1g87C4KwB,2020,nan,low,0.000000,0.999998,0.000002,0.999998,-0.999998
r1g6ogrtDr,2020,nan,unknown,0.000000,0.000000,1.000000,0.000000,-0.000000
r1enqkBtwr,2020,nan,unknown,0.000000,0.000000,1.000000,0.000000,-0.000000
r1g1CAEKDH,2020,nan,low,0.000000,1.000000,0.000000,1.000000,-1.000000
r1erNxBtwr,2020,nan,unknown,0.000000,0.000000,1.000000,0.000000,-0.000000
r1e_FpNFDr,2020,nan,unknown,0.000000,0.000000,1.000000,0.000000,-0.000000
r1eVX0EFvH,2020,nan,unknown,0.000000,0.000000,1.000000,0.000000,-0.000000
r1eCukHYDH,2020,nan,unknown,0.000000,0.000000,1.000000,0.000000,-0.000000
r1eIiCNYwS,2020,nan,low,0.000000,1.000000,0.000000,1.000000,-1.000000
r1eowANFvr,2020,nan,unknown,0.000000,0.000000,1.000000,0.000000,-0.000000
r1eh30NFwB,2020,nan,low,0.000000,0.999904,0.000096,0.999904,-0.999904
r1eOnh4YPB,2020,nan,unknown,0.000000,0.000000,1.000000,0.000000,-0.000000
r1g6MCEtwr,2020,nan,unknown,0.000000,0.000000,1.000000,0.000000,-0.000000
r1e9GCNKvH,2020,nan,low,0.000000,1.000000,0.000000,1.000000,-1.000000
r1eBeyHFDH,2020,nan,unknown,0.000000,0.000000,1.000000,0.000000,-0.000000
r1eQeCEYwB,2020,nan,unknown,0.000000,0.000000,1.000000,0.000000,-0.000000
r1e74a4twH,2020,nan,unknown,0.000000,0.000000,1.000000,0.000000,-0.000000
r1eCy0NtDH,2020,nan,unknown,0.000000,0.000000,1.000000,0.000000,-0.000000
r1eU1gHFvH,2020,nan,unknown,0.000000,0.000000,1.000000,0.000000,-0.000000
r1e7M6VYwH,2020,nan,unknown,0.000000,0.000000,1.000000,0.000000,-0.000000
r1eX1yrKwB,2020,nan,unknown,0.000000,0.000000,1.000000,0.000000,-0.000000
r1e8WTEYPB,2020,nan,unknown,0.000000,0.000000,1.000000,0.000000,-0.000000
r1e8qpVKPS,2020,nan,unknown,0.000000,0.000000,1.000000,0.000000,-0.000000
r1egIyBFPS,2020,nan,low,0.000000,0.999997,0.000003,0.999997,-0.999997
r1eVXa4KvH,2020,nan,unknown,0.000000,0.000000,1.000000,0.000000,-0.000000
r1e0G04Kvr,2020,nan,unknown,0.000000,0.000000,1.000000,0.000000,-0.000000
SyxiRJStwr,2020,nan,unknown,0.000000,0.000000,1.000000,0.000000,-0.000000
Syxss0EYPS,2020,nan,unknown,0.000000,0.000000,1.000000,0.000000,-0.000000
Syxp-1HtvB,2020,nan,unknown,0.000000,0.000000,1.000000,0.000000,-0.000000
SyxhVkrYvr,2020,nan,unknown,0.000000,0.000001,0.999999,0.000001,-0.000001
r1e30AEKPr,2020,nan,unknown,0.000000,0.000000,1.000000,0.000000,-0.000000
SyxS0T4tvS,2020,nan,high,1.000000,0.000000,0.000000,1.000000,1.000000
r1e4MkSFDr,2020,nan,unknown,0.000000,0.000000,1.000000,0.000000,-0.000000
SyxhaxBKPS,2020,nan,unknown,0.000000,0.000000,1.000000,0.000000,-0.000000
SyxjVRVKDB,2020,nan,unknown,0.000000,0.000000,1.000000,0.000000,-0.000000
SyxrxR4KPS,2020,nan,unknown,0.000000,0.000001,0.999998,0.000001,-0.000001
r1e7NgrYvH,2020,nan,low,0.000000,0.999999,0.000001,0.999999,-0.999999
SyxV9ANFDH,2020,nan,unknown,0.000000,0.000000,1.000000,0.000000,-0.000000
SyxdC6NKwH,2020,nan,unknown,0.000000,0.000000,1.000000,0.000000,-0.000000
Syxc1yrKvr,2020,nan,low,0.000000,0.999999,0.000000,0.999999,-0.999999
SyxXWC4KPB,2020,nan,unknown,0.000000,0.000000,1.000000,0.000000,-0.000000
SyxJU64twr,2020,nan,unknown,0.000000,0.000000,1.000000,0.000000,-0.000000
SyxIterYwS,2020,nan,unknown,0.000000,0.000000,1.000000,0.000000,-0.000000
SyxM51BYPB,2020,nan,unknown,0.000000,0.000000,1.000000,0.000000,-0.000000
SyxGoJrtPr,2020,nan,unknown,0.000000,0.000000,1.000000,0.000000,-0.000000
Syx_f6EFPr,2020,nan,unknown,0.000000,0.000000,1.000000,0.000000,-0.000000
Syx4wnEtvH,2020,nan,high,1.000000,0.000000,0.000000,1.000000,1.000000
SyxTZ1HYwB,2020,nan,unknown,0.000000,0.000000,1.000000,0.000000,-0.000000
SyxIWpVYvr,2020,nan,unknown,0.000000,0.000000,1.000000,0.000000,-0.000000
SyxDXJStPS,2020,nan,unknown,0.000000,0.000000,1.000000,0.000000,-0.000000
Syxwsp4KDB,2020,nan,low,0.000000,0.999998,0.000002,0.999998,-0.999998
SylzhkBtDB,2020,nan,unknown,0.000000,0.000000,1.000000,0.000000,-0.000000
Syx9Q1rYvH,2020,nan,unknown,0.000000,0.000000,1.000000,0.000000,-0.000000
Syx5eT4KDS,2020,nan,unknown,0.000000,0.000000,1.000000,0.000000,-0.000000
Syx7WyBtwB,2020,nan,unknown,0.000000,0.000000,1.000000,0.000000,-0.000000
Syx-bCEFPS,2020,nan,unknown,0.000000,0.000000,1.000000,0.000000,-0.000000
SyxC9TEtPH,2020,nan,unknown,0.000000,0.000000,1.000000,0.000000,-0.000000
SyxL2TNtvr,2020,nan,unknown,0.000000,0.000000,1.000000,0.000000,-0.000000
SylkzaEYPS,2020,nan,unknown,0.000000,0.000000,1.000000,0.000000,-0.000000
Syx79eBKwr,2020,nan,unknown,0.000000,0.000000,1.000000,0.000000,-0.000000
SyxD7lrFPH,2020,nan,unknown,0.000000,0.000000,1.000000,0.000000,-0.000000
Syx33erYwH,2020,nan,unknown,0.000000,0.000000,1.000000,0.000000,-0.000000
SylurJHFPS,2020,nan,unknown,0.000000,0.000000,1.000000,0.000000,-0.000000
Syx9ET4YPB,2020,nan,unknown,0.000000,0.000000,1.000000,0.000000,-0.000000
Syx1DkSYwB,2020,nan,unknown,0.000000,0.000000,1.000000,0.000000,-0.000000
Syx7A3NFvH,2020,nan,unknown,0.000000,0.000000,1.000000,0.000000,-0.000000
SyljQyBFDH,2020,nan,unknown,0.000000,0.000000,1.000000,0.000000,-0.000000
SylwBpNKDr,2020,nan,low,0.000000,0.999999,0.000001,0.999999,-0.999999
Sylgsn4Fvr,2020,nan,low,0.000000,1.000000,0.000000,1.000000,-1.000000
SyxKrySYPr,2020,nan,high,1.000000,0.000000,0.000000,1.000000,1.000000
SylkYeHtwr,2020,nan,unknown,0.000000,0.000001,0.999999,0.000001,-0.000001
SyxBgkBFPS,2020,nan,unknown,0.000000,0.000000,1.000000,0.000000,-0.000000
SylVNerFvr,2020,nan,unknown,0.000000,0.000000,1.000000,0.000000,-0.000000
SylR6n4tPS,2020,nan,unknown,0.000000,0.000000,1.000000,0.000000,-0.000000
SylUzpNFDS,2020,nan,unknown,0.000000,0.000000,1.000000,0.000000,-0.000000
Syld53NtvH,2020,nan,unknown,0.000000,0.000000,1.000000,0.000000,-0.000000
SylUiREKvB,2020,nan,unknown,0.000000,0.000000,1.000000,0.000000,-0.000000
SylOlp4FvH,2020,nan,low,0.000000,1.000000,0.000000,1.000000,-1.000000
SylpBgrKPH,2020,nan,low,0.000000,0.999999,0.000001,0.999999,-0.999999
SylL0krYPS,2020,nan,unknown,0.000000,0.000001,0.999999,0.000001,-0.000001
SylVJTNKDr,2020,nan,unknown,0.000000,0.000001,0.999999,0.000001,-0.000001
SylR-CEKDS,2020,nan,unknown,0.000000,0.000000,1.000000,0.000000,-0.000000
SylKikSYDH,2020,nan,high,1.000000,0.000000,0.000000,1.000000,1.000000
Sygn20VtwH,2020,nan,unknown,0.000000,0.000000,1.000000,0.000000,-0.000000
SylGpT4FPS,2020,nan,unknown,0.000000,0.000000,1.000000,0.000000,0.000000
Syl-xpNtwS,2020,nan,unknown,0.000000,0.000000,1.000000,0.000000,-0.000000
SygpC6Ntvr,2020,nan,unknown,0.000000,0.000000,1.000000,0.000000,-0.000000
Syl38yrFwr,2020,nan,unknown,0.000000,0.000000,1.000000,0.000000,-0.000000
SygXPaEYvH,2020,nan,high,1.000000,0.000000,0.000000,1.000000,1.000000
SylWNC4FPH,2020,nan,unknown,0.000000,0.000000,1.000000,0.000000,-0.000000
Syl89aNYwS,2020,nan,unknown,0.000000,0.000001,0.999999,0.000001,-0.000001
SygcSlHFvS,2020,nan,unknown,0.000000,0.000000,1.000000,0.000000,-0.000000
Syl-_aVtvH,2020,nan,unknown,0.000000,0.000000,1.000000,0.000000,-0.000000
Sygg3JHtwB,2020,nan,unknown,0.000000,0.000000,1.000000,0.000000,-0.000000
Syl5o2EFPB,2020,nan,unknown,0.000000,0.000000,1.000000,0.000000,-0.000000
SylO2yStDr,2020,nan,unknown,0.000000,0.000002,0.999998,0.000002,-0.000002
SygkSkSFDB,2020,nan,unknown,0.000000,0.000000,1.000000,0.000000,-0.000000
SygWvAVFPr,2020,nan,unknown,0.000000,0.000000,1.000000,0.000000,-0.000000
SygLu0VtPH,2020,nan,unknown,0.000000,0.000000,1.000000,0.000000,-0.000000
SygSLlStwS,2020,nan,unknown,0.000000,0.000000,1.000000,0.000000,-0.000000
SygagpEKwB,2020,nan,unknown,0.000000,0.000000,1.000000,0.000000,-0.000000
SygD31HFvB,2020,nan,unknown,0.000000,0.000000,1.000000,0.000000,-0.000000
SygBIxSFDS,2020,nan,unknown,0.000000,0.000000,1.000000,0.000000,-0.000000
Syg6jTNtDH,2020,nan,unknown,0.000000,0.000000,1.000000,0.000000,-0.000000
SygfNCEYDH,2020,nan,unknown,0.000000,0.000000,1.000000,0.000000,-0.000000
SygEukHYvB,2020,nan,unknown,0.000000,0.000000,1.000000,0.000000,-0.000000
SygcCnNKwr,2020,nan,unknown,0.000000,0.000000,1.000000,0.000000,-0.000000
SyglyANFDr,2020,nan,unknown,0.000000,0.000000,1.000000,0.000000,-0.000000
SygW0TEFwH,2020,nan,unknown,0.000000,0.000000,1.000000,0.000000,-0.000000
SygRikHtvS,2020,nan,unknown,0.000000,0.000000,1.000000,0.000000,-0.000000
SygeY1SYvr,2020,nan,unknown,0.000000,0.000000,1.000000,0.000000,-0.000000
Syg6fxrKDB,2020,nan,unknown,0.000000,0.000000,1.000000,0.000000,-0.000000
SyeyF0VtDr,2020,nan,unknown,0.000000,0.000000,1.000000,0.000000,-0.000000
Syg-ET4FPS,2020,nan,unknown,0.000000,0.000000,1.000000,0.000000,-0.000000
SyezSCNYPB,2020,nan,unknown,0.000000,0.000000,1.000000,0.000000,-0.000000
SyevYxHtDB,2020,nan,low,0.000000,0.999997,0.000003,0.999997,-0.999997
SyevDaVYwr,2020,nan,unknown,0.000000,0.000000,1.000000,0.000000,-0.000000
Syg7VaNYPB,2020,nan,unknown,0.000000,0.000000,1.000000,0.000000,-0.000000
Syetja4KPH,2020,nan,unknown,0.000000,0.000000,1.000000,0.000000,-0.000000
SyecdJSKvr,2020,nan,unknown,0.000000,0.000000,1.000000,0.000000,-0.000000
SyedHyBFwS,2020,nan,unknown,0.000000,0.000000,1.000000,0.000000,-0.000000
SyepHTNFDS,2020,nan,unknown,0.000000,0.000000,1.000000,0.000000,-0.000000
Sye57xStvB,2020,nan,high,1.000000,0.000000,0.000000,1.000000,1.000000
Sye_OgHFwH,2020,nan,unknown,0.000000,0.000000,1.000000,0.000000,-0.000000
Syeu8CNYvS,2020,nan,low,0.000000,0.999997,0.000003,0.999997,-0.999997
SyeYiyHFDH,2020,nan,unknown,0.000000,0.000000,1.000000,0.000000,-0.000000
SyegvgHtwr,2020,nan,unknown,0.000000,0.000000,1.000000,0.000000,-0.000000
SyeKGgStDB,2020,nan,unknown,0.000000,0.000000,1.000000,0.000000,-0.000000
SyeMblBtwr,2020,nan,unknown,0.000000,0.000000,1.000000,0.000000,-0.000000
SygKyeHKDH,2020,nan,unknown,0.000000,0.000000,1.000000,0.000000,-0.000000
SyeRIgBYDB,2020,nan,unknown,0.000000,0.000000,1.000000,0.000000,-0.000000
SyeZIkrKwS,2020,nan,low,0.000000,0.999876,0.000124,0.999876,-0.999876
SkxpxJBKwS,2020,nan,high,1.000000,0.000000,0.000000,1.000000,1.000000
Sye2s2VtDr,2020,nan,unknown,0.000000,0.000000,1.000000,0.000000,-0.000000
SyeHPgHFDr,2020,nan,unknown,0.000000,0.000000,1.000000,0.000000,-0.000000
SkxgnnNFvH,2020,nan,high,1.000000,0.000000,0.000000,1.000000,1.000000
Syee1pVtDS,2020,nan,unknown,0.000000,0.000000,1.000000,0.000000,-0.000000
SyeLGlHtPS,2020,nan,unknown,0.000000,0.000000,1.000000,0.000000,-0.000000
SkxybANtDB,2020,nan,unknown,0.000000,0.000000,1.000000,0.000000,-0.000000
SkxxtgHKPS,2020,nan,unknown,0.000000,0.000000,1.000000,0.000000,-0.000000
Sye0XkBKvS,2020,nan,unknown,0.000000,0.000000,1.000000,0.000000,-0.000000
Skxw-REFwS,2020,nan,unknown,0.000000,0.000000,1.000000,0.000000,-0.000000
SkxzSgStPS,2020,nan,unknown,0.000000,0.000000,1.000000,0.000000,-0.000000
SkxoqRNKwr,2020,nan,unknown,0.000000,0.000000,1.000000,0.000000,-0.000000
SkxpDT4YvS,2020,nan,unknown,0.000000,0.000000,1.000000,0.000000,-0.000000
SyeUMRNYDr,2020,nan,unknown,0.000000,0.000000,1.000000,0.000000,-0.000000
Skxuk1rFwB,2020,nan,unknown,0.000000,0.000000,1.000000,0.000000,-0.000000
SyeD0RVtvS,2020,nan,low,0.000000,0.999996,0.000004,0.999996,-0.999996
Skxd6gSYDS,2020,nan,unknown,0.000000,0.000000,1.000000,0.000000,-0.000000
Syejj0NYvr,2020,nan,low,0.000000,0.999999,0.000001,0.999999,-0.999999
SkxcZCNKDS,2020,nan,low,0.000000,0.999997,0.000003,0.999997,-0.999997
SkxQp1StDH,2020,nan,unknown,0.000000,0.000000,1.000000,0.000000,-0.000000
SkxlElBYDS,2020,nan,unknown,0.000000,0.000000,1.000000,0.000000,-0.000000
SkxMjxHYPS,2020,nan,low,0.000000,1.000000,0.000000,1.000000,-1.000000
Skxn-JSYwr,2020,nan,unknown,0.000000,0.000000,1.000000,0.000000,-0.000000
SkxV0RVYDH,2020,nan,unknown,0.000000,0.000000,1.000000,0.000000,-0.000000
SkxBUpEKwH,2020,nan,low,0.000000,1.000000,0.000000,1.000000,-1.000000
SkxHRySFvr,2020,nan,unknown,0.000000,0.000000,1.000000,0.000000,-0.000000
SkxV7kHKvr,2020,nan,unknown,0.000000,0.000000,1.000000,0.000000,-0.000000
SkxOhANKDr,2020,nan,low,0.000000,1.000000,0.000000,1.000000,-1.000000
SkxLFaNKwB,2020,nan,unknown,0.000000,0.000000,1.000000,0.000000,-0.000000
SkxWnkStvS,2020,nan,unknown,0.000000,0.000000,1.000000,0.000000,-0.000000
SkxW23NtPH,2020,nan,low,0.000000,1.000000,0.000000,1.000000,-1.000000
SkxaueHFPB,2020,nan,unknown,0.000000,0.000000,1.000000,0.000000,-0.000000
Skx24yHFDr,2020,nan,unknown,0.000000,0.000000,1.000000,0.000000,-0.000000
SklwGlHFvH,2020,nan,unknown,0.000000,0.000000,1.000000,0.000000,-0.000000
SkluFgrFwH,2020,nan,unknown,0.000000,0.000000,1.000000,0.000000,-0.000000
SkxUrTVKDH,2020,nan,unknown,0.000000,0.000000,1.000000,0.000000,-0.000000
SkxSv6VFvS,2020,nan,unknown,0.000000,0.000000,1.000000,0.000000,-0.000000
SklkDkSFPB,2020,nan,low,0.000000,1.000000,0.000000,1.000000,-1.000000
SkxcSpEKPS,2020,nan,low,0.000000,0.999990,0.000010,0.999990,-0.999990
Skltqh4KvB,2020,nan,unknown,0.000000,0.000000,1.000000,0.000000,-0.000000
SkxJ8REYPH,2020,nan,low,0.000000,0.999997,0.000003,0.999997,-0.999997
SkloDJSFPH,2020,nan,unknown,0.000000,0.000000,1.000000,0.000000,-0.000000
SklsBJHKDS,2020,nan,unknown,0.000000,0.000000,1.000000,0.000000,-0.000000
Sklgs0NFvr,2020,nan,unknown,0.000000,0.000000,1.000000,0.000000,-0.000000
SklViCEFPH,2020,nan,low,0.000000,1.000000,0.000000,1.000000,-1.000000
Skx6WaEYPH,2020,nan,low,0.000000,1.000000,0.000000,1.000000,-1.000000
SklfY6EFDH,2020,nan,unknown,0.000000,0.000000,1.000000,0.000000,-0.000000
SklibJBFDB,2020,nan,unknown,0.000000,0.000000,1.000000,0.000000,-0.000000
Skln2A4YDB,2020,nan,unknown,0.000000,0.000000,1.000000,0.000000,-0.000000
SkxG-CVFDH,2020,nan,low,0.000000,1.000000,0.000000,1.000000,-1.000000
Skld1aVtPB,2020,nan,low,0.000000,1.000000,0.000000,1.000000,-1.000000
SklgTkBKDr,2020,nan,unknown,0.000000,0.000000,1.000000,0.000000,-0.000000
Sklf1yrYDr,2020,nan,low,0.000000,1.000000,0.000000,1.000000,-1.000000
SklcyJBtvB,2020,nan,unknown,0.000000,0.000000,1.000000,0.000000,-0.000000
Sklyn6EYvH,2020,nan,unknown,0.000000,0.000000,1.000000,0.000000,-0.000000
Skx73lBFDS,2020,nan,low,0.000000,0.999986,0.000014,0.999986,-0.999986
SklVqa4YwH,2020,nan,unknown,0.000000,0.000001,0.999999,0.000001,-0.000001
SklgfkSFPH,2020,nan,unknown,0.000000,0.000000,1.000000,0.000000,-0.000000
SklVI1HKvH,2020,nan,unknown,0.000000,0.000000,1.000000,0.000000,-0.000000
SklnVAEFDB,2020,nan,low,0.000000,0.999993,0.000007,0.999993,-0.999993
SklE_CNFPr,2020,nan,unknown,0.000000,0.000000,1.000000,0.000000,-0.000000
Skx82ySYPH,2020,nan,low,0.000000,0.999860,0.000140,0.999860,-0.999860
SklSQgHFDS,2020,nan,unknown,0.000000,0.000001,0.999999,0.000001,-0.000001
SklD9yrFPS,2020,nan,high,1.000000,0.000000,0.000000,1.000000,1.000000
SklKcRNYDH,2020,nan,unknown,0.000000,0.000000,1.000000,0.000000,-0.000000
SklEhlHtPr,2020,nan,unknown,0.000000,0.000000,1.000000,0.000000,-0.000000
SklOUpEYvB,2020,nan,unknown,0.000000,0.000000,1.000000,0.000000,-0.000000
Skl-fyHKPH,2020,nan,unknown,0.000000,0.000000,1.000000,0.000000,-0.000000
Skl4mRNYDr,2020,nan,unknown,0.000000,0.000000,1.000000,0.000000,-0.000000
SkgvvCVtDS,2020,nan,low,0.000000,1.000000,0.000000,1.000000,-1.000000
Skl8EkSFDr,2020,nan,unknown,0.000000,0.000000,1.000000,0.000000,-0.000000
Skl6peHFwS,2020,nan,unknown,0.000000,0.000000,1.000000,0.000000,-0.000000
SkgpBJrtvS,2020,nan,high,1.000000,0.000000,0.000000,1.000000,1.000000
SklOypVKvS,2020,nan,unknown,0.000000,0.000000,1.000000,0.000000,-0.000000
Skl3SkSKDr,2020,nan,unknown,0.000000,0.000000,1.000000,0.000000,-0.000000
SklTQCNtvS,2020,nan,low,0.000000,0.999997,0.000003,0.999997,-0.999997
Skl1HCNKDr,2020,nan,unknown,0.000000,0.000000,1.000000,0.000000,-0.000000
SkgsACVKPH,2020,nan,low,0.000000,1.000000,0.000000,1.000000,-1.000000
Skl4LTEtDS,2020,nan,unknown,0.000000,0.000000,1.000000,0.000000,-0.000000
Skgxcn4YDS,2020,nan,low,0.000000,0.999995,0.000005,0.999995,-0.999995
SklM1xStPB,2020,nan,unknown,0.000000,0.000000,1.000000,0.000000,-0.000000
SkglVlSFPS,2020,nan,unknown,0.000000,0.000000,1.000000,0.000000,-0.000000
Skgeip4FPr,2020,nan,unknown,0.000000,0.000000,1.000000,0.000000,-0.000000
Skgaia4tDH,2020,nan,unknown,0.000000,0.000000,1.000000,0.000000,-0.000000
SkgRW64twr,2020,nan,unknown,0.000000,0.000000,1.000000,0.000000,-0.000000
Skgq1ANFDB,2020,nan,unknown,0.000000,0.000000,1.000000,0.000000,-0.000000
SkgWeJrYwr,2020,nan,unknown,0.000000,0.000000,1.000000,0.000000,-0.000000
SkgOzlrKvH,2020,nan,unknown,0.000000,0.000000,1.000000,0.000000,-0.000000
SkgQwpVYwH,2020,nan,unknown,0.000000,0.000000,1.000000,0.000000,-0.000000
Skgfr1rYDH,2020,nan,low,0.000000,0.999997,0.000003,0.999997,-0.999997
SkgS2lBFPS,2020,nan,unknown,0.000000,0.000000,1.000000,0.000000,-0.000000
SkgscaNYPS,2020,nan,unknown,0.000000,0.000000,1.000000,0.000000,-0.000000
SkgODpVFDr,2020,nan,unknown,0.000000,0.000000,1.000000,0.000000,-0.000000
SkgJOAEtvr,2020,nan,unknown,0.000000,0.000000,1.000000,0.000000,-0.000000
SkgjKR4YwH,2020,nan,low,0.000000,0.999954,0.000046,0.999954,-0.999954
SkgC6TNFvr,2020,nan,unknown,0.000000,0.000000,1.000000,0.000000,-0.000000
SkgbmyHFDS,2020,nan,low,0.000000,0.999796,0.000204,0.999796,-0.999796
SkgtbaVYvH,2020,nan,low,0.000000,0.996826,0.003174,0.996826,-0.996826
Skg8gJBFvr,2020,nan,low,0.000000,1.000000,0.000000,1.000000,-1.000000
Skg3104FDS,2020,nan,unknown,0.000000,0.000000,1.000000,0.000000,-0.000000
Skg5r1BFvB,2020,nan,unknown,0.000000,0.000000,1.000000,0.000000,-0.000000
SkgKO0EtvS,2020,nan,low,0.000000,0.999993,0.000007,0.999993,-0.999993
SklGryBtwr,2020,nan,unknown,0.000000,0.000000,1.000000,0.000000,-0.000000
SkgGCkrKvH,2020,nan,unknown,0.000000,0.000000,1.000000,0.000000,-0.000000
Skey4eBYPS,2020,nan,low,0.000000,1.000000,0.000000,1.000000,-1.000000
SkeyppEFvS,2020,nan,unknown,0.000000,0.000000,1.000000,0.000000,-0.000000
SklR6aEtwH,2020,nan,unknown,0.000000,0.000000,1.000000,0.000000,-0.000000
Skg2pkHFwS,2020,nan,unknown,0.000000,0.000000,1.000000,0.000000,-0.000000
Skg9aAEKwH,2020,nan,low,0.000000,0.999981,0.000019,0.999981,-0.999981
Skerzp4KPS,2020,nan,unknown,0.000000,0.000000,1.000000,0.000000,-0.000000
SkgTR3VFvH,2020,nan,low,0.000000,0.995389,0.004611,0.995389,-0.995389
SkgGjRVKDS,2020,nan,low,0.000000,1.000000,0.000000,1.000000,-1.000000
SkezP1HYvS,2020,nan,unknown,0.000000,0.000000,1.000000,0.000000,-0.000000
SkevphEYPB,2020,nan,low,0.000000,0.999999,0.000001,0.999999,-0.999999
SkeuexBtDr,2020,nan,unknown,0.000000,0.000000,1.000000,0.000000,-0.000000
Skeh1krtvH,2020,nan,low,0.000000,1.000000,0.000000,1.000000,-1.000000
Skgvy64tvr,2020,nan,low,0.000000,0.999985,0.000015,0.999985,-0.999985
Skgy464Kvr,2020,nan,low,0.000000,0.999999,0.000001,0.999999,-0.999999
SkeHuCVFDr,2020,nan,high,1.000000,0.000000,0.000000,1.000000,1.000000
SkeNlJSKvS,2020,nan,unknown,0.000000,0.000000,1.000000,0.000000,-0.000000
Skeq30NFPr,2020,nan,unknown,0.000000,0.000000,1.000000,0.000000,-0.000000
SkejkR4KDr,2020,nan,unknown,0.000000,0.000000,1.000000,0.000000,-0.000000
Skek-TVYvr,2020,nan,unknown,0.000000,0.000000,1.000000,0.000000,-0.000000
SkeuipVKDH,2020,nan,unknown,0.000000,0.000002,0.999998,0.000002,-0.000002
SkeWc2EKPH,2020,nan,unknown,0.000000,0.000000,1.000000,0.000000,-0.000000
Skg9jnVFvH,2020,nan,unknown,0.000000,0.000000,1.000000,0.000000,-0.000000
Skep6TVYDB,2020,nan,unknown,0.000000,0.000000,1.000000,0.000000,-0.000000
SkgWIxSFvr,2020,nan,unknown,0.000000,0.000000,1.000000,0.000000,-0.000000
SkeYUkStPr,2020,nan,unknown,0.000000,0.000000,1.000000,0.000000,-0.000000
SkexNpNFwS,2020,nan,low,0.000000,0.999994,0.000006,0.999994,-0.999994
SkeP3yBFDS,2020,nan,unknown,0.000000,0.000000,1.000000,0.000000,-0.000000
Ske5UANYDB,2020,nan,unknown,0.000000,0.000000,1.000000,0.000000,-0.000000
SkeIyaVtwB,2020,nan,unknown,0.000000,0.000000,1.000000,0.000000,-0.000000
Ske6qJSKPH,2020,nan,unknown,0.000000,0.000000,1.000000,0.000000,-0.000000
SkeBBJrFPH,2020,nan,unknown,0.000000,0.000000,1.000000,0.000000,-0.000000
SkeJPertPS,2020,nan,low,0.000000,0.904644,0.095356,0.904644,-0.904644
SkeAaJrKDS,2020,nan,unknown,0.000000,0.000000,1.000000,0.000000,-0.000000
SkeATxrKwH,2020,nan,unknown,0.000000,0.000000,1.000000,0.000000,-0.000000
SJxrKgStDH,2020,nan,unknown,0.000000,0.000000,1.000000,0.000000,-0.000000
SJxyCRVKvB,2020,nan,unknown,0.000000,0.000000,1.000000,0.000000,-0.000000
SkeXL0NKwH,2020,nan,unknown,0.000000,0.000000,1.000000,0.000000,-0.000000
Ske-ih4FPS,2020,nan,unknown,0.000000,0.000000,1.000000,0.000000,-0.000000
SkeFl1HKwr,2020,nan,unknown,0.000000,0.000000,1.000000,0.000000,-0.000000
SJxpsxrYPS,2020,nan,unknown,0.000000,0.000000,1.000000,0.000000,-0.000000
SJxstlHFPH,2020,nan,unknown,0.000000,0.000000,1.000000,0.000000,-0.000000
SJxeI6EYwS,2020,nan,unknown,0.000000,0.000000,1.000000,0.000000,-0.000000
SJxmfgSYDB,2020,nan,unknown,0.000000,0.000000,1.000000,0.000000,-0.000000
Ske9VANKDH,2020,nan,unknown,0.000000,0.000000,1.000000,0.000000,-0.000000
SJxy5A4twS,2020,nan,low,0.000000,0.999868,0.000132,0.999868,-0.999868
SJxUjlBtwB,2020,nan,high,1.000000,0.000000,0.000000,1.000000,1.000000
SJxzFySKwH,2020,nan,unknown,0.000000,0.000000,1.000000,0.000000,-0.000000
SJxhNTNYwB,2020,nan,unknown,0.000000,0.000000,1.000000,0.000000,-0.000000
SJxZnR4YvB,2020,nan,unknown,0.000000,0.000000,1.000000,0.000000,-0.000000
SkeKtyHYPS,2020,nan,unknown,0.000000,0.000000,1.000000,0.000000,-0.000000
SJxjPxSYDH,2020,nan,unknown,0.000000,0.000000,1.000000,0.000000,-0.000000
SJxTZeHFPH,2020,nan,unknown,0.000000,0.000000,1.000000,0.000000,-0.000000
Ske31kBtPr,2020,nan,unknown,0.000000,0.000000,1.000000,0.000000,-0.000000
SJxRKT4Fwr,2020,nan,unknown,0.000000,0.000000,1.000000,0.000000,-0.000000
SJxSDxrKDr,2020,nan,unknown,0.000000,0.000000,1.000000,0.000000,-0.000000
SJxDKerKDS,2020,nan,unknown,0.000000,0.000000,1.000000,0.000000,-0.000000
SJxNzgSKvH,2020,nan,unknown,0.000000,0.000000,1.000000,0.000000,-0.000000
SJxIkkSKwB,2020,nan,unknown,0.000000,0.000001,0.999999,0.000001,-0.000001
SJxHMaEtwB,2020,nan,unknown,0.000000,0.000000,1.000000,0.000000,-0.000000
SJx37TEtDH,2020,nan,unknown,0.000000,0.000000,1.000000,0.000000,-0.000000
SJxAlgrYDr,2020,nan,unknown,0.000000,0.000000,1.000000,0.000000,-0.000000
SJxE8erKDH,2020,nan,unknown,0.000000,0.000000,1.000000,0.000000,-0.000000
SJxIm0VtwH,2020,nan,unknown,0.000000,0.000001,0.999999,0.000001,-0.000001
SJxSOJStPr,2020,nan,unknown,0.000000,0.000000,1.000000,0.000000,-0.000000
SkeGvaEtPr,2020,nan,low,0.000000,0.999988,0.000012,0.999988,-0.999988
SJxWS64FwH,2020,nan,unknown,0.000000,0.000002,0.999998,0.000002,-0.000002
SJxDDpEKvH,2020,nan,unknown,0.000000,0.000000,1.000000,0.000000,-0.000000
SJx_QJHYDB,2020,nan,low,0.000000,1.000000,0.000000,1.000000,-1.000000
SJxbHkrKDH,2020,nan,unknown,0.000000,0.000000,1.000000,0.000000,-0.000000
SJx4O34YvS,2020,nan,unknown,0.000000,0.000000,1.000000,0.000000,-0.000000
SJx4Ogrtvr,2020,nan,unknown,0.000000,0.000000,1.000000,0.000000,-0.000000
SJx0q1rtvS,2020,nan,unknown,0.000000,0.000000,1.000000,0.000000,-0.000000
SJlsFpVtDB,2020,nan,unknown,0.000000,0.000000,1.000000,0.000000,-0.000000
SJx1URNKwH,2020,nan,unknown,0.000000,0.000000,1.000000,0.000000,-0.000000
SJx9ngStPH,2020,nan,low,0.000000,1.000000,0.000000,1.000000,-1.000000
SJlgTJHKwB,2020,nan,unknown,0.000000,0.000000,1.000000,0.000000,-0.000000
SJx-j64FDr,2020,nan,unknown,0.000000,0.000000,1.000000,0.000000,-0.000000
SJlbGJrtDB,2020,nan,high,1.000000,0.000000,0.000000,1.000000,1.000000
SJlpy64tvB,2020,nan,unknown,0.000000,0.000000,1.000000,0.000000,-0.000000
SJlh8CEYDB,2020,nan,unknown,0.000000,0.000000,1.000000,0.000000,-0.000000
SJlbyCNtPr,2020,nan,unknown,0.000000,0.000000,1.000000,0.000000,-0.000000
SJxFWRVKDr,2020,nan,unknown,0.000000,0.000000,1.000000,0.000000,-0.000000
SJlxglSFPB,2020,nan,unknown,0.000000,0.000000,1.000000,0.000000,-0.000000
SJleNCNtDH,2020,nan,unknown,0.000000,0.000000,1.000000,0.000000,-0.000000
SJlYqRNKDS,2020,nan,unknown,0.000000,0.000000,1.000000,0.000000,-0.000000
SJlyta4YPS,2020,nan,unknown,0.000000,0.000000,1.000000,0.000000,-0.000000
SJloA0EYDr,2020,nan,low,0.000000,1.000000,0.000000,1.000000,-1.000000
SJx0PAEFDS,2020,nan,unknown,0.000000,0.000000,1.000000,0.000000,-0.000000
SJlbvp4YvS,2020,nan,low,0.000000,0.999962,0.000038,0.999962,-0.999962
SJlVn6NKPB,2020,nan,unknown,0.000000,0.000000,1.000000,0.000000,-0.000000
SJlpYJBKvH,2020,nan,unknown,0.000000,0.000000,1.000000,0.000000,-0.000000
SJlVVAEKwS,2020,nan,unknown,0.000000,0.000000,1.000000,0.000000,-0.000000
SJlRWC4FDB,2020,nan,unknown,0.000000,0.000000,1.000000,0.000000,-0.000000
SJlWyerFPS,2020,nan,low,0.000000,0.999569,0.000431,0.999569,-0.999569
SJldu6EtDS,2020,nan,unknown,0.000000,0.000000,1.000000,0.000000,-0.000000
SJlRF04YwB,2020,nan,unknown,0.000000,0.000000,1.000000,0.000000,-0.000000
SJlRUkrFPS,2020,nan,unknown,0.000000,0.000000,1.000000,0.000000,-0.000000
SJlOq34Kwr,2020,nan,unknown,0.000000,0.000000,1.000000,0.000000,-0.000000
SJlJegHFvH,2020,nan,low,0.000000,0.999997,0.000003,0.999997,-0.999997
SJlJSaEFwS,2020,nan,unknown,0.000000,0.000000,1.000000,0.000000,-0.000000
SJlKrkSFPH,2020,nan,unknown,0.000000,0.000000,1.000000,0.000000,-0.000000
SJlNnhVYDr,2020,nan,unknown,0.000000,0.000000,1.000000,0.000000,-0.000000
SJlHwkBYDH,2020,nan,unknown,0.000000,0.000000,1.000000,0.000000,-0.000000
SJl9PTNYDS,2020,nan,low,0.000000,1.000000,0.000000,1.000000,-1.000000
SJl28R4YPr,2020,nan,unknown,0.000000,0.000000,1.000000,0.000000,-0.000000
SJlPOCEKvH,2020,nan,low,0.000000,0.999998,0.000002,0.999998,-0.999998
SJlRDCVtwr,2020,nan,unknown,0.000000,0.000000,1.000000,0.000000,-0.000000
SJl5Np4tPr,2020,nan,unknown,0.000000,0.000000,1.000000,0.000000,-0.000000
SJlEs1HKDr,2020,nan,low,0.000000,1.000000,0.000000,1.000000,-1.000000
SJl3CANKvB,2020,nan,unknown,0.000000,0.000000,1.000000,0.000000,-0.000000
SJl3h2EYvS,2020,nan,low,0.000000,1.000000,0.000000,1.000000,-1.000000
SJgzXaNFwS,2020,nan,unknown,0.000000,0.000000,1.000000,0.000000,-0.000000
SJl47yBYPS,2020,nan,low,0.000000,0.999999,0.000001,0.999999,-0.999999
SJlDDnVKwS,2020,nan,unknown,0.000000,0.000000,1.000000,0.000000,-0.000000
SJlM0JSFDr,2020,nan,unknown,0.000000,0.000000,1.000000,0.000000,-0.000000
SJgndT4KwB,2020,nan,unknown,0.000000,0.000000,1.000000,0.000000,-0.000000
SJgs8TVtvr,2020,nan,unknown,0.000000,0.000000,1.000000,0.000000,-0.000000
SJgzLkBKPB,2020,nan,unknown,0.000000,0.000000,1.000000,0.000000,-0.000000
SJgob6NKvH,2020,nan,low,0.000000,1.000000,0.000000,1.000000,-1.000000
SJgn3lBtwH,2020,nan,unknown,0.000000,0.000000,1.000000,0.000000,-0.000000
SJx0oAEYwH,2020,nan,low,0.000000,0.999999,0.000001,0.999999,-0.999999
SJlVY04FwH,2020,nan,unknown,0.000000,0.000000,1.000000,0.000000,-0.000000
SJgwf04KPr,2020,nan,unknown,0.000000,0.000000,1.000000,0.000000,-0.000000
SJl1o2NFwS,2020,nan,unknown,0.000000,0.000001,0.999999,0.000001,-0.000001
SJgIPJBFvH,2020,nan,high,1.000000,0.000000,0.000000,1.000000,1.000000
SJgaRA4FPH,2020,nan,unknown,0.000000,0.000000,1.000000,0.000000,-0.000000
SJgn464tPB,2020,nan,unknown,0.000000,0.000000,1.000000,0.000000,-0.000000
SJgwNerKvB,2020,nan,low,0.000000,1.000000,0.000000,1.000000,-1.000000
SJgdnAVKDH,2020,nan,low,0.000000,1.000000,0.000000,1.000000,-1.000000
SJgmR0NKPr,2020,nan,unknown,0.000000,0.000000,1.000000,0.000000,-0.000000
SJgVHkrYDH,2020,nan,unknown,0.000000,0.000000,1.000000,0.000000,-0.000000
SJgvl6EFwH,2020,nan,low,0.000000,0.999373,0.000627,0.999373,-0.999373
SJgw51HFDr,2020,nan,unknown,0.000000,0.000000,1.000000,0.000000,-0.000000
SJgBra4YDS,2020,nan,low,0.000000,1.000000,0.000000,1.000000,-1.000000
SJgXs1HtwH,2020,nan,low,0.000000,0.999999,0.000002,0.999999,-0.999999
SJgBQaVKwH,2020,nan,unknown,0.000000,0.000000,1.000000,0.000000,-0.000000
SJgSflHKDr,2020,nan,unknown,0.000000,0.000000,1.000000,0.000000,-0.000000
SJgCEpVtvr,2020,nan,unknown,0.000000,0.000000,1.000000,0.000000,-0.000000
SJg5J6NtDr,2020,nan,unknown,0.000000,0.000000,1.000000,0.000000,-0.000000
SJg7spEYDS,2020,nan,unknown,0.000000,0.000000,1.000000,0.000000,-0.000000
SJg9z6VFDr,2020,nan,unknown,0.000000,0.000000,1.000000,0.000000,-0.000000
SJgVU0EKwS,2020,nan,unknown,0.000000,0.000000,1.000000,0.000000,-0.000000
SJgwzCEKwH,2020,nan,unknown,0.000000,0.000000,1.000000,0.000000,-0.000000
SJezGp4YPr,2020,nan,unknown,0.000000,0.000000,1.000000,0.000000,-0.000000
SJexHkSFPS,2020,nan,unknown,0.000000,0.000000,1.000000,0.000000,-0.000000
SJg2j0VFPB,2020,nan,unknown,0.000000,0.000000,1.000000,0.000000,-0.000000
SJg7KhVKPH,2020,nan,unknown,0.000000,0.000000,1.000000,0.000000,-0.000000
SJev6JBtvH,2020,nan,unknown,0.000000,0.000000,1.000000,0.000000,-0.000000
SJetQpEYvB,2020,nan,unknown,0.000000,0.000000,1.000000,0.000000,-0.000000
SJgdpxHFvH,2020,nan,unknown,0.000000,0.000000,1.000000,0.000000,-0.000000
SJgMK64Ywr,2020,nan,low,0.000000,1.000000,0.000000,1.000000,-1.000000
SJeYe0NtvH,2020,nan,high,1.000000,0.000000,0.000000,1.000000,1.000000
SJeuueSYDH,2020,nan,unknown,0.000000,0.000000,1.000000,0.000000,-0.000000
SJg1lxrYwS,2020,nan,low,0.000000,0.999925,0.000075,0.999925,-0.999925
SJeWHlSYDB,2020,nan,unknown,0.000000,0.000000,1.000000,0.000000,-0.000000
SJgNkpVFPr,2020,nan,low,0.000000,0.999999,0.000001,0.999999,-0.999999
SJem8lSFwB,2020,nan,unknown,0.000000,0.000000,1.000000,0.000000,-0.000000
SJeeL04KvH,2020,nan,unknown,0.000000,0.000000,1.000000,0.000000,-0.000000
SJg4Y3VFPS,2020,nan,unknown,0.000000,0.000000,1.000000,0.000000,-0.000000
SJeq9JBFvH,2020,nan,unknown,0.000000,0.000000,1.000000,0.000000,-0.000000
SJeS16EKPr,2020,nan,unknown,0.000000,0.000000,1.000000,0.000000,-0.000000
SJeOAJStwB,2020,nan,high,1.000000,0.000000,0.000000,1.000000,1.000000
SJegkkrYPS,2020,nan,low,0.000000,0.996826,0.003174,0.996826,-0.996826
SJeW-A4tDS,2020,nan,low,0.000000,0.999976,0.000024,0.999976,-0.999976
SJeX2aVFwH,2020,nan,unknown,0.000000,0.000000,1.000000,0.000000,-0.000000
SJefPkSFPr,2020,nan,unknown,0.000000,0.000000,1.000000,0.000000,-0.000000
SJeoE0VKDS,2020,nan,unknown,0.000000,0.000000,1.000000,0.000000,-0.000000
SJeQGJrKwH,2020,nan,low,0.000000,1.000000,0.000000,1.000000,-1.000000
SJe_D1SYvr,2020,nan,unknown,0.000000,0.000000,1.000000,0.000000,-0.000000
SJeLopEYDH,2020,nan,unknown,0.000000,0.000000,1.000000,0.000000,-0.000000
SJecKyrKPH,2020,nan,unknown,0.000000,0.000000,1.000000,0.000000,-0.000000
SJeY-1BKDS,2020,nan,unknown,0.000000,0.000000,1.000000,0.000000,-0.000000
SJeQEp4YDH,2020,nan,low,0.000000,0.999948,0.000052,0.999948,-0.999948
SJeQi1HKDH,2020,nan,unknown,0.000000,0.000000,1.000000,0.000000,-0.000000
SJeqs6EFvB,2020,nan,unknown,0.000000,0.000000,1.000000,0.000000,-0.000000
SJeUm1HtDH,2020,nan,unknown,0.000000,0.000000,1.000000,0.000000,-0.000000
SJeItTEKvr,2020,nan,unknown,0.000000,0.000000,1.000000,0.000000,-0.000000
SJeLIgBKPS,2020,nan,high,1.000000,0.000000,0.000000,1.000000,1.000000
SJeHwJSYvH,2020,nan,unknown,0.000000,0.000000,1.000000,0.000000,-0.000000
SJe-HkBKDS,2020,nan,low,0.000000,1.000000,0.000000,1.000000,-1.000000
SJeNz04tDS,2020,nan,unknown,0.000000,0.000000,1.000000,0.000000,-0.000000
S1xxx64YwH,2020,nan,unknown,0.000000,0.000000,1.000000,0.000000,-0.000000
SJe3KCNKPr,2020,nan,unknown,0.000000,0.000000,1.000000,0.000000,-0.000000
SJeC2TNYwB,2020,nan,unknown,0.000000,0.000000,1.000000,0.000000,-0.000000
SJeLO34KwS,2020,nan,unknown,0.000000,0.000001,0.999999,0.000001,-0.000001
SJe9qT4YPr,2020,nan,low,0.000000,1.000000,0.000000,1.000000,-1.000000
SJeF_h4FwB,2020,nan,unknown,0.000000,0.000000,1.000000,0.000000,-0.000000
S1xjJpNYvB,2020,nan,unknown,0.000000,0.000000,1.000000,0.000000,-0.000000
SJefGpEtDB,2020,nan,unknown,0.000000,0.000000,1.000000,0.000000,-0.000000
S1xitgHtvS,2020,nan,low,0.000000,1.000000,0.000000,1.000000,-1.000000
S1xnXRVFwH,2020,nan,unknown,0.000000,0.000000,1.000000,0.000000,-0.000000
SJeFNlHtPS,2020,nan,unknown,0.000000,0.000000,1.000000,0.000000,-0.000000
S1xRnxSYwS,2020,nan,low,0.000000,1.000000,0.000000,1.000000,-1.000000
S1xWh1rYwB,2020,nan,unknown,0.000000,0.000000,1.000000,0.000000,-0.000000
S1xSzyrYDB,2020,nan,unknown,0.000000,0.000000,1.000000,0.000000,-0.000000
S1xipR4FPB,2020,nan,unknown,0.000000,0.000000,1.000000,0.000000,-0.000000
S1xqRTNtDr,2020,nan,unknown,0.000000,0.000000,1.000000,0.000000,-0.000000
S1xO4xHFvB,2020,nan,unknown,0.000000,0.000000,1.000000,0.000000,-0.000000
S1xJikHtDH,2020,nan,unknown,0.000000,0.000000,1.000000,0.000000,-0.000000
S1xXiREKDB,2020,nan,low,0.000000,0.999999,0.000001,0.999999,-0.999999
S1xsG0VYvB,2020,nan,unknown,0.000000,0.000000,1.000000,0.000000,-0.000000
S1xJ4JHFvS,2020,nan,unknown,0.000000,0.000000,1.000000,0.000000,-0.000000
SJeD3CEFPH,2020,nan,unknown,0.000000,0.000000,1.000000,0.000000,-0.000000
S1xKYJSYwS,2020,nan,unknown,0.000000,0.000000,1.000000,0.000000,-0.000000
S1xI_TEtwS,2020,nan,low,0.000000,0.999997,0.000004,0.999997,-0.999997
S1xFl64tDr,2020,nan,unknown,0.000000,0.000000,1.000000,0.000000,-0.000000
S1xKd24twB,2020,nan,low,0.000000,1.000000,0.000000,1.000000,-1.000000
SJeQdeBtwB,2020,nan,low,0.000000,1.000000,0.000000,1.000000,-1.000000
S1xJFREKvB,2020,nan,unknown,0.000000,0.000000,1.000000,0.000000,-0.000000
S1xHfxHtPr,2020,nan,unknown,0.000000,0.000000,1.000000,0.000000,-0.000000
S1xRxgSFvH,2020,nan,low,0.000000,1.000000,0.000000,1.000000,-1.000000
S1xCcpNYPr,2020,nan,unknown,0.000000,0.000000,1.000000,0.000000,-0.000000
S1xGCAVKvr,2020,nan,unknown,0.000000,0.000000,1.000000,0.000000,-0.000000
S1xtORNFwH,2020,nan,low,0.000000,1.000000,0.000000,1.000000,-1.000000
S1xCuTNYDr,2020,nan,unknown,0.000000,0.000000,1.000000,0.000000,-0.000000
S1x6TlBtwB,2020,nan,unknown,0.000000,0.000000,1.000000,0.000000,-0.000000
S1xaf6VFPB,2020,nan,unknown,0.000000,0.000000,1.000000,0.000000,-0.000000
S1x63TEYvr,2020,nan,unknown,0.000000,0.000000,1.000000,0.000000,-0.000000
S1xLuRVFvr,2020,nan,low,0.000000,0.999992,0.000008,0.999992,-0.999992
S1lyyANYwr,2020,nan,unknown,0.000000,0.000000,1.000000,0.000000,-0.000000
S1xCPJHtDB,2020,nan,unknown,0.000000,0.000000,1.000000,0.000000,-0.000000
S1lukyrKPr,2020,nan,unknown,0.000000,0.000000,1.000000,0.000000,-0.000000
S1x0CnEtvB,2020,nan,unknown,0.000000,0.000001,0.999999,0.000001,-0.000001
S1lxKlSKPH,2020,nan,low,0.000000,1.000000,0.000000,1.000000,-1.000000
S1lOTC4tDS,2020,nan,high,1.000000,0.000000,0.000000,1.000000,1.000000
S1x2PCNKDB,2020,nan,unknown,0.000000,0.000000,1.000000,0.000000,-0.000000
S1x1IkHtPr,2020,nan,unknown,0.000000,0.000000,1.000000,0.000000,-0.000000
S1lXnhVKPr,2020,nan,unknown,0.000000,0.000000,1.000000,0.000000,-0.000000
S1ly10EKDS,2020,nan,low,0.000000,0.999620,0.000380,0.999620,-0.999620
S1lvn0NtwH,2020,nan,unknown,0.000000,0.000000,1.000000,0.000000,-0.000000
S1l_ZlrFvS,2020,nan,unknown,0.000000,0.000000,1.000000,0.000000,-0.000000
S1lk61BtvB,2020,nan,unknown,0.000000,0.000000,1.000000,0.000000,-0.000000
S1x522NFvS,2020,nan,unknown,0.000000,0.000000,1.000000,0.000000,-0.000000
S1lSapVtwS,2020,nan,unknown,0.000000,0.000000,1.000000,0.000000,-0.000000
S1lRg0VKDr,2020,nan,unknown,0.000000,0.000000,1.000000,0.000000,-0.000000
S1lVhxSYPH,2020,nan,unknown,0.000000,0.000000,1.000000,0.000000,-0.000000
S1lslCEYPB,2020,nan,unknown,0.000000,0.000000,1.000000,0.000000,-0.000000
S1ly2grtvB,2020,nan,unknown,0.000000,0.000000,1.000000,0.000000,-0.000000
S1ltg1rFDS,2020,nan,unknown,0.000000,0.000000,1.000000,0.000000,-0.000000
S1lDkaEFwS,2020,nan,unknown,0.000000,0.000000,1.000000,0.000000,-0.000000
S1lBVgHYvr,2020,nan,unknown,0.000000,0.000000,1.000000,0.000000,-0.000000
S1ldO2EFPr,2020,nan,unknown,0.000000,0.000000,1.000000,0.000000,-0.000000
S1l66nNFvB,2020,nan,unknown,0.000000,0.000000,1.000000,0.000000,-0.000000
S1lF8xHYwS,2020,nan,unknown,0.000000,0.000000,1.000000,0.000000,-0.000000
S1lEX04tPr,2020,nan,unknown,0.000000,0.000000,1.000000,0.000000,-0.000000
S1lACa4YDS,2020,nan,unknown,0.000000,0.000000,1.000000,0.000000,-0.000000
S1gtclSFvr,2020,nan,unknown,0.000000,0.000000,1.000000,0.000000,-0.000000
S1l-C0NtwS,2020,nan,unknown,0.000000,0.000000,1.000000,0.000000,-0.000000
S1gmrxHFvB,2020,nan,high,1.000000,0.000000,0.000000,1.000000,1.000000
S1lAOhEKPS,2020,nan,unknown,0.000000,0.000000,1.000000,0.000000,-0.000000
S1lBTerYwH,2020,nan,unknown,0.000000,0.000000,1.000000,0.000000,-0.000000
S1lJv0VYDr,2020,nan,unknown,0.000000,0.000000,1.000000,0.000000,-0.000000
S1gqraNKwB,2020,nan,unknown,0.000000,0.000000,1.000000,0.000000,-0.000000
S1gyl6Vtvr,2020,nan,low,0.000000,1.000000,0.000000,1.000000,-1.000000
S1gfu3EtDr,2020,nan,low,0.000000,1.000000,0.000000,1.000000,-1.000000
S1lHfxBFDH,2020,nan,unknown,0.000000,0.000000,1.000000,0.000000,-0.000000
S1gwC1StwS,2020,nan,low,0.000000,0.999977,0.000023,0.999977,-0.999977
S1gvg0NYvH,2020,nan,unknown,0.000000,0.000000,1.000000,0.000000,-0.000000
S1g_t1StDB,2020,nan,unknown,0.000000,0.000000,1.000000,0.000000,-0.000000
S1l6ITVKPS,2020,nan,low,0.000000,0.999930,0.000070,0.999930,-0.999930
S1l8oANFDH,2020,nan,unknown,0.000000,0.000000,1.000000,0.000000,-0.000000
S1gnxaVFDB,2020,nan,unknown,0.000000,0.000000,1.000000,0.000000,-0.000000
S1gNc3NtvB,2020,nan,unknown,0.000000,0.000000,1.000000,0.000000,-0.000000
S1gmvyHFDS,2020,nan,unknown,0.000000,0.000000,1.000000,0.000000,-0.000000
S1g_S0VYvr,2020,nan,unknown,0.000000,0.000000,1.000000,0.000000,-0.000000
S1gV6AVKwB,2020,nan,unknown,0.000000,0.000000,1.000000,0.000000,-0.000000
S1gR2ANFvB,2020,nan,unknown,0.000000,0.000000,1.000000,0.000000,-0.000000
S1g8K1BFwS,2020,nan,unknown,0.000000,0.000000,1.000000,0.000000,-0.000000
S1gLBgBtDH,2020,nan,low,0.000000,1.000000,0.000000,1.000000,-1.000000
S1glGANtDr,2020,nan,unknown,0.000000,0.000000,1.000000,0.000000,-0.000000
S1ghzlHFPS,2020,nan,unknown,0.000000,0.000000,1.000000,0.000000,-0.000000
S1gEIerYwH,2020,nan,unknown,0.000000,0.000000,1.000000,0.000000,-0.000000
S1gSj0NKvB,2020,nan,unknown,0.000000,0.000000,1.000000,0.000000,-0.000000
S1gTwJSKvr,2020,nan,unknown,0.000000,0.000000,1.000000,0.000000,-0.000000
S1et8gBKwH,2020,nan,unknown,0.000000,0.000000,1.000000,0.000000,-0.000000
S1gKkpNKwH,2020,nan,unknown,0.000000,0.000000,1.000000,0.000000,-0.000000
S1gXiaEYvr,2020,nan,unknown,0.000000,0.000000,1.000000,0.000000,-0.000000
S1gFvANKDS,2020,nan,unknown,0.000000,0.000000,1.000000,0.000000,-0.000000
S1g7tpEYDS,2020,nan,unknown,0.000000,0.000000,1.000000,0.000000,-0.000000
S1gTAp4FDB,2020,nan,unknown,0.000000,0.000000,1.000000,0.000000,-0.000000
S1exA2NtDB,2020,nan,low,0.000000,1.000000,0.000000,1.000000,-1.000000
S1evHerYPr,2020,nan,unknown,0.000000,0.000000,1.000000,0.000000,-0.000000
S1gEFkrtvH,2020,nan,low,0.000000,0.993306,0.006694,0.993306,-0.993306
S1g2skStPB,2020,nan,unknown,0.000000,0.000000,1.000000,0.000000,-0.000000
S1gKA6NtPS,2020,nan,low,0.000000,0.999999,0.000001,0.999999,-0.999999
S1eq9yrYvH,2020,nan,unknown,0.000000,0.000000,1.000000,0.000000,-0.000000
S1g490VKvB,2020,nan,unknown,0.000000,0.000000,1.000000,0.000000,-0.000000
S1gN8yrYwB,2020,nan,unknown,0.000000,0.000000,1.000000,0.000000,-0.000000
S1ewjhEFwr,2020,nan,unknown,0.000000,0.000000,1.000000,0.000000,-0.000000
S1ef6JBtPr,2020,nan,unknown,0.000000,0.000000,1.000000,0.000000,-0.000000
S1eik6EtPB,2020,nan,unknown,0.000000,0.000000,1.000000,0.000000,-0.000000
S1efxTVYDr,2020,nan,unknown,0.000000,0.000000,1.000000,0.000000,-0.000000
S1esMkHYPr,2020,nan,low,0.000000,1.000000,0.000000,1.000000,-1.000000
S1emOTNKvS,2020,nan,unknown,0.000000,0.000000,1.000000,0.000000,-0.000000
S1g6xeSKDS,2020,nan,unknown,0.000000,0.000000,1.000000,0.000000,-0.000000
S1ervgHFwS,2020,nan,unknown,0.000000,0.000000,1.000000,0.000000,-0.000000
S1el9TEKPB,2020,nan,unknown,0.000000,0.000000,1.000000,0.000000,-0.000000
S1eqj1SKvr,2020,nan,unknown,0.000000,0.000000,1.000000,0.000000,-0.000000
S1ekaT4tDB,2020,nan,unknown,0.000000,0.000001,0.999999,0.000001,-0.000001
S1ecYANtPr,2020,nan,unknown,0.000000,0.000000,1.000000,0.000000,-0.000000
S1enmaVFvS,2020,nan,unknown,0.000000,0.000000,1.000000,0.000000,-0.000000
S1eZYeHFDS,2020,nan,high,1.000000,0.000000,0.000000,1.000000,1.000000
S1efAp4YvB,2020,nan,unknown,0.000000,0.000000,1.000000,0.000000,-0.000000
S1eYchEtwH,2020,nan,unknown,0.000000,0.000000,1.000000,0.000000,-0.000000
S1ejj64YvS,2020,nan,unknown,0.000000,0.000000,1.000000,0.000000,-0.000000
S1eL4kBYwr,2020,nan,high,1.000000,0.000000,0.000000,1.000000,1.000000
S1eZOeBKDS,2020,nan,unknown,0.000000,0.000000,1.000000,0.000000,-0.000000
S1eRya4KDB,2020,nan,unknown,0.000000,0.000000,1.000000,0.000000,-0.000000
S1eSoeSYwr,2020,nan,high,1.000000,0.000000,0.000000,1.000000,1.000000
S1e_9xrFvS,2020,nan,unknown,0.000000,0.000000,1.000000,0.000000,-0.000000
S1eWbkSFPS,2020,nan,unknown,0.000000,0.000000,1.000000,0.000000,-0.000000
S1e__ANKvB,2020,nan,low,0.000000,1.000000,0.000000,1.000000,-1.000000
S1eIw0NFvr,2020,nan,low,0.000000,1.000000,0.000000,1.000000,-1.000000
S1e4Q6EtDH,2020,nan,unknown,0.000000,0.000000,1.000000,0.000000,-0.000000
S1erpeBFPB,2020,nan,low,0.000000,1.000000,0.000000,1.000000,-1.000000
S1elRa4twS,2020,nan,unknown,0.000000,0.000000,1.000000,0.000000,-0.000000
S1e4jkSKvB,2020,nan,unknown,0.000000,0.000000,1.000000,0.000000,-0.000000
S1et1lrtwr,2020,nan,unknown,0.000000,0.000000,1.000000,0.000000,-0.000000
S1eALyrYDH,2020,nan,unknown,0.000000,0.000000,1.000000,0.000000,-0.000000
S1e3g1rtwB,2020,nan,unknown,0.000000,0.000000,1.000000,0.000000,-0.000000
S1eRbANtDB,2020,nan,unknown,0.000000,0.000000,1.000000,0.000000,-0.000000
S1e5YC4KPS,2020,nan,unknown,0.000000,0.000000,1.000000,0.000000,-0.000000
HyxyIgHFvr,2020,nan,unknown,0.000000,0.000000,1.000000,0.000000,-0.000000
HyxnMyBKwB,2020,nan,unknown,0.000000,0.000000,1.000000,0.000000,-0.000000
Hyxfs1SYwH,2020,nan,unknown,0.000000,0.000000,1.000000,0.000000,-0.000000
S1e1EAEFPB,2020,nan,unknown,0.000000,0.000000,1.000000,0.000000,-0.000000
S1e0ZlHYDB,2020,nan,unknown,0.000000,0.000000,1.000000,0.000000,-0.000000
HyxjOyrKvr,2020,nan,unknown,0.000000,0.000000,1.000000,0.000000,-0.000000
HyxoX6EKvB,2020,nan,unknown,0.000000,0.000000,1.000000,0.000000,-0.000000
HyxjNyrtPr,2020,nan,unknown,0.000000,0.000004,0.999996,0.000004,-0.000004
S1e2agrFvS,2020,nan,unknown,0.000000,0.000000,1.000000,0.000000,-0.000000
HyxwZRNtDr,2020,nan,low,0.000000,0.999993,0.000007,0.999993,-0.999993
HyxgoyHtDB,2020,nan,unknown,0.000000,0.000000,1.000000,0.000000,-0.000000
S1e-0kBYPB,2020,nan,unknown,0.000000,0.000000,1.000000,0.000000,-0.000000
S1eYKlrYvr,2020,nan,low,0.000000,1.000000,0.000000,1.000000,-1.000000
HyxQbaEYPr,2020,nan,unknown,0.000000,0.000000,1.000000,0.000000,-0.000000
S1eQuCVFvB,2020,nan,unknown,0.000000,0.000000,1.000000,0.000000,-0.000000
HyxTJxrtvr,2020,nan,unknown,0.000000,0.000000,1.000000,0.000000,-0.000000
HyxhqhVKPB,2020,nan,low,0.000000,0.999999,0.000001,0.999999,-0.999999
HyxPIyrFvH,2020,nan,high,1.000000,0.000000,0.000000,1.000000,1.000000
HyxnnnVtwB,2020,nan,unknown,0.000000,0.000000,1.000000,0.000000,-0.000000
HyxJ1xBYDH,2020,nan,unknown,0.000000,0.000000,1.000000,0.000000,-0.000000
HyxQ3gSKvr,2020,nan,unknown,0.000000,0.000000,1.000000,0.000000,-0.000000
HyxLRTVKPH,2020,nan,unknown,0.000000,0.000000,1.000000,0.000000,-0.000000
HyxFF34FPr,2020,nan,low,0.000000,1.000000,0.000000,1.000000,-1.000000
HylznxrYDr,2020,nan,high,1.000000,0.000000,0.000000,1.000000,1.000000
HylxE1HKwS,2020,nan,high,1.000000,0.000000,0.000000,1.000000,1.000000
HyxWteSFwS,2020,nan,unknown,0.000000,0.000000,1.000000,0.000000,-0.000000
HyxehhNtvS,2020,nan,unknown,0.000000,0.000000,1.000000,0.000000,-0.000000
HyxnH64KwS,2020,nan,unknown,0.000000,0.000001,0.999999,0.000001,-0.000001
Hyx-jyBFPr,2020,nan,unknown,0.000000,0.000000,1.000000,0.000000,-0.000000
Hyx_h64Yvr,2020,nan,low,0.000000,0.999996,0.000004,0.999996,-0.999996
HyxY6JHKwr,2020,nan,low,0.000000,1.000000,0.000000,1.000000,-1.000000
HyxG3p4twS,2020,nan,unknown,0.000000,0.000000,1.000000,0.000000,-0.000000
HylwpREtDr,2020,nan,unknown,0.000000,0.000000,1.000000,0.000000,-0.000000
HylthC4twr,2020,nan,unknown,0.000000,0.000001,0.999999,0.000001,-0.000001
Hyx0slrFvH,2020,nan,unknown,0.000000,0.000000,1.000000,0.000000,-0.000000
HylvleBtPB,2020,nan,unknown,0.000000,0.000000,1.000000,0.000000,-0.000000
HyxJhCEFDS,2020,nan,unknown,0.000000,0.000000,1.000000,0.000000,-0.000000
HyxCRCEKwB,2020,nan,unknown,0.000000,0.000000,1.000000,0.000000,-0.000000
HylrB04YwH,2020,nan,unknown,0.000000,0.000000,1.000000,0.000000,-0.000000
HylfPgHYvr,2020,nan,unknown,0.000000,0.000000,1.000000,0.000000,-0.000000
HylpqA4FwS,2020,nan,unknown,0.000000,0.000000,1.000000,0.000000,-0.000000
HyljzgHtwS,2020,nan,unknown,0.000000,0.000000,1.000000,0.000000,-0.000000
HylloR4YDr,2020,nan,unknown,0.000000,0.000000,1.000000,0.000000,-0.000000
HyloPnEKPr,2020,nan,unknown,0.000000,0.000000,1.000000,0.000000,-0.000000
HylsTT4FvB,2020,nan,unknown,0.000000,0.000000,1.000000,0.000000,-0.000000
HylcapVtvB,2020,nan,unknown,0.000000,0.000000,1.000000,0.000000,-0.000000
HyleclHKvS,2020,nan,unknown,0.000000,0.000000,1.000000,0.000000,-0.000000
HylLq2EKwS,2020,nan,unknown,0.000000,0.000000,1.000000,0.000000,-0.000000
HylAoJSKvH,2020,nan,unknown,0.000000,0.000000,1.000000,0.000000,-0.000000
Hyl9xxHYPr,2020,nan,unknown,0.000000,0.000000,1.000000,0.000000,-0.000000
HylKvyHYwS,2020,nan,unknown,0.000000,0.000000,1.000000,0.000000,-0.000000
HylNWkHtvB,2020,nan,unknown,0.000000,0.000000,1.000000,0.000000,-0.000000
HylZIT4Yvr,2020,nan,unknown,0.000000,0.000001,0.999999,0.000001,-0.000001
HylWahVtwB,2020,nan,unknown,0.000000,0.000000,1.000000,0.000000,-0.000000
Hyl9ahVFwH,2020,nan,unknown,0.000000,0.000000,1.000000,0.000000,-0.000000
HylhuTEtwr,2020,nan,low,0.000000,0.999993,0.000007,0.999993,-0.999993
Hygv3xrtDr,2020,nan,unknown,0.000000,0.000000,1.000000,0.000000,-0.000000
HygtiTEYvS,2020,nan,unknown,0.000000,0.000000,1.000000,0.000000,-0.000000
Hyl8yANFDB,2020,nan,unknown,0.000000,0.000000,1.000000,0.000000,-0.000000
HygwvC4tPH,2020,nan,unknown,0.000000,0.000000,1.000000,0.000000,-0.000000
HylA41Btwr,2020,nan,low,0.000000,1.000000,0.000000,1.000000,-1.000000
HyljY04YDB,2020,nan,unknown,0.000000,0.000000,1.000000,0.000000,-0.000000
Hyl7ygStwB,2020,nan,unknown,0.000000,0.000000,1.000000,0.000000,-0.000000
HygqFlBtPS,2020,nan,high,1.000000,0.000000,0.000000,1.000000,1.000000
HyxgBerKwB,2020,nan,unknown,0.000000,0.000000,1.000000,0.000000,-0.000000
Hygy01StvH,2020,nan,unknown,0.000000,0.000000,1.000000,0.000000,-0.000000
Hyx5qhEYvH,2020,nan,unknown,0.000000,0.000000,1.000000,0.000000,-0.000000
Hygi7xStvS,2020,nan,low,0.000000,1.000000,0.000000,1.000000,-1.000000
HygsuaNFwr,2020,nan,unknown,0.000000,0.000001,0.999999,0.000001,-0.000001
HygcdeBFvr,2020,nan,unknown,0.000000,0.000000,1.000000,0.000000,-0.000000
HygiDTVKPr,2020,nan,unknown,0.000000,0.000000,1.000000,0.000000,-0.000000
HygXkJHtvB,2020,nan,unknown,0.000000,0.000000,1.000000,0.000000,-0.000000
Hygq3JrtwS,2020,nan,unknown,0.000000,0.000000,1.000000,0.000000,-0.000000
HygbQaNYwr,2020,nan,unknown,0.000000,0.000000,1.000000,0.000000,-0.000000
HygYmJBKwH,2020,nan,low,0.000000,1.000000,0.000000,1.000000,-1.000000
HygrdpVKvr,2020,nan,high,1.000000,0.000000,0.000000,1.000000,1.000000
HygrAR4tPS,2020,nan,low,0.000000,0.999976,0.000024,0.999976,-0.999976
HygDF6NFPB,2020,nan,high,1.000000,0.000000,0.000000,1.000000,1.000000
HygaikBKvS,2020,nan,unknown,0.000000,0.000000,1.000000,0.000000,-0.000000
HygN634KvH,2020,nan,unknown,0.000000,0.000000,1.000000,0.000000,-0.000000
HygW26VYwS,2020,nan,unknown,0.000000,0.000000,1.000000,0.000000,-0.000000
HygkpxStvr,2020,nan,low,0.000000,0.999703,0.000297,0.999703,-0.999703
Hygab1rKDS,2020,nan,unknown,0.000000,0.000000,1.000000,0.000000,-0.000000
HygSq3VFvH,2020,nan,unknown,0.000000,0.000000,1.000000,0.000000,-0.000000
HygOjhEYDH,2020,nan,unknown,0.000000,0.000000,1.000000,0.000000,-0.000000
HygS91rYvH,2020,nan,unknown,0.000000,0.000000,1.000000,0.000000,-0.000000
HygHtpVtPH,2020,nan,unknown,0.000000,0.000000,1.000000,0.000000,-0.000000
HygPjlrYvB,2020,nan,unknown,0.000000,0.000000,1.000000,0.000000,-0.000000
HyezmlBKwr,2020,nan,high,1.000000,0.000000,0.000000,1.000000,1.000000
Hyg53gSYPB,2020,nan,unknown,0.000000,0.000000,1.000000,0.000000,-0.000000
HygTUxHKwH,2020,nan,unknown,0.000000,0.000000,1.000000,0.000000,-0.000000
HygegyrYwH,2020,nan,unknown,0.000000,0.000000,1.000000,0.000000,-0.000000
Hyg9anEFPS,2020,nan,unknown,0.000000,0.000000,1.000000,0.000000,-0.000000
HygFxxrFvB,2020,nan,unknown,0.000000,0.000000,1.000000,0.000000,-0.000000
Hyg5TRNtDH,2020,nan,low,0.000000,0.999999,0.000001,0.999999,-0.999999
Hyez1CVYvr,2020,nan,unknown,0.000000,0.000000,1.000000,0.000000,-0.000000
HygDF1rYDB,2020,nan,unknown,0.000000,0.000000,1.000000,0.000000,-0.000000
HygHbTVYPB,2020,nan,unknown,0.000000,0.000000,1.000000,0.000000,-0.000000
HygQ7TNtPr,2020,nan,unknown,0.000000,0.000000,1.000000,0.000000,-0.000000
Hyg96gBKPS,2020,nan,low,0.000000,1.000000,0.000000,1.000000,-1.000000
HygnDhEtvr,2020,nan,unknown,0.000000,0.000000,1.000000,0.000000,-0.000000
Hyg4kkHKwH,2020,nan,low,0.000000,0.999981,0.000019,0.999981,-0.999981
HygpthEtvr,2020,nan,low,0.000000,0.999997,0.000003,0.999997,-0.999997
HyewT1BKvr,2020,nan,low,0.000000,0.999960,0.000040,0.999960,-0.999960
HyezBa4tPB,2020,nan,unknown,0.000000,0.000000,1.000000,0.000000,-0.000000
HyebplHYwB,2020,nan,unknown,0.000000,0.000000,1.000000,0.000000,-0.000000
HyeX7aVKvr,2020,nan,unknown,0.000000,0.000000,1.000000,0.000000,-0.000000
HyeYTgrFPB,2020,nan,unknown,0.000000,0.000001,0.999999,0.000001,-0.000001
HyeqPJHYvH,2020,nan,unknown,0.000000,0.000000,1.000000,0.000000,-0.000000
Hyepjh4FwB,2020,nan,unknown,0.000000,0.000000,1.000000,0.000000,-0.000000
Hyg-JC4FDr,2020,nan,unknown,0.000000,0.000000,1.000000,0.000000,-0.000000
HyenUkrtDB,2020,nan,unknown,0.000000,0.000000,1.000000,0.000000,-0.000000
HyeaSkrYPH,2020,nan,low,0.000000,1.000000,0.000000,1.000000,-1.000000
HyeG9yHKPr,2020,nan,unknown,0.000000,0.000000,1.000000,0.000000,-0.000000
Hye_V0NKwr,2020,nan,unknown,0.000000,0.000000,1.000000,0.000000,-0.000000
HyePberFvH,2020,nan,unknown,0.000000,0.000000,1.000000,0.000000,-0.000000
HyeJf1HKvS,2020,nan,unknown,0.000000,0.000000,1.000000,0.000000,-0.000000
HyetFnEFDS,2020,nan,unknown,0.000000,0.000000,1.000000,0.000000,-0.000000
HyevIJStwH,2020,nan,unknown,0.000000,0.000000,1.000000,0.000000,-0.000000
HyeKcgHFvS,2020,nan,unknown,0.000000,0.000000,1.000000,0.000000,-0.000000
HyerxgHYvH,2020,nan,unknown,0.000000,0.000000,1.000000,0.000000,-0.000000
Hyes70EYDB,2020,nan,low,0.000000,0.999999,0.000001,0.999999,-0.999999
HyeSin4FPB,2020,nan,unknown,0.000000,0.000000,1.000000,0.000000,-0.000000
HyeuP2EtDB,2020,nan,unknown,0.000000,0.000000,1.000000,0.000000,-0.000000
Hye1kTVFDS,2020,nan,unknown,0.000000,0.000000,1.000000,0.000000,-0.000000
Hye4WaVYwr,2020,nan,unknown,0.000000,0.000000,1.000000,0.000000,-0.000000
HyeCnkHtwH,2020,nan,unknown,0.000000,0.000000,1.000000,0.000000,-0.000000
HyeAPeBFwS,2020,nan,unknown,0.000000,0.000000,1.000000,0.000000,-0.000000
Hye5TaVtDH,2020,nan,unknown,0.000000,0.000000,1.000000,0.000000,-0.000000
Hye4KeSYDr,2020,nan,unknown,0.000000,0.000000,1.000000,0.000000,-0.000000
Hkxzx0NtDB,2020,nan,high,1.000000,0.000000,0.000000,1.000000,1.000000
Hye1RJHKwB,2020,nan,unknown,0.000000,0.000001,0.999999,0.000001,-0.000001
HyeYJ1SKDH,2020,nan,unknown,0.000000,0.000001,0.999999,0.000001,-0.000001
Hye190VKvH,2020,nan,unknown,0.000000,0.000000,1.000000,0.000000,-0.000000
HyeG9lHYwH,2020,nan,unknown,0.000000,0.000000,1.000000,0.000000,-0.000000
HyeEIyBtvr,2020,nan,low,0.000000,0.999915,0.000085,0.999915,-0.999915
Hye-p0VFPB,2020,nan,unknown,0.000000,0.000000,1.000000,0.000000,-0.000000
HkxlcnVFwB,2020,nan,high,1.000000,0.000000,0.000000,1.000000,1.000000
HkxwmRVtwH,2020,nan,unknown,0.000000,0.000000,1.000000,0.000000,-0.000000
HyeJmlrFvH,2020,nan,unknown,0.000000,0.000000,1.000000,0.000000,-0.000000
Hye00pVtPS,2020,nan,unknown,0.000000,0.000000,1.000000,0.000000,-0.000000
Hkxi2gHYvH,2020,nan,unknown,0.000000,0.000000,1.000000,0.000000,-0.000000
HkxedlrFwB,2020,nan,unknown,0.000000,0.000000,1.000000,0.000000,-0.000000
Hye87grYDH,2020,nan,unknown,0.000000,0.000000,1.000000,0.000000,-0.000000
HkxYzANYDB,2020,nan,high,1.000000,0.000000,0.000000,1.000000,1.000000
HkxU2pNYPH,2020,nan,low,0.000000,1.000000,0.000000,1.000000,-1.000000
HkxzNpNtDS,2020,nan,unknown,0.000000,0.000000,1.000000,0.000000,-0.000000
HkxdQkSYDB,2020,nan,unknown,0.000000,0.000000,1.000000,0.000000,-0.000000
Hkxvl0EtDH,2020,nan,unknown,0.000000,0.000000,1.000000,0.000000,-0.000000
HkxSOAEFDB,2020,nan,low,0.000000,1.000000,0.000000,1.000000,-1.000000
HkxZVlHYvH,2020,nan,unknown,0.000000,0.000000,1.000000,0.000000,-0.000000
HkxcUxrFPS,2020,nan,unknown,0.000000,0.000000,1.000000,0.000000,-0.000000
Hkxp3JHtPr,2020,nan,unknown,0.000000,0.000000,1.000000,0.000000,-0.000000
HkxeThNFPH,2020,nan,unknown,0.000000,0.000000,1.000000,0.000000,-0.000000
HkxnclHKDr,2020,nan,unknown,0.000000,0.000000,1.000000,0.000000,-0.000000
HkxWXkStDB,2020,nan,unknown,0.000000,0.000000,1.000000,0.000000,-0.000000
HkxIIaVKPB,2020,nan,unknown,0.000000,0.000000,1.000000,0.000000,-0.000000
HkxjqxBYDB,2020,nan,unknown,0.000000,0.000000,1.000000,0.000000,-0.000000
Hkxbz1HKvr,2020,nan,unknown,0.000000,0.000000,1.000000,0.000000,-0.000000
HkxTwkrKDB,2020,nan,unknown,0.000000,0.000000,1.000000,0.000000,-0.000000
HkxJHlrFvr,2020,nan,unknown,0.000000,0.000000,1.000000,0.000000,-0.000000
HkxBJT4YvB,2020,nan,unknown,0.000000,0.000000,1.000000,0.000000,-0.000000
HkxARkrFwB,2020,nan,unknown,0.000000,0.000000,1.000000,0.000000,-0.000000
HkxCcJHtPr,2020,nan,low,0.000000,0.999997,0.000003,0.999997,-0.999997
HkxJpnVtPr,2020,nan,unknown,0.000000,0.000000,1.000000,0.000000,-0.000000
HkxCzeHFDB,2020,nan,low,0.000000,0.999997,0.000003,0.999997,-0.999997
HkxQzlHFPr,2020,nan,unknown,0.000000,0.000000,1.000000,0.000000,-0.000000
HkxAS6VFDB,2020,nan,unknown,0.000000,0.000000,1.000000,0.000000,-0.000000
HklvmlrKPB,2020,nan,unknown,0.000000,0.000000,1.000000,0.000000,-0.000000
Hkx1qkrKPr,2020,nan,high,1.000000,0.000000,0.000000,1.000000,1.000000
Hkx7_1rKwS,2020,nan,low,0.000000,1.000000,0.000000,1.000000,-1.000000
Hkx6hANtwH,2020,nan,unknown,0.000000,0.000000,1.000000,0.000000,-0.000000
HklsHyBKDr,2020,nan,unknown,0.000000,0.000000,1.000000,0.000000,-0.000000
Hkx6p6EFDr,2020,nan,unknown,0.000000,0.000000,1.000000,0.000000,-0.000000
HklkeR4KPB,2020,nan,high,1.000000,0.000000,0.000000,1.000000,1.000000
HklsthVYDH,2020,nan,unknown,0.000000,0.000000,1.000000,0.000000,-0.000000
HklliySFDS,2020,nan,unknown,0.000000,0.000000,1.000000,0.000000,-0.000000
HkxDheHFDr,2020,nan,low,0.000000,0.999989,0.000011,0.999989,-0.999989
Hklr204Fvr,2020,nan,unknown,0.000000,0.000000,1.000000,0.000000,-0.000000
Hkx7xRVYDr,2020,nan,unknown,0.000000,0.000000,1.000000,0.000000,-0.000000
HkliveStvH,2020,nan,unknown,0.000000,0.000000,1.000000,0.000000,-0.000000
HklvMJSYPB,2020,nan,unknown,0.000000,0.000000,1.000000,0.000000,-0.000000
Hklso24Kwr,2020,nan,unknown,0.000000,0.000000,1.000000,0.000000,-0.000000
Hklo5RNtwS,2020,nan,unknown,0.000000,0.000000,1.000000,0.000000,-0.000000
Hklz71rYvS,2020,nan,unknown,0.000000,0.000000,1.000000,0.000000,-0.000000
HkldyTNYwH,2020,nan,low,0.000000,1.000000,0.000000,1.000000,-1.000000
HkxZigSYwS,2020,nan,unknown,0.000000,0.000000,1.000000,0.000000,-0.000000
HklxbgBKvr,2020,nan,unknown,0.000000,0.000000,1.000000,0.000000,-0.000000
HklQYxBKwS,2020,nan,unknown,0.000000,0.000000,1.000000,0.000000,-0.000000
Hkx3ElHYwS,2020,nan,low,0.000000,0.999999,0.000000,0.999999,-0.999999
HklFUlBKPB,2020,nan,unknown,0.000000,0.000000,1.000000,0.000000,-0.000000
HklRwaEKwB,2020,nan,unknown,0.000000,0.000000,1.000000,0.000000,-0.000000
Hkla1eHFvS,2020,nan,unknown,0.000000,0.000000,1.000000,0.000000,-0.000000
HklZUpEtvr,2020,nan,unknown,0.000000,0.000000,1.000000,0.000000,-0.000000
HklPzxHFwB,2020,nan,unknown,0.000000,0.000000,1.000000,0.000000,-0.000000
HklWsREKwr,2020,nan,unknown,0.000000,0.000001,0.999999,0.000001,-0.000001
HklmoRVYvr,2020,nan,unknown,0.000000,0.000000,1.000000,0.000000,-0.000000
Hkl_bCVKDr,2020,nan,unknown,0.000000,0.000000,1.000000,0.000000,-0.000000
Hklcm0VYDS,2020,nan,unknown,0.000000,0.000000,1.000000,0.000000,-0.000000
HklRKpEKDr,2020,nan,unknown,0.000000,0.000000,1.000000,0.000000,-0.000000
Hkls_yBKDB,2020,nan,unknown,0.000000,0.000000,1.000000,0.000000,-0.000000
Hkl_sAVtwr,2020,nan,unknown,0.000000,0.000000,1.000000,0.000000,-0.000000
HklJdaNYPH,2020,nan,low,0.000000,0.999998,0.000002,0.999998,-0.999998
HklUCCVKDB,2020,nan,unknown,0.000000,0.000000,1.000000,0.000000,-0.000000
HklCmaVtPS,2020,nan,unknown,0.000000,0.000000,1.000000,0.000000,-0.000000
HkgsWxrtPB,2020,nan,unknown,0.000000,0.000000,1.000000,0.000000,-0.000000
HklOo0VFDH,2020,nan,unknown,0.000000,0.000001,0.999999,0.000001,-0.000001
Hkl9JlBYvr,2020,nan,low,0.000000,1.000000,0.000000,1.000000,-1.000000
HkgxheBFDS,2020,nan,unknown,0.000000,0.000000,1.000000,0.000000,-0.000000
Hkl4EANFDH,2020,nan,unknown,0.000000,0.000000,1.000000,0.000000,-0.000000
Hkl1iRNFwS,2020,nan,unknown,0.000000,0.000000,1.000000,0.000000,-0.000000
HklCk1BtwS,2020,nan,low,0.000000,0.999995,0.000005,0.999995,-0.999995
HkgsUJrtDB,2020,nan,unknown,0.000000,0.000000,1.000000,0.000000,-0.000000
HkgxW0EYDS,2020,nan,unknown,0.000000,0.000000,1.000000,0.000000,-0.000000
HklXn1BKDH,2020,nan,unknown,0.000000,0.000000,1.000000,0.000000,-0.000000
HklSeREtPB,2020,nan,unknown,0.000000,0.000000,1.000000,0.000000,-0.000000
Hkl6i0EFPH,2020,nan,high,1.000000,0.000000,0.000000,1.000000,1.000000
HkgaETNtDB,2020,nan,low,0.000000,1.000000,0.000000,1.000000,-1.000000
HkgsPhNYPS,2020,nan,low,0.000000,1.000000,0.000000,1.000000,-1.000000
HkghoaNYPB,2020,nan,low,0.000000,1.000000,0.000000,1.000000,-1.000000
HkgU3xBtDS,2020,nan,unknown,0.000000,0.000000,1.000000,0.000000,-0.000000
HkgtJRVFPS,2020,nan,low,0.000000,1.000000,0.000000,1.000000,-1.000000
HkgXteBYPB,2020,nan,low,0.000000,0.977018,0.022982,0.977018,-0.977018
HkgB2TNYPS,2020,nan,unknown,0.000000,0.000000,1.000000,0.000000,-0.000000
HkgTTh4FDH,2020,nan,low,0.000000,0.999997,0.000003,0.999997,-0.999997
HklBjCEKvH,2020,nan,unknown,0.000000,0.999999,0.000000,0.999999,-0.999999
Hkgs3aNYDS,2020,nan,unknown,0.000000,0.000000,1.000000,0.000000,-0.000000
HkgH0TEYwH,2020,nan,unknown,0.000000,0.000000,1.000000,0.000000,-0.000000
HkgYEyrFDr,2020,nan,unknown,0.000000,0.000000,1.000000,0.000000,-0.000000
HkgBsaVtDB,2020,nan,unknown,0.000000,0.000000,1.000000,0.000000,-0.000000
HkgeGeBYDB,2020,nan,low,0.000000,0.999999,0.000001,0.999999,-0.999999
HkeuD34KPH,2020,nan,unknown,0.000000,0.000000,1.000000,0.000000,-0.000000
HklE01BYDB,2020,nan,unknown,0.000000,0.000000,1.000000,0.000000,-0.000000
HkgqmyrYDH,2020,nan,unknown,0.000000,0.000000,1.000000,0.000000,-0.000000
Hkex2a4FPr,2020,nan,unknown,0.000000,0.000000,1.000000,0.000000,-0.000000
Hkg-xgrYvH,2020,nan,unknown,0.000000,0.000000,1.000000,0.000000,-0.000000
HkgR8erKwB,2020,nan,unknown,0.000000,0.000000,1.000000,0.000000,-0.000000
Hkem-lrtvH,2020,nan,unknown,0.000000,0.000000,1.000000,0.000000,-0.000000
HkenPn4KPH,2020,nan,unknown,0.000000,0.000000,1.000000,0.000000,-0.000000
HkgMxkHtPH,2020,nan,low,0.000000,1.000000,0.000000,1.000000,-1.000000
Hkeh21BKPH,2020,nan,unknown,0.000000,0.000000,1.000000,0.000000,-0.000000
HkejNgBtPB,2020,nan,low,0.000000,0.999998,0.000002,0.999998,-0.999998
HkgFDgSYPH,2020,nan,unknown,0.000000,0.000000,1.000000,0.000000,-0.000000
Hkekl0NFPr,2020,nan,unknown,0.000000,0.000000,1.000000,0.000000,-0.000000
HkedQp4tPr,2020,nan,unknown,0.000000,0.000000,1.000000,0.000000,-0.000000
HkehD3VtvS,2020,nan,low,0.000000,0.999984,0.000016,0.999984,-0.999984
Hkee1JBKwB,2020,nan,low,0.000000,0.999999,0.000001,0.999999,-0.999999
Hkg0olStDr,2020,nan,unknown,0.000000,0.000000,1.000000,0.000000,-0.000000
HkeQ6ANYDB,2020,nan,unknown,0.000000,0.000000,1.000000,0.000000,-0.000000
Hke_f0EYPH,2020,nan,unknown,0.000000,0.000000,1.000000,0.000000,-0.000000
Hkg5lAEtvS,2020,nan,unknown,0.000000,0.000000,1.000000,0.000000,-0.000000
HkeSdCEtDS,2020,nan,unknown,0.000000,0.000000,1.000000,0.000000,-0.000000
HkePOCNtPH,2020,nan,unknown,0.000000,0.000000,1.000000,0.000000,-0.000000
HkewNJStDr,2020,nan,unknown,0.000000,0.000000,1.000000,0.000000,-0.000000
HkeAepVKDH,2020,nan,low,0.000000,1.000000,0.000000,1.000000,-1.000000
HkeUDCNFPS,2020,nan,unknown,0.000000,0.000000,1.000000,0.000000,-0.000000
Hke1gySFvB,2020,nan,unknown,0.000000,0.000000,1.000000,0.000000,-0.000000
Hke12T4KPS,2020,nan,unknown,0.000000,0.000000,1.000000,0.000000,-0.000000
HkeMYJHYvS,2020,nan,unknown,0.000000,0.000000,1.000000,0.000000,-0.000000
Hke0oa4KwS,2020,nan,unknown,0.000000,0.000000,1.000000,0.000000,-0.000000
Hke0lRNYwS,2020,nan,unknown,0.000000,0.000000,1.000000,0.000000,-0.000000
HkePNpVKPB,2020,nan,unknown,0.000000,0.000000,1.000000,0.000000,-0.000000
HkgAJxrYwr,2020,nan,unknown,0.000000,0.000000,1.000000,0.000000,-0.000000
HkeO104tPB,2020,nan,unknown,0.000000,0.000000,1.000000,0.000000,-0.000000
HJxyZkBKDr,2020,nan,high,1.000000,0.000000,0.000000,1.000000,1.000000
Hke4_JrYDr,2020,nan,unknown,0.000000,0.000000,1.000000,0.000000,-0.000000
HJxrVA4FDS,2020,nan,unknown,0.000000,0.000000,1.000000,0.000000,-0.000000
HJxwvCEFvH,2020,nan,unknown,0.000000,0.000000,1.000000,0.000000,-0.000000
HJxp9kBFDS,2020,nan,unknown,0.000000,0.000000,1.000000,0.000000,-0.000000
Hke0V1rKPS,2020,nan,unknown,0.000000,0.000000,1.000000,0.000000,-0.000000
HkeJzANFwS,2020,nan,unknown,0.000000,0.000000,1.000000,0.000000,-0.000000
Hke0K1HKwr,2020,nan,low,0.000000,1.000000,0.000000,1.000000,-1.000000
HJxcP2EFDS,2020,nan,unknown,0.000000,0.000000,1.000000,0.000000,-0.000000
HJxkvlBtwH,2020,nan,low,0.000000,0.999619,0.000381,0.999619,-0.999619
HJxdTxHYvB,2020,nan,unknown,0.000000,0.000000,1.000000,0.000000,-0.000000
HJx_d34YDB,2020,nan,unknown,0.000000,0.000000,1.000000,0.000000,-0.000000
HJxf53EtDr,2020,nan,unknown,0.000000,0.000000,1.000000,0.000000,-0.000000
HJxTgeBtDr,2020,nan,unknown,0.000000,0.000000,1.000000,0.000000,-0.000000
HkeeITEYDr,2020,nan,unknown,0.000000,0.000000,1.000000,0.000000,-0.000000
HJxRMlrtPH,2020,nan,unknown,0.000000,0.000000,1.000000,0.000000,-0.000000
HJxVC1SYwr,2020,nan,unknown,0.000000,0.000000,1.000000,0.000000,-0.000000
Hke3gyHYwH,2020,nan,unknown,0.000000,0.000000,1.000000,0.000000,-0.000000
HJxR7R4FvS,2020,nan,unknown,0.000000,0.000000,1.000000,0.000000,-0.000000
HJxWl0NKPB,2020,nan,unknown,0.000000,0.000000,1.000000,0.000000,-0.000000
HJxN0CNFPB,2020,nan,unknown,0.000000,0.000000,1.000000,0.000000,-0.000000
Hkexw1BtDr,2020,nan,unknown,0.000000,0.000000,1.000000,0.000000,-0.000000
HJxJ2h4tPr,2020,nan,unknown,0.000000,0.000000,1.000000,0.000000,-0.000000
HJxNAnVtDS,2020,nan,high,1.000000,0.000000,0.000000,1.000000,1.000000
HJxJdp4YvS,2020,nan,low,0.000000,0.999981,0.000019,0.999981,-0.999981
HJx8HANFDH,2020,nan,high,1.000000,0.000000,0.000000,1.000000,1.000000
Hke-WTVtwr,2020,nan,unknown,0.000000,0.000000,1.000000,0.000000,-0.000000
HJx81ySKwr,2020,nan,unknown,0.000000,0.000000,1.000000,0.000000,-0.000000
HJxEhREKDH,2020,nan,unknown,0.000000,0.000000,1.000000,0.000000,-0.000000
HJxiMAVtPH,2020,nan,unknown,0.000000,0.000000,1.000000,0.000000,-0.000000
HJx4PAEYDH,2020,nan,low,0.000000,1.000000,0.000000,1.000000,-1.000000
HkgbKaEtvB,2020,nan,unknown,0.000000,0.000000,1.000000,0.000000,-0.000000
HJx0U64FwS,2020,nan,unknown,0.000000,0.000000,1.000000,0.000000,-0.000000
HJxDugSFDB,2020,nan,low,0.000000,1.000000,0.000000,1.000000,-1.000000
HkgrZ0EYwB,2020,nan,unknown,0.000000,0.000000,1.000000,0.000000,-0.000000
HJx-3grYDB,2020,nan,unknown,0.000000,0.000000,1.000000,0.000000,-0.000000
HkeryxBtPB,2020,nan,unknown,0.000000,0.000000,1.000000,0.000000,-0.000000
Hkg9HgBYwH,2020,nan,unknown,0.000000,0.000217,0.999783,0.000217,-0.000217
HJxV-ANKDH,2020,nan,unknown,0.000000,0.000000,1.000000,0.000000,-0.000000
HJx7uJStPH,2020,nan,low,0.000000,0.999999,0.000001,0.999999,-0.999999
HJlzxgBtwH,2020,nan,unknown,0.000000,0.000000,1.000000,0.000000,-0.000000
HJloElBYvB,2020,nan,unknown,0.000000,0.000000,1.000000,0.000000,-0.000000
HJluEeHKwH,2020,nan,unknown,0.000000,0.000000,1.000000,0.000000,-0.000000
HJlvCR4KDS,2020,nan,unknown,0.000000,0.000000,1.000000,0.000000,-0.000000
Hkgpnn4YvH,2020,nan,unknown,0.000000,0.000000,1.000000,0.000000,-0.000000
HJli2hNKDH,2020,nan,unknown,0.000000,0.000000,1.000000,0.000000,-0.000000
HJlxIJBFDr,2020,nan,unknown,0.000000,0.000000,1.000000,0.000000,-0.000000
HJlU-AVtvS,2020,nan,unknown,0.000000,0.000000,1.000000,0.000000,-0.000000
HJlk-eHFwH,2020,nan,unknown,0.000000,0.000000,1.000000,0.000000,-0.000000
HJlfuTEtvB,2020,nan,low,0.000000,1.000000,0.000000,1.000000,-1.000000
HJlnC1rKPB,2020,nan,unknown,0.000000,0.000000,1.000000,0.000000,-0.000000
HJlrS1rYwH,2020,nan,unknown,0.000000,0.000000,1.000000,0.000000,-0.000000
HJlY_6VKDr,2020,nan,low,0.000000,0.999999,0.000001,0.999999,-0.999999
HJxhUpVKDr,2020,nan,unknown,0.000000,0.000000,1.000000,0.000000,-0.000000
HJlQ96EtPr,2020,nan,low,0.000000,1.000000,0.000000,1.000000,-1.000000
HJlXC3EtwB,2020,nan,unknown,0.000000,0.000000,1.000000,0.000000,-0.000000
HJlSmC4FPS,2020,nan,low,0.000000,1.000000,0.000000,1.000000,-1.000000
HJlISCEKvB,2020,nan,unknown,0.000000,0.000000,1.000000,0.000000,-0.000000
HJlRFlHFPS,2020,nan,unknown,0.000000,0.000000,1.000000,0.000000,-0.000000
HJlP_pEFPH,2020,nan,low,0.000000,0.999876,0.000124,0.999876,-0.999876
HJlTpCEKvS,2020,nan,unknown,0.000000,0.000000,1.000000,0.000000,-0.000000
HJlMkTNYvH,2020,nan,unknown,0.000000,0.000000,1.000000,0.000000,-0.000000
HJlPC6NKDH,2020,nan,low,0.000000,0.999974,0.000026,0.999974,-0.999974
HJlF3h4FvB,2020,nan,unknown,0.000000,0.000000,1.000000,0.000000,-0.000000
HJlA0C4tPS,2020,nan,unknown,0.000000,0.000000,1.000000,0.000000,-0.000000
HJlWIANtPH,2020,nan,unknown,0.000000,0.000000,1.000000,0.000000,-0.000000
HJlAUaVYvH,2020,nan,unknown,0.000000,0.000000,1.000000,0.000000,-0.000000
HJgySxSKvB,2020,nan,unknown,0.000000,0.000000,1.000000,0.000000,-0.000000
HJlHzJBFwB,2020,nan,unknown,0.000000,0.000000,1.000000,0.000000,-0.000000
HJxMYANtPH,2020,nan,unknown,0.000000,0.000000,1.000000,0.000000,-0.000000
HJxK5pEYvr,2020,nan,unknown,0.000000,0.000000,1.000000,0.000000,-0.000000
HJxV5yHYwB,2020,nan,unknown,0.000000,0.000000,1.000000,0.000000,-0.000000
HJxhWa4KDr,2020,nan,unknown,0.000000,0.000000,1.000000,0.000000,-0.000000
HJl8SgHtwr,2020,nan,unknown,0.000000,0.000000,1.000000,0.000000,-0.000000
HJgpugrKPS,2020,nan,unknown,0.000000,0.000001,0.999999,0.000001,-0.000001
HJxnM1rFvr,2020,nan,low,0.000000,0.999998,0.000002,0.999998,-0.999998
HJgepaNtDS,2020,nan,unknown,0.000000,0.000000,1.000000,0.000000,-0.000000
HJggj3VKPH,2020,nan,unknown,0.000000,0.000000,1.000000,0.000000,-0.000000
HJgb7lSFwS,2020,nan,unknown,0.000000,0.000000,1.000000,0.000000,-0.000000
HJgzpgrYDr,2020,nan,unknown,0.000000,0.000000,1.000000,0.000000,-0.000000
HJlWWJSFDH,2020,nan,unknown,0.000000,0.000000,1.000000,0.000000,-0.000000
HJl8_eHYvS,2020,nan,unknown,0.000000,0.000000,1.000000,0.000000,-0.000000
HJgfDREKDB,2020,nan,unknown,0.000000,0.000000,1.000000,0.000000,-0.000000
HJgzt2VKPB,2020,nan,low,0.000000,1.000000,0.000000,1.000000,-1.000000
HJgJtT4tvB,2020,nan,low,0.000000,1.000000,0.000000,1.000000,-1.000000
HJg_ECEKDr,2020,nan,low,0.000000,0.999995,0.000005,0.999995,-0.999995
HJgLLyrYwB,2020,nan,unknown,0.000000,0.000000,1.000000,0.000000,-0.000000
HkeZQJBKDB,2020,nan,unknown,0.000000,0.000000,1.000000,0.000000,-0.000000
HJg_tkBtwS,2020,nan,unknown,0.000000,0.000000,1.000000,0.000000,-0.000000
HJgKYlSKvr,2020,nan,unknown,0.000000,0.000000,1.000000,0.000000,-0.000000
HJgcvJBFvB,2020,nan,unknown,0.000000,0.000000,1.000000,0.000000,-0.000000
HJghoa4YDB,2020,nan,unknown,0.000000,0.000000,1.000000,0.000000,-0.000000
HJgcw0Etwr,2020,nan,unknown,0.000000,0.000000,1.000000,0.000000,-0.000000
HJl8SkBYPr,2020,nan,low,0.000000,0.999993,0.000007,0.999993,-0.999993
HJgK0h4Ywr,2020,nan,unknown,0.000000,0.000000,1.000000,0.000000,-0.000000
HJl8AaVFwB,2020,nan,unknown,0.000000,0.000000,1.000000,0.000000,-0.000000
HJgSwyBKvr,2020,nan,unknown,0.000000,0.000000,1.000000,0.000000,-0.000000
HJgS7p4FPH,2020,nan,unknown,0.000000,0.000000,1.000000,0.000000,-0.000000
HJgFW6EKvH,2020,nan,unknown,0.000000,0.000000,1.000000,0.000000,-0.000000
HJgEe1SKPr,2020,nan,unknown,0.000000,0.000000,1.000000,0.000000,-0.000000
HJgCcCNtwH,2020,nan,low,0.000000,1.000000,0.000000,1.000000,-1.000000
HJgCF0VFwr,2020,nan,unknown,0.000000,0.000000,1.000000,0.000000,-0.000000
HJgC60EtwB,2020,nan,unknown,0.000000,0.000000,1.000000,0.000000,-0.000000
HJg6VREFDH,2020,nan,unknown,0.000000,0.000000,1.000000,0.000000,-0.000000
HJgkj0NFwr,2020,nan,unknown,0.000000,0.000000,1.000000,0.000000,-0.000000
HJewxlHFwH,2020,nan,low,0.000000,1.000000,0.000000,1.000000,-1.000000
HJgExaVtwr,2020,nan,high,1.000000,0.000000,0.000000,1.000000,1.000000
HJxKhyStPH,2020,nan,unknown,0.000000,0.000000,1.000000,0.000000,-0.000000
HJewiCVFPB,2020,nan,high,1.000000,0.000000,0.000000,1.000000,1.000000
HJgBA2VYwH,2020,nan,low,0.000000,1.000000,0.000000,1.000000,-1.000000
HJg2b0VYDr,2020,nan,unknown,0.000000,0.000000,1.000000,0.000000,-0.000000
HJezF3VYPB,2020,nan,unknown,0.000000,0.000000,1.000000,0.000000,-0.000000
HJg4qxSKPB,2020,nan,unknown,0.000000,0.000000,1.000000,0.000000,-0.000000
HJepXaVYDr,2020,nan,unknown,0.000000,0.000001,0.999999,0.000001,-0.000001
HJgdo6VFPH,2020,nan,unknown,0.000000,0.000000,1.000000,0.000000,-0.000000
HJg3HyStwB,2020,nan,low,0.000000,0.999998,0.000002,0.999998,-0.999998
HJel76NYPS,2020,nan,unknown,0.000000,0.000000,1.000000,0.000000,-0.000000
HJg3Rp4FwH,2020,nan,unknown,0.000000,0.000000,1.000000,0.000000,-0.000000
HJem3yHKwH,2020,nan,unknown,0.000000,0.000000,1.000000,0.000000,-0.000000
HJenn6VFvB,2020,nan,low,0.000000,0.999769,0.000231,0.999769,-0.999769
HJgEMpVFwB,2020,nan,unknown,0.000000,0.000000,1.000000,0.000000,-0.000000
HJekvT4twr,2020,nan,unknown,0.000000,0.000000,1.000000,0.000000,-0.000000
HJeYalBKvr,2020,nan,unknown,0.000000,0.000000,1.000000,0.000000,-0.000000
HJe_yR4Fwr,2020,nan,unknown,0.000000,0.000000,1.000000,0.000000,-0.000000
HJeiDpVFPr,2020,nan,unknown,0.000000,0.000004,0.999996,0.000004,-0.000004
HJeVnCEKwH,2020,nan,unknown,0.000000,0.000000,1.000000,0.000000,-0.000000
HJgRCyHFDr,2020,nan,unknown,0.000000,0.000000,1.000000,0.000000,-0.000000
HJemQJBKDr,2020,nan,unknown,0.000000,0.000000,1.000000,0.000000,-0.000000
HJePXkHtvS,2020,nan,unknown,0.000000,0.000000,1.000000,0.000000,-0.000000
HJeYSxHFDS,2020,nan,low,0.000000,1.000000,0.000000,1.000000,-1.000000
HJeFmkBtvB,2020,nan,high,1.000000,0.000000,0.000000,1.000000,1.000000
HJe_Z04Yvr,2020,nan,low,0.000000,0.999704,0.000296,0.999704,-0.999704
HJeRveHKDH,2020,nan,unknown,0.000000,0.000000,1.000000,0.000000,-0.000000
HJeg46EKPr,2020,nan,low,0.000000,0.999984,0.000016,0.999984,-0.999984
HJeqhA4YDS,2020,nan,unknown,0.000000,0.000000,1.000000,0.000000,-0.000000
HJgLZR4KvH,2020,nan,unknown,0.000000,0.000096,0.999904,0.000096,-0.000096
HJeOekHKwr,2020,nan,unknown,0.000000,0.000000,1.000000,0.000000,-0.000000
HJeO7RNKPr,2020,nan,unknown,0.000000,0.000004,0.999997,0.000004,-0.000004
HJeANgBYwr,2020,nan,unknown,0.000000,0.000000,1.000000,0.000000,-0.000000
HJe6uANtwH,2020,nan,low,0.000000,1.000000,0.000000,1.000000,-1.000000
HJe7unNFDH,2020,nan,unknown,0.000000,0.000000,1.000000,0.000000,-0.000000
HJeIU0VYwB,2020,nan,low,0.000000,0.999999,0.000001,0.999999,-0.999999
HJe5_6VKwS,2020,nan,unknown,0.000000,0.000000,1.000000,0.000000,-0.000000
HJe7bxBYvr,2020,nan,unknown,0.000000,0.000000,1.000000,0.000000,-0.000000
HJe9cR4KvB,2020,nan,unknown,0.000000,0.000001,0.999999,0.000001,-0.000001
HJew70NYvH,2020,nan,low,0.000000,0.999997,0.000003,0.999997,-0.999997
HJeLBpEFPB,2020,nan,unknown,0.000000,0.000000,1.000000,0.000000,-0.000000
HJeEP04KDH,2020,nan,low,0.000000,0.999998,0.000002,0.999998,-0.999998
HJedXaEtvS,2020,nan,low,0.000000,0.999999,0.000001,0.999999,-0.999999
HJe-oRVtPB,2020,nan,unknown,0.000000,0.000000,1.000000,0.000000,-0.000000
H1xscnEKDr,2020,nan,unknown,0.000000,0.000000,1.000000,0.000000,-0.000000
H1xSOTVtvH,2020,nan,unknown,0.000000,0.000000,1.000000,0.000000,-0.000000
HJeTo2VFwH,2020,nan,low,0.000000,0.999999,0.000001,0.999999,-0.999999
HJeIX6EKvr,2020,nan,unknown,0.000000,0.000000,1.000000,0.000000,-0.000000
H1xJhJStPS,2020,nan,unknown,0.000000,0.000000,1.000000,0.000000,-0.000000
H1x9004YPr,2020,nan,unknown,0.000000,0.000000,1.000000,0.000000,-0.000000
H1xFWgrFPS,2020,nan,unknown,0.000000,0.000000,1.000000,0.000000,-0.000000
H1x8b6EtvH,2020,nan,unknown,0.000000,0.000000,1.000000,0.000000,-0.000000
H1xPR3NtPB,2020,nan,unknown,0.000000,0.000000,1.000000,0.000000,-0.000000
HJe4Cp4KwH,2020,nan,unknown,0.000000,0.000000,1.000000,0.000000,-0.000000
H1xTup4KPr,2020,nan,unknown,0.000000,0.000000,1.000000,0.000000,-0.000000
H1xzdlStvB,2020,nan,low,0.000000,0.999999,0.000001,0.999999,-0.999999
HJeT3yrtDr,2020,nan,low,0.000000,1.000000,0.000000,1.000000,-1.000000
H1lyiaVFwB,2020,nan,unknown,0.000000,0.000000,1.000000,0.000000,-0.000000
H1lmyRNFvr,2020,nan,unknown,0.000000,0.000000,1.000000,0.000000,-0.000000
H1ls_eSKPH,2020,nan,unknown,0.000000,0.000000,1.000000,0.000000,-0.000000
H1x-pANtDB,2020,nan,unknown,0.000000,0.000000,1.000000,0.000000,-0.000000
H1lmhaVtvr,2020,nan,unknown,0.000000,0.000000,1.000000,0.000000,-0.000000
HJe88xBKPr,2020,nan,low,0.000000,0.999981,0.000019,0.999981,-0.999981
H1xauR4Kvr,2020,nan,unknown,0.000000,0.000000,1.000000,0.000000,-0.000000
H1x5wRVtvS,2020,nan,unknown,0.000000,0.000000,1.000000,0.000000,-0.000000
H1lj0nNFwB,2020,nan,unknown,0.000000,0.000000,1.000000,0.000000,-0.000000
H1lac2Vtwr,2020,nan,unknown,0.000000,0.000000,1.000000,0.000000,-0.000000
H1livgrFvr,2020,nan,low,0.000000,0.999988,0.000012,0.999988,-0.999988
H1lma24tPB,2020,nan,unknown,0.000000,0.000007,0.999993,0.000007,-0.000007
H1leCRNYvS,2020,nan,unknown,0.000000,0.000000,1.000000,0.000000,-0.000000
H1lXVJStwB,2020,nan,unknown,0.000000,0.000000,1.000000,0.000000,-0.000000
H1xKBCEYDr,2020,nan,unknown,0.000000,0.000000,1.000000,0.000000,-0.000000
HJe-blSYvH,2020,nan,unknown,0.000000,0.000000,1.000000,0.000000,-0.000000
H1ldzA4tPr,2020,nan,unknown,0.000000,0.000000,1.000000,0.000000,-0.000000
H1lZJpVFvr,2020,nan,unknown,0.000000,0.000000,1.000000,0.000000,-0.000000
H1lfwAVFwr,2020,nan,unknown,0.000000,0.000000,1.000000,0.000000,-0.000000
H1l_0JBYwS,2020,nan,unknown,0.000000,0.000000,1.000000,0.000000,-0.000000
H1x-3xSKDr,2020,nan,low,0.000000,1.000000,0.000000,1.000000,-1.000000
H1lxVyStPH,2020,nan,unknown,0.000000,0.000000,1.000000,0.000000,-0.000000
H1lVvgHKDr,2020,nan,unknown,0.000000,0.000000,1.000000,0.000000,-0.000000
H1lxeRNYvB,2020,nan,low,0.000000,0.999796,0.000204,0.999796,-0.999796
H1lKd6NYPS,2020,nan,unknown,0.000000,0.000000,1.000000,0.000000,-0.000000
H1laeJrKDB,2020,nan,unknown,0.000000,0.132962,0.867038,0.132962,-0.132962
H1lTQ1rFvS,2020,nan,low,0.000000,1.000000,0.000000,1.000000,-1.000000
H1lXCaVKvS,2020,nan,unknown,0.000000,0.000000,1.000000,0.000000,-0.000000
H1lQIgrFDS,2020,nan,low,0.000000,1.000000,0.000000,1.000000,-1.000000
H1lhqpEYPr,2020,nan,low,0.000000,1.000000,0.000000,1.000000,-1.000000
H1lKNp4Fvr,2020,nan,unknown,0.000000,0.000000,1.000000,0.000000,-0.000000
H1lTRJBtwB,2020,nan,unknown,0.000000,0.000000,1.000000,0.000000,-0.000000
H1lMogrKDH,2020,nan,low,0.000000,0.999995,0.000005,0.999995,-0.999995
H1l_gA4KvH,2020,nan,unknown,0.000000,0.000000,1.000000,0.000000,-0.000000
H1loF2NFwr,2020,nan,low,0.000000,0.999999,0.000001,0.999999,-0.999999
H1lK5kBKvr,2020,nan,unknown,0.000000,0.000000,1.000000,0.000000,-0.000000
H1lTUCVYvH,2020,nan,low,0.000000,0.999796,0.000204,0.999796,-0.999796
H1lNPxHKDH,2020,nan,unknown,0.000000,0.000000,1.000000,0.000000,-0.000000
H1lNb0NtPH,2020,nan,low,0.000000,0.999934,0.000066,0.999934,-0.999934
H1lK_lBtvS,2020,nan,unknown,0.000000,0.000000,1.000000,0.000000,-0.000000
H1lOUeSFvB,2020,nan,unknown,0.000000,0.000000,1.000000,0.000000,-0.000000
H1lDSCEYPH,2020,nan,unknown,0.000000,0.000000,1.000000,0.000000,-0.000000
H1lFsREYPS,2020,nan,low,0.000000,0.999992,0.000008,0.999992,-0.999992
H1lBj2VFPS,2020,nan,unknown,0.000000,0.000000,1.000000,0.000000,-0.000000
H1lDbaVYvH,2020,nan,unknown,0.000000,0.000000,1.000000,0.000000,-0.000000
H1l3s6NtvH,2020,nan,unknown,0.000000,0.000000,1.000000,0.000000,-0.000000
H1gza2NtwH,2020,nan,unknown,0.000000,0.000000,1.000000,0.000000,-0.000000
H1lefTEKDS,2020,nan,low,0.000000,1.000000,0.000000,1.000000,-1.000000
H1gz_nNYDS,2020,nan,low,0.000000,1.000000,0.000000,1.000000,-1.000000
H1lQJ1HYwS,2020,nan,unknown,0.000000,0.000000,1.000000,0.000000,-0.000000
H1l0O6EYDH,2020,nan,unknown,0.000000,0.000000,1.000000,0.000000,-0.000000
H1l2mxHKvr,2020,nan,unknown,0.000000,0.000000,1.000000,0.000000,-0.000000
H1gyy1BtDS,2020,nan,unknown,0.000000,0.000000,1.000000,0.000000,-0.000000
H1guaREYPr,2020,nan,unknown,0.000000,0.000000,1.000000,0.000000,-0.000000
H1l-02VKPB,2020,nan,unknown,0.000000,0.000000,1.000000,0.000000,-0.000000
H1gzR2VKDH,2020,nan,unknown,0.000000,0.000000,1.000000,0.000000,-0.000000
H1ggKyrYwB,2020,nan,unknown,0.000000,0.000000,1.000000,0.000000,-0.000000
H1gdF34FvS,2020,nan,high,1.000000,0.000000,0.000000,1.000000,1.000000
H1lBYCEFDB,2020,nan,unknown,0.000000,0.000000,1.000000,0.000000,-0.000000
H1gx1CNKPH,2020,nan,unknown,0.000000,0.000000,1.000000,0.000000,-0.000000
H1gX8C4YPr,2020,nan,high,1.000000,0.000000,0.000000,1.000000,1.000000
H1gHb1rFwr,2020,nan,unknown,0.000000,0.000000,1.000000,0.000000,-0.000000
H1gfFaEYDS,2020,nan,unknown,0.000000,0.000000,1.000000,0.000000,-0.000000
H1gWyJBFDr,2020,nan,unknown,0.000000,0.000000,1.000000,0.000000,-0.000000
H1gEP6NFwr,2020,nan,unknown,0.000000,0.000000,1.000000,0.000000,-0.000000
H1gL3RVtwr,2020,nan,unknown,0.000000,0.000002,0.999998,0.000002,-0.000002
H1gN6kSFwS,2020,nan,unknown,0.000000,0.000000,1.000000,0.000000,-0.000000
H1gy1erYDH,2020,nan,low,0.000000,1.000000,0.000000,1.000000,-1.000000
H1gcw1HYPr,2020,nan,unknown,0.000000,0.000000,1.000000,0.000000,-0.000000
H1gx3kSKPS,2020,nan,low,0.000000,0.999997,0.000003,0.999997,-0.999997
H1gZsJBYwH,2020,nan,unknown,0.000000,0.000000,1.000000,0.000000,-0.000000
H1gXzxHKvH,2020,nan,unknown,0.000000,0.000000,1.000000,0.000000,-0.000000
H1gS364FwS,2020,nan,unknown,0.000000,0.000000,1.000000,0.000000,-0.000000
H1gBsgBYwH,2020,nan,unknown,0.000000,0.000000,1.000000,0.000000,-0.000000
H1g6s0NtwS,2020,nan,unknown,0.000000,0.000000,1.000000,0.000000,-0.000000
H1gax6VtDB,2020,nan,unknown,0.000000,0.000000,1.000000,0.000000,-0.000000
H1g8p1BYvS,2020,nan,unknown,0.000000,0.000000,1.000000,0.000000,-0.000000
H1ezFREtwH,2020,nan,unknown,0.000000,0.000000,1.000000,0.000000,-0.000000
H1gmHaEKwB,2020,nan,unknown,0.000000,0.000001,0.999999,0.000001,-0.000001
H1ervR4FwH,2020,nan,unknown,0.000000,0.000000,1.000000,0.000000,-0.000000
H1gB4RVKvB,2020,nan,unknown,0.000000,0.000000,1.000000,0.000000,-0.000000
H1g4M0EtPS,2020,nan,unknown,0.000000,0.000000,1.000000,0.000000,-0.000000
H1gDaa4YwS,2020,nan,unknown,0.000000,0.000000,1.000000,0.000000,-0.000000
H1gpET4YDB,2020,nan,unknown,0.000000,0.000000,1.000000,0.000000,-0.000000
H1g79ySYvB,2020,nan,low,0.000000,0.999996,0.000004,0.999996,-0.999996
H1gCeyHFDS,2020,nan,low,0.000000,1.000000,0.000000,1.000000,-1.000000
H1g6kaVKvH,2020,nan,unknown,0.000000,0.000000,1.000000,0.000000,-0.000000
H1enKkrFDB,2020,nan,unknown,0.000000,0.000000,1.000000,0.000000,-0.000000
H1epaJSYDS,2020,nan,unknown,0.000000,0.000000,1.000000,0.000000,-0.000000
H1edEyBKDS,2020,nan,high,1.000000,0.000000,0.000000,1.000000,1.000000
H1eo9h4KPH,2020,nan,unknown,0.000000,0.000000,1.000000,0.000000,-0.000000
H1ep5TNKwr,2020,nan,unknown,0.000000,0.000000,1.000000,0.000000,-0.000000
H1eqOnNYDH,2020,nan,unknown,0.000000,0.000000,1.000000,0.000000,-0.000000
H1gNOeHKPS,2020,nan,unknown,0.000000,0.000000,1.000000,0.000000,-0.000000
H1ekF2EYDH,2020,nan,low,0.000000,1.000000,0.000000,1.000000,-1.000000
H1eqQeHFDS,2020,nan,low,0.000000,0.990290,0.009710,0.990290,-0.990290
H1gdAC4KDB,2020,nan,low,0.000000,0.999820,0.000180,0.999820,-0.999820
H1emfT4twB,2020,nan,unknown,0.000000,0.000000,1.000000,0.000000,-0.000000
H1eY00VFDB,2020,nan,unknown,0.000000,0.000000,1.000000,0.000000,-0.000000
H1efEp4Yvr,2020,nan,unknown,0.000000,0.000000,1.000000,0.000000,-0.000000
H1exf64KwH,2020,nan,unknown,0.000000,0.000000,1.000000,0.000000,-0.000000
H1eF3kStPS,2020,nan,unknown,0.000000,0.000000,1.000000,0.000000,-0.000000
H1eRI04KPB,2020,nan,unknown,0.000000,0.000000,1.000000,0.000000,-0.000000
H1eVlgHKPr,2020,nan,unknown,0.000000,0.000000,1.000000,0.000000,-0.000000
H1eA7AEtvS,2020,nan,high,1.000000,0.000000,0.000000,1.000000,1.000000
H1eCR34FPB,2020,nan,unknown,0.000000,0.000001,0.999999,0.000001,-0.000001
H1e_cC4twS,2020,nan,low,0.000000,1.000000,0.000000,1.000000,-1.000000
H1eD7REtPr,2020,nan,low,0.000000,1.000000,0.000000,1.000000,-1.000000
H1eNleBYwr,2020,nan,low,0.000000,0.999993,0.000007,0.999993,-0.999993
H1ebc0VYvH,2020,nan,unknown,0.000000,0.000000,1.000000,0.000000,-0.000000
H1eWGREFvB,2020,nan,unknown,0.000000,0.000000,1.000000,0.000000,-0.000000
H1eUz1rKPr,2020,nan,unknown,0.000000,0.000000,1.000000,0.000000,-0.000000
H1eCw3EKvH,2020,nan,unknown,0.000000,0.000000,1.000000,0.000000,-0.000000
H1gBhkBFDH,2020,nan,low,0.000000,0.999999,0.000001,0.999999,-0.999999
H1e552VKPr,2020,nan,unknown,0.000000,0.000000,1.000000,0.000000,-0.000000
H1MOqeHYvB,2020,nan,low,0.000000,1.000000,0.000000,1.000000,-1.000000
Byxv2pEKPH,2020,nan,unknown,0.000000,0.000000,1.000000,0.000000,-0.000000
H1eKT1SFvH,2020,nan,unknown,0.000000,0.000000,1.000000,0.000000,-0.000000
H1e5GJBtDr,2020,nan,unknown,0.000000,0.000000,1.000000,0.000000,-0.000000
H1eH9hNtwr,2020,nan,unknown,0.000000,0.000000,1.000000,0.000000,-0.000000
H1ebhnEYDH,2020,nan,low,0.000000,0.999999,0.000001,0.999999,-0.999999
H1e-X64FDB,2020,nan,unknown,0.000000,0.000000,1.000000,0.000000,-0.000000
H1e0Wp4KvH,2020,nan,unknown,0.000000,0.000000,1.000000,0.000000,-0.000000
ByxxgCEYDS,2020,nan,unknown,0.000000,0.000000,1.000000,0.000000,-0.000000
Byx_YAVYPH,2020,nan,low,0.000000,1.000000,0.000000,1.000000,-1.000000
H1eJAANtvr,2020,nan,unknown,0.000000,0.000000,1.000000,0.000000,-0.000000
H1eRYxHYPB,2020,nan,low,0.000000,0.999974,0.000026,0.999974,-0.999974
H1eArT4tPH,2020,nan,unknown,0.000000,0.000000,1.000000,0.000000,-0.000000
ByxoqJrtvr,2020,nan,unknown,0.000000,0.000000,1.000000,0.000000,-0.000000
Byxl-04KvH,2020,nan,unknown,0.000000,0.000000,1.000000,0.000000,-0.000000
ByxhOyHYwH,2020,nan,unknown,0.000000,0.000000,1.000000,0.000000,-0.000000
ByxQB1BKwH,2020,nan,unknown,0.000000,0.000000,1.000000,0.000000,-0.000000
ByxT7TNFvH,2020,nan,unknown,0.000000,0.000000,1.000000,0.000000,-0.000000
ByxloeHFPS,2020,nan,unknown,0.000000,0.000000,1.000000,0.000000,-0.000000
ByxdUySKvS,2020,nan,low,0.000000,0.999999,0.000001,0.999999,-0.999999
ByxaUgrFvH,2020,nan,unknown,0.000000,0.000000,1.000000,0.000000,-0.000000
ByxRM0Ntvr,2020,nan,high,1.000000,0.000000,0.000000,1.000000,1.000000
ByxY8CNtvr,2020,nan,unknown,0.000000,0.000000,1.000000,0.000000,-0.000000
H1e3HlSFDr,2020,nan,unknown,0.000000,0.000000,1.000000,0.000000,-0.000000
ByxODxHYwB,2020,nan,unknown,0.000000,0.000000,1.000000,0.000000,-0.000000
ByxtHCVKwB,2020,nan,unknown,0.000000,0.000000,1.000000,0.000000,-0.000000
Byx91R4twB,2020,nan,unknown,0.000000,0.000000,1.000000,0.000000,-0.000000
Byx5R0NKPr,2020,nan,unknown,0.000000,0.000000,1.000000,0.000000,-0.000000
ByxtC2VtPB,2020,nan,low,0.000000,0.999995,0.000005,0.999995,-0.999995
ByxKo04tvr,2020,nan,unknown,0.000000,0.000000,1.000000,0.000000,-0.000000
H1e31AEYwB,2020,nan,unknown,0.000000,0.000000,1.000000,0.000000,-0.000000
ByxduJBtPB,2020,nan,unknown,0.000000,0.000000,1.000000,0.000000,-0.000000
Byx9p2EtDH,2020,nan,unknown,0.000000,0.000000,1.000000,0.000000,-0.000000
ByxJO3VFwB,2020,nan,unknown,0.000000,0.000000,1.000000,0.000000,-0.000000
BylyV1BtDB,2020,nan,unknown,0.000000,0.000000,1.000000,0.000000,-0.000000
ByxCrerKvS,2020,nan,unknown,0.000000,0.000000,1.000000,0.000000,-0.000000
Byx55pVKDB,2020,nan,unknown,0.000000,0.000000,1.000000,0.000000,-0.000000
ByxGkySKwH,2020,nan,unknown,0.000000,0.000000,1.000000,0.000000,-0.000000
Byx4NkrtDS,2020,nan,unknown,0.000000,0.000000,1.000000,0.000000,-0.000000
Byx0PREtDH,2020,nan,low,0.000000,0.999512,0.000488,0.999512,-0.999512
Byx0iAEYPH,2020,nan,unknown,0.000000,0.000000,1.000000,0.000000,-0.000000
Bylx-TNKvH,2020,nan,unknown,0.000000,0.000000,1.000000,0.000000,-0.000000
ByliZgBKPH,2020,nan,unknown,0.000000,0.000000,1.000000,0.000000,-0.000000
Bylp62EKDH,2020,nan,unknown,0.000000,0.000000,1.000000,0.000000,-0.000000
BylaUTNtPS,2020,nan,low,0.000002,0.999998,0.000000,1.000000,-0.999997
Bylthp4Yvr,2020,nan,unknown,0.000000,0.000000,1.000000,0.000000,-0.000000
ByxHJeBYDB,2020,nan,unknown,0.000000,0.000000,1.000000,0.000000,-0.000000
Bylkd0EFwr,2020,nan,unknown,0.000000,0.000000,1.000000,0.000000,-0.000000
ByljMaNKwB,2020,nan,unknown,0.000000,0.000000,1.000000,0.000000,-0.000000
BylldxBYwH,2020,nan,unknown,0.000000,0.000000,1.000000,0.000000,-0.000000
BylfTySYvB,2020,nan,unknown,0.000000,0.000000,1.000000,0.000000,-0.000000
BylsKkHYvH,2020,nan,unknown,0.000000,0.000001,0.999999,0.000001,-0.000001
BylRkAEKDH,2020,nan,high,1.000000,0.000000,0.000000,1.000000,1.000000
BylVcTNtDS,2020,nan,unknown,0.000000,0.000000,1.000000,0.000000,-0.000000
BylalAEtvB,2020,nan,unknown,0.000000,0.000000,1.000000,0.000000,-0.000000
Bylh2krYPr,2020,nan,unknown,0.000000,0.000000,1.000000,0.000000,-0.000000
BylQSxHFwr,2020,nan,low,0.000000,1.000000,0.000000,1.000000,-1.000000
ByxJjlHKwr,2020,nan,unknown,0.000000,0.000000,1.000000,0.000000,-0.000000
BylB4kBtwB,2020,nan,unknown,0.000000,0.000000,1.000000,0.000000,-0.000000
Byla224KPr,2020,nan,unknown,0.000000,0.000000,1.000000,0.000000,-0.000000
BylKwnEYvS,2020,nan,unknown,0.000000,0.000000,1.000000,0.000000,-0.000000
BylWglrYPH,2020,nan,unknown,0.000000,0.000000,1.000000,0.000000,-0.000000
BylJUTEKvB,2020,nan,unknown,0.000000,0.000000,1.000000,0.000000,-0.000000
BylWYC4KwH,2020,nan,unknown,0.000000,0.000000,1.000000,0.000000,-0.000000
BylA_C4tPr,2020,nan,high,1.000000,0.000000,0.000000,1.000000,1.000000
BylTy1HFDS,2020,nan,unknown,0.000000,0.000000,1.000000,0.000000,-0.000000
BylQm1HKvB,2020,nan,unknown,0.000000,0.000000,1.000000,0.000000,-0.000000
BylKL1SKvr,2020,nan,unknown,0.000000,0.000000,1.000000,0.000000,-0.000000
BylPSkHKvB,2020,nan,low,0.000000,0.994777,0.005222,0.994777,-0.994777
BylXi3NKvS,2020,nan,unknown,0.000000,0.000000,1.000000,0.000000,-0.000000
BygzbyHFvB,2020,nan,high,1.000000,0.000000,0.000000,1.000000,1.000000
Byl28eBtwH,2020,nan,unknown,0.000000,0.000000,1.000000,0.000000,-0.000000
BylT8RNKPH,2020,nan,unknown,0.000000,0.000000,1.000000,0.000000,-0.000000
BylUMxSFwS,2020,nan,unknown,0.000000,0.000000,1.000000,0.000000,-0.000000
Byl8hhNYPS,2020,nan,unknown,0.000000,0.000000,1.000000,0.000000,-0.000000
BylEqnVFDB,2020,nan,unknown,0.000000,0.000000,1.000000,0.000000,-0.000000
BylD9eSYPS,2020,nan,unknown,0.000000,0.000000,1.000000,0.000000,-0.000000
Byl1W1rtvH,2020,nan,unknown,0.000000,0.000000,1.000000,0.000000,-0.000000
Byl3HxBFwH,2020,nan,unknown,0.000000,0.000000,1.000000,0.000000,-0.000000
Byl3K2VtwB,2020,nan,unknown,0.000000,0.000000,1.000000,0.000000,-0.000000
BygpAp4Ywr,2020,nan,unknown,0.000000,0.000000,1.000000,0.000000,-0.000000
BylDrRNKvH,2020,nan,unknown,0.000000,0.000000,1.000000,0.000000,-0.000000
Byl-264tvr,2020,nan,unknown,0.000000,0.000000,1.000000,0.000000,-0.000000
Bygka64KPH,2020,nan,unknown,0.000000,0.000000,1.000000,0.000000,-0.000000
Byl5NREFDr,2020,nan,low,0.000000,1.000000,0.000000,1.000000,-1.000000
BygfrANKvB,2020,nan,unknown,0.000000,0.000000,1.000000,0.000000,-0.000000
BygkQeHKwB,2020,nan,unknown,0.000000,0.000000,1.000000,0.000000,-0.000000
BylTta4YvB,2020,nan,unknown,0.000000,0.000000,1.000000,0.000000,-0.000000
ByggpyrFPS,2020,nan,unknown,0.000000,0.000000,1.000000,0.000000,-0.000000
BygZK2VYvB,2020,nan,unknown,0.000000,0.000000,1.000000,0.000000,-0.000000
BygdyxHFDS,2020,nan,unknown,0.000000,0.000000,1.000000,0.000000,-0.000000
BygfiAEtwS,2020,nan,unknown,0.000000,0.000000,1.000000,0.000000,-0.000000
BygWRaVYwH,2020,nan,unknown,0.000000,0.000000,1.000000,0.000000,-0.000000
BygPq6VFvS,2020,nan,unknown,0.000000,0.000000,1.000000,0.000000,-0.000000
BygSZAVKvr,2020,nan,unknown,0.000000,0.000000,1.000000,0.000000,-0.000000
BygXFkSYDH,2020,nan,unknown,0.000000,0.000000,1.000000,0.000000,-0.000000
BygMreSYPB,2020,nan,unknown,0.000000,0.000000,1.000000,0.000000,-0.000000
BygSXCNFDB,2020,nan,unknown,0.000000,0.000000,1.000000,0.000000,-0.000000
Bygadh4tDB,2020,nan,unknown,0.000000,0.000000,1.000000,0.000000,-0.000000
Byg_vREtvB,2020,nan,unknown,0.000000,0.000000,1.000000,0.000000,-0.000000
BygZARVFDH,2020,nan,low,0.000000,0.999999,0.000001,0.999999,-0.999999
BylNoaVYPS,2020,nan,unknown,0.000000,0.000000,1.000000,0.000000,-0.000000
Byg9bxrtwS,2020,nan,high,1.000000,0.000000,0.000000,1.000000,1.000000
BygKZkBtDH,2020,nan,unknown,0.000000,0.000000,1.000000,0.000000,-0.000000
BygFVAEKDH,2020,nan,unknown,0.000000,0.000000,1.000000,0.000000,-0.000000
Byg5ZANtvH,2020,nan,unknown,0.000000,0.000000,1.000000,0.000000,-0.000000
BygJKn4tPr,2020,nan,unknown,0.000000,0.000000,1.000000,0.000000,-0.000000
BygPO2VKPH,2020,nan,unknown,0.000000,0.000000,1.000000,0.000000,-0.000000
BygSP6Vtvr,2020,nan,low,0.000000,0.999981,0.000019,0.999981,-0.999981
Byg9A24tvB,2020,nan,unknown,0.000000,0.000000,1.000000,0.000000,-0.000000
BygacxrFwS,2020,nan,low,0.000000,0.999997,0.000003,0.999997,-0.999997
Byg1v1HKDB,2020,nan,high,1.000000,0.000000,0.000000,1.000000,1.000000
Byg5flHFDr,2020,nan,unknown,0.000000,0.000000,1.000000,0.000000,-0.000000
ByglLlHFDS,2020,nan,low,0.000000,0.999860,0.000140,0.999860,-0.999860
Byg-An4tPr,2020,nan,unknown,0.000000,0.000000,1.000000,0.000000,-0.000000
Byg-wJSYDS,2020,nan,unknown,0.000000,0.000000,1.000000,0.000000,-0.000000
BygNAa4YPH,2020,nan,unknown,0.000000,0.000000,1.000000,0.000000,-0.000000
BygY4grYDr,2020,nan,low,0.000000,0.999996,0.000004,0.999996,-0.999996
Byes0TNFDS,2020,nan,unknown,0.000000,0.000000,1.000000,0.000000,-0.000000
Byg5KyHYwr,2020,nan,unknown,0.000000,0.000000,1.000000,0.000000,-0.000000
ByeWogStDS,2020,nan,unknown,0.000000,0.000000,1.000000,0.000000,-0.000000
Byekm0VtwS,2020,nan,unknown,0.000000,0.000000,1.000000,0.000000,-0.000000
Byg9AR4YDB,2020,nan,low,0.000000,0.999992,0.000008,0.999992,-0.999992
ByeqyxBKvS,2020,nan,unknown,0.000000,0.000000,1.000000,0.000000,-0.000000
BygIjTNtPr,2020,nan,unknown,0.000000,0.000000,1.000000,0.000000,-0.000000
ByexElSYDr,2020,nan,unknown,0.000000,0.000000,1.000000,0.000000,-0.000000
ByeMPlHKPH,2020,nan,low,0.000000,1.000000,0.000000,1.000000,-1.000000
ByeL1R4FvS,2020,nan,high,1.000000,0.000000,0.000000,1.000000,1.000000
Byeq_xHtwS,2020,nan,unknown,0.000000,0.000000,1.000000,0.000000,-0.000000
ByeUBANtvB,2020,nan,unknown,0.000000,0.000000,1.000000,0.000000,-0.000000
ByeNra4FDB,2020,nan,unknown,0.000000,0.000000,1.000000,0.000000,-0.000000
ByeAK1BKPB,2020,nan,low,0.000000,0.999998,0.000002,0.999998,-0.999998
ByePEC4KDS,2020,nan,unknown,0.000000,0.000000,1.000000,0.000000,-0.000000
Bye2uJHYwr,2020,nan,unknown,0.000000,0.000000,1.000000,0.000000,-0.000000
ByeDl1BYvH,2020,nan,unknown,0.000000,0.000000,1.000000,0.000000,-0.000000
Bkxv90EKPB,2020,nan,unknown,0.000000,0.000000,1.000000,0.000000,-0.000000
ByeSYa4KPS,2020,nan,unknown,0.000000,0.000000,1.000000,0.000000,-0.000000
ByeGzlrKwH,2020,nan,unknown,0.000000,0.000000,1.000000,0.000000,-0.000000
ByeadyrtPB,2020,nan,unknown,0.000000,0.000000,1.000000,0.000000,-0.000000
Bye6weHFvB,2020,nan,unknown,0.000000,0.000000,1.000000,0.000000,-0.000000
ByedzkrKvH,2020,nan,low,0.000000,0.999998,0.000002,0.999998,-0.999998
BkxpMTEtPB,2020,nan,unknown,0.000000,0.000000,1.000000,0.000000,-0.000000
Bye3P1BYwr,2020,nan,unknown,0.000000,0.000000,1.000000,0.000000,-0.000000
BkxfaTVFwH,2020,nan,unknown,0.000000,0.000000,1.000000,0.000000,-0.000000
Bye4iaEFwr,2020,nan,low,0.000000,0.999998,0.000002,0.999998,-0.999998
BkxthxHYvr,2020,nan,unknown,0.000000,0.000000,1.000000,0.000000,-0.000000
ByeVWkBYPH,2020,nan,low,0.000000,0.999999,0.000000,0.999999,-0.999999
BkxadR4KvS,2020,nan,unknown,0.000000,0.000000,1.000000,0.000000,-0.000000
BkxgrAVFwH,2020,nan,unknown,0.000000,0.000000,1.000000,0.000000,-0.000000
Bye-sxHFwB,2020,nan,unknown,0.000000,0.000000,1.000000,0.000000,-0.000000
BkxdqA4tvB,2020,nan,unknown,0.000000,0.000000,1.000000,0.000000,-0.000000
BkxzsT4Yvr,2020,nan,unknown,0.000000,0.000000,1.000000,0.000000,-0.000000
BkxtNaEYDr,2020,nan,unknown,0.000000,0.000000,1.000000,0.000000,-0.000000
Bye8hREtvB,2020,nan,unknown,0.000000,0.000000,1.000000,0.000000,-0.000000
BkxDxJHFDr,2020,nan,low,0.000000,1.000000,0.000000,1.000000,-1.000000
BkxfshNYwB,2020,nan,low,0.000000,0.999998,0.000002,0.999998,-0.999998
BkxREeHKPS,2020,nan,unknown,0.000000,0.000000,1.000000,0.000000,-0.000000
BkxUvnEYDH,2020,nan,unknown,0.000000,0.000000,1.000000,0.000000,-0.000000
BkxXe0Etwr,2020,nan,low,0.000000,0.999995,0.000005,0.999995,-0.999995
Bkx29TVFPr,2020,nan,unknown,0.000000,0.000000,1.000000,0.000000,-0.000000
BkxDthVtvS,2020,nan,unknown,0.000000,0.000000,1.000000,0.000000,-0.000000
BkxFi2VYvS,2020,nan,unknown,0.000000,0.000000,1.000000,0.000000,-0.000000
Bkx4AJSFvB,2020,nan,unknown,0.000000,0.000000,1.000000,0.000000,-0.000000
Bkxe2AVtPS,2020,nan,low,0.000000,1.000000,0.000000,1.000000,-1.000000
BkxSmlBFvr,2020,nan,unknown,0.000000,0.000000,1.000000,0.000000,-0.000000
Bklu2grKwB,2020,nan,unknown,0.000000,0.000000,1.000000,0.000000,-0.000000
BklxN0NtvB,2020,nan,unknown,0.000000,0.000000,1.000000,0.000000,-0.000000
BkluqlSFDS,2020,nan,low,0.000000,1.000000,0.000000,1.000000,-1.000000
BkxA5lBFvH,2020,nan,unknown,0.000000,0.000000,1.000000,0.000000,-0.000000
Bklr0kBKvB,2020,nan,unknown,0.000000,0.000000,1.000000,0.000000,-0.000000
Bklrea4KwS,2020,nan,unknown,0.000000,0.000000,1.000000,0.000000,-0.000000
BklsagBYPS,2020,nan,low,0.000000,0.999999,0.000001,0.999999,-0.999999
Bkln2a4tPB,2020,nan,unknown,0.000000,0.000000,1.000000,0.000000,-0.000000
BkllBpEKDH,2020,nan,unknown,0.000000,0.000000,1.000000,0.000000,-0.000000
BklmtJBKDB,2020,nan,unknown,0.000000,0.000000,1.000000,0.000000,-0.000000
BklfR3EYDH,2020,nan,unknown,0.000000,0.000000,1.000000,0.000000,-0.000000
BklXkCNYDB,2020,nan,unknown,0.000000,0.000000,1.000000,0.000000,-0.000000
BklekANtwr,2020,nan,unknown,0.000000,0.000000,1.000000,0.000000,-0.000000
BklWt24tvH,2020,nan,unknown,0.000000,0.000000,1.000000,0.000000,-0.000000
ByeaXeBFvH,2020,nan,low,0.000000,0.999999,0.000001,0.999999,-0.999999
BkleBaVFwB,2020,nan,unknown,0.000000,0.000000,1.000000,0.000000,-0.000000
Bkle6T4YvB,2020,nan,unknown,0.000000,0.000000,1.000000,0.000000,-0.000000
BklRFpVKPH,2020,nan,unknown,0.000000,0.000000,1.000000,0.000000,-0.000000
BklTQCEtwH,2020,nan,unknown,0.000000,0.000000,1.000000,0.000000,-0.000000
BklVA2NYvH,2020,nan,unknown,0.000000,0.000000,1.000000,0.000000,-0.000000
BklMDCVtvr,2020,nan,unknown,0.000000,0.000000,1.000000,0.000000,-0.000000
BklSv34KvB,2020,nan,low,0.000000,0.999997,0.000003,0.999997,-0.999997
BklSwn4tDH,2020,nan,unknown,0.000000,0.000000,1.000000,0.000000,-0.000000
BklEF3VFPB,2020,nan,unknown,0.000000,0.000000,1.000000,0.000000,-0.000000
BklOXeBFDS,2020,nan,unknown,0.000000,0.000000,1.000000,0.000000,-0.000000
BklHF6VtPB,2020,nan,unknown,0.000000,0.000000,1.000000,0.000000,-0.000000
BklDO1HYPS,2020,nan,unknown,0.000000,0.000000,1.000000,0.000000,-0.000000
BklC2RNKDS,2020,nan,unknown,0.000000,0.000000,1.000000,0.000000,-0.000000
Bkxonh4Ywr,2020,nan,unknown,0.000000,0.000000,1.000000,0.000000,-0.000000
BklxI0VtDB,2020,nan,unknown,0.000000,0.000000,1.000000,0.000000,-0.000000
BkxoglrtvH,2020,nan,unknown,0.000000,0.000000,1.000000,0.000000,-0.000000
BklEFpEYwS,2020,nan,unknown,0.000000,0.000000,1.000000,0.000000,-0.000000
Bkxd9JBYPH,2020,nan,unknown,0.000000,0.000000,1.000000,0.000000,-0.000000
BkxGAREYwB,2020,nan,unknown,0.000000,0.000000,1.000000,0.000000,-0.000000
Bkl5kxrKDr,2020,nan,unknown,0.000000,0.000000,1.000000,0.000000,-0.000000
BkgzqRVFDr,2020,nan,unknown,0.000000,0.000000,1.000000,0.000000,-0.000000
Bkgwp3NtDH,2020,nan,unknown,0.000000,0.000000,1.000000,0.000000,-0.000000
BkxRRkSKwr,2020,nan,unknown,0.000000,0.000000,1.000000,0.000000,-0.000000
Bkl2UlrFwr,2020,nan,unknown,0.000000,0.000000,1.000000,0.000000,-0.000000
BkgzMCVtPB,2020,nan,unknown,0.000000,0.000000,1.000000,0.000000,-0.000000
BkgqL0EtPH,2020,nan,unknown,0.000000,0.000000,1.000000,0.000000,-0.000000
BkxX30EFPS,2020,nan,unknown,0.000000,0.000000,1.000000,0.000000,-0.000000
Bkx1mxSKvB,2020,nan,unknown,0.000000,0.000000,1.000000,0.000000,-0.000000
BkgqExrYvS,2020,nan,low,0.000000,1.000000,0.000000,1.000000,-1.000000
BklLVAEKvH,2020,nan,unknown,0.000000,0.000000,1.000000,0.000000,-0.000000
Bkgk624KDB,2020,nan,unknown,0.000000,0.000000,1.000000,0.000000,-0.000000
BkgnhTEtDS,2020,nan,unknown,0.000000,0.000000,1.000000,0.000000,-0.000000
BkggGREKvS,2020,nan,low,0.000000,0.999997,0.000003,0.999997,-0.999997
Bklg1grtDr,2020,nan,unknown,0.000000,0.000000,1.000000,0.000000,-0.000000
BkglSTNFDB,2020,nan,unknown,0.000000,0.000000,1.000000,0.000000,-0.000000
BkgrBgSYDS,2020,nan,unknown,0.000000,0.000000,1.000000,0.000000,-0.000000
Bkx5XyrtPS,2020,nan,unknown,0.000000,0.000000,1.000000,0.000000,-0.000000
BkgZSCEtvr,2020,nan,unknown,0.000000,0.000000,1.000000,0.000000,-0.000000
BkgZxpVFvH,2020,nan,unknown,0.000000,0.000000,1.000000,0.000000,-0.000000
BkgeQ1BYwS,2020,nan,unknown,0.000000,0.000000,1.000000,0.000000,-0.000000
BkgUB1SYPS,2020,nan,unknown,0.000000,0.000000,1.000000,0.000000,-0.000000
BkgStySKPB,2020,nan,high,1.000000,0.000000,0.000000,1.000000,1.000000
BkgRe1SFDS,2020,nan,unknown,0.000000,0.000000,1.000000,0.000000,-0.000000
BkghKgStPH,2020,nan,unknown,0.000000,0.000000,1.000000,0.000000,-0.000000
BkgXT24tDS,2020,nan,low,0.000000,1.000000,0.000000,1.000000,-1.000000
BkgXHTNtvS,2020,nan,unknown,0.000000,0.000000,1.000000,0.000000,-0.000000
Bkgq9ANKvB,2020,nan,low,0.000000,1.000000,0.000000,1.000000,-1.000000
BklBp6EYvB,2020,nan,unknown,0.000000,0.000000,1.000000,0.000000,-0.000000
BkgF4kSFPB,2020,nan,unknown,0.000000,0.000000,1.000000,0.000000,-0.000000
BkgYPREtPr,2020,nan,low,0.000000,1.000000,0.000000,1.000000,-1.000000
BkgWahEFvr,2020,nan,unknown,0.000000,0.000000,1.000000,0.000000,-0.000000
BkxackSKvH,2020,nan,unknown,0.000000,0.000000,1.000000,0.000000,-0.000000
BklhsgSFvB,2020,nan,unknown,0.000000,0.000000,1.000000,0.000000,-0.000000
BkljIlHtvS,2020,nan,unknown,0.000000,0.000000,1.000000,0.000000,-0.000000
Bkl7bREtDr,2020,nan,unknown,0.000000,0.000000,1.000000,0.000000,-0.000000
Bkl086VYvH,2020,nan,unknown,0.000000,0.000000,1.000000,0.000000,-0.000000
Bkga90VKDB,2020,nan,unknown,0.000000,0.000003,0.999997,0.000003,-0.000003
BkgOM1rKvr,2020,nan,unknown,0.000000,0.000000,1.000000,0.000000,-0.000000
BkgMbCVFvr,2020,nan,low,0.000000,0.999987,0.000013,0.999987,-0.999987
BkgHWkrtPB,2020,nan,unknown,0.000000,0.000000,1.000000,0.000000,-0.000000
BkgTwRNtPB,2020,nan,low,0.000000,0.999512,0.000488,0.999512,-0.999512
BkgM7xHYwH,2020,nan,unknown,0.000000,0.000000,1.000000,0.000000,-0.000000
BklIxyHKDr,2020,nan,unknown,0.000000,0.000000,1.000000,0.000000,-0.000000
BkgNqkHFPr,2020,nan,unknown,0.000000,0.000000,1.000000,0.000000,-0.000000
BkgCv1HYvB,2020,nan,unknown,0.000000,0.000000,1.000000,0.000000,-0.000000
BkepbpNFwr,2020,nan,unknown,0.000000,0.000000,1.000000,0.000000,-0.000000
Bkg75aVKDH,2020,nan,unknown,0.000000,0.000000,1.000000,0.000000,-0.000000
Bkel6ertwS,2020,nan,unknown,0.000000,0.000000,1.000000,0.000000,-0.000000
BkgGJlBFPS,2020,nan,unknown,0.000000,0.000000,1.000000,0.000000,-0.000000
Bkg5LgrYwS,2020,nan,unknown,0.000000,0.000000,1.000000,0.000000,-0.000000
Bkg0u3Etwr,2020,nan,low,0.000000,0.999981,0.000019,0.999981,-0.999981
Bkel1krKPS,2020,nan,unknown,0.000000,0.000000,1.000000,0.000000,-0.000000
Bkf4XgrKvS,2020,nan,unknown,0.000000,0.000000,1.000000,0.000000,-0.000000
BkeyOxrYwH,2020,nan,unknown,0.000000,0.000003,0.999997,0.000003,-0.000003
BkeaxAEKvB,2020,nan,unknown,0.000000,0.000000,1.000000,0.000000,-0.000000
BkevoJSYPB,2020,nan,unknown,0.000000,0.000000,1.000000,0.000000,-0.000000
Bkeeca4Kvr,2020,nan,unknown,0.000000,0.000000,1.000000,0.000000,-0.000000
Bke_DertPB,2020,nan,unknown,0.000000,0.000000,1.000000,0.000000,-0.000000
BkeMXR4KvS,2020,nan,low,0.000000,1.000000,0.000000,1.000000,-1.000000
Bkl8YR4YDB,2020,nan,unknown,0.000000,0.000000,1.000000,0.000000,-0.000000
BkeoaeHKDS,2020,nan,unknown,0.000000,0.000000,1.000000,0.000000,-0.000000
BkeYdyHYPS,2020,nan,unknown,0.000000,0.000000,1.000000,0.000000,-0.000000
Bke6vTVYwH,2020,nan,unknown,0.000000,0.000000,1.000000,0.000000,-0.000000
BkePneStwH,2020,nan,low,0.000000,1.000000,0.000000,1.000000,-1.000000
BkeOp6EKDH,2020,nan,low,0.000000,1.000000,0.000000,1.000000,-1.000000
BkeJm6VtPH,2020,nan,unknown,0.000000,0.000000,1.000000,0.000000,-0.000000
BkeDGJBKvB,2020,nan,unknown,0.000000,0.000000,1.000000,0.000000,-0.000000
BkeYSlrYwH,2020,nan,unknown,0.000000,0.000000,1.000000,0.000000,-0.000000
Bke8764twr,2020,nan,unknown,0.000000,0.000000,1.000000,0.000000,-0.000000
Bkeb7lHtvH,2020,nan,unknown,0.000000,0.000000,1.000000,0.000000,-0.000000
BJxt2aVFPr,2020,nan,unknown,0.000000,0.000000,1.000000,0.000000,-0.000000
BkeGPJrtwB,2020,nan,low,0.000000,0.999991,0.000008,0.999991,-0.999991
BkePHaVKwS,2020,nan,unknown,0.000000,0.000000,1.000000,0.000000,-0.000000
Bke13pVKPS,2020,nan,unknown,0.000000,0.000000,1.000000,0.000000,-0.000000
Bke7MANKvS,2020,nan,unknown,0.000000,0.000001,0.999999,0.000001,-0.000001
BJxyzxrYPH,2020,nan,unknown,0.000000,0.000000,1.000000,0.000000,-0.000000
BkexaxBKPB,2020,nan,unknown,0.000000,0.000000,1.000000,0.000000,-0.000000
BkeHt34Fwr,2020,nan,unknown,0.000000,0.000000,1.000000,0.000000,-0.000000
BkeqATVYwr,2020,nan,unknown,0.000000,0.000001,0.999999,0.000001,-0.000001
Bke61krFvS,2020,nan,unknown,0.000000,0.000000,1.000000,0.000000,-0.000000
BJxsrgStvr,2020,nan,high,1.000000,0.000000,0.000000,1.000000,1.000000
BJxqohNFPB,2020,nan,unknown,0.000000,0.000000,1.000000,0.000000,-0.000000
BkeWw6VFwr,2020,nan,unknown,0.000000,0.000000,1.000000,0.000000,-0.000000
Bke8UR4FPB,2020,nan,unknown,0.000000,0.000001,0.999999,0.000001,-0.000001
BkeaEyBYDB,2020,nan,unknown,0.000000,0.000000,1.000000,0.000000,-0.000000
BJxvH1BtDS,2020,nan,unknown,0.000000,0.000000,1.000000,0.000000,-0.000000
Bke89JBtvB,2020,nan,unknown,0.000000,0.000000,1.000000,0.000000,-0.000000
BJxg_hVtwH,2020,nan,low,0.000000,1.000000,0.000000,1.000000,-1.000000
BJxkOlSYDH,2020,nan,unknown,0.000000,0.000000,1.000000,0.000000,-0.000000
BJxeHyrKPB,2020,nan,unknown,0.000000,0.000000,1.000000,0.000000,-0.000000
BJxwPJHFwS,2020,nan,low,0.000000,1.000000,0.000000,1.000000,-1.000000
BJx_JAVKDB,2020,nan,unknown,0.000000,0.000000,1.000000,0.000000,-0.000000
BJxt60VtPr,2020,nan,unknown,0.000000,0.000000,1.000000,0.000000,-0.000000
BJxiqxSYPB,2020,nan,unknown,0.000000,0.000000,1.000000,0.000000,-0.000000
BJxbOlSKPr,2020,nan,unknown,0.000000,0.000000,1.000000,0.000000,-0.000000
BJxWx0NYPr,2020,nan,unknown,0.000000,0.000000,1.000000,0.000000,-0.000000
BJxYUaVtPB,2020,nan,unknown,0.000000,0.000000,1.000000,0.000000,-0.000000
BJxQxeBYwH,2020,nan,high,1.000000,0.000000,0.000000,1.000000,1.000000
BJxVT3EKDH,2020,nan,low,0.000000,0.999999,0.000001,0.999999,-0.999999
BJxH22EKPS,2020,nan,unknown,0.000000,0.000001,1.000000,0.000001,-0.000001
BJxlmeBKwS,2020,nan,unknown,0.000000,0.000000,1.000000,0.000000,-0.000000
BJxSI1SKDH,2020,nan,unknown,0.000000,0.000000,1.000000,0.000000,-0.000000
BJxGan4FPB,2020,nan,unknown,0.000000,0.000000,1.000000,0.000000,-0.000000
BJx040EFvH,2020,nan,high,1.000000,0.000000,0.000000,1.000000,1.000000
Bke02gHYwB,2020,nan,low,0.000000,0.999998,0.000002,0.999998,-0.999998
BJxDNxSFDH,2020,nan,unknown,0.000000,0.000000,1.000000,0.000000,-0.000000
BJxG_0EtDS,2020,nan,unknown,0.000000,0.000000,1.000000,0.000000,-0.000000
BJx7N1SKvB,2020,nan,unknown,0.000000,0.000000,1.000000,0.000000,-0.000000
BJx4rerFwB,2020,nan,low,0.000000,1.000000,0.000000,1.000000,-1.000000
Bke-6pVKvB,2020,nan,unknown,0.000000,0.000000,1.000000,0.000000,-0.000000
BJx8YnEFPH,2020,nan,unknown,0.000000,0.000000,1.000000,0.000000,-0.000000
BJlyi64FvB,2020,nan,unknown,0.000000,0.000000,1.000000,0.000000,-0.000000
BJxSWeSYPB,2020,nan,unknown,0.000000,0.000000,1.000000,0.000000,-0.000000
BJx8Fh4KPB,2020,nan,unknown,0.000000,0.000000,1.000000,0.000000,-0.000000
BJlowyHYPr,2020,nan,low,0.000000,1.000000,0.000000,1.000000,-1.000000
BJlrF24twB,2020,nan,low,0.000000,1.000000,0.000000,1.000000,-1.000000
BJxAHgSYDB,2020,nan,unknown,0.000000,0.000000,1.000000,0.000000,-0.000000
BJxVI04YvB,2020,nan,unknown,0.000000,0.000000,1.000000,0.000000,-0.000000
BJx-ZeSKDB,2020,nan,unknown,0.000000,0.000000,1.000000,0.000000,-0.000000
BJx3_0VKPB,2020,nan,low,0.000000,0.999974,0.000026,0.999974,-0.999974
BJlisySYPS,2020,nan,unknown,0.000000,0.000000,1.000000,0.000000,-0.000000
BJlnmgrFvS,2020,nan,low,0.000000,1.000000,0.000000,1.000000,-1.000000
BJlrZyrKDB,2020,nan,unknown,0.000000,0.000000,1.000000,0.000000,-0.000000
BJlxdCVKDB,2020,nan,low,0.000000,0.999998,0.000002,0.999998,-0.999998
BJlzm64tDH,2020,nan,unknown,0.000000,0.000001,0.999999,0.000001,-0.000001
BJxI5gHKDr,2020,nan,unknown,0.000000,0.000000,1.000000,0.000000,-0.000000
BJluxREKDB,2020,nan,low,0.000000,0.999999,0.000001,0.999999,-0.999999
BJlXgkHYvS,2020,nan,unknown,0.000000,0.000000,1.000000,0.000000,-0.000000
BJliakStvH,2020,nan,unknown,0.000000,0.000000,1.000000,0.000000,-0.000000
BJxnIxSKDr,2020,nan,low,0.000000,1.000000,0.000000,1.000000,-1.000000
BJlkgaNKvr,2020,nan,unknown,0.000000,0.000000,1.000000,0.000000,-0.000000
BJlgt2EYwr,2020,nan,low,0.000000,1.000000,0.000000,1.000000,-1.000000
BJleph4KvS,2020,nan,low,0.000000,1.000000,0.000000,1.000000,-1.000000
BJlS634tPr,2020,nan,low,0.000000,1.000000,0.000000,1.000000,-1.000000
BJlVeyHFwH,2020,nan,unknown,0.000000,0.000005,0.999995,0.000005,-0.000005
BJlahxHYDS,2020,nan,unknown,0.000000,0.000000,1.000000,0.000000,-0.000000
BJlqYlrtPB,2020,nan,low,0.000000,0.999976,0.000024,0.999976,-0.999976
BJlSPRVFwS,2020,nan,unknown,0.000000,0.000000,1.000000,0.000000,-0.000000
BJlZ5ySKPH,2020,nan,high,0.999898,0.000096,0.000006,0.999994,0.999802
BJlaG0VFDH,2020,nan,unknown,0.000000,0.000001,0.999999,0.000001,-0.000001
BJlbo6VtDH,2020,nan,unknown,0.000000,0.000000,1.000000,0.000000,-0.000000
BJlBSkHtDS,2020,nan,low,0.000000,1.000000,0.000000,1.000000,-1.000000
BJlOcR4KwS,2020,nan,unknown,0.000000,0.000000,1.000000,0.000000,-0.000000
BJlQtJSKDB,2020,nan,unknown,0.000000,0.000000,1.000000,0.000000,-0.000000
BJlLvnEtDB,2020,nan,unknown,0.000000,0.000000,1.000000,0.000000,-0.000000
BJlPLlrFvH,2020,nan,unknown,0.000000,0.000000,1.000000,0.000000,-0.000000
BJlLdhNFPr,2020,nan,unknown,0.000000,0.000000,1.000000,0.000000,-0.000000
BJl7mxBYvB,2020,nan,unknown,0.000000,0.000000,1.000000,0.000000,-0.000000
BJl4g0NYvB,2020,nan,unknown,0.000000,0.000000,1.000000,0.000000,-0.000000
BJlPOlBKDB,2020,nan,unknown,0.000000,0.000000,1.000000,0.000000,-0.000000
BJl9ZTVKwB,2020,nan,unknown,0.000000,0.000000,1.000000,0.000000,-0.000000
BJl8ZlHFwr,2020,nan,unknown,0.000000,0.000000,1.000000,0.000000,-0.000000
BJlJVCEYDB,2020,nan,unknown,0.000000,0.000000,1.000000,0.000000,-0.000000
BJlEEaEFDS,2020,nan,unknown,0.000000,0.000000,1.000000,0.000000,-0.000000
BJlguT4YPr,2020,nan,unknown,0.000000,0.000000,1.000000,0.000000,-0.000000
BJl2_nVFPB,2020,nan,unknown,0.000000,0.000000,1.000000,0.000000,-0.000000
BJgza6VtPB,2020,nan,low,0.000000,1.000000,0.000000,1.000000,-1.000000
BJlITC4KDB,2020,nan,high,0.999999,0.000001,0.000000,0.999999,0.999998
BJlNs0VYPB,2020,nan,low,0.000000,0.999954,0.000046,0.999954,-0.999954
BJglA3NKwS,2020,nan,unknown,0.000000,0.000000,1.000000,0.000000,-0.000000
BJl6bANtwH,2020,nan,unknown,0.000000,0.000000,1.000000,0.000000,-0.000000
BJlRs34Fvr,2020,nan,unknown,0.000000,0.000000,1.000000,0.000000,-0.000000
BJgy96EYvr,2020,nan,unknown,0.000000,0.000000,1.000000,0.000000,-0.000000
BJgnXpVYwS,2020,nan,unknown,0.000000,0.000000,1.000000,0.000000,-0.000000
BJgyn1BFwS,2020,nan,unknown,0.000000,0.000000,1.000000,0.000000,-0.000000
BJl-5pNKDB,2020,nan,unknown,0.000000,0.000000,1.000000,0.000000,-0.000000
BJlAzTEKwS,2020,nan,unknown,0.000000,0.000000,1.000000,0.000000,-0.000000
BJl07ySKvS,2020,nan,unknown,0.000000,0.000000,1.000000,0.000000,-0.000000
BJgqQ6NYvB,2020,nan,low,0.000000,1.000000,0.000000,1.000000,-1.000000
BJgdOh4Ywr,2020,nan,unknown,0.000000,0.000000,1.000000,0.000000,-0.000000
BJgd81SYwr,2020,nan,unknown,0.000000,0.000000,1.000000,0.000000,-0.000000
BJgkbyHKDS,2020,nan,unknown,0.000000,0.000000,1.000000,0.000000,-0.000000
BJgxzlSFvr,2020,nan,unknown,0.000000,0.000000,1.000000,0.000000,-0.000000
BJlA6eBtvH,2020,nan,low,0.000000,1.000000,0.000000,1.000000,-1.000000
BJl6t64tvr,2020,nan,low,0.000000,0.999964,0.000035,0.999964,-0.999964
BJgcwh4FwS,2020,nan,unknown,0.000000,0.000000,1.000000,0.000000,-0.000000
BJgZGeHFPH,2020,nan,unknown,0.000000,0.000000,1.000000,0.000000,-0.000000
BJgMFxrYPB,2020,nan,unknown,0.000000,0.000000,1.000000,0.000000,-0.000000
BJgAf6Etwr,2020,nan,unknown,0.000000,0.000000,1.000000,0.000000,-0.000000
BJgr4kSFDS,2020,nan,high,1.000000,0.000000,0.000000,1.000000,1.000000
BJg_2JHKvH,2020,nan,unknown,0.000000,0.000000,1.000000,0.000000,-0.000000
BJgWE1SFwS,2020,nan,unknown,0.000000,0.000000,1.000000,0.000000,-0.000000
BJgEd6NYPH,2020,nan,unknown,0.000000,0.000000,1.000000,0.000000,-0.000000
BJg7x1HFvB,2020,nan,high,1.000000,0.000000,0.000000,1.000000,1.000000
BJge3TNKwH,2020,nan,unknown,0.000000,0.000001,0.999999,0.000001,-0.000001
BJgWbpEtPr,2020,nan,unknown,0.000000,0.000000,1.000000,0.000000,-0.000000
BJgctpEKwr,2020,nan,low,0.000000,0.999985,0.000015,0.999985,-0.999985
BJgZBxBYPB,2020,nan,unknown,0.000000,0.000000,1.000000,0.000000,-0.000000
BJg4NgBKvH,2020,nan,low,0.000000,1.000000,0.000000,1.000000,-1.000000
BJg73xHtvr,2020,nan,unknown,0.000000,0.000000,1.000000,0.000000,-0.000000
BJg8_xHtPr,2020,nan,unknown,0.000000,0.000000,1.000000,0.000000,-0.000000
BJg866NFvB,2020,nan,unknown,0.000000,0.000000,1.000000,0.000000,-0.000000
BJewlyStDr,2020,nan,unknown,0.000000,0.000000,1.000000,0.000000,-0.000000
BJg9hTNKPH,2020,nan,unknown,0.000000,0.000000,1.000000,0.000000,-0.000000
BJg1f6EFDB,2020,nan,unknown,0.000000,0.000000,1.000000,0.000000,-0.000000
BJg1fgBYwH,2020,nan,unknown,0.000000,0.000000,1.000000,0.000000,-0.000000
BJevJCVYvB,2020,nan,unknown,0.000000,0.000000,1.000000,0.000000,-0.000000
BJgRsyBtPB,2020,nan,low,0.000000,0.999999,0.000001,0.999999,-0.999999
BJgQ4lSFPH,2020,nan,low,0.000000,1.000000,0.000000,1.000000,-1.000000
BJes_xStwS,2020,nan,unknown,0.000000,0.000000,1.000000,0.000000,-0.000000
BJgNJgSFPS,2020,nan,unknown,0.000000,0.000000,1.000000,0.000000,-0.000000
BJevihVtwB,2020,nan,unknown,0.000000,0.000000,1.000000,0.000000,-0.000000
BJgQfkSYDS,2020,nan,unknown,0.000000,0.000000,1.000000,0.000000,-0.000000
BJg641BKPH,2020,nan,low,0.000000,1.000000,0.000000,1.000000,-1.000000
BJedt6VKPS,2020,nan,unknown,0.000000,0.000000,1.000000,0.000000,-0.000000
BJena3VtwS,2020,nan,high,1.000000,0.000000,0.000000,1.000000,1.000000
BJexP6VKwH,2020,nan,unknown,0.000000,0.000000,1.000000,0.000000,-0.000000
BJeXaJHKvB,2020,nan,low,0.000000,0.999999,0.000001,0.999999,-0.999999
BJepcaEtwB,2020,nan,unknown,0.000000,0.000000,1.000000,0.000000,-0.000000
BJgLpaEtDS,2020,nan,low,0.000000,0.999988,0.000012,0.999988,-0.999988
BJeguTEKDB,2020,nan,unknown,0.000000,0.000000,1.000000,0.000000,-0.000000
BJeWVpNtwr,2020,nan,unknown,0.000000,0.000000,1.000000,0.000000,-0.000000
BJepq2VtDB,2020,nan,unknown,0.000000,0.000000,1.000000,0.000000,-0.000000
BJeKh3VYDH,2020,nan,unknown,0.000000,0.000000,1.000000,0.000000,-0.000000
BJeTCAEtDB,2020,nan,low,0.000000,0.999994,0.000005,0.999994,-0.999994
BJeuKnEtDH,2020,nan,low,0.000000,0.999447,0.000553,0.999447,-0.999447
BJe8pkHFwS,2020,nan,high,1.000000,0.000000,0.000000,1.000000,1.000000
BJeKwTNFvB,2020,nan,unknown,0.000000,0.000000,1.000000,0.000000,-0.000000
BJeFQ0NtPS,2020,nan,high,1.000000,0.000000,0.000000,1.000000,1.000000
BJeGlJStPr,2020,nan,unknown,0.000000,0.000000,1.000000,0.000000,-0.000000
BJe932EYwS,2020,nan,low,0.000000,1.000000,0.000000,1.000000,-1.000000
BJeS62EtwH,2020,nan,unknown,0.000000,0.000000,1.000000,0.000000,-0.000000
BJe7h34YDS,2020,nan,unknown,0.000000,0.000000,1.000000,0.000000,-0.000000
BJeVklHtPr,2020,nan,low,0.000000,1.000000,0.000000,1.000000,-1.000000
BJeB5hVtvB,2020,nan,unknown,0.000000,0.000000,1.000000,0.000000,-0.000000
BJedHRVtPB,2020,nan,low,0.000000,1.000000,0.000000,1.000000,-1.000000
BJe1334YDH,2020,nan,unknown,0.000000,0.000000,1.000000,0.000000,-0.000000
BJe55gBtvH,2020,nan,low,0.000000,1.000000,0.000000,1.000000,-1.000000
BJe4JJBYwS,2020,nan,unknown,0.000000,0.000000,1.000000,0.000000,-0.000000
BJerUCEtPB,2020,nan,unknown,0.000000,0.000000,1.000000,0.000000,-0.000000
BJeRykBKDH,2020,nan,low,0.000000,0.999704,0.000296,0.999704,-0.999704
BJeAHkrYDS,2020,nan,unknown,0.000000,0.000000,1.000000,0.000000,-0.000000
BJeGZxrFvS,2020,nan,low,0.000000,0.999999,0.000001,0.999999,-0.999999
BJeUs3VFPH,2020,nan,unknown,0.000000,0.000000,1.000000,0.000000,-0.000000
BJe4PyrFvB,2020,nan,unknown,0.000000,0.000000,1.000000,0.000000,-0.000000
BJe-unNYPr,2020,nan,unknown,0.000000,0.000000,1.000000,0.000000,-0.000000
B1xybgSKwB,2020,nan,unknown,0.000000,0.000000,1.000000,0.000000,-0.000000
B1xwcyHFDr,2020,nan,unknown,0.000000,0.000000,1.000000,0.000000,-0.000000
B1xv9pEKDS,2020,nan,unknown,0.000000,0.000000,1.000000,0.000000,-0.000000
BJg15lrKvS,2020,nan,unknown,0.000006,0.000000,0.000000,0.000006,0.000006
B1xoserKPH,2020,nan,unknown,0.000000,0.000000,1.000000,0.000000,-0.000000
B1xmOgrFPS,2020,nan,low,0.000000,1.000000,0.000000,1.000000,-1.000000
B1xw9n4Kwr,2020,nan,low,0.000000,0.999997,0.000003,0.999997,-0.999997
B1xq264YvH,2020,nan,unknown,0.000000,0.000000,1.000000,0.000000,-0.000000
B1xtd1HtPS,2020,nan,low,0.000000,1.000000,0.000000,1.000000,-1.000000
BJe-91BtvH,2020,nan,unknown,0.000000,0.000000,1.000000,0.000000,-0.000000
B1xu6yStPH,2020,nan,unknown,0.000000,0.000000,1.000000,0.000000,-0.000000
B1xm3RVtwB,2020,nan,unknown,0.000000,0.000000,1.000000,0.000000,-0.000000
B1xpI1BFDS,2020,nan,unknown,0.000000,0.000000,1.000000,0.000000,-0.000000
B1xeZJHKPB,2020,nan,unknown,0.000000,0.000000,1.000000,0.000000,-0.000000
B1xfElrKPr,2020,nan,unknown,0.000000,0.000000,1.000000,0.000000,-0.000000
BJeGA6VtPS,2020,nan,low,0.000000,0.999999,0.000001,0.999999,-0.999999
B1xtFpVtvB,2020,nan,unknown,0.000000,0.000000,1.000000,0.000000,-0.000000
BJe4V1HFPr,2020,nan,unknown,0.000000,0.000000,1.000000,0.000000,-0.000000
B1xbTlBKwB,2020,nan,unknown,0.000000,0.000000,1.000000,0.000000,-0.000000
B1xxAJHFwS,2020,nan,unknown,0.000000,0.000000,1.000000,0.000000,-0.000000
B1xcLJrYwH,2020,nan,unknown,0.000000,0.000000,1.000000,0.000000,-0.000000
B1xMEerYvB,2020,nan,unknown,0.000000,0.000000,1.000000,0.000000,-0.000000
B1x6w0EtwH,2020,nan,unknown,0.000000,0.000000,1.000000,0.000000,-0.000000
B1x8anVFPr,2020,nan,high,1.000000,0.000000,0.000000,1.000000,1.000000
B1xSperKvH,2020,nan,unknown,0.000000,0.000000,1.000000,0.000000,-0.000000
B1xRGkHYDS,2020,nan,unknown,0.000000,0.000000,1.000000,0.000000,-0.000000
B1xwv1StvS,2020,nan,unknown,0.000000,0.000000,1.000000,0.000000,-0.000000
B1xZD1rtPr,2020,nan,unknown,0.000000,0.000000,1.000000,0.000000,-0.000000
BJe-_CNKPH,2020,nan,unknown,0.000000,0.000000,1.000000,0.000000,-0.000000
B1xhpa4FvS,2020,nan,unknown,0.000000,0.000000,1.000000,0.000000,-0.000000
B1xGGTEtDH,2020,nan,unknown,0.000000,0.000000,1.000000,0.000000,-0.000000
B1xGxgSYvH,2020,nan,unknown,0.000000,0.000000,1.000000,0.000000,-0.000000
B1xewR4KvH,2020,nan,unknown,0.000000,0.000000,1.000000,0.000000,-0.000000
B1x996EKPS,2020,nan,unknown,0.000000,0.000000,1.000000,0.000000,-0.000000
B1x1ma4tDr,2020,nan,high,1.000000,0.000000,0.000000,1.000000,1.000000
B1xIj3VYvr,2020,nan,unknown,0.000000,0.000000,1.000000,0.000000,-0.000000
B1x2eCNFvH,2020,nan,unknown,0.000000,0.000000,1.000000,0.000000,-0.000000
B1xgQkrYwS,2020,nan,unknown,0.000000,0.000000,1.000000,0.000000,-0.000000
B1lyZpEYvH,2020,nan,unknown,0.000000,0.000000,1.000000,0.000000,-0.000000
B1x6BTEKwr,2020,nan,unknown,0.000000,0.000000,1.000000,0.000000,-0.000000
B1xDq2EFDH,2020,nan,unknown,0.000000,0.000000,1.000000,0.000000,-0.000000
B1lqDertwr,2020,nan,unknown,0.000000,0.000000,1.000000,0.000000,-0.000000
B1x9ITVYDr,2020,nan,unknown,0.000000,0.000000,1.000000,0.000000,-0.000000
B1liraVYwr,2020,nan,low,0.000000,1.000000,0.000000,1.000000,-1.000000
B1lda1HtvB,2020,nan,low,0.000000,1.000000,0.000000,1.000000,-1.000000
B1x1MerYPB,2020,nan,unknown,0.000000,0.000000,1.000000,0.000000,-0.000000
B1liIlBKvS,2020,nan,unknown,0.000000,0.000000,1.000000,0.000000,-0.000000
B1x62TNtDS,2020,nan,unknown,0.000000,0.000000,1.000000,0.000000,-0.000000
B1ltfgSYwS,2020,nan,unknown,0.000000,0.000000,1.000000,0.000000,-0.000000
B1xBAA4FwH,2020,nan,unknown,0.000000,0.000000,1.000000,0.000000,-0.000000
B1ldb6NKDr,2020,nan,unknown,0.000000,0.000000,1.000000,0.000000,-0.000000
B1lTqgSFDH,2020,nan,unknown,0.000000,0.000000,1.000000,0.000000,-0.000000
B1lxV6NFPH,2020,nan,unknown,0.000000,0.000000,1.000000,0.000000,-0.000000
B1lPETVFPS,2020,nan,low,0.000000,0.999969,0.000031,0.999969,-0.999969
B1x3EgHtwB,2020,nan,low,0.000000,1.000000,0.000000,1.000000,-1.000000
B1lJzyStvS,2020,nan,unknown,0.000000,0.000000,1.000000,0.000000,-0.000000
B1lnbRNtwr,2020,nan,unknown,0.000000,0.000000,1.000000,0.000000,-0.000000
B1lsXREYvr,2020,nan,unknown,0.000000,0.000001,0.999999,0.000001,-0.000001
B1lFa3EFwB,2020,nan,unknown,0.000000,0.000000,1.000000,0.000000,-0.000000
B1lgUkBFwr,2020,nan,unknown,0.000000,0.000000,1.000000,0.000000,-0.000000
B1lC62EKwr,2020,nan,unknown,0.000000,0.000000,1.000000,0.000000,-0.000000
B1lDoJSYDH,2020,nan,unknown,0.000000,0.000000,1.000000,0.000000,-0.000000
B1lPaCNtPB,2020,nan,unknown,0.000000,0.000000,1.000000,0.000000,-0.000000
BJe4oxHYPB,2020,nan,low,0.000000,0.999999,0.000001,0.999999,-0.999999
B1lj20NFDS,2020,nan,unknown,0.000000,0.000000,1.000000,0.000000,-0.000000
B1lXfA4Ywr,2020,nan,unknown,0.000000,0.000000,1.000000,0.000000,-0.000000
B1lOraEFPB,2020,nan,low,0.000000,0.939904,0.060096,0.939904,-0.939904
B1lKDlHtwS,2020,nan,unknown,0.000000,0.000000,1.000000,0.000000,-0.000000
B1l8L6EtDS,2020,nan,unknown,0.000000,0.000000,1.000000,0.000000,-0.000000
B1l1qnEFwH,2020,nan,low,0.000000,1.000000,0.000000,1.000000,-1.000000
B1l6y0VFPr,2020,nan,unknown,0.000000,0.000000,1.000000,0.000000,-0.000000
B1lGU64tDr,2020,nan,unknown,0.000000,0.000000,1.000000,0.000000,-0.000000
B1lLw6EYwB,2020,nan,unknown,0.000000,0.000000,1.000000,0.000000,-0.000000
B1gn-pEKwH,2020,nan,unknown,0.000000,0.000000,1.000000,0.000000,-0.000000
B1gkpR4FDB,2020,nan,unknown,0.000000,0.000000,1.000000,0.000000,-0.000000
B1guLAVFDB,2020,nan,unknown,0.000000,0.000000,1.000000,0.000000,-0.000000
B1gzLaNYvr,2020,nan,unknown,0.000000,0.000000,1.000000,0.000000,-0.000000
B1gskyStwr,2020,nan,unknown,0.000000,0.000000,1.000000,0.000000,-0.000000
B1lCn64tvS,2020,nan,low,0.000000,1.000000,0.000001,1.000000,-1.000000
B1grSREtDH,2020,nan,unknown,0.000000,0.000000,1.000000,0.000000,-0.000000
B1gqipNYwH,2020,nan,unknown,0.000000,0.000000,1.000000,0.000000,-0.000000
B1l0wp4tvr,2020,nan,low,0.000000,0.999995,0.000005,0.999995,-0.999995
B1gjs6EtDr,2020,nan,low,0.000000,1.000000,0.000000,1.000000,-1.000000
B1l4SgHKDH,2020,nan,unknown,0.000000,0.000000,1.000000,0.000000,-0.000000
B1gdkxHFDH,2020,nan,unknown,0.000000,0.000000,1.000000,0.000000,-0.000000
B1gd7REFDB,2020,nan,unknown,0.000000,0.000000,1.000000,0.000000,-0.000000
B1gi0TEFDB,2020,nan,unknown,0.000000,0.000000,1.000000,0.000000,-0.000000
B1l3M64KwB,2020,nan,unknown,0.000000,0.000000,1.000000,0.000000,-0.000000
B1gXR3NtwS,2020,nan,unknown,0.000000,0.000000,1.000000,0.000000,-0.000000
B1gNKxrYPB,2020,nan,unknown,0.000000,0.000000,1.000000,0.000000,-0.000000
B1gX8JrYPr,2020,nan,unknown,0.000000,0.000000,1.000000,0.000000,-0.000000
B1l6nnEtwr,2020,nan,unknown,0.000000,0.000001,0.999999,0.000001,-0.000001
B1gXYR4YDH,2020,nan,unknown,0.000000,0.000000,1.000000,0.000000,-0.000000
B1gHokBKwS,2020,nan,unknown,0.000000,0.000000,1.000000,0.000000,-0.000000
B1gm-a4tDH,2020,nan,unknown,0.000000,0.000000,1.000000,0.000000,-0.000000
B1g_BT4FvS,2020,nan,unknown,0.000000,0.000000,1.000000,0.000000,-0.000000
B1gZV1HYvS,2020,nan,unknown,0.000000,0.000000,1.000000,0.000000,-0.000000
B1gX8kBtPr,2020,nan,unknown,0.000000,0.000000,1.000000,0.000000,-0.000000
B1gcblSKwB,2020,nan,unknown,0.000000,0.000000,1.000000,0.000000,-0.000000
B1gR3ANFPS,2020,nan,unknown,0.000000,0.000000,1.000000,0.000000,-0.000000
B1g5sA4twr,2020,nan,high,1.000000,0.000000,0.000000,1.000000,1.000000
B1gXWCVtvr,2020,nan,unknown,0.000000,0.000000,1.000000,0.000000,-0.000000
B1em9h4KDS,2020,nan,unknown,0.000000,0.000000,1.000000,0.000000,-0.000000
B1l2bp4YwS,2020,nan,unknown,0.000000,0.000000,1.000000,0.000000,-0.000000
B1gUn24tPr,2020,nan,unknown,0.000000,0.000000,1.000000,0.000000,-0.000000
B1eoyAVFwH,2020,nan,unknown,0.000000,0.000000,1.000000,0.000000,-0.000000
B1g8VkHFPH,2020,nan,unknown,0.000000,0.000000,1.000000,0.000000,-0.000000
B1eyO1BFPr,2020,nan,unknown,0.000000,0.000000,1.000000,0.000000,-0.000000
B1gF56VYPH,2020,nan,unknown,0.000000,0.000000,1.000000,0.000000,-0.000000
B1eiJyrtDB,2020,nan,unknown,0.000000,0.000000,1.000000,0.000000,-0.000000
B1esygHFwS,2020,nan,unknown,0.000000,0.000000,1.000000,0.000000,-0.000000
B1evfa4tPB,2020,nan,unknown,0.000000,0.000000,1.000000,0.000000,-0.000000
B1elqkrKPH,2020,nan,unknown,0.000000,0.000000,1.000000,0.000000,-0.000000
B1g79grKPr,2020,nan,unknown,0.000000,0.000000,1.000000,0.000000,-0.000000
B1eWbxStPH,2020,nan,high,1.000000,0.000000,0.000000,1.000000,1.000000
B1eY_pVYvB,2020,nan,unknown,0.000000,0.000000,1.000000,0.000000,-0.000000
B1eyA3VFwS,2020,nan,unknown,0.000000,0.000000,1.000000,0.000000,-0.000000
B1em8TVtPr,2020,nan,unknown,0.000000,0.000000,1.000000,0.000000,-0.000000
B1eZYkHYPS,2020,nan,unknown,0.000000,0.000000,1.000000,0.000000,-0.000000
B1ecVlrtDr,2020,nan,unknown,0.000000,0.000000,1.000000,0.000000,-0.000000
B1eB5xSFvr,2020,nan,high,1.000000,0.000000,0.000000,1.000000,1.000000
B1eibJrtwr,2020,nan,unknown,0.000000,0.000003,0.999997,0.000003,-0.000003
B1eX_a4twH,2020,nan,unknown,0.000000,0.000000,1.000000,0.000000,-0.000000
B1eQcCEtDB,2020,nan,unknown,0.000000,0.000000,1.000000,0.000000,-0.000000
B1eP504YDr,2020,nan,unknown,0.000000,0.000000,1.000000,0.000000,-0.000000
B1eBoJStwr,2020,nan,unknown,0.000000,0.000000,1.000000,0.000000,-0.000000
B1e3OlStPB,2020,nan,low,0.000000,1.000000,0.000000,1.000000,-1.000000
B1erJJrYPH,2020,nan,unknown,0.000000,0.000000,1.000000,0.000000,-0.000000
B1eZweHFwr,2020,nan,unknown,0.000000,0.000000,1.000000,0.000000,-0.000000
B1e9Y2NYvS,2020,nan,low,0.000000,1.000000,0.000001,1.000000,-1.000000
B1eXvyHKwS,2020,nan,unknown,0.000000,0.000000,1.000000,0.000000,-0.000000
B1e-kxSKDH,2020,nan,unknown,0.000000,0.000000,1.000000,0.000000,-0.000000
B1eCk1StPH,2020,nan,unknown,0.000000,0.000000,1.000000,0.000000,-0.000000
B1esx6EYvr,2020,nan,unknown,0.000000,0.000000,1.000000,0.000000,-0.000000
B1eWOJHKvB,2020,nan,unknown,0.000000,0.000000,1.000000,0.000000,-0.000000
B1elCp4KwH,2020,nan,low,0.000000,1.000000,0.000000,1.000000,-1.000000
B1e5TA4FPr,2020,nan,unknown,0.000000,0.000000,1.000000,0.000000,-0.000000
B1eYlgBYPH,2020,nan,unknown,0.000000,0.000000,1.000000,0.000000,-0.000000
B1eXygBFPH,2020,nan,unknown,0.000000,0.000000,1.000000,0.000000,-0.000000
