paper_id,year,decision,answer,p_accept,p_reject,p_unknown,lap,ud
SJa1Nk10b,2018,Reject,unknown,0.000000,0.000000,1.000000,0.000000,0.000000
B1NGT8xCZ,2018,Reject,unknown,0.000000,0.000000,1.000000,0.000000,0.000000
HJGcNz-0W,2018,Reject,accepted,1.000000,0.000000,0.000000,1.000000,1.000000
S1EzRgb0W,2018,Reject,unknown,0.000000,0.000000,1.000000,0.000000,0.000000
HyHmGyZCZ,2018,Reject,unknown,0.000000,0.000000,1.000000,0.000000,0.000000
Byj54-bAW,2018,Reject,unknown,0.000000,0.000000,1.000000,0.000000,0.000000
rk3pnae0b,2018,Invite to Workshop Track,unknown,0.000000,0.000000,1.000000,0.000000,0.000000
SJiHOSeR-,2018,Reject,unknown,0.000000,0.000000,1.000000,0.000000,0.000000
rywHCPkAW,2018,Accept (Poster),accepted,1.000000,0.000000,0.000000,1.000000,1.000000
ryvxcPeAb,2018,Reject,accepted,1.000000,0.000000,0.000000,1.000000,1.000000
ryzm6BATZ,2018,Reject,unknown,0.000000,0.000000,1.000000,0.000000,-0.000000
ryykVe-0W,2018,Reject,rejected,0.000000,1.000000,0.000000,1.000000,-1.000000
rywDjg-RW,2018,Accept (Poster),unknown,0.000000,0.000000,1.000000,0.000000,0.000000
HJSA_e1AW,2018,Reject,unknown,0.000000,0.000000,1.000000,0.000000,-0.000000
SJky6Ry0W,2018,Reject,unknown,0.000000,0.000000,1.000000,0.000000,0.000000
H15odZ-C-,2018,Accept (Poster),unknown,0.000000,0.000000,1.000000,0.000000,0.000000
rk3mjYRp-,2018,Reject,unknown,0.000000,0.000000,1.000000,0.000000,-0.000000
S1WRibb0Z,2018,Accept (Poster),unknown,0.000000,0.000000,1.000000,0.000000,0.000000
SJ-C6JbRW,2018,Accept (Poster),accepted,1.000000,0.000000,0.000000,1.000000,1.000000
BJk59JZ0b,2018,Accept (Poster),unknown,0.000000,0.000000,1.000000,0.000000,0.000000
r1nmx5l0W,2018,Reject,unknown,0.000000,0.000000,1.000000,0.000000,0.000000
rk3b2qxCW,2018,Reject,unknown,0.000000,0.000000,1.000000,0.000000,0.000000
HJCXZQbAZ,2018,Accept (Poster),unknown,0.000000,0.000000,1.000000,0.000000,0.000000
HkJ1rgbCb,2018,Reject,unknown,0.000000,0.000000,1.000000,0.000000,0.000000
S1JHhv6TW,2018,Accept (Oral),unknown,0.000000,0.000000,1.000000,0.000000,0.000000
HJNMYceCW,2018,Accept (Poster),unknown,0.000000,0.000000,1.000000,0.000000,0.000000
r1l4eQW0Z,2018,Accept (Poster),unknown,0.000000,0.000000,1.000000,0.000000,0.000000
SyMvJrdaW,2018,Accept (Poster),unknown,0.000000,0.000000,1.000000,0.000000,0.000000
Syhr6pxCW,2018,Accept (Poster),unknown,0.000000,0.000000,1.000000,0.000000,0.000000
ry80wMW0W,2018,Accept (Poster),unknown,0.000000,0.000000,1.000000,0.000000,0.000000
rkLyJl-0-,2018,Accept (Poster),unknown,0.000000,0.000000,1.000000,0.000000,-0.000000
B1EVwkqTW,2018,Reject,unknown,0.000000,0.000000,1.000000,0.000000,-0.000000
rJGY8GbR-,2018,Invite to Workshop Track,unknown,0.000000,0.000000,1.000000,0.000000,0.000000
SkOb1Fl0Z,2018,Invite to Workshop Track,unknown,0.000000,0.000000,1.000000,0.000000,0.000000
H1wt9x-RW,2018,Reject,unknown,0.000000,0.000000,1.000000,0.000000,0.000000
BJGWO9k0Z,2018,Accept (Poster),unknown,0.000000,0.000000,1.000000,0.000000,0.000000
BybQ7zWCb,2018,Reject,rejected,0.000000,1.000000,0.000000,1.000000,-1.000000
S16FPMgRZ,2018,Reject,unknown,0.000000,0.000000,1.000000,0.000000,0.000000
H1eJxngCW,2018,Invite to Workshop Track,rejected,0.000003,0.999997,0.000000,1.000000,-0.999995
Sy3XxCx0Z,2018,Invite to Workshop Track,unknown,0.000000,0.000000,1.000000,0.000000,0.000000
HkGJUXb0-,2018,Invite to Workshop Track,unknown,0.000000,0.000000,1.000000,0.000000,0.000000
rJk51gJRb,2018,Invite to Workshop Track,unknown,0.000000,0.000000,1.000000,0.000000,0.000000
SJCPLLpaW,2018,Reject,unknown,0.000000,0.000000,1.000000,0.000000,0.000000
ry831QWAb,2018,Reject,unknown,0.000000,0.000000,1.000000,0.000000,-0.000000
SJvrXqvaZ,2018,Reject,unknown,0.000000,0.000000,1.000000,0.000000,-0.000000
Skj8Kag0Z,2018,Accept (Poster),unknown,0.000000,0.000000,1.000000,0.000000,-0.000000
rJYFzMZC-,2018,Accept (Poster),unknown,0.000000,0.000000,1.000000,0.000000,0.000000
S1HlA-ZAZ,2018,Accept (Poster),unknown,0.000000,0.000000,1.000000,0.000000,0.000000
rJm7VfZA-,2018,Accept (Poster),unknown,0.000000,0.000000,1.000000,0.000000,0.000000
Hksj2WWAW,2018,Accept (Poster),unknown,0.000000,0.000000,1.000000,0.000000,0.000000
HJJ23bW0b,2018,Accept (Poster),unknown,0.000000,0.000000,1.000000,0.000000,0.000000
B1mvVm-C-,2018,Accept (Poster),unknown,0.000000,0.000000,1.000000,0.000000,-0.000000
SJQHjzZ0-,2018,Accept (Poster),unknown,0.000000,0.000000,1.000000,0.000000,-0.000000
HklpCzC6-,2018,Reject,unknown,0.000000,0.000000,1.000000,0.000000,0.000000
SJyEH91A-,2018,Accept (Poster),unknown,0.000000,0.000000,1.000000,0.000000,0.000000
HkMvEOlAb,2018,Accept (Poster),unknown,0.000000,0.000000,1.000000,0.000000,0.000000
SksY3deAW,2018,Reject,unknown,0.000000,0.000000,1.000000,0.000000,-0.000000
r1YqWz-R-,2018,Reject,unknown,0.000000,0.000000,1.000000,0.000000,-0.000000
Hk0wHx-RW,2018,Accept (Poster),unknown,0.000000,0.000000,1.000000,0.000000,0.000000
B1KFAGWAZ,2018,Reject,unknown,0.000000,0.000000,1.000000,0.000000,-0.000000
ByJWeR1AW,2018,Reject,unknown,0.000000,0.000000,1.000000,0.000000,0.000000
HkepKG-Rb,2018,Reject,unknown,0.000000,0.000000,1.000000,0.000000,-0.000000
rk4Fz2e0b,2018,Invite to Workshop Track,unknown,0.000000,0.000000,1.000000,0.000000,0.000000
r1DPFCyA-,2018,Reject,unknown,0.000000,0.000000,1.000000,0.000000,0.000000
H1rRWl-Cb,2018,Reject,unknown,0.000000,0.000000,1.000000,0.000000,0.000000
r1hsJCe0Z,2018,Invite to Workshop Track,unknown,0.000000,0.000000,1.000000,0.000000,0.000000
Bki4EfWCb,2018,Invite to Workshop Track,unknown,0.000000,0.000000,1.000000,0.000000,0.000000
ry1arUgCW,2018,Accept (Poster),unknown,0.000000,0.000000,1.000000,0.000000,-0.000000
ryazCMbR-,2018,Accept (Poster),unknown,0.000000,0.000000,1.000000,0.000000,0.000000
HyMTkQZAb,2018,Accept (Poster),accepted,1.000000,0.000000,0.000000,1.000000,1.000000
HJzgZ3JCW,2018,Accept (Poster),unknown,0.000000,0.000000,1.000000,0.000000,0.000000
SygwwGbRW,2018,Accept (Poster),unknown,0.000001,0.000000,0.999999,0.000001,0.000001
HyfHgI6aW,2018,Accept (Poster),unknown,0.000000,0.000000,1.000000,0.000000,0.000000
r1q7n9gAb,2018,Accept (Poster),unknown,0.000000,0.000000,1.000000,0.000000,0.000000
rknt2Be0-,2018,Accept (Poster),unknown,0.000000,0.000000,1.000000,0.000000,0.000000
H1bM1fZCW,2018,Reject,accepted,1.000000,0.000000,0.000000,1.000000,1.000000
ByJHuTgA-,2018,Accept (Poster),unknown,0.000000,0.000000,1.000000,0.000000,0.000000
HyyP33gAZ,2018,Accept (Poster),unknown,0.000000,0.000000,1.000000,0.000000,0.000000
HkfXMz-Ab,2018,Accept (Oral),unknown,0.000000,0.000000,1.000000,0.000000,0.000000
rkN2Il-RZ,2018,Accept (Poster),unknown,0.000000,0.000000,1.000000,0.000000,0.000000
Sy1f0e-R-,2018,Reject,unknown,0.000000,0.000000,1.000000,0.000000,-0.000000
ryj38zWRb,2018,Reject,unknown,0.000000,0.000000,1.000000,0.000000,0.000000
BJJ9bz-0-,2018,Invite to Workshop Track,unknown,0.000000,0.000000,1.000000,0.000000,0.000000
By5ugjyCb,2018,Reject,accepted,1.000000,0.000000,0.000000,1.000000,1.000000
r1Oen--RW,2018,Reject,accepted,1.000000,0.000000,0.000000,1.000000,1.000000
Syx6bz-Ab,2018,Reject,unknown,0.000000,0.000000,1.000000,0.000000,-0.000000
HJsjkMb0Z,2018,Accept (Poster),unknown,0.000000,0.000000,1.000000,0.000000,0.000000
BJInEZsTb,2018,Invite to Workshop Track,unknown,0.000000,0.000000,1.000000,0.000000,0.000000
B1ZvaaeAZ,2018,Accept (Poster),rejected,0.000000,1.000000,0.000000,1.000000,-1.000000
ryZ283gAZ,2018,Invite to Workshop Track,unknown,0.000000,0.000000,1.000000,0.000000,0.000000
H113pWZRb,2018,Reject,unknown,0.000000,0.000000,1.000000,0.000000,0.000000
rJBiunlAW,2018,Reject,unknown,0.000000,0.000000,1.000000,0.000000,0.000000
HJ_aoCyRZ,2018,Accept (Poster),unknown,0.000000,0.000000,1.000000,0.000000,0.000000
SJiHXGWAZ,2018,Accept (Poster),accepted,1.000000,0.000000,0.000000,1.000000,1.000000
ByBAl2eAZ,2018,Accept (Poster),accepted,1.000000,0.000000,0.000000,1.000000,1.000000
SJJinbWRZ,2018,Accept (Poster),accepted,1.000000,0.000000,0.000000,1.000000,1.000000
SkhQHMW0W,2018,Accept (Poster),accepted,1.000000,0.000000,0.000000,1.000000,1.000000
Sy0GnUxCb,2018,Accept (Poster),unknown,0.000000,0.000000,1.000000,0.000000,0.000000
rkhlb8lCZ,2018,Accept (Poster),unknown,0.000000,0.000000,1.000000,0.000000,0.000000
rkZvSe-RZ,2018,Accept (Poster),unknown,0.000000,0.000000,1.000000,0.000000,0.000000
rJg4YGWRb,2018,Reject,unknown,0.000000,0.000000,1.000000,0.000000,0.000000
rJl3yM-Ab,2018,Accept (Poster),unknown,0.000000,0.000000,1.000000,0.000000,0.000000
rkx0g3R5tX,2019,Reject,unknown,0.000000,0.000000,1.000000,0.000000,0.000000
B1eXbn05t7,2019,Reject,unknown,0.000000,0.000000,1.000000,0.000000,0.000000
By-7dz-AZ,2018,Accept (Poster),unknown,0.000000,0.000000,1.000000,0.000000,0.000000
H1lS8oA5YQ,2019,Reject,unknown,0.000000,0.000000,1.000000,0.000000,0.000000
HyxpNnRcFX,2019,Reject,unknown,0.000000,0.000000,1.000000,0.000000,0.000000
HJgJS30qtm,2019,Reject,unknown,0.000000,0.000000,1.000000,0.000000,-0.000000
rylSzl-R-,2018,Accept (Poster),unknown,0.000000,0.000000,1.000000,0.000000,0.000000
SkGtjjR5t7,2019,Reject,unknown,0.000000,0.000000,1.000000,0.000000,0.000000
rJlJ-2CqtX,2019,Reject,unknown,0.000000,0.000000,1.000000,0.000000,0.000000
SkeUG30cFQ,2019,Reject,unknown,0.000000,0.000000,1.000000,0.000000,0.000000
SygK6sA5tX,2019,Reject,unknown,0.000000,0.000000,1.000000,0.000000,0.000000
r1gRCiA5Ym,2019,Reject,accepted,1.000000,0.000000,0.000000,1.000000,1.000000
rkMW1hRqKX,2019,Accept (Poster),unknown,0.000000,0.000000,1.000000,0.000000,0.000000
HkElFj0qYQ,2019,Reject,unknown,0.000000,0.000000,1.000000,0.000000,0.000000
SJggZnRcFQ,2019,Accept (Poster),unknown,0.000000,0.000000,1.000000,0.000000,0.000000
rJgTTjA9tX,2019,Accept (Poster),unknown,0.000000,0.000000,1.000000,0.000000,0.000000
SJe8DsR9tm,2019,Reject,unknown,0.000000,0.000000,1.000000,0.000000,0.000000
rkgoyn09KQ,2019,Accept (Poster),unknown,0.000000,0.000000,1.000000,0.000000,-0.000000
HylTXn0qYX,2019,Accept (Poster),accepted,1.000000,0.000000,0.000000,1.000000,1.000000
S1EERs09YQ,2019,Accept (Poster),unknown,0.000000,0.000000,1.000000,0.000000,0.000000
Sklsm20ctX,2019,Accept (Poster),unknown,0.000000,0.000000,1.000000,0.000000,-0.000000
B1GMDsR5tm,2019,Accept (Poster),unknown,0.000000,0.000000,1.000000,0.000000,0.000000
S1xNb2A9YX,2019,Accept (Poster),unknown,0.000000,0.000000,1.000000,0.000000,0.000000
H1g0piA9tQ,2019,Reject,unknown,0.000000,0.000000,1.000000,0.000000,-0.000000
B1fpDsAqt7,2019,Accept (Poster),unknown,0.000000,0.000000,1.000000,0.000000,0.000000
rkgpCoRctm,2019,Reject,unknown,0.000000,0.000000,1.000000,0.000000,0.000000
HJG7m2AcF7,2019,Reject,accepted,1.000000,0.000000,0.000000,1.000000,1.000000
SJgiNo0cKX,2019,Reject,unknown,0.000000,0.000000,1.000000,0.000000,-0.000000
HkgDTiCctQ,2019,Reject,unknown,0.000000,0.000000,1.000000,0.000000,-0.000000
Ske7ToC5Km,2019,Reject,unknown,0.000000,0.000000,1.000000,0.000000,0.000000
r1MSBjA9Ym,2019,Reject,unknown,0.000000,0.000000,1.000000,0.000000,-0.000000
SJzYdsAqY7,2019,Reject,unknown,0.000000,0.000000,1.000000,0.000000,0.000000
rylxxhRctX,2019,Reject,unknown,0.000000,0.000000,1.000000,0.000000,0.000000
ByeLBj0qFQ,2019,Reject,unknown,0.000000,0.000000,1.000000,0.000000,0.000000
B1G5ViAqFm,2019,Accept (Poster),unknown,0.000000,0.000000,1.000000,0.000000,0.000000
HkekMnR5Ym,2019,Reject,unknown,0.000000,0.000000,1.000000,0.000000,-0.000000
B1exrnCcF7,2019,Accept (Poster),accepted,1.000000,0.000000,0.000000,1.000000,1.000000
HJfwJ2A5KX,2019,Accept (Poster),accepted,1.000000,0.000000,0.000000,1.000000,1.000000
HkxjYoCqKX,2019,Accept (Poster),unknown,0.000000,0.000000,1.000000,0.000000,0.000000
B1gstsCqt7,2019,Accept (Poster),unknown,0.000000,0.000000,1.000000,0.000000,0.000000
rkemqsC9Fm,2019,Accept (Poster),unknown,0.000000,0.000000,1.000000,0.000000,0.000000
SygQvs0cFQ,2019,Accept (Poster),unknown,0.000000,0.000000,1.000000,0.000000,0.000000
Hyed4i05KX,2019,Reject,unknown,0.000000,0.000000,1.000000,0.000000,0.000000
H1zeHnA9KX,2019,Accept (Poster),unknown,0.000000,0.000000,1.000000,0.000000,0.000000
rkevMnRqYQ,2019,Accept (Poster),unknown,0.000000,0.000000,1.000000,0.000000,0.000000
BJg9DoR9t7,2019,Accept (Poster),accepted,1.000000,0.000000,0.000000,1.000000,1.000000
HkgSEnA5KQ,2019,Accept (Poster),unknown,0.000000,0.000000,1.000000,0.000000,0.000000
ryGfnoC5KQ,2019,Accept (Poster),unknown,0.000000,0.000000,1.000000,0.000000,0.000000
HyM7AiA5YX,2019,Accept (Poster),unknown,0.000000,0.000000,1.000000,0.000000,0.000000
ryeNPi0qKX,2019,Reject,accepted,1.000000,0.000000,0.000000,1.000000,1.000000
rJlRKjActQ,2019,Reject,accepted,1.000000,0.000000,0.000000,1.000000,1.000000
rJg4J3CqFm,2019,Accept (Poster),unknown,0.000000,0.000000,1.000000,0.000000,0.000000
Hkl-di09FQ,2019,Reject,unknown,0.000000,0.000000,1.000000,0.000000,0.000000
r1eJssCqY7,2019,Reject,unknown,0.000000,0.000000,1.000000,0.000000,0.000000
rygnfn0qF7,2019,Reject,unknown,0.000000,0.000000,1.000000,0.000000,0.000000
SJxCsj0qYX,2019,Reject,unknown,0.000000,0.000000,1.000000,0.000000,0.000000
HJeuOiRqKQ,2019,Reject,accepted,1.000000,0.000000,0.000000,1.000000,1.000000
SJequsCqKQ,2019,Reject,unknown,0.000000,0.000000,1.000000,0.000000,0.000000
B1xeyhCctQ,2019,Reject,unknown,0.000000,0.000000,1.000000,0.000000,-0.000000
HyxBpoR5tm,2019,Reject,unknown,0.000000,0.000000,1.000000,0.000000,0.000000
HJz05o0qK7,2019,Accept (Poster),unknown,0.000000,0.000000,1.000000,0.000000,0.000000
ryl8-3AcFX,2019,Accept (Poster),unknown,0.000000,0.000000,1.000000,0.000000,0.000000
rke_YiRct7,2019,Accept (Poster),unknown,0.000000,0.000000,1.000000,0.000000,-0.000000
H1lug3R5FX,2019,Reject,unknown,0.000000,0.000000,1.000000,0.000000,0.000000
ByetGn0cYX,2019,Accept (Poster),unknown,0.000000,0.000000,1.000000,0.000000,0.000000
rJzLciCqKm,2019,Accept (Poster),unknown,0.000001,0.000000,0.999999,0.000001,0.000001
SkxXg2C5FX,2019,Accept (Poster),rejected,0.000000,0.999999,0.000001,0.999999,-0.999999
SyNPk2R9K7,2019,Accept (Poster),unknown,0.000000,0.000000,1.000000,0.000000,0.000000
ryxSrhC9KX,2019,Accept (Poster),unknown,0.000000,0.000000,1.000000,0.000000,0.000000
SkNksoRctQ,2019,Accept (Poster),accepted,1.000000,0.000000,0.000000,1.000000,1.000000
S1MAriC5F7,2019,Reject,unknown,0.000000,0.000000,1.000000,0.000000,0.000000
ByzcS3AcYX,2019,Accept (Poster),unknown,0.000000,0.000000,1.000000,0.000000,0.000000
Bygre3R9Fm,2019,Reject,unknown,0.000000,0.000000,1.000000,0.000000,0.000000
BkMWx309FX,2019,Reject,unknown,0.000000,0.000000,1.000000,0.000000,0.000000
HyllasActm,2019,Reject,unknown,0.000000,0.000000,1.000000,0.000000,0.000000
r1GkMhAqYm,2019,Reject,accepted,1.000000,0.000000,0.000000,1.000000,1.000000
rJMcdsA5FX,2019,Reject,unknown,0.000000,0.000000,1.000000,0.000000,-0.000000
Hyx4knR9Ym,2019,Accept (Poster),unknown,0.000000,0.000000,1.000000,0.000000,0.000000
HyxzRsR9Y7,2019,Accept (Poster),unknown,0.000000,0.000000,1.000000,0.000000,0.000000
ByeTHsAqtX,2019,Reject,accepted,1.000000,0.000000,0.000000,1.000000,1.000000
rJeZS3RcYm,2019,Reject,unknown,0.000000,0.000000,1.000000,0.000000,0.000000
SklVEnR5K7,2019,Reject,accepted,1.000000,0.000000,0.000000,1.000000,1.000000
rJfUCoR5KX,2019,Accept (Poster),unknown,0.000000,0.000000,1.000000,0.000000,-0.000000
r1l73iRqKm,2019,Accept (Poster),accepted,1.000000,0.000000,0.000000,1.000000,1.000000
BJl6AjC5F7,2019,Accept (Poster),unknown,0.000000,0.000000,1.000000,0.000000,0.000000
BJGVX3CqYm,2019,Reject,unknown,0.000000,0.000000,1.000000,0.000000,0.000000
H1eRBoC9FX,2019,Reject,unknown,0.000000,0.000000,1.000000,0.000000,0.000000
rygkk305YQ,2019,Accept (Poster),unknown,0.000000,0.000000,1.000000,0.000000,0.000000
ryewE3R5YX,2019,Reject,unknown,0.000000,0.000000,1.000000,0.000000,-0.000000
B1l6qiR5F7,2019,Accept (Oral),accepted,1.000000,0.000000,0.000000,1.000000,1.000000
HyxnZh0ct7,2019,Accept (Poster),accepted,1.000000,0.000000,0.000000,1.000000,1.000000
B1xsqj09Fm,2019,Accept (Oral),accepted,1.000000,0.000000,0.000000,1.000000,1.000000
ryeFzT4YPr,2020,Reject,unknown,0.000000,0.000000,1.000000,0.000000,0.000000
rJl0r3R9KX,2019,Accept (Poster),unknown,0.000000,0.000000,1.000000,0.000000,0.000000
rkglZyHtvH,2020,Reject,unknown,0.000000,0.000000,1.000000,0.000000,0.000000
HkxaFoC9KQ,2019,Accept (Poster),unknown,0.000000,0.000000,1.000000,0.000000,0.000000
B1e0X3C9tQ,2019,Accept (Poster),unknown,0.000000,0.000000,1.000000,0.000000,0.000000
rke5R1SFwS,2020,Reject,unknown,0.000000,0.000000,1.000000,0.000000,0.000000
Syl7OsRqY7,2019,Accept (Poster),unknown,0.000000,0.000000,1.000000,0.000000,-0.000000
ryGWhJBtDB,2020,Reject,unknown,0.000000,0.000000,1.000000,0.000000,0.000000
ryex8CEKPr,2020,Reject,unknown,0.000000,0.000000,1.000000,0.000000,0.000000
rJgFjREtwr,2020,Reject,unknown,0.000000,0.000000,1.000000,0.000000,0.000000
rJl-b3RcF7,2019,Accept (Oral),accepted,1.000000,0.000000,0.000000,1.000000,1.000000
rJx8ylSKvr,2020,Reject,unknown,0.000000,0.000000,1.000000,0.000000,0.000000
rkgc06VtwH,2020,Reject,unknown,0.000000,0.000000,1.000000,0.000000,0.000000
ryl5CJSFPS,2020,Reject,unknown,0.000000,0.000000,1.000000,0.000000,0.000000
rkeIq2VYPr,2020,Accept (Poster),accepted,1.000000,0.000000,0.000000,1.000000,1.000000
rke41hC5Km,2019,Reject,unknown,0.000000,0.000000,1.000000,0.000000,-0.000000
ryxtCpNtDS,2020,Reject,unknown,0.000000,0.000000,1.000000,0.000000,0.000000
rJx4p3NYDB,2020,Accept (Poster),accepted,1.000000,0.000000,0.000000,1.000000,1.000000
rygjmpVFvB,2020,Accept (Poster),rejected,0.000000,1.000000,0.000000,1.000000,-1.000000
rye5YaEtPr,2020,Accept (Poster),unknown,0.000000,0.000000,1.000000,0.000000,-0.000000
rJxG3pVKPB,2020,Reject,unknown,0.000000,0.000000,1.000000,0.000000,0.000000
rkecJ6VFvr,2020,Accept (Poster),unknown,0.000000,0.000000,1.000000,0.000000,0.000000
rJxtgJBKDr,2020,Accept (Poster),accepted,1.000000,0.000000,0.000000,1.000000,1.000000
rkxNelrKPB,2020,Reject,accepted,1.000000,0.000000,0.000000,1.000000,1.000000
rkgU1gHtvr,2020,Accept (Poster),unknown,0.000000,0.000000,1.000000,0.000000,0.000000
rJgQkT4twH,2020,Accept (Poster),unknown,0.000000,0.000000,1.000000,0.000000,0.000000
ryxtWgSKPB,2020,Reject,unknown,0.000000,0.000000,1.000000,0.000000,0.000000
rkxmPgrKwB,2020,Reject,unknown,0.000000,0.000000,1.000000,0.000000,0.000000
rkx3-04FwB,2020,Reject,accepted,1.000000,0.000000,0.000000,1.000000,1.000000
rJlf_RVKwr,2020,Reject,unknown,0.000000,0.000000,1.000000,0.000000,0.000000
rke2HRVYvH,2020,Reject,unknown,0.000000,0.000000,1.000000,0.000000,0.000000
ryestJBKPB,2020,Reject,unknown,0.000000,0.000000,1.000000,0.000000,0.000000
rJxBa1HFvS,2020,Reject,unknown,0.000000,0.000000,1.000000,0.000000,0.000000
rkliHyrFDB,2020,Reject,unknown,0.000000,0.000000,1.000000,0.000000,0.000000
rJlnfaNYvB,2020,Reject,unknown,0.000000,0.000000,1.000000,0.000000,0.000000
rJxt0JHKvS,2020,Reject,unknown,0.000000,0.000000,1.000000,0.000000,0.000000
rygwLgrYPB,2020,Accept (Poster),accepted,1.000000,0.000000,0.000000,1.000000,1.000000
ryxz8CVYDH,2020,Accept (Poster),unknown,0.000000,0.000000,1.000000,0.000000,-0.000000
rJxe3xSYDS,2020,Accept (Poster),unknown,0.000000,0.000000,1.000000,0.000000,0.000000
rJxX8T4Kvr,2020,Accept (Poster),unknown,0.000000,0.000000,1.000000,0.000000,0.000000
rkeNfp4tPr,2020,Accept (Poster),unknown,0.000000,0.000000,1.000000,0.000000,0.000000
rkevSgrtPr,2020,Accept (Poster),unknown,0.000000,0.000000,1.000000,0.000000,0.000000
rke-f6NKvS,2020,Accept (Poster),unknown,0.000000,0.000000,1.000000,0.000000,0.000000
rJxlc0EtDr,2020,Accept (Poster),unknown,0.000000,0.000000,1.000000,0.000000,0.000000
ryen_CEFwr,2020,Reject,unknown,0.000000,0.000000,1.000000,0.000000,0.000000
rkgfdeBYvH,2020,Accept (Poster),unknown,0.000000,0.000000,1.000000,0.000000,0.000000
rklr9kHFDB,2020,Accept (Talk),unknown,0.000000,0.000000,1.000000,0.000000,0.000000
rkx-wA4YPS,2020,Reject,unknown,0.000000,0.000000,1.000000,0.000000,0.000000
rkeYL1SFvH,2020,Reject,accepted,1.000000,0.000000,0.000000,1.000000,1.000000
ryedqa4FwS,2020,Reject,unknown,0.000000,0.000000,1.000000,0.000000,0.000000
ryl0cAVtPH,2020,Reject,unknown,0.000000,0.000000,1.000000,0.000000,-0.000000
rklHqRVKvH,2020,Accept (Talk),unknown,0.000000,0.000000,1.000000,0.000000,0.000000
rklFh34Kwr,2020,Reject,unknown,0.000000,0.000000,1.000000,0.000000,0.000000
ryga2CNKDH,2020,Reject,unknown,0.000000,0.000000,1.000000,0.000000,0.000000
ryg8wpEtvB,2020,Reject,unknown,0.000000,0.000000,1.000000,0.000000,0.000000
rJlNKCNtPB,2020,Reject,unknown,0.000000,0.000000,1.000000,0.000000,0.000000
rygePJHYPH,2020,Reject,accepted,1.000000,0.000000,0.000000,1.000000,1.000000
rkxVz1HKwB,2020,Reject,unknown,0.000000,0.000000,1.000000,0.000000,0.000000
rklk_ySYPB,2020,Accept (Poster),unknown,0.000000,0.000000,1.000000,0.000000,0.000000
rJggX0EKwS,2020,Reject,unknown,0.000000,0.000000,1.000000,0.000000,0.000000
rkxuWaVYDB,2020,Reject,unknown,0.000000,0.000000,1.000000,0.000000,0.000000
rJgjGxrFPS,2020,Reject,unknown,0.000000,0.000000,1.000000,0.000000,0.000000
rJxGLlBtwH,2020,Accept (Poster),accepted,1.000000,0.000000,0.000000,1.000000,1.000000
rkxs0yHFPH,2020,Accept (Poster),accepted,0.999999,0.000000,0.000000,1.000000,0.999999
rkgg6xBYDH,2020,Accept (Poster),unknown,0.000000,0.000000,1.000000,0.000000,0.000000
rJxycxHKDS,2020,Accept (Poster),unknown,0.000000,0.000000,1.000000,0.000000,0.000000
rJlUt0EYwS,2020,Accept (Poster),unknown,0.000000,0.000000,1.000000,0.000000,0.000000
rkg-mA4FDr,2020,Accept (Poster),unknown,0.000000,0.000000,1.000000,0.000000,0.000000
rklTmyBKPH,2020,Accept (Poster),unknown,0.000000,0.000000,1.000000,0.000000,0.000000
rylBK34FDS,2020,Accept (Poster),rejected,0.000000,1.000000,0.000000,1.000000,-0.999999
rkgvXlrKwH,2020,Accept (Talk),accepted,1.000000,0.000000,0.000000,1.000000,1.000000
rklklCVYvB,2020,Reject,accepted,1.000000,0.000000,0.000000,1.000000,1.000000
rygvFyrKwH,2020,Reject,accepted,1.000000,0.000000,0.000000,1.000000,1.000000
rkezdaEtvH,2020,Reject,accepted,1.000000,0.000000,0.000000,1.000000,1.000000
rJgJDAVKvB,2020,Accept (Spotlight),unknown,0.000000,0.000000,1.000000,0.000000,0.000000
rJgqMRVYvr,2020,Accept (Poster),unknown,0.000000,0.000000,1.000000,0.000000,0.000000
ryg7vA4tPB,2020,Reject,accepted,1.000000,0.000000,0.000000,1.000000,1.000000
rJgVwTVtvS,2020,Reject,accepted,1.000000,0.000000,0.000000,1.000000,1.000000
rJxHcgStwr,2020,Reject,unknown,0.000000,0.000000,1.000000,0.000000,0.000000
rygBVTVFPB,2020,Reject,accepted,1.000000,0.000000,0.000000,1.000000,1.000000
rygHq6EFwr,2020,Reject,unknown,0.000000,0.000000,1.000000,0.000000,0.000000
rygfnn4twS,2020,Accept (Poster),unknown,0.000000,0.000000,1.000000,0.000000,-0.000000
rJx1Na4Fwr,2020,Accept (Poster),accepted,1.000000,0.000000,0.000000,1.000000,1.000000
rkltE0VKwH,2020,Reject,unknown,0.000000,0.000000,1.000000,0.000000,0.000000
ryeUg0VFwr,2020,Reject,accepted,1.000000,0.000000,0.000000,1.000000,1.000000
rkeNr6EKwB,2020,Reject,unknown,0.000000,0.000000,1.000000,0.000000,-0.000000
rygf-kSYwH,2020,Accept (Spotlight),accepted,1.000000,0.000000,0.000000,1.000000,1.000000
rJgffkSFPS,2020,Reject,unknown,0.000000,0.000000,1.000000,0.000000,0.000000
rkgNKkHtvB,2020,Accept (Talk),accepted,1.000000,0.000000,0.000000,1.000000,1.000000
rygeHgSFDH,2020,Accept (Spotlight),unknown,0.000000,0.000000,1.000000,0.000000,0.000000
rke2P1BFwS,2020,Accept (Poster),unknown,0.000000,0.000000,1.000000,0.000000,0.000000
rygGQyrFvH,2020,Accept (Poster),accepted,1.000000,0.000000,0.000000,1.000000,1.000000
rkg-TJBFPB,2020,Accept (Poster),accepted,1.000000,0.000000,0.000000,1.000000,1.000000
Byx83s09Km,2019,Accept (Poster),accepted,1.000000,0.000000,0.000000,1.000000,1.000000
BJgTZ3C5FX,2019,Reject,unknown,0.000000,0.000000,1.000000,0.000000,0.000000
rkxoh24FPH,2020,Accept (Poster),unknown,0.000000,0.000000,1.000000,0.000000,0.000000
rke7geHtwH,2020,Accept (Poster),unknown,0.000000,0.000000,1.000000,0.000000,0.000000
rke3TJrtPS,2020,Accept (Poster),unknown,0.000000,0.000000,1.000000,0.000000,0.000000
BylE1205Fm,2019,Accept (Poster),unknown,0.000000,0.000000,1.000000,0.000000,-0.000000
r1g5b2RcKm,2019,Reject,unknown,0.000000,0.000000,1.000000,0.000000,0.000000
r1e13s05YX,2019,Accept (Poster),unknown,0.000000,0.000000,1.000000,0.000000,0.000000
BkQqq0gRb,2018,Accept (Poster),accepted,1.000000,0.000000,0.000000,1.000000,1.000000
SJzqpj09YQ,2019,Accept (Poster),unknown,0.000000,0.000000,1.000000,0.000000,0.000000
rJlnOhVYPS,2020,Accept (Poster),rejected,0.000000,1.000000,0.000000,1.000000,-1.000000
rkxQ-nA9FX,2019,Accept (Poster),unknown,0.000000,0.000000,1.000000,0.000000,0.000000
rJxqZkSFDB,2020,Reject,accepted,1.000000,0.000000,0.000000,1.000000,1.000000
ryghZJBKPS,2020,Accept (Talk),unknown,0.000000,0.000000,1.000000,0.000000,0.000000
ByGVui0ctm,2019,Reject,accepted,1.000000,0.000000,0.000000,1.000000,1.000000
ByGOuo0cYm,2019,Reject,unknown,0.000000,0.000000,1.000000,0.000000,0.000000
rJl63fZRb,2018,Accept (Poster),unknown,0.000000,0.000000,1.000000,0.000000,0.000000
rygrBhC5tQ,2019,Accept (Poster),unknown,0.000000,0.000000,1.000000,0.000000,0.000000
S1cZsf-RW,2018,Accept (Poster),unknown,0.000000,0.000000,1.000000,0.000000,0.000000
HyGBdo0qFm,2019,Accept (Poster),unknown,0.000000,0.000000,1.000000,0.000000,0.000000
HJePy3RcF7,2019,Reject,unknown,0.000000,0.000000,1.000000,0.000000,0.000000
rybAWfx0b,2018,Invite to Workshop Track,accepted,1.000000,0.000000,0.000000,1.000000,1.000000
rytstxWAW,2018,Accept (Poster),accepted,1.000000,0.000000,0.000000,1.000000,1.000000
rydeCEhs-,2018,Accept (Poster),accepted,1.000000,0.000000,0.000000,1.000000,1.000000
ryZERzWCZ,2018,Reject,accepted,1.000000,0.000000,0.000000,1.000000,1.000000
ryZElGZ0Z,2018,Reject,accepted,1.000000,0.000000,0.000000,1.000000,1.000000
ryup8-WCW,2018,Accept (Poster),accepted,1.000000,0.000000,0.000000,1.000000,1.000000
rypT3fb0b,2018,Accept (Poster),unknown,0.000000,0.000000,1.000000,0.000000,0.000000
ry_WPG-A-,2018,Accept (Poster),accepted,0.999999,0.000001,0.000000,1.000000,0.999997
ryacTMZRZ,2018,Reject,accepted,1.000000,0.000000,0.000000,1.000000,1.000000
rybDdHe0Z,2018,Reject,unknown,0.000000,0.000000,1.000000,0.000000,0.000000
ryjw_eAaZ,2018,Reject,unknown,0.000000,0.000000,1.000000,0.000000,0.000000
rye7IMbAZ,2018,Reject,unknown,0.000000,0.000000,1.000000,0.000000,0.000000
ryZ3KCy0W,2018,Reject,unknown,0.000000,0.000000,1.000000,0.000000,-0.000000
ryQu7f-RZ,2018,Accept (Oral),accepted,1.000000,0.000000,0.000000,1.000000,1.000000
ryb83alCZ,2018,Reject,unknown,0.000000,0.000000,1.000000,0.000000,0.000000
ryRh0bb0Z,2018,Accept (Poster),unknown,0.000000,0.000000,1.000000,0.000000,0.000000
ryj0790hb,2018,Reject,unknown,0.000000,0.000000,1.000000,0.000000,0.000000
ryserbZR-,2018,Reject,unknown,0.000000,0.000000,1.000000,0.000000,0.000000
ryTp3f-0-,2018,Accept (Poster),unknown,0.000000,0.000000,1.000000,0.000000,0.000000
ryiAv2xAZ,2018,Accept (Poster),unknown,0.000000,0.000000,1.000000,0.000000,0.000000
rylejExC-,2018,Reject,unknown,0.000000,0.000000,1.000000,0.000000,0.000000
ryUlhzWCZ,2018,Accept (Poster),unknown,0.000000,0.000000,1.000000,0.000000,-0.000000
ryHM_fbA-,2018,Reject,unknown,0.000000,0.000000,1.000000,0.000000,0.000000
ryepFJbA-,2018,Reject,unknown,0.000000,0.000000,1.000000,0.000000,0.000000
rytNfI1AZ,2018,Accept (Poster),unknown,0.000000,0.000000,1.000000,0.000000,0.000000
ry8dvM-R-,2018,Accept (Poster),accepted,1.000000,0.000000,0.000000,1.000000,1.000000
ryBnUWb0b,2018,Accept (Poster),unknown,0.000000,0.000000,1.000000,0.000000,0.000000
ryH_bShhW,2018,Reject,unknown,0.000000,0.000000,1.000000,0.000000,0.000000
ryOG3fWCW,2018,Reject,unknown,0.000000,0.000000,1.000000,0.000000,0.000000
ryF-cQ6T-,2018,Reject,unknown,0.000000,0.000000,1.000000,0.000000,-0.000000
ry6-G_66b,2018,Accept (Poster),unknown,0.000000,0.000000,1.000000,0.000000,0.000000
ryY4RhkCZ,2018,Reject,unknown,0.000000,0.000000,1.000000,0.000000,0.000000
ry018WZAZ,2018,Accept (Poster),unknown,0.000000,0.000000,1.000000,0.000000,-0.000000
ryCM8zWRb,2018,Reject,unknown,0.000000,0.000000,1.000000,0.000000,0.000000
ry4S90l0b,2018,Reject,unknown,0.000000,0.000000,1.000000,0.000000,0.000000
ry-TW-WAb,2018,Accept (Poster),unknown,0.000000,0.000000,1.000000,0.000000,0.000000
ryG6xZ-RZ,2018,Invite to Workshop Track,unknown,0.000000,0.000000,1.000000,0.000000,0.000000
ryH20GbRW,2018,Accept (Poster),unknown,0.000000,0.000000,1.000000,0.000000,0.000000
ryA-jdlA-,2018,Reject,unknown,0.000000,0.000000,1.000000,0.000000,-0.000000
ry0WOxbRZ,2018,Reject,unknown,0.000000,0.000000,1.000000,0.000000,0.000000
rkr1UDeC-,2018,Accept (Poster),unknown,0.000000,0.000000,1.000000,0.000000,0.000000
ryALZdAT-,2018,Invite to Workshop Track,unknown,0.000000,0.000000,1.000000,0.000000,0.000000
ryDNZZZAW,2018,Invite to Workshop Track,unknown,0.000000,0.000000,1.000000,0.000000,0.000000
ryk77mbRZ,2018,Reject,unknown,0.000000,0.000000,1.000000,0.000000,0.000000
ry4SNTe0-,2018,Reject,unknown,0.000000,0.000000,1.000000,0.000000,-0.000000
rkrWCJWAW,2018,Reject,accepted,1.000000,0.000000,0.000000,1.000000,1.000000
rkxY-sl0W,2018,Invite to Workshop Track,unknown,0.000000,0.000000,1.000000,0.000000,0.000000
rkhxwltab,2018,Reject,unknown,0.000000,0.000000,1.000000,0.000000,0.000000
rkvDssyRb,2018,Reject,unknown,0.000000,0.000000,1.000000,0.000000,0.000000
rkmu5b0a-,2018,Accept (Poster),accepted,1.000000,0.000000,0.000000,1.000000,0.999999
rkmtTJZCb,2018,Reject,unknown,0.000000,0.000000,1.000000,0.000000,0.000000
rkhCSO4T-,2018,Reject,unknown,0.000000,0.000000,1.000000,0.000000,-0.000000
rkfOvGbCW,2018,Accept (Poster),unknown,0.000000,0.000000,1.000000,0.000000,0.000000
rkdU7tCaZ,2018,Reject,accepted,1.000000,0.000000,0.000000,1.000000,1.000000
rkpoTaxA-,2018,Accept (Poster),unknown,0.000000,0.000000,1.000000,0.000000,0.000000
rkfbLilAb,2018,Reject,unknown,0.000000,0.000000,1.000000,0.000000,-0.000000
rkgOLb-0W,2018,Accept (Poster),unknown,0.000000,0.000000,1.000000,0.000000,-0.000000
rkrC3GbRW,2018,Accept (Poster),unknown,0.000000,0.000000,1.000000,0.000000,0.000000
rkcQFMZRb,2018,Accept (Poster),accepted,1.000000,0.000000,0.000000,1.000000,1.000000
rkmoiMbCb,2018,Reject,unknown,0.000000,0.000000,1.000000,0.000000,0.000000
rkYTTf-AZ,2018,Accept (Poster),accepted,1.000000,0.000000,0.000000,1.000000,1.000000
rkcya1ZAW,2018,Reject,unknown,0.000000,0.000000,1.000000,0.000000,0.000000
rkZB1XbRZ,2018,Accept (Poster),accepted,1.000000,0.000000,0.000000,1.000000,1.000000
rkeZRGbRW,2018,Reject,unknown,0.000000,0.000000,1.000000,0.000000,0.000000
rkZzY-lCb,2018,Reject,unknown,0.000000,0.000000,1.000000,0.000000,0.000000
rkw-jlb0W,2018,Reject,unknown,0.000000,0.000000,1.000000,0.000000,0.000000
rkQu4Wb0Z,2018,Reject,accepted,1.000000,0.000000,0.000000,1.000000,1.000000
rkaT3zWCZ,2018,Invite to Workshop Track,unknown,0.000000,0.000000,1.000000,0.000000,0.000000
ry9tUX_6-,2018,Reject,rejected,0.000000,1.000000,0.000000,1.000000,-1.000000
rkRwGg-0Z,2018,Accept (Oral),accepted,1.000000,0.000000,0.000000,1.000000,1.000000
rkTBjG-AZ,2018,Reject,unknown,0.000000,0.000000,1.000000,0.000000,-0.000000
rkPLzgZAZ,2018,Accept (Poster),unknown,0.000000,0.000000,1.000000,0.000000,0.000000
rkYgAJWCZ,2018,Reject,unknown,0.000000,0.000000,1.000000,0.000000,0.000000
rkQsMCJCb,2018,Reject,unknown,0.000000,0.000000,1.000000,0.000000,0.000000
rkONG0xAW,2018,Reject,unknown,0.000000,0.000000,1.000000,0.000000,0.000000
rkc_hGb0Z,2018,Reject,unknown,0.000000,0.000000,1.000000,0.000000,0.000000
rkaqxm-0b,2018,Reject,unknown,0.000000,0.000000,1.000000,0.000000,0.000000
rkWN3g-AZ,2018,Reject,rejected,0.000000,1.000000,0.000000,1.000000,-1.000000
rkMt1bWAZ,2018,Reject,unknown,0.000000,0.000000,1.000000,0.000000,0.000000
rk9kKMZ0-,2018,Reject,unknown,0.000000,0.000000,1.000000,0.000000,-0.000000
rkO3uTkAZ,2018,Accept (Poster),unknown,0.000000,0.000000,1.000000,0.000000,0.000000
rkEfPeZRb,2018,Invite to Workshop Track,unknown,0.000000,0.000000,1.000000,0.000000,0.000000
rkHVZWZAZ,2018,Accept (Poster),unknown,0.000000,0.000000,1.000000,0.000000,0.000000
rkTS8lZAb,2018,Accept (Poster),unknown,0.000000,0.000000,1.000000,0.000000,-0.000000
rkQkBnJAb,2018,Accept (Poster),unknown,0.000000,0.000000,1.000000,0.000000,-0.000000
rJssAZ-0-,2018,Reject,accepted,1.000000,0.000000,0.000000,1.000000,1.000000
rk8wKk-R-,2018,Invite to Workshop Track,unknown,0.000000,0.000000,1.000000,0.000000,0.000000
rk6cfpRjZ,2018,Accept (Poster),unknown,0.000000,0.000000,1.000000,0.000000,0.000000
rkGZuJb0b,2018,Reject,unknown,0.000000,0.000000,1.000000,0.000000,0.000000
rJwelMbR-,2018,Accept (Poster),unknown,0.000000,0.000000,1.000000,0.000000,0.000000
rJv4XWZA-,2018,Reject,unknown,0.000000,0.000000,1.000000,0.000000,-0.000000
rJqfKPJ0Z,2018,Reject,unknown,0.000000,0.000000,1.000000,0.000000,0.000000
rk1FQA0pW,2018,Reject,unknown,0.000000,0.000000,1.000000,0.000000,0.000000
rkA1f3NpZ,2018,Reject,unknown,0.000000,0.000000,1.000000,0.000000,0.000000
rk07ZXZRb,2018,Accept (Poster),unknown,0.000000,0.000000,1.000000,0.000000,0.000000
rJr4kfWCb,2018,Reject,unknown,0.000000,0.000000,1.000000,0.000000,0.000000
rJrTwxbCb,2018,Invite to Workshop Track,unknown,0.000000,0.000000,1.000000,0.000000,0.000000
rkEtzzWAb,2018,Invite to Workshop Track,unknown,0.000000,0.000000,1.000000,0.000000,0.000000
rJvJXZb0W,2018,Accept (Poster),unknown,0.000000,0.000000,1.000000,0.000000,0.000000
rk6qdGgCZ,2018,Reject,rejected,0.000005,0.999995,0.000000,1.000000,-0.999989
rk8R_JWRW,2018,Reject,unknown,0.000000,0.000000,1.000000,0.000000,0.000000
rJXMpikCZ,2018,Accept (Poster),accepted,1.000000,0.000000,0.000000,1.000000,1.000000
rJlMAAeC-,2018,Accept (Poster),unknown,0.000000,0.000000,1.000000,0.000000,0.000000
rJoXrxZAZ,2018,Reject,unknown,0.000000,0.000000,1.000000,0.000000,0.000000
rJVruWZRW,2018,Reject,unknown,0.000000,0.000000,1.000000,0.000000,0.000000
rJfHoM-C-,2018,Reject,unknown,0.000000,0.000000,1.000000,0.000000,-0.000000
rJiaRbk0-,2018,Reject,unknown,0.000000,0.000000,1.000000,0.000000,0.000000
rJe7FW-Cb,2018,Reject,unknown,0.000000,0.000000,1.000000,0.000000,0.000000
rJaE2alRW,2018,Reject,unknown,0.000000,0.000000,1.000000,0.000000,0.000000
rJa90ceAb,2018,Reject,unknown,0.000000,0.000000,1.000000,0.000000,0.000000
rJma2bZCW,2018,Reject,unknown,0.000000,0.000000,1.000000,0.000000,0.000000
rJNpifWAb,2018,Accept (Poster),accepted,1.000000,0.000000,0.000000,1.000000,1.000000
rJUYGxbCW,2018,Accept (Poster),unknown,0.000000,0.000000,1.000000,0.000000,0.000000
rJhR_pxCZ,2018,Reject,unknown,0.000000,0.000000,1.000000,0.000000,0.000000
rJUBryZ0W,2018,Reject,unknown,0.000000,0.000000,1.000000,0.000000,0.000000
rJR2ylbRb,2018,Reject,unknown,0.000000,0.000000,1.000000,0.000000,0.000000
rJSr0GZR-,2018,Reject,unknown,0.000000,0.000000,1.000000,0.000000,0.000000
rJL6pz-CZ,2018,Reject,accepted,1.000000,0.000000,0.000000,1.000000,1.000000
rJTGkKxAZ,2018,Reject,unknown,0.000000,0.000000,1.000000,0.000000,0.000000
rJbs5gbRW,2018,Reject,unknown,0.000000,0.000000,1.000000,0.000000,-0.000000
rJWrK9lAb,2018,Invite to Workshop Track,unknown,0.000000,0.000000,1.000000,0.000000,-0.000000
rJLTTe-0W,2018,Reject,unknown,0.000000,0.000000,1.000000,0.000000,0.000000
rJQDjk-0b,2018,Accept (Poster),unknown,0.000000,0.000000,1.000000,0.000000,0.000000
rJzIBfZAb,2018,Accept (Poster),accepted,0.999999,0.000000,0.000001,0.999999,0.999999
rJWechg0Z,2018,Accept (Poster),unknown,0.000000,0.000000,1.000000,0.000000,0.000000
rkHywl-A-,2018,Accept (Poster),accepted,0.999999,0.000000,0.000001,0.999999,0.999999
rJIN_4lA-,2018,Reject,accepted,1.000000,0.000000,0.000000,1.000000,1.000000
rJFOptp6Z,2018,Reject,unknown,0.000000,0.000000,1.000000,0.000000,-0.000000
rJ7RBNe0-,2018,Reject,unknown,0.000000,0.000000,1.000000,0.000000,0.000000
rJTutzbA-,2018,Accept (Oral),unknown,0.000000,0.000000,1.000000,0.000000,-0.000000
rJ695PxRW,2018,Reject,unknown,0.000000,0.000000,1.000000,0.000000,-0.000000
rJ7yZ2P6-,2018,Reject,unknown,0.000000,0.000000,1.000000,0.000000,0.000000
rJJzTyWCZ,2018,Reject,unknown,0.000000,0.000000,1.000000,0.000000,0.000000
rJGZq6g0-,2018,Accept (Poster),unknown,0.000000,0.000000,1.000000,0.000000,0.000000
rJ3fy0k0Z,2018,Reject,unknown,0.000000,0.000000,1.000000,0.000000,0.000000
rJBwoM-Cb,2018,Reject,unknown,0.000000,0.000000,1.000000,0.000000,0.000000
rJ6iJmWCW,2018,Reject,unknown,0.000000,0.000000,1.000000,0.000000,0.000000
rJ8rHkWRb,2018,Reject,unknown,0.000000,0.000000,1.000000,0.000000,0.000000
rJHcpW-CW,2018,Reject,unknown,0.000000,0.000000,1.000000,0.000000,-0.000000
r1vccClCb,2018,Reject,unknown,0.000000,0.000000,1.000000,0.000000,0.000000
rJ5C67-C-,2018,Reject,unknown,0.000000,0.000000,1.000000,0.000000,-0.000000
rJIgf7bAZ,2018,Reject,unknown,0.000000,0.000000,1.000000,0.000000,0.000000
r1tJKuyRZ,2018,Reject,accepted,1.000000,0.000000,0.000000,1.000000,1.000000
r1vuQG-CW,2018,Accept (Poster),unknown,0.000000,0.000000,1.000000,0.000000,0.000000
rJ1RPJWAW,2018,Reject,unknown,0.000000,0.000000,1.000000,0.000000,0.000000
r1wEFyWCW,2018,Accept (Poster),unknown,0.000000,0.000000,1.000000,0.000000,0.000000
r1kjEuHpZ,2018,Reject,unknown,0.000000,0.000000,1.000000,0.000000,0.000000
r1pW0WZAW,2018,Invite to Workshop Track,unknown,0.000000,0.000000,1.000000,0.000000,-0.000000
r1drp-WCZ,2018,Reject,accepted,1.000000,0.000000,0.000000,1.000000,1.000000
r1uOhfb0W,2018,Reject,unknown,0.000000,0.000000,1.000000,0.000000,0.000000
r1lfpfZAb,2018,Invite to Workshop Track,unknown,0.000000,0.000000,1.000000,0.000000,0.000000
rJ33wwxRb,2018,Accept (Poster),unknown,0.000000,0.000000,1.000000,0.000000,0.000000
r1nzLmWAb,2018,Reject,unknown,0.000000,0.000000,1.000000,0.000000,0.000000
r1gs9JgRZ,2018,Accept (Poster),accepted,1.000000,0.000000,0.000000,1.000000,1.000000
r1h2DllAW,2018,Reject,unknown,0.000000,0.000000,1.000000,0.000000,0.000000
r1iuQjxCZ,2018,Accept (Poster),unknown,0.000000,0.000000,1.000000,0.000000,0.000000
rk6H0ZbRb,2018,Invite to Workshop Track,unknown,0.000001,0.989012,0.010987,0.989013,-0.989011
r1YUtYx0-,2018,Invite to Workshop Track,unknown,0.000000,0.000000,1.000000,0.000000,0.000000
r1ZdKJ-0W,2018,Accept (Poster),accepted,1.000000,0.000000,0.000000,1.000000,1.000000
r1kP7vlRb,2018,Reject,unknown,0.000000,0.000000,1.000000,0.000000,0.000000
r1Zi2Mb0-,2018,Reject,unknown,0.000000,0.000000,1.000000,0.000000,0.000000
r1kNDlbCb,2018,Reject,unknown,0.000000,0.000000,1.000000,0.000000,-0.000000
r1ayG7WRZ,2018,Reject,accepted,1.000000,0.000000,0.000000,1.000000,0.999999
r1dHXnH6-,2018,Accept (Poster),unknown,0.000000,0.000000,1.000000,0.000000,0.000000
r1VVsebAZ,2018,Accept (Poster),unknown,0.000000,0.000000,1.000000,0.000000,0.000000
r1cLblgCZ,2018,Reject,unknown,0.000000,0.000000,1.000000,0.000000,-0.000000
r1Ddp1-Rb,2018,Accept (Poster),accepted,1.000000,0.000000,0.000000,1.000000,1.000000
r1SnX5xCb,2018,Accept (Poster),unknown,0.000000,0.000000,1.000000,0.000000,0.000000
r1kj4ACp-,2018,Reject,unknown,0.000000,0.000000,1.000000,0.000000,0.000000
r1HhRfWRZ,2018,Accept (Poster),unknown,0.000000,0.000000,1.000000,0.000000,0.000000
r1QZ3zbAZ,2018,Reject,rejected,0.000000,1.000000,0.000000,1.000000,-1.000000
r1AoGNlC-,2018,Reject,unknown,0.000000,0.000000,1.000000,0.000000,0.000000
r1TA9ZbA-,2018,Reject,unknown,0.000000,0.000000,1.000000,0.000000,-0.000000
r1HNP0eCW,2018,Reject,unknown,0.000000,0.000000,1.000000,0.000000,0.000000
r1CE9GWR-,2018,Reject,rejected,0.000000,1.000000,0.000000,1.000000,-1.000000
r1BRfhiab,2018,Reject,unknown,0.000000,0.000000,1.000000,0.000000,0.000000
r1Kr3TyAb,2018,Reject,rejected,0.000000,1.000000,0.000000,1.000000,-1.000000
r1ISxGZRb,2018,Reject,unknown,0.000000,0.000000,1.000000,0.000000,0.000000
r1NYjfbR-,2018,Accept (Poster),unknown,0.000000,0.000000,1.000000,0.000000,0.000000
r1RQdCg0W,2018,Reject,unknown,0.000000,0.000000,1.000000,0.000000,-0.000000
r154_g-Rb,2018,Reject,unknown,0.000000,0.000000,1.000000,0.000000,0.000000
r1SuFjkRW,2018,Reject,unknown,0.000000,0.000000,1.000000,0.000000,0.000000
r1AMITFaW,2018,Reject,unknown,0.000000,0.000000,1.000000,0.000000,0.000000
r15kjpHa-,2018,Reject,unknown,0.000000,0.000000,1.000000,0.000000,0.000000
r111KtCp-,2018,Reject,accepted,1.000000,0.000000,0.000000,1.000000,1.000000
SywXXwJAb,2018,Accept (Poster),unknown,0.000000,0.000000,1.000000,0.000000,0.000000
Syt0r4bRZ,2018,Reject,unknown,0.000000,0.000000,1.000000,0.000000,-0.000000
r1saNM-RW,2018,Reject,unknown,0.000000,0.000000,1.000000,0.000000,0.000000
SyuWNMZ0W,2018,Reject,unknown,0.000000,0.000000,1.000000,0.000000,0.000000
SyrGJYlRZ,2018,Reject,accepted,1.000000,0.000000,0.000000,1.000000,1.000000
r17lFgZ0Z,2018,Reject,unknown,0.000000,0.000000,1.000000,0.000000,-0.000000
r16Vyf-0-,2018,Reject,unknown,0.000000,0.000000,1.000000,0.000000,0.000000
SyqShMZRb,2018,Accept (Poster),unknown,0.000000,0.000000,1.000000,0.000000,0.000000
SyvCD-b0W,2018,Reject,unknown,0.000000,0.000000,1.000000,0.000000,-0.000000
r17Q6WWA-,2018,Reject,unknown,0.000000,0.000000,1.000000,0.000000,0.000000
SysEexbRb,2018,Accept (Poster),unknown,0.000000,0.000000,1.000000,0.000000,0.000000
Syr8Qc1CW,2018,Invite to Workshop Track,unknown,0.000000,0.000000,1.000000,0.000000,0.000000
SyqAPeWAZ,2018,Reject,unknown,0.000000,0.000000,1.000000,0.000000,-0.000000
rJ4uaX2aW,2018,Reject,unknown,0.000000,0.000000,1.000000,0.000000,0.000000
r1RF3ExCb,2018,Reject,unknown,0.000000,0.000000,1.000000,0.000000,0.000000
r11Q2SlRW,2018,Accept (Poster),unknown,0.000000,0.000000,1.000000,0.000000,0.000000
Syjha0gAZ,2018,Reject,unknown,0.000000,0.000000,1.000000,0.000000,0.000000
SyoDInJ0-,2018,Accept (Poster),unknown,0.000000,0.000000,1.000000,0.000000,-0.000000
SyjsLqxR-,2018,Reject,unknown,0.000000,0.000000,1.000000,0.000000,-0.000000
Syl3_2JCZ,2018,Reject,unknown,0.000000,0.000000,1.000000,0.000000,0.000000
SyjjD1WRb,2018,Reject,unknown,0.000000,0.000000,1.000000,0.000000,0.000000
SyxCqGbRZ,2018,Reject,unknown,0.000000,0.000000,1.000000,0.000000,-0.000000
SyzKd1bCW,2018,Accept (Poster),unknown,0.000000,0.000000,1.000000,0.000000,0.000000
SyYYPdg0-,2018,Reject,unknown,0.000000,0.000000,1.000000,0.000000,-0.000000
SyhcXjy0Z,2018,Reject,unknown,0.000000,0.000000,1.000000,0.000000,0.000000
SyX0IeWAW,2018,Accept (Poster),unknown,0.000000,0.000000,1.000000,0.000000,0.000000
Syg-YfWCW,2018,Accept (Poster),accepted,1.000000,0.000000,0.000000,1.000000,1.000000
SyXNErg0W,2018,Reject,unknown,0.000000,0.000000,1.000000,0.000000,0.000000
SybqeKgA-,2018,Reject,unknown,0.000000,0.000000,1.000000,0.000000,0.000000
SyhRVm-Rb,2018,Reject,unknown,0.000000,0.000000,1.000000,0.000000,0.000000
SyfiiMZA-,2018,Invite to Workshop Track,unknown,0.000000,0.000000,1.000000,0.000000,0.000000
SyW4Gjg0W,2018,Reject,unknown,0.000000,0.000000,1.000000,0.000000,0.000000
SyUkxxZ0b,2018,Invite to Workshop Track,unknown,0.000000,0.000000,1.000000,0.000000,0.000000
SylJ1D1C-,2018,Invite to Workshop Track,unknown,0.000000,0.000000,1.000000,0.000000,0.000000
SyVOjfbRb,2018,Invite to Workshop Track,unknown,0.000000,0.000000,1.000000,0.000000,0.000000
Sy_MK3lAZ,2018,Reject,unknown,0.000000,0.000000,1.000000,0.000000,-0.000000
SyOK1Sg0W,2018,Accept (Poster),unknown,0.000000,0.000000,1.000000,0.000000,0.000000
SyGT_6yCZ,2018,Reject,unknown,0.000000,0.000000,1.000000,0.000000,-0.000000
SyZipzbCb,2018,Accept (Poster),unknown,0.000000,0.000000,1.000000,0.000000,0.000000
SySpa-Z0Z,2018,Reject,unknown,0.000000,0.000000,1.000000,0.000000,0.000000
SyPMT6gAb,2018,Reject,unknown,0.000000,0.000000,1.000000,0.000000,0.000000
SyProzZAW,2018,Accept (Poster),unknown,0.000000,0.000000,1.000000,0.000000,0.000000
SyKoKWbC-,2018,Invite to Workshop Track,unknown,0.000000,0.000000,1.000000,0.000000,0.000000
SyVVXngRW,2018,Reject,unknown,0.000000,0.000000,1.000000,0.000000,0.000000
SySaJ0xCZ,2018,Invite to Workshop Track,unknown,0.000000,0.000000,1.000000,0.000000,0.000000
SyYe6k-CW,2018,Accept (Poster),unknown,0.000000,0.000000,1.000000,0.000000,0.000000
Sy8XvGb0-,2018,Accept (Poster),unknown,0.000000,0.000000,1.000000,0.000000,0.000000
SyELrEeAb,2018,Accept (Poster),unknown,0.000000,0.000000,1.000000,0.000000,-0.000000
SySisz-CW,2018,Reject,unknown,0.000000,0.000000,1.000000,0.000000,-0.000000
Sy-tszZRZ,2018,Reject,accepted,1.000000,0.000000,0.000000,1.000000,1.000000
SyJS-OgR-,2018,Accept (Poster),unknown,0.000000,0.000000,1.000000,0.000000,0.000000
SyJ7ClWCb,2018,Accept (Poster),unknown,0.000000,0.000000,1.000000,0.000000,0.000000
SyL9u-WA-,2018,Reject,unknown,0.000000,0.000000,1.000000,0.000000,0.000000
SyAbZb-0Z,2018,Reject,unknown,0.000000,0.000000,1.000000,0.000000,-0.000000
Sy-dQG-Rb,2018,Accept (Poster),accepted,1.000000,0.000000,0.000000,1.000000,1.000000
Sy2ogebAW,2018,Accept (Poster),accepted,1.000000,0.000000,0.000000,1.000000,1.000000
Sy3fJXbA-,2018,Reject,unknown,0.000000,0.000000,1.000000,0.000000,0.000000
Sy5OAyZC-,2018,Reject,unknown,0.000000,0.000000,1.000000,0.000000,-0.000000
SyBBgXWAZ,2018,Reject,unknown,0.000000,0.000000,1.000000,0.000000,0.000000
SkwAEQbAb,2018,Reject,unknown,0.000000,0.000000,1.000000,0.000000,-0.000000
Sy4c-3xRW,2018,Invite to Workshop Track,unknown,0.000000,0.000000,1.000000,0.000000,0.000000
SktLlGbRZ,2018,Reject,accepted,1.000000,0.000000,0.000000,1.000000,1.000000
SkymMAxAb,2018,Reject,unknown,0.000000,0.000000,1.000000,0.000000,0.000000
Sy21R9JAW,2018,Accept (Poster),unknown,0.000000,0.000000,1.000000,0.000000,0.000000
SyF7Erp6W,2018,Reject,unknown,0.000000,0.000000,1.000000,0.000000,-0.000000
Skvd-myR-,2018,Reject,unknown,0.000000,0.000000,1.000000,0.000000,-0.000000
Skx5txzb0W,2018,Reject,unknown,0.000000,0.000000,1.000000,0.000000,-0.000000
SkrHeXbCW,2018,Reject,unknown,0.000000,0.000000,1.000000,0.000000,0.000000
SkxqZngC-,2018,Reject,unknown,0.000000,0.000000,1.000000,0.000000,0.000000
SknC0bW0-,2018,Reject,unknown,0.000000,0.000000,1.000000,0.000000,0.000000
SkqV-XZRZ,2018,Reject,unknown,0.000000,0.000000,1.000000,0.000000,-0.000000
Skp1ESxRZ,2018,Accept (Poster),unknown,0.000000,0.000000,1.000000,0.000000,0.000000
SkmM6M_pW,2018,Reject,unknown,0.000000,0.000000,1.000000,0.000000,0.000000
SkYXvCR6W,2018,Reject,unknown,0.000000,0.000000,1.000000,0.000000,-0.000000
Skw0n-W0Z,2018,Accept (Poster),unknown,0.000000,0.000000,1.000000,0.000000,0.000000
SkiCjzNTZ,2018,Reject,unknown,0.000000,0.000000,1.000000,0.000000,0.000000
SyZI0GWCZ,2018,Accept (Poster),unknown,0.000001,0.957428,0.000000,0.957429,-0.957427
SkmiegW0b,2018,Invite to Workshop Track,unknown,0.000000,0.000000,1.000000,0.000000,0.000000
SkYMnLxRW,2018,Reject,unknown,0.000000,0.000000,1.000000,0.000000,-0.000000
SkZxCk-0Z,2018,Accept (Poster),unknown,0.000000,0.000000,1.000000,0.000000,-0.000000
SkaPsfZ0W,2018,Reject,unknown,0.000000,0.000000,1.000000,0.000000,0.000000
SkfNU2e0Z,2018,Reject,unknown,0.000000,0.000000,1.000000,0.000000,-0.000000
SkVqXOxCb,2018,Accept (Poster),unknown,0.000000,0.000000,1.000000,0.000000,0.000000
SkJKHMW0Z,2018,Reject,accepted,1.000000,0.000000,0.000000,1.000000,1.000000
SkRsFSRpb,2018,Invite to Workshop Track,unknown,0.000000,0.000000,1.000000,0.000000,-0.000000
SyunbfbAb,2018,Invite to Workshop Track,unknown,0.115860,0.000000,0.000000,0.115860,0.115860
SkffVjUaW,2018,Reject,unknown,0.000000,0.000000,1.000000,0.000000,0.000000
SkZ-BnyCW,2018,Reject,unknown,0.000000,0.000000,1.000000,0.000000,0.000000
SkJd_y-Cb,2018,Reject,unknown,0.000000,0.000000,1.000000,0.000000,-0.000000
Skk3Jm96W,2018,Invite to Workshop Track,unknown,0.000000,0.000000,1.000000,0.000000,-0.000000
SkFvV0yC-,2018,Reject,accepted,1.000000,0.000000,0.000000,1.000000,1.000000
SkFqf0lAZ,2018,Accept (Poster),unknown,0.000000,0.000000,1.000000,0.000000,0.000000
SkHDoG-Cb,2018,Accept (Poster),unknown,0.000000,0.000000,1.000000,0.000000,0.000000
SkHkeixAW,2018,Reject,unknown,0.000000,0.000000,1.000000,0.000000,-0.000000
SkHl6MWC-,2018,Invite to Workshop Track,unknown,0.000000,0.000000,1.000000,0.000000,-0.000000
SkFEGHx0Z,2018,Reject,unknown,0.000000,0.000000,1.000000,0.000000,0.000000
SkFAWax0-,2018,Accept (Poster),unknown,0.000000,0.000000,1.000000,0.000000,0.000000
SkERSm-0-,2018,Reject,unknown,0.000000,0.000000,1.000000,0.000000,-0.000000
Sk7KsfW0-,2018,Accept (Poster),accepted,1.000000,0.000000,0.000000,1.000000,1.000000
SkAK2jg0b,2018,Reject,unknown,0.000000,0.000000,1.000000,0.000000,0.000000
SkBYYyZRZ,2018,Invite to Workshop Track,rejected,0.000000,1.000000,0.000000,1.000000,-1.000000
Sk9yuql0Z,2018,Accept (Poster),unknown,0.000000,0.000000,1.000000,0.000000,0.000000
SkNQeiRpb,2018,Reject,unknown,0.000000,0.000000,1.000000,0.000000,0.000000
SkT5Yg-RZ,2018,Accept (Poster),unknown,0.000000,0.000000,1.000000,0.000000,0.000000
SkA-IE06W,2018,Accept (Poster),unknown,0.000000,0.000000,1.000000,0.000000,0.000000
SkBcLugC-,2018,Reject,unknown,0.000000,0.000000,1.000000,0.000000,0.000000
Skdvd2xAZ,2018,Accept (Poster),unknown,0.000000,0.000000,1.000000,0.000000,0.000000
SkPoRg10b,2018,Reject,unknown,0.000000,0.000000,1.000000,0.000000,0.000000
SkF2D7g0b,2018,Reject,unknown,0.000000,0.000000,1.000000,0.000000,0.000000
Sk4w0A0Tb,2018,Invite to Workshop Track,unknown,0.000000,0.000000,1.000000,0.000000,-0.000000
Sk7cHb-C-,2018,Reject,unknown,0.000000,0.000000,1.000000,0.000000,0.000000
SJzmJEq6W,2018,Reject,unknown,0.000000,0.000000,1.000000,0.000000,0.000000
SJyVzQ-C-,2018,Accept (Poster),accepted,1.000000,0.000000,0.000000,1.000000,1.000000
SkBHr1WRW,2018,Reject,rejected,0.000000,1.000000,0.000000,1.000000,-1.000000
Sk1NTfZAb,2018,Reject,unknown,0.000000,0.000000,1.000000,0.000000,-0.000000
Sktm4zWRb,2018,Reject,unknown,0.000000,0.000000,1.000000,0.000000,0.000000
Sk2u1g-0-,2018,Accept (Oral),unknown,0.000000,0.000000,1.000000,0.000000,0.000000
SJxE3jlA-,2018,Reject,accepted,1.000000,0.000000,0.000000,1.000000,1.000000
Sk0pHeZAW,2018,Reject,unknown,0.000000,0.000000,1.000000,0.000000,0.000000
Sk03Yi10Z,2018,Reject,unknown,0.000000,0.000000,1.000000,0.000000,-0.000000
Skz_WfbCZ,2018,Accept (Poster),unknown,0.069231,0.000000,0.000000,0.069231,0.069231
SJzRZ-WCZ,2018,Accept (Poster),unknown,0.000000,0.000000,1.000000,0.000000,0.000000
SkYibHlRb,2018,Reject,unknown,0.000000,0.000000,1.000000,0.000000,-0.000000
SJw03ceRW,2018,Reject,unknown,0.000000,0.000000,1.000000,0.000000,0.000000
SJlhPMWAW,2018,Reject,accepted,1.000000,0.000000,0.000000,1.000000,1.000000
SJmAXkgCb,2018,Reject,unknown,0.000000,0.000000,1.000000,0.000000,0.000000
SJme6-ZR-,2018,Reject,unknown,0.000000,0.000000,1.000000,0.000000,0.000000
SJyfrl-0b,2018,Invite to Workshop Track,unknown,0.000000,0.000000,1.000000,0.000000,0.000000
SJu63o10b,2018,Reject,unknown,0.000000,0.000000,1.000000,0.000000,-0.000000
SJn0sLgRb,2018,Reject,unknown,0.000000,0.000000,1.000000,0.000000,0.000000
SJzMATlAZ,2018,Reject,unknown,0.000000,0.000000,1.000000,0.000000,0.000000
SJgf6Z-0W,2018,Reject,unknown,0.000000,0.000000,1.000000,0.000000,0.000000
SJx9GQb0-,2018,Accept (Poster),unknown,0.000000,0.000000,1.000000,0.000000,0.000000
Sk6fD5yCb,2018,Accept (Poster),unknown,0.000000,0.000000,1.000000,0.000000,0.000000
SJa9iHgAZ,2018,Accept (Poster),accepted,1.000000,0.000000,0.000000,1.000000,1.000000
SJvu-GW0b,2018,Reject,unknown,0.000000,0.000000,1.000000,0.000000,0.000000
SJtfOEn6-,2018,Reject,unknown,0.000000,0.000000,1.000000,0.000000,0.000000
SJtChcgAW,2018,Reject,unknown,0.000000,0.000000,1.000000,0.000000,0.000000
SJdCUMZAW,2018,Reject,unknown,0.000000,0.000000,1.000000,0.000000,0.000000
SJd0EAy0b,2018,Reject,unknown,0.000000,0.000000,1.000000,0.000000,0.000000
SJi9WOeRb,2018,Accept (Poster),unknown,0.000000,0.000000,1.000000,0.000000,0.000000
SJcKhk-Ab,2018,Accept (Poster),unknown,0.000000,0.000000,1.000000,0.000000,0.000000
SJSVuReCZ,2018,Reject,unknown,0.000000,0.000000,1.000000,0.000000,0.000000
SJZ2Mf-0-,2018,Invite to Workshop Track,unknown,0.000000,0.000000,1.000000,0.000000,0.000000
SJaP_-xAb,2018,Accept (Poster),unknown,0.000000,0.000000,1.000000,0.000000,0.000000
SJVHY9lCb,2018,Reject,unknown,0.000000,0.000000,1.000000,0.000000,0.000000
SJICXeWAb,2018,Reject,unknown,0.000000,0.000000,1.000000,0.000000,-0.000000
SJZsR7kCZ,2018,Reject,unknown,0.000000,0.000000,1.000000,0.000000,0.000000
SJahqJZAW,2018,Reject,unknown,0.000000,0.000000,1.000000,0.000000,0.000000
SJLlmG-AZ,2018,Accept (Poster),unknown,0.000000,0.000000,1.000000,0.000000,0.000000
SJTB5GZCb,2018,Invite to Workshop Track,unknown,0.000000,0.000000,1.000000,0.000000,0.000000
SJQO7UJCW,2018,Reject,unknown,0.000000,0.000000,1.000000,0.000000,0.000000
SJOl4DlCZ,2018,Reject,unknown,0.000000,0.000000,1.000000,0.000000,0.000000
SJIA6ZWC-,2018,Reject,unknown,0.000000,0.000000,1.000000,0.000000,0.000000
SJUX_MWCZ,2018,Invite to Workshop Track,unknown,0.000000,0.000000,1.000000,0.000000,0.000000
SJJQVZW0b,2018,Accept (Poster),unknown,0.000000,0.000000,1.000000,0.000000,0.000000
SJPpHzW0-,2018,Reject,unknown,0.000000,0.000000,1.000000,0.000000,0.000000
SJJySbbAZ,2018,Accept (Poster),unknown,0.000000,0.000000,1.000000,0.000000,0.000000
SJCq_fZ0Z,2018,Reject,accepted,1.000000,0.000000,0.000000,1.000000,1.000000
SJ8M9yup-,2018,Reject,unknown,0.000000,0.000000,1.000000,0.000000,0.000000
SJ3dBGZ0Z,2018,Reject,accepted,1.000000,0.000000,0.000000,1.000000,1.000000
SJ1nzBeA-,2018,Accept (Poster),unknown,0.000000,0.000000,1.000000,0.000000,0.000000
SJ71VXZAZ,2018,Reject,unknown,0.000000,0.000000,1.000000,0.000000,-0.000000
S1viikbCW,2018,Reject,accepted,1.000000,0.000000,0.000000,1.000000,1.000000
S1vuO-bCW,2018,Accept (Poster),accepted,1.000000,0.000000,0.000000,1.000000,1.000000
S1v4N2l0-,2018,Accept (Poster),accepted,1.000000,0.000000,0.000000,1.000000,1.000000
SJDYgPgCZ,2018,Reject,unknown,0.000000,0.000000,1.000000,0.000000,0.000000
S1p31z-Ab,2018,Accept (Poster),accepted,1.000000,0.000000,0.000000,1.000000,1.000000
SJ1fQYlCZ,2018,Reject,rejected,0.000000,1.000000,0.000000,1.000000,-1.000000
S1xDcSR6W,2018,Reject,unknown,0.000000,0.000000,1.000000,0.000000,0.000000
SJD8YjCpW,2018,Reject,unknown,0.000000,0.000000,1.000000,0.000000,0.000000
SJ19eUg0-,2018,Reject,unknown,0.000000,0.000000,1.000000,0.000000,0.000000
S1uxsye0Z,2018,Accept (Poster),unknown,0.000000,0.000000,1.000000,0.000000,0.000000
SJ60SbW0b,2018,Reject,unknown,0.000000,0.000000,1.000000,0.000000,0.000000
SJLy_SxC-,2018,Reject,unknown,0.000000,0.000000,1.000000,0.000000,-0.000000
S1m6h21Cb,2018,Reject,accepted,1.000000,0.000000,0.000000,1.000000,1.000000
SJFM0ZWCb,2018,Reject,unknown,0.000000,0.000000,1.000000,0.000000,0.000000
S1tWRJ-R-,2018,Reject,unknown,0.000000,0.000000,1.000000,0.000000,-0.000000
S1jBcueAb,2018,Accept (Poster),unknown,0.000000,0.000000,1.000000,0.000000,-0.000000
S1q_Cz-Cb,2018,Reject,unknown,0.000000,0.000000,1.000000,0.000000,-0.000000
S1XolQbRW,2018,Accept (Poster),unknown,0.000000,0.000000,1.000000,0.000000,0.000000
S1pWFzbAW,2018,Invite to Workshop Track,unknown,0.000000,0.000000,1.000000,0.000000,0.000000
S1fHmlbCW,2018,Reject,unknown,0.000000,0.000000,1.000000,0.000000,0.000000
S1sqHMZCb,2018,Accept (Poster),unknown,0.000000,0.000000,1.000000,0.000000,0.000000
S1PWi_lC-,2018,Reject,unknown,0.000000,0.000000,1.000000,0.000000,0.000000
SJA7xfb0b,2018,Accept (Poster),unknown,0.000000,0.000000,1.000000,0.000000,-0.000000
S1nQvfgA-,2018,Accept (Poster),unknown,0.000000,0.000000,1.000000,0.000000,0.000000
S1fcY-Z0-,2018,Reject,unknown,0.000000,0.000000,1.000000,0.000000,0.000000
S1Y7OOlRZ,2018,Reject,unknown,0.000000,0.000000,1.000000,0.000000,0.000000
S1fduCl0b,2018,Reject,unknown,0.000000,0.000000,1.000000,0.000000,0.000000
SJ1Xmf-Rb,2018,Accept (Poster),unknown,0.000000,0.000000,1.000000,0.000000,-0.000000
S1TgE7WR-,2018,Invite to Workshop Track,unknown,0.000000,0.000000,1.000000,0.000000,0.000000
S1lN69AT-,2018,Invite to Workshop Track,unknown,0.000000,0.000000,1.000000,0.000000,0.000000
S1sRrN-CW,2018,Reject,unknown,0.000000,0.000000,1.000000,0.000000,0.000000
S1NHaMW0b,2018,Reject,unknown,0.000000,0.000000,1.000000,0.000000,0.000000
S1Ow_e-Rb,2018,Reject,unknown,0.000000,0.000000,1.000000,0.000000,0.000000
S1XXq6lRW,2018,Reject,unknown,0.000000,0.000000,1.000000,0.000000,-0.000000
S1Dh8Tg0-,2018,Accept (Poster),accepted,1.000000,0.000000,0.000000,1.000000,1.000000
S1Euwz-Rb,2018,Accept (Poster),accepted,1.000000,0.000000,0.000000,1.000000,1.000000
S1FFLWWCZ,2018,Reject,unknown,0.000000,0.000000,1.000000,0.000000,-0.000000
S1D8MPxA-,2018,Accept (Poster),unknown,0.000000,0.000000,1.000000,0.000000,0.000000
S1GUgxgCW,2018,Reject,unknown,0.000000,0.000000,1.000000,0.000000,0.000000
S1Q79heRW,2018,Reject,unknown,0.000000,0.000000,1.000000,0.000000,0.000000
S1FQEfZA-,2018,Reject,unknown,0.000000,0.000000,1.000000,0.000000,0.000000
S1J2ZyZ0Z,2018,Accept (Poster),unknown,0.000000,0.000000,1.000000,0.000000,0.000000
S1680_1Rb,2018,Reject,accepted,1.000000,0.000000,0.000000,1.000000,1.000000
S1ANxQW0b,2018,Accept (Poster),unknown,0.000000,0.000000,1.000000,0.000000,0.000000
S1LXVnxRb,2018,Invite to Workshop Track,unknown,0.000000,0.000000,1.000000,0.000000,-0.000000
S18Su--CW,2018,Accept (Poster),accepted,1.000000,0.000000,0.000000,1.000000,1.000000
S1EwLkW0W,2018,Reject,unknown,0.000000,0.000000,1.000000,0.000000,-0.000000
S19dR9x0b,2018,Accept (Poster),unknown,0.000000,0.000000,1.000000,0.000000,0.000000
S1EfylZ0Z,2018,Reject,unknown,0.000000,0.000000,1.000000,0.000000,0.000000
S1347ot3b,2018,Reject,unknown,0.000000,0.000000,1.000000,0.000000,-0.000000
HyunpgbR-,2018,Reject,accepted,1.000000,0.000000,0.000000,1.000000,1.000000
S1GDXzb0b,2018,Reject,unknown,0.000000,0.000000,1.000000,0.000000,0.000000
S17mtzbRb,2018,Reject,accepted,1.000000,0.000000,0.000000,1.000000,1.000000
Hyp-JJJRW,2018,Reject,accepted,0.999991,0.000000,0.000008,0.999992,0.999991
S1Auv-WRZ,2018,Invite to Workshop Track,unknown,0.000000,0.000000,1.000000,0.000000,0.000000
S191YzbRZ,2018,Reject,unknown,0.000000,0.000000,1.000000,0.000000,0.000000
Hymt27b0Z,2018,Reject,accepted,1.000000,0.000000,0.000000,1.000000,1.000000
HymuJz-A-,2018,Invite to Workshop Track,accepted,1.000000,0.000000,0.000000,1.000000,1.000000
S14EogZAZ,2018,Reject,unknown,0.000000,0.000000,1.000000,0.000000,0.000000
S1CChZ-CZ,2018,Accept (Oral),unknown,0.000000,0.000000,1.000000,0.000000,0.000000
S1DWPP1A-,2018,Accept (Poster),unknown,0.000000,0.000000,1.000000,0.000000,0.000000
HyxjwgbRZ,2018,Reject,unknown,0.000000,0.000000,1.000000,0.000000,0.000000
HypkN9yRW,2018,Reject,unknown,0.000000,0.000000,1.000000,0.000000,0.000000
Hyp3i2xRb,2018,Reject,unknown,0.000000,0.000000,1.000000,0.000000,-0.000000
Hyig0zb0Z,2018,Reject,accepted,1.000000,0.000000,0.000000,1.000000,1.000000
HyydRMZC-,2018,Accept (Poster),unknown,0.000000,0.000000,1.000000,0.000000,0.000000
HylgYB3pZ,2018,Reject,unknown,0.000000,0.000000,1.000000,0.000000,0.000000
HyzbhfWRW,2018,Accept (Poster),unknown,0.000000,0.000000,1.000000,0.000000,0.000000
HytSvlWRZ,2018,Reject,unknown,0.000000,0.000000,1.000000,0.000000,-0.000000
HymYLebCb,2018,Reject,rejected,0.000000,1.000000,0.000000,1.000000,-1.000000
Hyg0vbWC-,2018,Accept (Poster),unknown,0.000000,0.000000,1.000000,0.000000,-0.000000
HyrCWeWCb,2018,Accept (Poster),unknown,0.000000,0.000000,1.000000,0.000000,-0.000000
HyZoi-WRb,2018,Accept (Poster),accepted,1.000000,0.000000,0.000000,1.000000,1.000000
HyiRazbRb,2018,Reject,rejected,0.000000,1.000000,0.000000,1.000000,-0.999999
HyRnez-RW,2018,Accept (Poster),unknown,0.000000,0.000000,1.000000,0.000000,0.000000
HyiAuyb0b,2018,Accept (Poster),unknown,0.000000,0.000000,1.000000,0.000000,-0.000000
HyXBcYg0b,2018,Reject,unknown,0.000000,0.000000,1.000000,0.000000,0.000000
HyTrSegCb,2018,Reject,unknown,0.000000,0.000000,1.000000,0.000000,0.000000
Hy_o3x-0b,2018,Reject,unknown,0.000000,0.000000,1.000000,0.000000,0.000000
HyY0Ff-AZ,2018,Reject,unknown,0.000000,0.000000,1.000000,0.000000,0.000000
HyKZyYlRZ,2018,Reject,unknown,0.000000,0.000000,1.000000,0.000000,0.000000
HyN-ZvlC-,2018,Reject,unknown,0.000000,0.000000,1.000000,0.000000,0.000000
HyWrIgW0W,2018,Accept (Poster),rejected,0.000000,1.000000,0.000000,1.000000,-1.000000
HyI6s40a-,2018,Reject,accepted,1.000000,0.000000,0.000000,1.000000,1.000000
HyjC5yWCW,2018,Accept (Poster),unknown,0.000000,0.000000,1.000000,0.000000,0.000000
HyIFzx-0b,2018,Reject,unknown,0.000000,0.000000,1.000000,0.000000,0.000000
HyUNwulC-,2018,Accept (Poster),unknown,0.000000,0.000000,1.000000,0.000000,0.000000
HyFaiGbCW,2018,Reject,unknown,0.000000,0.000000,1.000000,0.000000,0.000000
HyXNCZbCZ,2018,Reject,unknown,0.000000,0.000000,1.000000,0.000000,0.000000
Hy7fDog0b,2018,Accept (Oral),accepted,1.000000,0.000000,0.000000,1.000000,1.000000
Hy7EPh10W,2018,Reject,unknown,0.000000,0.000000,1.000000,0.000000,0.000000
HkxF5RgC-,2018,Accept (Poster),accepted,1.000000,0.000000,0.000000,1.000000,1.000000
Hy3MvSlRW,2018,Reject,unknown,0.000000,0.000000,1.000000,0.000000,0.000000
HyDMX0l0Z,2018,Invite to Workshop Track,unknown,0.000000,0.000000,1.000000,0.000000,-0.000000
HkwZSG-CZ,2018,Accept (Oral),accepted,1.000000,0.000000,0.000000,1.000000,1.000000
HyRVBzap-,2018,Accept (Poster),unknown,0.000000,0.000000,1.000000,0.000000,-0.000000
Hy6GHpkCW,2018,Accept (Poster),unknown,0.000000,0.000000,1.000000,0.000000,0.000000
HydnA1WCb,2018,Reject,unknown,0.000000,0.000000,1.000000,0.000000,0.000000
HyBbjW-RW,2018,Reject,accepted,1.000000,0.000000,0.000000,1.000000,1.000000
HyDAQl-AW,2018,Reject,unknown,0.000000,0.000000,1.000000,0.000000,0.000000
HkwBEMWCZ,2018,Accept (Poster),accepted,1.000000,0.000000,0.000000,1.000000,1.000000
HyPpD0g0Z,2018,Reject,unknown,0.000000,0.000000,1.000000,0.000000,0.000000
HkwrqtlR-,2018,Reject,unknown,0.000000,0.000000,1.000000,0.000000,-0.000000
HkuGJ3kCb,2018,Accept (Poster),accepted,1.000000,0.000000,0.000000,1.000000,1.000000
Hy8hkYeRb,2018,Reject,unknown,0.000000,0.000000,1.000000,0.000000,0.000000
HyI5ro0pW,2018,Reject,unknown,0.000000,0.000000,1.000000,0.000000,0.000000
HktRlUlAZ,2018,Accept (Poster),accepted,1.000000,0.000000,0.000000,1.000000,1.000000
HyH9lbZAW,2018,Accept (Poster),unknown,0.000000,0.000000,1.000000,0.000000,0.000000
HktXuGb0-,2018,Reject,unknown,0.000000,0.000000,1.000000,0.000000,0.000000
HktK4BeCZ,2018,Accept (Oral),accepted,1.000000,0.000000,0.000000,1.000000,1.000000
HyEi7bWR-,2018,Reject,unknown,0.000000,0.000000,1.000000,0.000000,0.000000
Hy1d-ebAb,2018,Invite to Workshop Track,unknown,0.000000,0.000000,1.000000,0.000000,0.000000
HkmaTz-0W,2018,Invite to Workshop Track,accepted,1.000000,0.000000,0.000000,1.000000,1.000000
Hki-ZlbA-,2018,Reject,unknown,0.000000,0.000000,1.000000,0.000000,-0.000000
HktJec1RZ,2018,Accept (Poster),unknown,0.000000,0.000000,1.000000,0.000000,-0.000000
HkeJVllRW,2018,Reject,unknown,0.000000,0.000000,1.000000,0.000000,-0.000000
HkjL6MiTb,2018,Reject,unknown,0.000000,0.000000,1.000000,0.000000,-0.000000
HkpYwMZRb,2018,Invite to Workshop Track,unknown,0.000000,0.000000,1.000000,0.000000,0.000000
Hkbd5xZRb,2018,Accept (Oral),accepted,1.000000,0.000000,0.000000,1.000000,1.000000
Hkfmn5n6W,2018,Invite to Workshop Track,unknown,0.000000,0.000000,1.000000,0.000000,0.000000
HkinqfbAb,2018,Reject,unknown,0.000000,0.000000,1.000000,0.000000,0.000000
HkbmWqxCZ,2018,Reject,accepted,1.000000,0.000000,0.000000,1.000000,1.000000
HkgNdt26Z,2018,Accept (Poster),unknown,0.000000,0.000000,1.000000,0.000000,-0.000000
HkwVAXyCW,2018,Accept (Poster),unknown,0.000000,0.000000,1.000000,0.000000,0.000000
Hko85plCW,2018,Accept (Poster),unknown,0.000000,0.000000,1.000000,0.000000,0.000000
Hkc-TeZ0W,2018,Accept (Poster),unknown,0.000000,0.000000,1.000000,0.000000,0.000000
Hk__kGbCW,2018,Reject,unknown,0.000000,0.000000,1.000000,0.000000,0.000000
HklZOfW0W,2018,Reject,unknown,0.000000,0.000000,1.000000,0.000000,0.000000
HkcTe-bR-,2018,Invite to Workshop Track,accepted,1.000000,0.000000,0.000000,1.000000,1.000000
HkanP0lRW,2018,Reject,unknown,0.000000,0.000000,1.000000,0.000000,-0.000000
HknbyQbC-,2018,Reject,unknown,0.000000,0.000000,1.000000,0.000000,0.000000
Hkn7CBaTW,2018,Accept (Poster),unknown,0.000000,0.000000,1.000000,0.000000,-0.000000
HkXWCMbRW,2018,Accept (Poster),unknown,0.000000,0.000000,1.000000,0.000000,0.000000
HkpRBFxRb,2018,Reject,unknown,0.000000,0.000000,1.000000,0.000000,0.000000
HkPCrEZ0Z,2018,Reject,unknown,0.000000,0.000000,1.000000,0.000000,0.000000
Hkp3uhxCW,2018,Reject,unknown,0.000000,0.000000,1.000000,0.000000,-0.000000
HkMCybx0-,2018,Reject,unknown,0.000000,0.000000,1.000000,0.000000,-0.000000
HkTEFfZRb,2018,Accept (Poster),rejected,0.000000,0.999997,0.000002,0.999998,-0.999997
HkUR_y-RZ,2018,Accept (Poster),unknown,0.000000,0.000000,1.000000,0.000000,0.000000
HkOhuyA6-,2018,Reject,unknown,0.000000,0.000000,1.000000,0.000000,-0.000000
HkMhoDITb,2018,Reject,unknown,0.000000,0.000000,1.000000,0.000000,0.000000
HkCnm-bAb,2018,Invite to Workshop Track,rejected,0.000000,1.000000,0.000000,1.000000,-1.000000
HkNGsseC-,2018,Accept (Poster),unknown,0.000000,0.000000,1.000000,0.000000,0.000000
Hk99zCeAb,2018,Accept (Oral),accepted,1.000000,0.000000,0.000000,1.000000,1.000000
HkGcX--0-,2018,Reject,unknown,0.000000,0.000000,1.000000,0.000000,0.000000
Hk91SGWR-,2018,Invite to Workshop Track,unknown,0.000000,0.000000,1.000000,0.000000,0.000000
HkCvZXbC-,2018,Reject,unknown,0.000000,0.000000,1.000000,0.000000,0.000000
HkAClQgA-,2018,Accept (Poster),unknown,0.000000,0.000000,1.000000,0.000000,0.000000
Hk9Xc_lR-,2018,Accept (Poster),unknown,0.000000,0.000000,1.000000,0.000000,-0.000000
HkCsm6lRb,2018,Accept (Poster),unknown,0.000000,0.000000,1.000000,0.000000,0.000000
HkZy-bW0-,2018,Accept (Poster),unknown,0.000000,0.000000,1.000000,0.000000,0.000000
Hk8XMWgRb,2018,Accept (Poster),unknown,0.000000,0.000000,1.000000,0.000000,0.000000
Hk2aImxAb,2018,Accept (Oral),unknown,0.000000,0.000000,1.000000,0.000000,0.000000
Hk6kPgZA-,2018,Accept (Oral),unknown,0.000000,0.000000,1.000000,0.000000,0.000000
HkbJTYyAb,2018,Reject,unknown,0.000000,0.000000,1.000000,0.000000,0.000000
Hk2MHt-3-,2018,Reject,unknown,0.000000,0.000000,1.000000,0.000000,0.000000
HJvvRoe0W,2018,Accept (Poster),unknown,0.000000,0.000000,1.000000,0.000000,0.000000
Hk-FlMbAZ,2018,Reject,unknown,0.000000,0.000000,1.000000,0.000000,-0.000000
HJr4QJ26W,2018,Reject,unknown,0.000000,0.000000,1.000000,0.000000,0.000000
HJhIM0xAW,2018,Accept (Poster),accepted,1.000000,0.000000,0.000000,1.000000,1.000000
HJnQJXbC-,2018,Reject,unknown,0.000000,0.000000,1.000000,0.000000,-0.000000
HJqUtdOaZ,2018,Reject,unknown,0.000000,0.000000,1.000000,0.000000,0.000000
HJjvxl-Cb,2018,Invite to Workshop Track,accepted,1.000000,0.000000,0.000000,1.000000,1.000000
HJtEm4p6Z,2018,Accept (Poster),accepted,1.000000,0.000000,0.000000,1.000000,1.000000
HJw8fAgA-,2018,Reject,unknown,0.000000,0.000000,1.000000,0.000000,0.000000
Hk3ddfWRW,2018,Accept (Poster),unknown,0.000000,0.000000,1.000000,0.000000,0.000000
Hk5elxbRW,2018,Accept (Poster),unknown,0.000000,0.000000,1.000000,0.000000,0.000000
HJXOfZ-AZ,2018,Reject,accepted,1.000000,0.000000,0.000000,1.000000,1.000000
HJsk5-Z0W,2018,Reject,unknown,0.000000,0.000000,1.000000,0.000000,0.000000
HJjePwx0-,2018,Reject,unknown,0.000000,0.000000,1.000000,0.000000,0.000000
HJWLfGWRb,2018,Accept (Poster),accepted,1.000000,0.000000,0.000000,1.000000,1.000000
HJg1NTGZRZ,2018,Reject,unknown,0.000000,0.000000,1.000000,0.000000,-0.000000
HJdXGy1RW,2018,Reject,unknown,0.000000,0.000000,1.000000,0.000000,0.000000
HJ_X8GupW,2018,Reject,unknown,0.000000,0.000000,1.000000,0.000000,0.000000
HJZiRkZC-,2018,Reject,unknown,0.000000,0.000000,1.000000,0.000000,0.000000
HJrJpzZRZ,2018,Reject,unknown,0.000000,0.000000,1.000000,0.000000,0.000000
HJUOHGWRb,2018,Reject,unknown,0.000000,0.000000,1.000000,0.000000,0.000000
HJcjQTJ0W,2018,Reject,unknown,0.000000,0.000000,1.000000,0.000000,0.000000
HJYoqzbC-,2018,Reject,unknown,0.000000,0.000000,1.000000,0.000000,-0.000000
HJRV1ZZAW,2018,Reject,accepted,1.000000,0.000000,0.000000,1.000000,1.000000
HJaDJZ-0W,2018,Reject,rejected,0.000000,1.000000,0.000000,1.000000,-1.000000
HJXyS7bRb,2018,Reject,rejected,0.000001,0.999999,0.000000,1.000000,-0.999998
HJcSzz-CZ,2018,Accept (Poster),unknown,0.000000,0.000000,1.000000,0.000000,0.000000
Hk6WhagRW,2018,Accept (Poster),unknown,0.000000,0.000000,1.000000,0.000000,0.000000
HJWGdbbCW,2018,Reject,unknown,0.000000,0.000000,1.000000,0.000000,0.000000
HJIhGXWCZ,2018,Reject,unknown,0.000000,0.000000,1.000000,0.000000,0.000000
HJewuJWCZ,2018,Accept (Poster),unknown,0.000000,0.000000,1.000000,0.000000,0.000000
HJIoJWZCZ,2018,Accept (Poster),unknown,0.000000,0.000000,1.000000,0.000000,0.000000
HJPSN3gRW,2018,Reject,unknown,0.000000,0.000000,1.000000,0.000000,0.000000
HJOQ7MgAW,2018,Reject,unknown,0.000000,0.000000,1.000000,0.000000,0.000000
HJMN-xWC-,2018,Reject,unknown,0.000000,0.000000,1.000000,0.000000,-0.000000
HJJ0w--0W,2018,Reject,unknown,0.000000,0.000000,1.000000,0.000000,0.000000
HJNGGmZ0Z,2018,Reject,unknown,0.000000,0.000000,1.000000,0.000000,0.000000
HJYQLb-RW,2018,Invite to Workshop Track,unknown,0.000000,0.000000,1.000000,0.000000,-0.000000
HJBhEMbRb,2018,Reject,unknown,0.000000,0.000000,1.000000,0.000000,0.000000
HJ39YKiTb,2018,Reject,unknown,0.000000,0.000000,1.000000,0.000000,0.000000
HJDUjKeA-,2018,Reject,unknown,0.000000,0.000000,1.000000,0.000000,0.000000
HJC2SzZCW,2018,Accept (Poster),unknown,0.000000,0.000000,1.000000,0.000000,0.000000
HJ4YGZ-AW,2018,Reject,unknown,0.000000,0.000000,1.000000,0.000000,0.000000
H1zriGeCZ,2018,Accept (Poster),unknown,0.000000,0.000000,1.000000,0.000000,-0.000000
HJ94fqApW,2018,Accept (Poster),unknown,0.000000,0.000000,1.000000,0.000000,0.000000
HJDV5YxCW,2018,Reject,unknown,0.000000,0.000000,1.000000,0.000000,0.000000
HJGXzmspb,2018,Accept (Oral),unknown,0.000000,0.000000,1.000000,0.000000,0.000000
H1vCXOe0b,2018,Reject,unknown,0.000000,0.000000,1.000000,0.000000,0.000000
HJGv1Z-AW,2018,Accept (Oral),unknown,0.000000,0.000000,1.000000,0.000000,0.000000
HJ1HFlZAb,2018,Reject,unknown,0.000000,0.000000,1.000000,0.000000,-0.000000
HJ8W1Q-0Z,2018,Reject,unknown,0.000000,0.000000,1.000000,0.000000,0.000000
H1vEXaxA-,2018,Accept (Poster),unknown,0.000000,0.000000,1.000000,0.000000,0.000000
HJ4IhxZAb,2018,Reject,unknown,0.000000,0.000000,1.000000,0.000000,0.000000
H1uP7ebAW,2018,Reject,unknown,0.000000,0.000000,1.000000,0.000000,0.000000
HJ3d2Ax0-,2018,Invite to Workshop Track,unknown,0.000000,0.000000,1.000000,0.000000,0.000000
H1tSsb-AW,2018,Accept (Oral),unknown,0.000000,0.000000,1.000000,0.000000,0.000000
H1mCp-ZRZ,2018,Accept (Poster),accepted,1.000000,0.000000,0.000000,1.000000,1.000000
HJ5AUm-CZ,2018,Reject,unknown,0.000000,0.000000,1.000000,0.000000,-0.000000
H1sUHgb0Z,2018,Accept (Poster),unknown,0.000000,0.000000,1.000000,0.000000,0.000000
H1u8fMW0b,2018,Reject,unknown,0.000000,0.000000,1.000000,0.000000,0.000000
H1xJjlbAZ,2018,Reject,accepted,1.000000,0.000000,0.000000,1.000000,1.000000
H1srNebAZ,2018,Reject,unknown,0.000000,0.000000,1.000000,0.000000,0.000000
H1q-TM-AW,2018,Accept (Poster),unknown,0.000000,0.000000,1.000000,0.000000,-0.000000
HkL7n1-0b,2018,Accept (Oral),unknown,0.000000,0.000000,1.000000,0.000000,0.000000
H1l8sz-AW,2018,Reject,unknown,0.000000,0.000000,1.000000,0.000000,0.000000
H1meywxRW,2018,Accept (Poster),rejected,0.000000,0.999999,0.000001,0.999999,-0.999999
H1Y8hhg0b,2018,Accept (Poster),accepted,1.000000,0.000000,0.000000,1.000000,1.000000
H1dh6Ax0Z,2018,Accept (Poster),accepted,1.000000,0.000000,0.000000,1.000000,1.000000
H1cKvl-Rb,2018,Reject,unknown,0.000000,0.000000,1.000000,0.000000,0.000000
H1UOm4gA-,2018,Accept (Poster),accepted,1.000000,0.000000,0.000000,1.000000,1.000000
H1uR4GZRZ,2018,Accept (Poster),unknown,0.000000,0.000000,1.000000,0.000000,0.000000
H1Ww66x0-,2018,Reject,accepted,1.000000,0.000000,0.000000,1.000000,1.000000
H1cWzoxA-,2018,Accept (Poster),unknown,0.000000,0.000000,1.000000,0.000000,0.000000
H1bhRHeA-,2018,Reject,unknown,0.000000,0.000000,1.000000,0.000000,0.000000
H1kMMmb0-,2018,Reject,unknown,0.000000,0.000000,1.000000,0.000000,0.000000
H1U_af-0-,2018,Reject,accepted,1.000000,0.000000,0.000000,1.000000,1.000000
H1T2hmZAb,2018,Accept (Poster),accepted,1.000000,0.000000,0.000000,1.000000,1.000000
H1Xw62kRZ,2018,Accept (Poster),unknown,0.000000,0.000000,1.000000,0.000000,0.000000
H1Nyf7W0Z,2018,Reject,accepted,1.000000,0.000000,0.000000,1.000000,1.000000
H1a37GWCZ,2018,Reject,unknown,0.000000,0.000000,1.000000,0.000000,-0.000000
H1VjBebR-,2018,Accept (Poster),unknown,0.000000,0.000000,1.000000,0.000000,0.000000
H1O0KGC6b,2018,Reject,unknown,0.000000,0.000000,1.000000,0.000000,0.000000
H1pri9vTZ,2018,Reject,unknown,0.000000,0.000000,1.000000,0.000000,0.000000
H1OQukZ0-,2018,Reject,unknown,0.000000,0.000000,1.000000,0.000000,0.000000
H1VGkIxRZ,2018,Accept (Poster),unknown,0.000000,0.000000,1.000000,0.000000,0.000000
H1Yp-j1Cb,2018,Accept (Poster),unknown,0.000000,0.000000,1.000000,0.000000,0.000000
H1aIuk-RW,2018,Accept (Poster),rejected,0.000000,1.000000,0.000000,1.000000,-1.000000
H1kG7GZAW,2018,Accept (Poster),unknown,0.000000,0.000000,1.000000,0.000000,0.000000
H1I3M7Z0b,2018,Invite to Workshop Track,unknown,0.000000,0.000000,1.000000,0.000000,0.000000
H1LAqMbRW,2018,Reject,unknown,0.000000,0.000000,1.000000,0.000000,0.000000
H1K6Tb-AZ,2018,Reject,unknown,0.000000,0.000000,1.000000,0.000000,0.000000
H1NV4agCb,2018,Reject,accepted,0.999998,0.000000,0.000001,0.999999,0.999998
H1MczcgR-,2018,Accept (Poster),unknown,0.000000,0.000000,1.000000,0.000000,0.000000
H1Dy---0Z,2018,Accept (Poster),accepted,0.999999,0.000000,0.000001,0.999999,0.999999
H1BHbmWCZ,2018,Reject,unknown,0.000000,0.000000,1.000000,0.000000,0.000000
H15RufWAW,2018,Reject,accepted,1.000000,0.000000,0.000000,1.000000,1.000000
H1YynweCb,2018,Invite to Workshop Track,unknown,0.000000,0.000000,1.000000,0.000000,0.000000
H1WgVz-AZ,2018,Accept (Poster),unknown,0.000000,0.000000,1.000000,0.000000,0.000000
H1DGha1CZ,2018,Reject,unknown,0.000000,0.000000,1.000000,0.000000,0.000000
H1BO9M-0Z,2018,Reject,unknown,0.000000,0.000000,1.000000,0.000000,0.000000
H18WqugAb,2018,Invite to Workshop Track,accepted,1.000000,0.000000,0.000000,1.000000,1.000000
H18uzzWAZ,2018,Reject,unknown,0.000000,0.000000,1.000000,0.000000,0.000000
H196sainb,2018,Accept (Poster),unknown,0.000000,0.000000,1.000000,0.000000,0.000000
H1-oTz-Cb,2018,Reject,unknown,0.000000,0.000000,1.000000,0.000000,0.000000
H1DkN7ZCZ,2018,Invite to Workshop Track,unknown,0.000000,0.000000,1.000000,0.000000,0.000000
H139Q_gAW,2018,Reject,unknown,0.000000,0.000000,1.000000,0.000000,0.000000
H11lAfbCW,2018,Reject,unknown,0.000000,0.000000,1.000000,0.000000,0.000000
Bys_NzbC-,2018,Reject,unknown,0.000000,0.000000,1.000000,0.000000,-0.000000
ByrZyglCb,2018,Accept (Poster),unknown,0.000000,0.000000,1.000000,0.000000,0.000000
ByuI-mW0W,2018,Reject,rejected,0.000000,1.000000,0.000000,1.000000,-1.000000
ByuP8yZRb,2018,Reject,unknown,0.000000,0.000000,1.000000,0.000000,0.000000
H1BLjgZCb,2018,Accept (Poster),unknown,0.000000,0.000000,1.000000,0.000000,0.000000
ByquB-WC-,2018,Reject,unknown,0.000000,0.000000,1.000000,0.000000,0.000000
Bym0cU1CZ,2018,Reject,accepted,1.000000,0.000000,0.000000,1.000000,1.000000
H13WofbAb,2018,Reject,unknown,0.000000,0.000000,1.000000,0.000000,0.000000
H1DJFybC-,2018,Reject,unknown,0.000000,0.000000,1.000000,0.000000,0.000000
BywyFQlAW,2018,Accept (Poster),accepted,1.000000,0.000000,0.000000,1.000000,1.000000
ByzvHagA-,2018,Reject,unknown,0.000000,0.000000,1.000000,0.000000,0.000000
H1A5ztj3b,2018,Reject,rejected,0.000000,1.000000,0.000000,1.000000,-0.999999
ByxLBMZCb,2018,Invite to Workshop Track,unknown,0.000000,0.000000,1.000000,0.000000,0.000000
H1-nGgWC-,2018,Accept (Poster),unknown,0.000000,0.000000,1.000000,0.000000,0.000000
ByqFhGZCW,2018,Reject,unknown,0.000000,0.000000,1.000000,0.000000,0.000000
Byd-EfWCb,2018,Invite to Workshop Track,unknown,0.000000,0.000000,1.000000,0.000000,0.000000
ByeqORgAW,2018,Accept (Poster),unknown,0.000000,0.000000,1.000000,0.000000,0.000000
Byk4My-RZ,2018,Reject,unknown,0.000000,0.000000,1.000000,0.000000,0.000000
ByYPLJA6W,2018,Reject,rejected,0.000000,1.000000,0.000000,1.000000,-1.000000
Byt3oJ-0W,2018,Accept (Poster),unknown,0.000000,0.000000,1.000000,0.000000,0.000000
ByZmGjkA-,2018,Reject,unknown,0.000000,0.000000,1.000000,0.000000,0.000000
ByW5yxgA-,2018,Reject,unknown,0.000000,0.000000,1.000000,0.000000,-0.000000
ByhthReRb,2018,Reject,unknown,0.000000,0.000000,1.000000,0.000000,0.000000
ByS1VpgRZ,2018,Accept (Poster),accepted,1.000000,0.000000,0.000000,1.000000,1.000000
BydjJte0-,2018,Accept (Poster),rejected,0.000000,1.000000,0.000000,1.000000,-1.000000
ByUEelW0-,2018,Reject,unknown,0.000000,0.000000,1.000000,0.000000,0.000000
Bya8fGWAZ,2018,Invite to Workshop Track,unknown,0.000000,0.000000,1.000000,0.000000,0.000000
BygpQlbA-,2018,Invite to Workshop Track,unknown,0.000000,0.000000,1.000000,0.000000,0.000000
BydLzGb0Z,2018,Accept (Poster),unknown,0.000000,0.000000,1.000000,0.000000,0.000000
ByaQIGg0-,2018,Invite to Workshop Track,unknown,0.000000,0.000000,1.000000,0.000000,0.000000
Byht0GbRZ,2018,Reject,unknown,0.000000,0.000000,1.000000,0.000000,0.000000
H135uzZ0-,2018,Accept (Poster),unknown,0.000000,0.000000,1.000000,0.000000,-0.000000
ByQpn1ZA-,2018,Accept (Poster),accepted,1.000000,0.000000,0.000000,1.000000,1.000000
Bys4ob-Rb,2018,Accept (Poster),unknown,0.000000,0.000000,1.000000,0.000000,0.000000
ByRWCqvT-,2018,Accept (Poster),unknown,0.000000,0.000000,1.000000,0.000000,0.000000
ByJIWUnpW,2018,Accept (Poster),unknown,0.000000,0.000000,1.000000,0.000000,0.000000
ByOfBggRZ,2018,Accept (Poster),unknown,0.000000,0.000000,1.000000,0.000000,0.000000
ByL48G-AW,2018,Reject,unknown,0.000000,0.000000,1.000000,0.000000,-0.000000
By9iRkWA-,2018,Reject,accepted,1.000000,0.000000,0.000000,1.000000,1.000000
By5SY2gA-,2018,Reject,unknown,0.000000,0.000000,1.000000,0.000000,-0.000000
ByOnmlWC-,2018,Accept (Poster),unknown,0.000000,0.000000,1.000000,0.000000,0.000000
BySRH6CpW,2018,Accept (Poster),unknown,0.000000,0.000000,1.000000,0.000000,0.000000
By3VrbbAb,2018,Reject,unknown,0.000000,0.000000,1.000000,0.000000,0.000000
BkrsAzWAb,2018,Accept (Poster),accepted,1.000000,0.000000,0.000000,1.000000,1.000000
ByOExmWAb,2018,Accept (Poster),unknown,0.000000,0.000000,1.000000,0.000000,-0.000000
By4HsfWAZ,2018,Accept (Poster),unknown,0.000000,0.000000,1.000000,0.000000,0.000000
ByKWUeWA-,2018,Accept (Poster),rejected,0.000000,1.000000,0.000000,1.000000,-1.000000
ByJbJwxCW,2018,Reject,unknown,0.000000,0.000000,1.000000,0.000000,0.000000
By3v9k-RZ,2018,Invite to Workshop Track,unknown,0.000000,0.000000,1.000000,0.000000,0.000000
ByCPHrgCW,2018,Reject,unknown,0.000000,0.000000,1.000000,0.000000,0.000000
ByJ7obb0b,2018,Reject,unknown,0.000000,0.000000,1.000000,0.000000,0.000000
ByED-X-0W,2018,Reject,unknown,0.000000,0.000000,1.000000,0.000000,0.000000
ByJDAIe0b,2018,Reject,unknown,0.000000,0.000000,1.000000,0.000000,0.000000
BkrSv0lA-,2018,Accept (Poster),accepted,1.000000,0.000000,0.000000,1.000000,1.000000
BkoXnkWAb,2018,Invite to Workshop Track,unknown,0.000000,0.000000,1.000000,0.000000,-0.000000
By-IifZRW,2018,Reject,unknown,0.000000,0.000000,1.000000,0.000000,0.000000
BkoCeqgR-,2018,Reject,unknown,0.000000,0.000000,1.000000,0.000000,0.000000
BkisuzWRW,2018,Accept (Oral),unknown,0.000000,0.000000,1.000000,0.000000,0.000000
BkabRiQpb,2018,Accept (Poster),unknown,0.000000,0.000000,1.000000,0.000000,0.000000
By0ANxbRW,2018,Reject,unknown,0.000000,0.000000,1.000000,0.000000,0.000000
BkwHObbRZ,2018,Accept (Poster),unknown,0.000000,0.000000,1.000000,0.000000,0.000000
BkVf1AeAZ,2018,Reject,accepted,1.000000,0.000000,0.000000,1.000000,1.000000
BkXmYfbAZ,2018,Accept (Poster),accepted,1.000000,0.000000,0.000000,1.000000,1.000000
BkfEzz-0-,2018,Invite to Workshop Track,unknown,0.000000,0.000000,1.000000,0.000000,-0.000000
BkSDMA36Z,2018,Accept (Poster),unknown,0.000000,0.000000,1.000000,0.000000,0.000000
Bki1Ct1AW,2018,Reject,unknown,0.000000,0.000000,1.000000,0.000000,0.000000
BkUp6GZRW,2018,Accept (Poster),unknown,0.000000,0.000000,1.000000,0.000000,0.000000
BkiIkBJ0b,2018,Reject,unknown,0.000000,0.000000,1.000000,0.000000,-0.000000
BkM3ibZRW,2018,Invite to Workshop Track,accepted,1.000000,0.000000,0.000000,1.000000,1.000000
BkpXqwUTZ,2018,Reject,unknown,0.000000,0.000000,1.000000,0.000000,0.000000
BkVsWbbAW,2018,Reject,unknown,0.000000,0.000000,1.000000,0.000000,0.000000
Bk_fs6gA-,2018,Reject,unknown,0.000000,0.000000,1.000000,0.000000,0.000000
BkeqO7x0-,2018,Accept (Poster),unknown,0.000000,0.000000,1.000000,0.000000,0.000000
BkUHlMZ0b,2018,Accept (Poster),unknown,0.000000,0.000000,1.000000,0.000000,0.000000
BkJ3ibb0-,2018,Accept (Poster),accepted,0.999999,0.000001,0.000000,1.000000,0.999999
Bkl1uWb0Z,2018,Reject,unknown,0.000000,0.000000,1.000000,0.000000,0.000000
BkLhaGZRW,2018,Accept (Poster),unknown,0.000000,0.000000,1.000000,0.000000,0.000000
BkPrDFgR-,2018,Reject,unknown,0.000000,0.000000,1.000000,0.000000,0.000000
BkpiPMbA-,2018,Accept (Poster),unknown,0.000000,0.000000,1.000000,0.000000,0.000000
BkS3fnl0W,2018,Reject,unknown,0.000000,0.000000,1.000000,0.000000,-0.000000
Bk346Ok0W,2018,Reject,unknown,0.000000,0.000000,1.000000,0.000000,0.000000
BkCV_W-AZ,2018,Invite to Workshop Track,unknown,0.000000,0.000000,1.000000,0.000000,0.000000
BkQCGzZ0-,2018,Reject,unknown,0.000000,0.000000,1.000000,0.000000,0.000000
Bk7wvW-C-,2018,Reject,unknown,0.000000,0.000000,1.000000,0.000000,-0.000000
Bk-ofQZRb,2018,Reject,unknown,0.000000,0.000000,1.000000,0.000000,0.000000
Bk9zbyZCZ,2018,Accept (Poster),unknown,0.000000,0.000000,1.000000,0.000000,0.000000
BkUDW_lCb,2018,Reject,unknown,0.000000,0.000000,1.000000,0.000000,-0.000000
BkN_r2lR-,2018,Accept (Poster),unknown,0.000000,0.000000,1.000000,0.000000,-0.000000
BkDB51WR-,2018,Reject,unknown,0.000000,0.000000,1.000000,0.000000,-0.000000
BkA7gfZAb,2018,Invite to Workshop Track,unknown,0.000000,0.000000,1.000000,0.000000,0.000000
BJy0fcgRZ,2018,Invite to Workshop Track,unknown,0.000000,0.000000,1.000000,0.000000,0.000000
BJuWrGW0Z,2018,Accept (Poster),unknown,0.000000,0.000000,1.000000,0.000000,0.000000
BJubPWZRW,2018,Invite to Workshop Track,accepted,1.000000,0.000000,0.000000,1.000000,1.000000
BkIkkseAZ,2018,Reject,unknown,0.000000,0.000000,1.000000,0.000000,0.000000
Bk6qQGWRb,2018,Reject,unknown,0.000000,0.000000,1.000000,0.000000,0.000000
BJvVbCJCb,2018,Reject,unknown,0.000000,0.000000,1.000000,0.000000,0.000000
BJvWjcgAZ,2018,Reject,unknown,0.000000,0.000000,1.000000,0.000000,0.000000
BJj6qGbRW,2018,Accept (Poster),accepted,1.000000,0.000000,0.000000,1.000000,1.000000
ByQZjx-0-,2018,Invite to Workshop Track,unknown,0.000001,0.998298,0.001701,0.998299,-0.998296
BJ_wN01C-,2018,Accept (Poster),accepted,1.000000,0.000000,0.000000,1.000000,1.000000
BkM27IxR-,2018,Reject,unknown,0.000000,0.000000,1.000000,0.000000,0.000000
BJhxcGZCW,2018,Reject,unknown,0.000000,0.000000,1.000000,0.000000,-0.000000
BJjBnN9a-,2018,Reject,unknown,0.000000,0.000000,1.000000,0.000000,0.000000
BJgVaG-Ab,2018,Reject,unknown,0.000000,0.000000,1.000000,0.000000,0.000000
Bk8ZcAxR-,2018,Accept (Poster),unknown,0.000000,0.000000,1.000000,0.000000,0.000000
BJgPCveAW,2018,Reject,unknown,0.000000,0.000000,1.000000,0.000000,0.000000
BJgd7m0xRZ,2018,Reject,unknown,0.000000,0.000000,1.000000,0.000000,-0.000000
BJlrSmbAZ,2018,Reject,unknown,0.000000,0.000000,1.000000,0.000000,0.000000
BJ_QxP1AZ,2018,Reject,unknown,0.000000,0.000000,1.000000,0.000000,0.000000
BJaU__eCZ,2018,Reject,unknown,0.000000,0.000000,1.000000,0.000000,0.000000
BJypUGZ0Z,2018,Invite to Workshop Track,unknown,0.000000,0.000000,1.000000,0.000000,0.000000
BJRxfZbAW,2018,Reject,unknown,0.000000,0.000000,1.000000,0.000000,0.000000
BJcAWaeCW,2018,Reject,unknown,0.000000,0.000000,1.000000,0.000000,0.000000
BJij4yg0Z,2018,Accept (Poster),unknown,0.000000,0.000000,1.000000,0.000000,0.000000
BJluxbWC-,2018,Reject,unknown,0.000000,0.000000,1.000000,0.000000,0.000000
BJjquybCW,2018,Invite to Workshop Track,unknown,0.000000,0.000000,1.000000,0.000000,0.000000
BJRZzFlRb,2018,Accept (Poster),accepted,1.000000,0.000000,0.000000,1.000000,1.000000
BJQRKzbA-,2018,Accept (Poster),unknown,0.000000,0.000000,1.000000,0.000000,0.000000
BJk7Gf-CZ,2018,Accept (Poster),unknown,0.000000,0.000000,1.000000,0.000000,0.000000
BJInMmWC-,2018,Reject,accepted,1.000000,0.000000,0.000000,1.000000,1.000000
BJOFETxR-,2018,Accept (Oral),unknown,0.000000,0.000000,1.000000,0.000000,0.000000
BJLmN8xRW,2018,Reject,unknown,0.000000,0.000000,1.000000,0.000000,0.000000
BJehNfW0-,2018,Accept (Poster),unknown,0.000000,0.000000,1.000000,0.000000,-0.000000
BJ8c3f-0b,2018,Accept (Poster),accepted,1.000000,0.000000,0.000000,1.000000,1.000000
BJMuY-gRW,2018,Reject,unknown,0.000000,0.000000,1.000000,0.000000,0.000000
BJQPG5lR-,2018,Reject,unknown,0.000000,0.000000,1.000000,0.000000,0.000000
BJB7fkWR-,2018,Reject,unknown,0.000000,0.000000,1.000000,0.000000,0.000000
BJJLHbb0-,2018,Accept (Poster),rejected,0.000000,1.000000,0.000000,1.000000,-0.999999
BJIgi_eCZ,2018,Accept (Poster),unknown,0.000000,0.000000,1.000000,0.000000,0.000000
BJ6anzb0Z,2018,Reject,unknown,0.000000,0.000000,1.000000,0.000000,-0.000000
B1uvH_gC-,2018,Reject,unknown,0.000000,0.000000,1.000000,0.000000,0.000000
B1twdMCab,2018,Reject,unknown,0.000000,0.000000,1.000000,0.000000,0.000000
BJ8vJebC-,2018,Accept (Oral),rejected,0.000000,1.000000,0.000000,1.000000,-1.000000
BJ4prNx0W,2018,Reject,unknown,0.000000,0.000000,1.000000,0.000000,0.000000
B1p461b0W,2018,Reject,accepted,1.000000,0.000000,0.000000,1.000000,1.000000
B1suU-bAW,2018,Reject,unknown,0.000000,0.000000,1.000000,0.000000,0.000000
B1zlp1bRW,2018,Accept (Poster),unknown,0.000000,0.000000,1.000000,0.000000,0.000000
BJ7d0fW0b,2018,Reject,unknown,0.000000,0.000000,1.000000,0.000000,0.000000
B1spAqUp-,2018,Reject,unknown,0.000000,0.000000,1.000000,0.000000,-0.000000
BJNRFNlRW,2018,Accept (Poster),unknown,0.000000,0.000000,1.000000,0.000000,0.000000
BJ_UL-k0b,2018,Accept (Poster),unknown,0.000000,0.000000,1.000000,0.000000,0.000000
BJDEbngCZ,2018,Reject,unknown,0.000000,0.000000,1.000000,0.000000,0.000000
B1l8BtlCb,2018,Accept (Poster),accepted,1.000000,0.000000,0.000000,1.000000,1.000000
B1nZ1weCZ,2018,Accept (Poster),unknown,0.000000,0.000000,1.000000,0.000000,0.000000
B1tExikAW,2018,Reject,unknown,0.000000,0.000000,1.000000,0.000000,0.000000
B1ydPgTpW,2018,Reject,unknown,0.000000,0.000000,1.000000,0.000000,0.000000
BJDH5M-AW,2018,Reject,unknown,0.000000,0.000000,1.000000,0.000000,0.000000
B1lMMx1CW,2018,Invite to Workshop Track,unknown,0.000000,0.000000,1.000000,0.000000,-0.000000
B1kIr-WRb,2018,Reject,unknown,0.000000,0.000000,1.000000,0.000000,0.000000
BJE-4xW0W,2018,Accept (Poster),unknown,0.000000,0.000000,1.000000,0.000000,-0.000000
B1nLkl-0Z,2018,Reject,unknown,0.000000,0.000000,1.000000,0.000000,0.000000
B1n8LexRZ,2018,Accept (Poster),unknown,0.000000,0.000000,1.000000,0.000000,0.000000
B1mSWUxR-,2018,Reject,unknown,0.000000,0.000000,1.000000,0.000000,0.000000
B1gJ1L2aW,2018,Accept (Oral),accepted,1.000000,0.000000,0.000000,1.000000,1.000000
B1e5ef-C-,2018,Accept (Poster),accepted,1.000000,0.000000,0.000000,1.000000,0.999999
B1jscMbAW,2018,Accept (Poster),unknown,0.000000,0.000000,1.000000,0.000000,0.000000
B1al7jg0b,2018,Accept (Poster),accepted,1.000000,0.000000,0.000000,1.000000,1.000000
B1mAkPxCZ,2018,Reject,unknown,0.000000,0.000000,1.000000,0.000000,0.000000
BJ78bJZCZ,2018,Reject,unknown,0.000000,0.000000,1.000000,0.000000,0.000000
BJ0hF1Z0b,2018,Accept (Poster),unknown,0.000001,0.000000,0.999999,0.000001,0.000001
B1Yy1BxCZ,2018,Accept (Poster),accepted,1.000000,0.000000,0.000000,1.000000,1.000000
B1nxTzbRZ,2018,Reject,unknown,0.000000,0.000000,1.000000,0.000000,0.000000
B1X4DWWRb,2018,Reject,unknown,0.000000,0.000000,1.000000,0.000000,0.000000
B1X0mzZCW,2018,Accept (Poster),unknown,0.000000,0.000000,1.000000,0.000000,0.000000
B1i7ezW0-,2018,Reject,unknown,0.000000,0.000000,1.000000,0.000000,-0.000000
B1QRgziT-,2018,Accept (Oral),accepted,1.000000,0.000000,0.000000,1.000000,1.000000
B1ZZTfZAW,2018,Reject,unknown,0.000000,0.000000,1.000000,0.000000,-0.000000
B1ae1lZRb,2018,Accept (Poster),unknown,0.000000,0.000000,1.000000,0.000000,-0.000000
B1bgpzZAZ,2018,Reject,unknown,0.000000,0.000000,1.000000,0.000000,0.000000
B1Lc-Gb0Z,2018,Accept (Poster),unknown,0.000000,0.000000,1.000000,0.000000,-0.000000
B1hYRMbCW,2018,Accept (Poster),unknown,0.000000,0.000000,1.000000,0.000000,0.000000
B1NOXfWR-,2018,Reject,unknown,0.000000,0.000000,1.000000,0.000000,0.000000
B1Z3W-b0W,2018,Invite to Workshop Track,unknown,0.000000,0.000000,1.000000,0.000000,0.000000
B1KJJf-R-,2018,Invite to Workshop Track,accepted,1.000000,0.000000,0.000000,1.000000,1.000000
B1hcZZ-AW,2018,Accept (Poster),unknown,0.000000,0.000000,1.000000,0.000000,-0.000000
B1EGg7ZCb,2018,Reject,unknown,0.000000,0.000000,1.000000,0.000000,0.000000
B18WgG-CZ,2018,Accept (Poster),accepted,1.000000,0.000000,0.000000,1.000000,1.000000
B1CQGfZ0b,2018,Reject,unknown,0.000000,0.000000,1.000000,0.000000,0.000000
B1DmUzWAW,2018,Accept (Poster),accepted,1.000000,0.000000,0.000000,1.000000,1.000000
B1J_rgWRW,2018,Accept (Poster),unknown,0.000000,0.000000,1.000000,0.000000,0.000000
B1IDRdeCW,2018,Accept (Poster),unknown,0.000000,0.000000,1.000000,0.000000,0.000000
B1tC-LT6W,2018,Reject,unknown,0.000000,0.000000,1.000000,0.000000,0.000000
B17JTOe0-,2018,Accept (Poster),accepted,1.000000,0.000000,0.000000,1.000000,1.000000
B1D6ty-A-,2018,Reject,unknown,0.000000,0.000000,1.000000,0.000000,0.000000
B14TlG-RW,2018,Accept (Poster),accepted,1.000000,0.000000,0.000000,1.000000,1.000000
B16yEqkCZ,2018,Reject,accepted,1.000000,0.000000,0.000000,1.000000,1.000000
B16_iGWCW,2018,Reject,unknown,0.000000,0.000000,1.000000,0.000000,0.000000
B1Gi6LeRZ,2018,Accept (Poster),unknown,0.000000,0.000000,1.000000,0.000000,0.000000
ryzHXnR5Y7,2019,Reject,accepted,1.000000,0.000000,0.000000,1.000000,1.000000
B1CNpYg0-,2018,Reject,unknown,0.000000,0.000000,1.000000,0.000000,0.000000
B1EPYJ-C-,2018,Reject,unknown,0.000000,0.000000,1.000000,0.000000,0.000000
ryzfcoR5YQ,2019,Reject,unknown,0.000000,0.000000,1.000000,0.000000,-0.000000
B1CEaMbR-,2018,Reject,unknown,0.000000,0.000000,1.000000,0.000000,-0.000000
ryxwJhC9YX,2019,Accept (Poster),accepted,1.000000,0.000000,0.000000,1.000000,1.000000
ryxxCiRqYX,2019,Accept (Poster),unknown,0.000000,0.000000,1.000000,0.000000,0.000000
B13EC5u6W,2018,Reject,unknown,0.000000,0.000000,1.000000,0.000000,0.000000
B13njo1R-,2018,Accept (Poster),unknown,0.000000,0.000000,1.000000,0.000000,0.000000
B14uJzW0b,2018,Invite to Workshop Track,unknown,0.000000,0.000000,1.000000,0.000000,0.000000
ryxsS3A5Km,2019,Reject,unknown,0.000000,0.000000,1.000000,0.000000,0.000000
ryxepo0cFX,2019,Accept (Poster),accepted,1.000000,0.000000,0.000000,1.000000,1.000000
ryxyHnR5tX,2019,Reject,unknown,0.000000,0.000000,1.000000,0.000000,0.000000
ryxjH3R5KQ,2019,Reject,unknown,0.000000,0.000000,1.000000,0.000000,0.000000
ryxaSsActQ,2019,Reject,unknown,0.000000,0.000000,1.000000,0.000000,0.000000
ryza73R9tQ,2019,Reject,unknown,0.000000,0.000000,1.000000,0.000000,0.000000
B12Js_yRb,2018,Accept (Poster),unknown,0.000000,0.000000,1.000000,0.000000,0.000000
ryxnHhRqFm,2019,Accept (Poster),unknown,0.000000,0.000000,1.000000,0.000000,0.000000
ryzECoAcY7,2019,Accept (Poster),unknown,0.000000,0.000000,1.000000,0.000000,0.000000
ryxDUs05KQ,2019,Reject,accepted,1.000000,0.000000,0.000000,1.000000,1.000000
ryxY73AcK7,2019,Reject,unknown,0.000000,0.000000,1.000000,0.000000,0.000000
ryxOIsA5FQ,2019,Reject,unknown,0.000000,0.000000,1.000000,0.000000,-0.000000
ryxMX2R9YQ,2019,Reject,unknown,0.000000,0.000000,1.000000,0.000000,0.000000
rylqooRqK7,2019,Accept (Poster),accepted,1.000000,0.000000,0.000000,1.000000,1.000000
ryxhynC9KX,2019,Reject,unknown,0.000000,0.000000,1.000000,0.000000,-0.000000
ryxLG2RcYX,2019,Reject,unknown,0.000000,0.000000,1.000000,0.000000,0.000000
ryxHii09KQ,2019,Reject,accepted,1.000000,0.000000,0.000000,1.000000,1.000000
ryxhB3CcK7,2019,Reject,unknown,0.000000,0.000000,1.000000,0.000000,0.000000
rylV6i09tX,2019,Reject,accepted,1.000000,0.000000,0.000000,1.000000,1.000000
rylWVnR5YQ,2019,Reject,unknown,0.000000,0.000000,1.000000,0.000000,0.000000
rylV-2C9KQ,2019,Accept (Poster),accepted,1.000000,0.000000,0.000000,1.000000,1.000000
ryxDjjCqtQ,2019,Reject,unknown,0.000000,0.000000,1.000000,0.000000,0.000000
B1QgVti6Z,2018,Accept (Poster),unknown,0.000000,0.000000,1.000000,0.000000,0.000000
ryljV2A5KX,2019,Reject,rejected,0.000000,1.000000,0.000000,1.000000,-1.000000
B1EA-M-0Z,2018,Accept (Poster),unknown,0.000000,0.000000,1.000000,0.000000,0.000000
ryx3_iAcY7,2019,Reject,unknown,0.000000,0.000000,1.000000,0.000000,0.000000
rygunsAqYQ,2019,Reject,accepted,1.000000,0.000000,0.000000,1.000000,1.000000
rylhToC5YQ,2019,Reject,unknown,0.000000,0.000000,1.000000,0.000000,-0.000000
rylIy3R9K7,2019,Reject,unknown,0.000000,0.000000,1.000000,0.000000,0.000000
ryggIs0cYQ,2019,Accept (Poster),accepted,1.000000,0.000000,0.000000,1.000000,1.000000
rylbWhC5Ym,2019,Reject,unknown,0.000000,0.000000,1.000000,0.000000,0.000000
rylDfnCqF7,2019,Accept (Poster),unknown,0.000000,0.000000,1.000000,0.000000,0.000000
rygjN3C9F7,2019,Reject,unknown,0.000000,0.000000,1.000000,0.000000,-0.000000
rygk9oA9Ym,2019,Reject,unknown,0.000000,0.000000,1.000000,0.000000,0.000000
rygZJ2RcF7,2019,Reject,unknown,0.000000,0.000000,1.000000,0.000000,-0.000000
rylKB3A9Fm,2019,Reject,unknown,0.000000,0.000000,1.000000,0.000000,0.000000
rylNH20qFQ,2019,Accept (Poster),unknown,0.000000,0.000000,1.000000,0.000000,0.000000
rygVV205KQ,2019,Reject,unknown,0.000000,0.000000,1.000000,0.000000,0.000000
ryl5khRcKm,2019,Accept (Poster),unknown,0.000000,0.000000,1.000000,0.000000,0.000000
rylIAsCqYm,2019,Accept (Poster),unknown,0.000000,0.000000,1.000000,0.000000,0.000000
rygo9iR9F7,2019,Reject,unknown,0.000000,0.000000,1.000000,0.000000,0.000000
rygjcsR9Y7,2019,Accept (Poster),unknown,0.000000,0.000000,1.000000,0.000000,0.000000
rygp3iRcF7,2019,Reject,unknown,0.000000,0.000000,1.000000,0.000000,0.000000
ryfaViR9YX,2019,Reject,unknown,0.000000,0.000000,1.000000,0.000000,0.000000
rygFmh0cKm,2019,Reject,unknown,0.000000,0.000000,1.000000,0.000000,0.000000
ryf6Fs09YX,2019,Accept (Poster),unknown,0.000000,0.000000,1.000000,0.000000,0.000000
ryfz73C9KQ,2019,Reject,unknown,0.000000,0.000000,1.000000,0.000000,0.000000
ryfcCo0ctQ,2019,Reject,unknown,0.000000,0.000000,1.000000,0.000000,0.000000
ryepUj0qtX,2019,Accept (Poster),unknown,0.000000,0.000000,1.000000,0.000000,0.000000
ryetZ20ctX,2019,Accept (Poster),unknown,0.000000,0.000000,1.000000,0.000000,-0.000000
ryeyti0qKX,2019,Reject,unknown,0.000000,0.000000,1.000000,0.000000,0.000000
ryf7ioRqFX,2019,Accept (Poster),unknown,0.000000,0.000000,1.000000,0.000000,0.000000
ryekdoCqF7,2019,Reject,unknown,0.000000,0.000000,1.000000,0.000000,-0.000000
rygqqsA9KX,2019,Accept (Poster),unknown,0.000000,0.000000,1.000000,0.000000,0.000000
ryeaZhRqFm,2019,Reject,unknown,0.000000,0.000000,1.000000,0.000000,-0.000000
ryeoxnRqKQ,2019,Reject,rejected,0.000001,0.999999,0.000000,1.000000,-0.999997
ryfMLoCqtQ,2019,Accept (Poster),unknown,0.000000,0.000000,1.000000,0.000000,0.000000
ryeOSnAqYm,2019,Accept (Poster),unknown,0.000000,0.000000,1.000000,0.000000,0.000000
ryeh4jA9F7,2019,Reject,unknown,0.000000,0.000000,1.000000,0.000000,0.000000
ryeX-nC9YQ,2019,Reject,unknown,0.000000,0.000000,1.000000,0.000000,0.000000
rye7XnRqFm,2019,Reject,unknown,0.000000,0.000000,1.000000,0.000000,-0.000000
ryM_IoAqYX,2019,Accept (Poster),unknown,0.000000,0.000000,1.000000,0.000000,0.000000
ryM07h0cYX,2019,Reject,unknown,0.000000,0.000000,1.000000,0.000000,0.000000
ryGs6iA5Km,2019,Accept (Oral),accepted,1.000000,0.000000,0.000000,1.000000,1.000000
ryeAy3AqYm,2019,Reject,unknown,0.000000,0.000000,1.000000,0.000000,-0.000000
rye7knCqK7,2019,Accept (Poster),unknown,0.000000,0.000000,1.000000,0.000000,0.000000
ryGDEjCcK7,2019,Reject,accepted,1.000000,0.000000,0.000000,1.000000,1.000000
rkzfuiA9F7,2019,Reject,accepted,1.000000,0.000000,0.000000,1.000000,1.000000
ryGpEiAcFQ,2019,Reject,unknown,0.000000,0.000000,1.000000,0.000000,0.000000
ryEkcsActX,2019,Reject,unknown,0.000000,0.000000,1.000000,0.000000,0.000000
rkzDIiA5YQ,2019,Accept (Poster),accepted,1.000000,0.000000,0.000000,1.000000,1.000000
ryMQ5sRqYX,2019,Reject,unknown,0.000000,0.000000,1.000000,0.000000,0.000000
ryemosC9tm,2019,Reject,unknown,0.000000,0.000000,1.000000,0.000000,-0.000000
ryE98iR5tm,2019,Accept (Poster),accepted,1.000000,0.000000,0.000000,1.000000,1.000000
rkzUYjCcFm,2019,Reject,unknown,0.000000,0.000000,1.000000,0.000000,0.000000
ryGkSo0qYm,2019,Accept (Poster),unknown,0.000000,0.000000,1.000000,0.000000,0.000000
ryG8UsR5t7,2019,Reject,rejected,0.000000,1.000000,0.000000,1.000000,-1.000000
ryeYHi0ctQ,2019,Accept (Poster),unknown,0.000000,0.000000,1.000000,0.000000,0.000000
ryG2Cs09Y7,2019,Reject,unknown,0.000000,0.000000,1.000000,0.000000,0.000000
ryGiYoAqt7,2019,Reject,unknown,0.000000,0.000000,1.000000,0.000000,0.000000
rkxw-hAcFQ,2019,Accept (Poster),unknown,0.000000,0.000000,1.000000,0.000000,0.000000
rkzjUoAcFX,2019,Accept (Poster),unknown,0.000000,0.000000,1.000000,0.000000,0.000000
ryGvcoA5YX,2019,Accept (Poster),unknown,0.000000,0.000000,1.000000,0.000000,0.000000
rkxoNnC5FQ,2019,Accept (Poster),accepted,0.999997,0.000000,0.000003,0.999997,0.999996
rkxusjRctQ,2019,Reject,unknown,0.000000,0.000000,1.000000,0.000000,0.000000
rkxt8oC9FQ,2019,Reject,unknown,0.000000,0.000000,1.000000,0.000000,0.000000
rye4g3AqFm,2019,Accept (Poster),unknown,0.000000,0.000000,1.000000,0.000000,0.000000
rkxJus0cFX,2019,Reject,accepted,1.000000,0.000000,0.000000,1.000000,1.000000
rkxhX209FX,2019,Reject,unknown,0.000000,0.000000,1.000000,0.000000,0.000000
rkxaNjA9Ym,2019,Accept (Poster),unknown,0.000000,0.000000,1.000000,0.000000,0.000000
rkx1m2C5YQ,2019,Reject,accepted,1.000000,0.000000,0.000000,1.000000,1.000000
rklz9iAcKQ,2019,Accept (Poster),accepted,1.000000,0.000000,0.000000,1.000000,1.000000
rkluJ2R9KQ,2019,Accept (Poster),accepted,1.000000,0.000000,0.000000,1.000000,1.000000
rkxd2oR9Y7,2019,Reject,unknown,0.000000,0.000000,1.000000,0.000000,0.000000
ryGgSsAcFQ,2019,Accept (Poster),unknown,0.000000,0.000000,1.000000,0.000000,-0.000000
rklwwo05Ym,2019,Reject,unknown,0.000000,0.000000,1.000000,0.000000,0.000000
rkxn7nR5KX,2019,Reject,unknown,0.000000,0.000000,1.000000,0.000000,0.000000
rkxtl3C5YX,2019,Reject,unknown,0.000000,0.000000,1.000000,0.000000,0.000000
rkx8l3Cctm,2019,Reject,unknown,0.000000,0.000000,1.000000,0.000000,0.000000
rkxjnjA5KQ,2019,Reject,unknown,0.000000,0.000000,1.000000,0.000000,0.000000
rkxkHnA5tX,2019,Reject,unknown,0.000000,0.000000,1.000000,0.000000,0.000000
rkxacs0qY7,2019,Accept (Poster),unknown,0.000000,0.000000,1.000000,0.000000,0.000000
rkxfjjA5Km,2019,Reject,accepted,0.999999,0.000000,0.000001,0.999999,0.999999
rkle3i09K7,2019,Reject,unknown,0.000000,0.000000,1.000000,0.000000,0.000000
rklQas09tm,2019,Reject,unknown,0.000000,0.000000,1.000000,0.000000,0.000000
rklXaoAcFX,2019,Reject,accepted,1.000000,0.000000,0.000000,1.000000,1.000000
rkxraoRcF7,2019,Reject,unknown,0.000000,0.000000,1.000000,0.000000,0.000000
rkgwuiA9F7,2019,Reject,accepted,1.000000,0.000000,0.000000,1.000000,1.000000
rkl6As0cF7,2019,Accept (Poster),unknown,0.000000,0.000000,1.000000,0.000000,0.000000
rkxciiC9tm,2019,Accept (Poster),unknown,0.000000,0.000000,1.000000,0.000000,0.000000
rklhb2R9Y7,2019,Reject,unknown,0.000000,0.000000,1.000000,0.000000,0.000000
rkl4M3R5K7,2019,Reject,unknown,0.000000,0.000000,1.000000,0.000000,0.000000
rklaWn0qK7,2019,Accept (Poster),unknown,0.000000,0.000000,1.000000,0.000000,-0.000000
rkgqCiRqKQ,2019,Reject,unknown,0.000000,0.000000,1.000000,0.000000,0.000000
rklEUjR5tm,2019,Reject,unknown,0.000000,0.000000,1.000000,0.000000,-0.000000
rkl3-hA5Y7,2019,Reject,rejected,0.000000,1.000000,0.000000,1.000000,-1.000000
rkl42iA5t7,2019,Reject,unknown,0.000000,0.000000,1.000000,0.000000,0.000000
rkgZ3oR9FX,2019,Reject,unknown,0.000000,0.000000,1.000000,0.000000,0.000000
rkgv9oRqtQ,2019,Reject,unknown,0.000000,0.000000,1.000000,0.000000,0.000000
rkgBHoCqYX,2019,Accept (Poster),unknown,0.000000,0.000000,1.000000,0.000000,0.000000
rkg5fh0ctQ,2019,Reject,unknown,0.000000,0.000000,1.000000,0.000000,0.000000
rkgsvoA9K7,2019,Reject,rejected,0.000000,1.000000,0.000000,1.000000,-1.000000
rkgK3oC5Fm,2019,Accept (Poster),unknown,0.000000,0.000000,1.000000,0.000000,0.000000
rkgd0iA9FQ,2019,Reject,unknown,0.000000,0.000000,1.000000,0.000000,0.000000
rkeqCoA5tX,2019,Reject,unknown,0.000000,0.000000,1.000000,0.000000,0.000000
rkeYUsRqKQ,2019,Reject,unknown,0.000000,0.000000,1.000000,0.000000,0.000000
rkgbwsAcYm,2019,Accept (Poster),unknown,0.000000,0.000000,1.000000,0.000000,0.000000
rkgT3jRct7,2019,Accept (Poster),unknown,0.000000,0.000000,1.000000,0.000000,0.000000
rkglvsC9Ym,2019,Reject,unknown,0.000000,0.000000,1.000000,0.000000,-0.000000
rkeX-3Rqtm,2019,Reject,unknown,0.000000,0.000000,1.000000,0.000000,-0.000000
rkgKBhA5Y7,2019,Accept (Poster),accepted,1.000000,0.000000,0.000000,1.000000,1.000000
rkgpy3C5tX,2019,Accept (Poster),unknown,0.000000,0.000000,1.000000,0.000000,0.000000
rkeSiiA5Fm,2019,Accept (Poster),unknown,0.000000,0.000000,1.000000,0.000000,0.000000
rke8ZhCcFQ,2019,Reject,rejected,0.000000,1.000000,0.000000,1.000000,-1.000000
rket4i0qtX,2019,Reject,unknown,0.000000,0.000000,1.000000,0.000000,0.000000
rkgMNnC9YQ,2019,Reject,unknown,0.000000,0.000000,1.000000,0.000000,-0.000000
rkgW0oA9FX,2019,Accept (Poster),unknown,0.000000,0.000000,1.000000,0.000000,0.000000
rkVOXhAqY7,2019,Reject,unknown,0.000000,0.000000,1.000000,0.000000,0.000000
rkMnHjC5YQ,2019,Reject,unknown,0.000000,0.000000,1.000000,0.000000,0.000000
rkMhusC5Y7,2019,Reject,unknown,0.000000,0.000000,1.000000,0.000000,0.000000
rkeT8iR9Y7,2019,Reject,unknown,0.000000,0.000000,1.000000,0.000000,0.000000
rkMD73A5FX,2019,Reject,unknown,0.000000,0.000000,1.000000,0.000000,0.000000
rkeMHjR9Ym,2019,Reject,unknown,0.000000,0.000000,1.000000,0.000000,0.000000
rk4Qso0cKm,2019,Accept (Poster),unknown,0.000000,0.000000,1.000000,0.000000,0.000000
rkgfWh0qKX,2019,Reject,unknown,0.000000,0.000000,1.000000,0.000000,-0.000000
rkGcYi09Km,2019,Reject,unknown,0.000000,0.000000,1.000000,0.000000,-0.000000
rJxgknCcK7,2019,Accept (Oral),accepted,1.000000,0.000000,0.000000,1.000000,1.000000
rJxXDsCqYX,2019,Reject,accepted,1.000000,0.000000,0.000000,1.000000,1.000000
rk4Wf30qKQ,2019,Reject,unknown,0.000000,0.000000,1.000000,0.000000,-0.000000
rJx_b3RqY7,2019,Reject,accepted,1.000000,0.000000,0.000000,1.000000,1.000000
rJxHsjRqFQ,2019,Accept (Poster),accepted,0.999999,0.000000,0.000001,0.999999,0.999999
rke4HiAcY7,2019,Accept (Poster),unknown,0.000000,0.000000,1.000000,0.000000,-0.000000
rJxpuoCqtQ,2019,Reject,unknown,0.000000,0.000000,1.000000,0.000000,0.000000
rJlk6iRqKX,2019,Accept (Poster),accepted,1.000000,0.000000,0.000000,1.000000,1.000000
rJxcHnRqYQ,2019,Reject,unknown,0.000000,0.000000,1.000000,0.000000,0.000000
rJlpUiAcYX,2019,Reject,unknown,0.000000,0.000000,1.000000,0.000000,0.000000
rkGG6s0qKQ,2019,Reject,unknown,0.000000,0.000000,1.000000,0.000000,-0.000000
rJxNAjC5F7,2019,Reject,unknown,0.000000,0.000000,1.000000,0.000000,0.000000
rJzoujRct7,2019,Reject,rejected,0.000000,1.000000,0.000000,1.000000,-1.000000
rJlWOj0qF7,2019,Accept (Poster),rejected,0.000000,1.000000,0.000000,1.000000,-1.000000
rJlg1n05YX,2019,Reject,unknown,0.000000,0.000000,1.000000,0.000000,0.000000
rJlHIo09KQ,2019,Reject,accepted,1.000000,0.000000,0.000000,1.000000,1.000000
rJxF73R9tX,2019,Reject,unknown,0.000000,0.000000,1.000000,0.000000,0.000000
rJliMh09F7,2019,Accept (Poster),unknown,0.000000,0.000000,1.000000,0.000000,0.000000
rJlMBjAcYX,2019,Reject,unknown,0.000000,0.000000,1.000000,0.000000,0.000000
rJl8FoRcY7,2019,Reject,unknown,0.000000,0.000000,1.000000,0.000000,0.000000
rJlcV2Actm,2019,Reject,unknown,0.000000,0.000000,1.000000,0.000000,0.000000
rJl8viCqKQ,2019,Reject,unknown,0.000000,0.000000,1.000000,0.000000,0.000000
rkeUrjCcYQ,2019,Reject,unknown,0.000000,0.000000,1.000000,0.000000,0.000000
rJxMM2C5K7,2019,Reject,unknown,0.000000,0.000000,1.000000,0.000000,0.000000
rJl4BsR5KX,2019,Reject,unknown,0.000000,0.000000,1.000000,0.000000,-0.000000
rJl6M2C5Y7,2019,Reject,unknown,0.000000,0.000000,1.000000,0.000000,0.000000
rJlEojAqFm,2019,Accept (Poster),unknown,0.000000,0.000000,1.000000,0.000000,0.000000
rJxug2R9Km,2019,Reject,unknown,0.000000,0.000000,1.000000,0.000000,0.000000
rJl-HsR9KX,2019,Reject,unknown,0.000000,0.000000,1.000000,0.000000,0.000000
rJl_NhR9K7,2019,Reject,unknown,0.000000,0.000000,1.000000,0.000000,0.000000
rJleN20qK7,2019,Accept (Poster),unknown,0.000000,0.000000,1.000000,0.000000,0.000000
rJgvf3RcFQ,2019,Reject,unknown,0.000000,0.000000,1.000000,0.000000,0.000000
rJl2E3AcF7,2019,Reject,unknown,0.000000,0.000000,1.000000,0.000000,0.000000
rJgMlhRctm,2019,Accept (Oral),accepted,1.000000,0.000000,0.000000,1.000000,1.000000
rJgfjjC9Ym,2019,Reject,unknown,0.000000,0.000000,1.000000,0.000000,0.000000
rJl3S2A9t7,2019,Reject,unknown,0.000000,0.000000,1.000000,0.000000,0.000000
rJfW5oA5KQ,2019,Accept (Poster),accepted,1.000000,0.000000,0.000000,1.000000,1.000000
rJlDnoA5Y7,2019,Accept (Poster),unknown,0.000000,0.000000,1.000000,0.000000,0.000000
rJgP7hR5YQ,2019,Reject,rejected,0.000000,1.000000,0.000000,1.000000,-1.000000
rJg6ssC5Y7,2019,Accept (Poster),unknown,0.000000,0.000000,1.000000,0.000000,0.000000
rJg_NjCqtX,2019,Reject,unknown,0.000000,0.000000,1.000000,0.000000,0.000000
rJf0BjAqYX,2019,Reject,rejected,0.000000,1.000000,0.000000,1.000000,-1.000000
rJeXCo0cYX,2019,Accept (Poster),accepted,1.000000,0.000000,0.000000,1.000000,1.000000
rJgYxn09Fm,2019,Accept (Poster),unknown,0.000000,0.000000,1.000000,0.000000,0.000000
rJevYoA9Fm,2019,Accept (Poster),unknown,0.000000,0.000000,1.000000,0.000000,0.000000
rJgSV3AqKQ,2019,Reject,unknown,0.000000,0.000000,1.000000,0.000000,-0.000000
rJgz8sA5F7,2019,Reject,unknown,0.000000,0.000000,1.000000,0.000000,-0.000000
rJeQYjRqYX,2019,Reject,unknown,0.000000,0.000000,1.000000,0.000000,-0.000000
rJgTciR9tm,2019,Reject,unknown,0.000000,0.000000,1.000000,0.000000,0.000000
rJed6j0cKX,2019,Accept (Poster),accepted,0.999999,0.000000,0.000000,1.000000,0.999999
rJeEqiC5KQ,2019,Reject,unknown,0.000000,0.000000,1.000000,0.000000,0.000000
rJe4ShAcF7,2019,Accept (Poster),accepted,1.000000,0.000000,0.000000,1.000000,0.999999
rJedV3R5tm,2019,Accept (Poster),unknown,0.000000,0.000000,1.000000,0.000000,-0.000000
rJgbSn09Ym,2019,Accept (Poster),unknown,0.000000,0.000000,1.000000,0.000000,0.000000
rJe1y3CqtX,2019,Reject,unknown,0.000000,0.000000,1.000000,0.000000,0.000000
rJedbn0ctQ,2019,Reject,unknown,0.000000,0.000000,1.000000,0.000000,-0.000000
rJG8asRqKX,2019,Reject,unknown,0.000000,0.000000,1.000000,0.000000,0.000000
rJNH6sAqY7,2019,Accept (Poster),unknown,0.000000,0.000000,1.000000,0.000000,0.000000
rJVorjCcKQ,2019,Accept (Oral),unknown,0.000000,0.000000,1.000000,0.000000,0.000000
rJEyrjRqYX,2019,Reject,unknown,0.000000,0.000000,1.000000,0.000000,0.000000
rJg8yhAqKm,2019,Accept (Poster),unknown,0.000000,0.000000,1.000000,0.000000,0.000000
rJVoEiCqKQ,2019,Reject,unknown,0.000000,0.000000,1.000000,0.000000,-0.000000
rJ4vlh0qtm,2019,Reject,unknown,0.000000,0.000000,1.000000,0.000000,0.000000
rJNwDjAqYX,2019,Accept (Poster),unknown,0.000000,0.000000,1.000000,0.000000,0.000000
r1xwKoR9Y7,2019,Accept (Poster),accepted,1.000000,0.000000,0.000000,1.000000,0.999999
r1zmVhCqKm,2019,Reject,unknown,0.000000,0.000000,1.000000,0.000000,0.000000
r1znKiAcY7,2019,Reject,unknown,0.000000,0.000000,1.000000,0.000000,0.000000
rJ4qXnCqFX,2019,Reject,unknown,0.000000,0.000000,1.000000,0.000000,0.000000
r1xywsC9tQ,2019,Reject,unknown,0.000000,0.000000,1.000000,0.000000,0.000000
r1ztwiCcYQ,2019,Reject,rejected,0.000000,1.000000,0.000000,1.000000,-1.000000
r1zOg309tX,2019,Reject,unknown,0.000000,0.000000,1.000000,0.000000,-0.000000
rJEjjoR9K7,2019,Accept (Oral),unknown,0.000000,0.000000,1.000000,0.000000,0.000000
r1xyx3R9tQ,2019,Reject,unknown,0.000000,0.000000,1.000000,0.000000,-0.000000
r1xX42R5Fm,2019,Accept (Poster),accepted,1.000000,0.000000,0.000000,1.000000,1.000000
r1xlvi0qYm,2019,Accept (Oral),unknown,0.000000,0.000000,1.000000,0.000000,0.000000
r1xwqjRcY7,2019,Reject,unknown,0.000000,0.000000,1.000000,0.000000,0.000000
r1xrb3CqtQ,2019,Reject,unknown,0.000000,0.000000,1.000000,0.000000,0.000000
r1xdH3CcKX,2019,Accept (Poster),unknown,0.000000,0.000000,1.000000,0.000000,0.000000
rJlnB3C5Ym,2019,Accept (Poster),unknown,0.000000,0.001501,0.998497,0.001502,-0.001501
r1xkIjA9tX,2019,Reject,unknown,0.000000,0.000000,1.000000,0.000000,0.000000
r1x4BnCqKX,2019,Accept (Poster),unknown,0.000000,0.000000,1.000000,0.000000,-0.000000
r1xYr3C5t7,2019,Reject,unknown,0.000000,0.000000,1.000000,0.000000,0.000000
r1xurn0cKQ,2019,Reject,unknown,0.000000,0.000000,1.000000,0.000000,0.000000
r1luCsCqFm,2019,Reject,unknown,0.000000,0.000000,1.000000,0.000000,-0.000000
r1xFE3Rqt7,2019,Reject,unknown,0.000000,0.000000,1.000000,0.000000,0.000000
r1xQQhAqKX,2019,Accept (Poster),unknown,0.000000,0.000000,1.000000,0.000000,0.000000
r1lrAiA5Ym,2019,Accept (Poster),accepted,1.000000,0.000000,0.000000,1.000000,1.000000
r1xwS3RqKQ,2019,Reject,unknown,0.000000,0.000000,1.000000,0.000000,0.000000
r1laEnA5Ym,2019,Accept (Poster),accepted,1.000000,0.000000,0.000000,1.000000,1.000000
r1xN5oA5tm,2019,Reject,unknown,0.000000,0.000000,1.000000,0.000000,0.000000
r1lYRjC9F7,2019,Accept (Oral),accepted,1.000000,0.000000,0.000000,1.000000,1.000000
r1lohoCqY7,2019,Accept (Poster),unknown,0.000000,0.000000,1.000000,0.000000,0.000000
r1xRW3A9YX,2019,Reject,unknown,0.000000,0.000000,1.000000,0.000000,0.000000
r1lgm3C5t7,2019,Reject,unknown,0.000000,0.000000,1.000000,0.000000,0.000000
r1gnQ20qYX,2019,Reject,accepted,1.000000,0.000000,0.000000,1.000000,1.000000
r1lpx3A9K7,2019,Reject,unknown,0.000000,0.000000,1.000000,0.000000,0.000000
r1lM_sA5Fm,2019,Reject,unknown,0.000000,0.000000,1.000000,0.000000,-0.000000
r1gR2sC9FX,2019,Reject,accepted,1.000000,0.000000,0.000000,1.000000,1.000000
r1l9Nj09YQ,2019,Reject,unknown,0.000000,0.000000,1.000000,0.000000,0.000000
r1gkAoA5FQ,2019,Reject,unknown,0.000000,0.000000,1.000000,0.000000,0.000000
r1ledo0ctX,2019,Reject,unknown,0.000000,0.000000,1.000000,0.000000,0.000000
rJ4km2R5t7,2019,Accept (Poster),unknown,0.000000,0.000000,1.000000,0.000000,-0.000000
rJe10iC5K7,2019,Accept (Poster),unknown,0.000000,0.000000,1.000000,0.000000,0.000000
r1ge8sCqFX,2019,Reject,unknown,0.000000,0.000000,1.000000,0.000000,0.000000
r1l3NiCqY7,2019,Reject,unknown,0.000000,0.000000,1.000000,0.000000,0.000000
r1gKNs0qYX,2019,Reject,unknown,0.000000,0.000000,1.000000,0.000000,0.000000
r1gGpjActQ,2019,Reject,accepted,1.000000,0.000000,0.000000,1.000000,1.000000
r1gNni0qtm,2019,Accept (Poster),unknown,0.000000,0.000000,1.000000,0.000000,0.000000
r1lq1hRqYQ,2019,Accept (Poster),unknown,0.000000,0.000000,1.000000,0.000000,0.000000
r1gOe209t7,2019,Reject,unknown,0.000000,0.000000,1.000000,0.000000,0.000000
r1lWUoA9FQ,2019,Accept (Poster),unknown,0.000000,0.000000,1.000000,0.000000,0.000000
r1glehC5tQ,2019,Reject,unknown,0.000000,0.000000,1.000000,0.000000,-0.000000
r1gl7hC5Km,2019,Reject,unknown,0.000000,0.000000,1.000000,0.000000,0.000000
r1gEqiC9FX,2019,Accept (Poster),unknown,0.000000,0.000000,1.000000,0.000000,0.000000
r1lFIiR9tQ,2019,Reject,unknown,0.000000,0.000000,1.000000,0.000000,0.000000
r1gVqsA9tQ,2019,Reject,unknown,0.000000,0.000000,1.000000,0.000000,0.000000
r1fiFs09YX,2019,Reject,unknown,0.000000,0.000000,1.000000,0.000000,0.000000
r1l-e3Cqtm,2019,Reject,unknown,0.000000,0.000000,1.000000,0.000000,0.000000
r1g1LoAcFm,2019,Reject,unknown,0.000000,0.000000,1.000000,0.000000,0.000000
r1fE3sAcYQ,2019,Reject,unknown,0.000000,0.000000,1.000000,0.000000,-0.000000
r1fWmnR5tm,2019,Reject,unknown,0.000000,0.000000,1.000000,0.000000,0.000000
r1g4E3C9t7,2019,Accept (Poster),rejected,0.000000,1.000000,0.000000,1.000000,-1.000000
r1espiA9YQ,2019,Reject,unknown,0.000000,0.000000,1.000000,0.000000,0.000000
r1fO8oC9Y7,2019,Reject,unknown,0.000000,0.000000,1.000000,0.000000,0.000000
r1f0YiCctm,2019,Accept (Poster),unknown,0.000000,0.000000,1.000000,0.000000,0.000000
r1eEG20qKQ,2019,Accept (Poster),accepted,1.000000,0.000000,0.000000,1.000000,1.000000
r1efr3C9Ym,2019,Accept (Poster),unknown,0.000000,0.000000,1.000000,0.000000,0.000000
r1eiqi09K7,2019,Accept (Poster),accepted,1.000000,0.000000,0.000000,1.000000,1.000000
r1exVhActQ,2019,Reject,rejected,0.000000,1.000000,0.000000,1.000000,-1.000000
r1ez_sRcFQ,2019,Reject,unknown,0.000000,0.000000,1.000000,0.000000,0.000000
r1eO_oCqtQ,2019,Reject,rejected,0.000000,1.000000,0.000000,1.000000,-1.000000
r1esnoAqt7,2019,Reject,unknown,0.000000,0.000000,1.000000,0.000000,0.000000
r1erRoCqtX,2019,Reject,unknown,0.000000,0.000000,1.000000,0.000000,0.000000
r1g7y2RqYX,2019,Reject,unknown,0.000000,0.000000,1.000000,0.000000,0.000000
r1elIi09K7,2019,Reject,unknown,0.000000,0.000000,1.000000,0.000000,0.000000
r1V0m3C5YQ,2019,Reject,unknown,0.000000,0.000000,1.000000,0.000000,0.000000
r1f78iAcFm,2019,Reject,rejected,0.000000,1.000000,0.000000,1.000000,-1.000000
r1NJqsRctX,2019,Accept (Poster),accepted,0.999998,0.000000,0.000002,0.999998,0.999998
r1Nb5i05tX,2019,Reject,unknown,0.000000,0.000000,1.000000,0.000000,0.000000
r1GbfhRqF7,2019,Accept (Poster),unknown,0.000000,0.000000,1.000000,0.000000,0.000000
r1eVMnA9K7,2019,Accept (Poster),unknown,0.000000,0.000000,1.000000,0.000000,0.000000
r1Gsk3R9Fm,2019,Reject,unknown,0.000000,0.000000,1.000000,0.000000,0.000000
r1NDBsAqY7,2019,Reject,unknown,0.000000,0.000000,1.000000,0.000000,0.000000
r1GAsjC5Fm,2019,Accept (Poster),unknown,0.000000,0.000000,1.000000,0.000000,0.000000
r1lyTjAqYX,2019,Accept (Poster),unknown,0.000000,0.000000,1.000000,0.000000,0.000000
r1MxciCcKm,2019,Reject,unknown,0.000000,0.000000,1.000000,0.000000,0.000000
r1My6sR9tX,2019,Accept (Poster),unknown,0.000000,0.000000,1.000000,0.000000,0.000000
r1GgDj0cKX,2019,Reject,unknown,0.000000,0.000000,1.000000,0.000000,-0.000000
r14Aas09Y7,2019,Reject,unknown,0.000000,0.000000,1.000000,0.000000,0.000000
SyzVb3CcFX,2019,Accept (Poster),accepted,1.000000,0.000000,0.000000,1.000000,1.000000
r1E0OsA9tX,2019,Reject,accepted,1.000000,0.000000,0.000000,1.000000,1.000000
r1GB5jA5tm,2019,Reject,unknown,0.000000,0.000000,1.000000,0.000000,0.000000
SyxwW2A5Km,2019,Reject,unknown,0.000000,0.000000,1.000000,0.000000,0.000000
r1Vx_oA5YQ,2019,Reject,unknown,0.000000,0.000000,1.000000,0.000000,0.000000
SyxnvsAqFm,2019,Reject,unknown,0.000000,0.000000,1.000000,0.000000,-0.000000
Syzn9i05Ym,2019,Reject,unknown,0.000000,0.000000,1.000000,0.000000,0.000000
r14EOsCqKX,2019,Accept (Poster),unknown,0.000000,0.000000,1.000000,0.000000,0.000000
SyxknjC9KQ,2019,Reject,unknown,0.000000,0.000000,1.000000,0.000000,-0.000000
Syxt5oC5YQ,2019,Accept (Poster),unknown,0.000000,0.000000,1.000000,0.000000,0.000000
Syxt2jC5FX,2019,Accept (Poster),unknown,0.000000,0.000000,1.000000,0.000000,-0.000000
SyxfEn09Y7,2019,Accept (Poster),accepted,1.000000,0.000000,0.000000,1.000000,0.999999
SyxZOsA9tX,2019,Reject,accepted,1.000000,0.000000,0.000000,1.000000,1.000000
SyxtJh0qYm,2019,Accept (Poster),unknown,0.000000,0.000000,1.000000,0.000000,0.000000
SyxAb30cY7,2019,Accept (Poster),accepted,1.000000,0.000000,0.000000,1.000000,1.000000
SyzjBiR9t7,2019,Reject,unknown,0.000000,0.000000,1.000000,0.000000,0.000000
SyxHKjAcYX,2019,Reject,accepted,1.000000,0.000000,0.000000,1.000000,1.000000
SyxYEoA5FX,2019,Reject,unknown,0.000000,0.000000,1.000000,0.000000,-0.000000
SyxaYsAqY7,2019,Reject,unknown,0.000000,0.000000,1.000000,0.000000,0.000000
Syx72jC9tm,2019,Accept (Poster),accepted,1.000000,0.000000,0.000000,1.000000,1.000000
r1VPNiA5Fm,2019,Reject,unknown,0.000000,0.000000,1.000000,0.000000,0.000000
SyzrLjA5FQ,2019,Reject,unknown,0.000000,0.000000,1.000000,0.000000,0.000000
SylLYsCcFm,2019,Accept (Poster),accepted,1.000000,0.000000,0.000000,1.000000,1.000000
SyxZJn05YX,2019,Accept (Poster),unknown,0.000000,0.000000,1.000000,0.000000,0.000000
Syx5V2CcFm,2019,Accept (Poster),unknown,0.000000,0.000000,1.000000,0.000000,-0.000000
Syl8Sn0cK7,2019,Accept (Poster),accepted,1.000000,0.000000,0.000000,1.000000,1.000000
Syx9rnRcYm,2019,Reject,unknown,0.000000,0.000000,1.000000,0.000000,0.000000
Syl6tjAqKX,2019,Reject,unknown,0.000000,0.000000,1.000000,0.000000,0.000000
SylCrnCcFX,2019,Accept (Poster),unknown,0.000000,0.000000,1.000000,0.000000,0.000000
SyxMWh09KX,2019,Reject,unknown,0.000000,0.000000,1.000000,0.000000,0.000000
SyxXhsAcFQ,2019,Reject,unknown,0.000000,0.000000,1.000000,0.000000,0.000000
SylU3jC5Y7,2019,Reject,unknown,0.000000,0.000000,1.000000,0.000000,0.000000
SygInj05Fm,2019,Reject,accepted,1.000000,0.000000,0.000000,1.000000,1.000000
Syxgbh05tQ,2019,Reject,unknown,0.000000,0.000000,1.000000,0.000000,0.000000
Sygx4305KQ,2019,Reject,unknown,0.000000,0.000000,1.000000,0.000000,0.000000
SygONjRqKm,2019,Reject,unknown,0.000000,0.000000,1.000000,0.000000,0.000000
SygHGnRqK7,2019,Reject,unknown,0.000000,0.000000,1.000000,0.000000,0.000000
Syx4_iCqKQ,2019,Reject,unknown,0.000000,0.000000,1.000000,0.000000,0.000000
SygD-hCcF7,2019,Accept (Poster),unknown,0.000000,0.000000,1.000000,0.000000,-0.000000
SygxYoC5FX,2019,Reject,unknown,0.000000,0.000000,1.000000,0.000000,0.000000
SylPMnR9Ym,2019,Accept (Poster),unknown,0.000000,0.000000,1.000000,0.000000,0.000000
SygLehCqtm,2019,Accept (Poster),unknown,0.000000,0.000000,1.000000,0.000000,0.000000
Syfz6sC9tQ,2019,Reject,unknown,0.000000,0.000000,1.000000,0.000000,0.000000
SyfXKoRqFQ,2019,Reject,rejected,0.000000,1.000000,0.000000,1.000000,-1.000000
SyerAiCqt7,2019,Reject,unknown,0.000000,0.000000,1.000000,0.000000,0.000000
Syf9Q209YQ,2019,Reject,unknown,0.000000,0.000000,1.000000,0.000000,-0.000000
SyfIfnC5Ym,2019,Accept (Poster),unknown,0.000000,0.000000,1.000000,0.000000,-0.000000
Syeil309tX,2019,Reject,unknown,0.000000,0.000000,1.000000,0.000000,0.000000
Syx0Mh05YQ,2019,Accept (Poster),unknown,0.000000,0.000000,1.000000,0.000000,-0.000000
SyeKf30cFQ,2019,Reject,unknown,0.000000,0.000000,1.000000,0.000000,-0.000000
SyeQFiCcF7,2019,Reject,unknown,0.000000,0.000000,1.000000,0.000000,0.000000
SygJSiA5YQ,2019,Reject,unknown,0.000000,0.000000,1.000000,0.000000,-0.000000
SylKoo0cKm,2019,Accept (Poster),rejected,0.000000,1.000000,0.000000,1.000000,-1.000000
Syez3j0cKX,2019,Reject,unknown,0.000000,0.000000,1.000000,0.000000,0.000000
SyehMhC9Y7,2019,Reject,unknown,0.000000,0.000000,1.000000,0.000000,0.000000
SyVuRiC5K7,2019,Accept (Poster),accepted,1.000000,0.000000,0.000000,1.000000,1.000000
SyeBqsRctm,2019,Reject,unknown,0.000000,0.000000,1.000000,0.000000,0.000000
Syx_Ss05tm,2019,Accept (Poster),unknown,0.000000,0.000000,1.000000,0.000000,0.000000
SyVU6s05K7,2019,Accept (Poster),unknown,0.000000,0.000000,1.000000,0.000000,0.000000
Syeben09FQ,2019,Reject,unknown,0.000000,0.000000,1.000000,0.000000,0.000000
SyMras0cFQ,2019,Reject,unknown,0.000000,0.000000,1.000000,0.000000,0.000000
SyNbRj09Y7,2019,Reject,unknown,0.000000,0.000000,1.000000,0.000000,0.000000
SygvZ209F7,2019,Accept (Poster),unknown,0.000000,0.000000,1.000000,0.000000,0.000000
SyeLno09Fm,2019,Reject,unknown,0.000000,0.000000,1.000000,0.000000,0.000000
SyMhLo0qKQ,2019,Accept (Poster),unknown,0.000000,0.000000,1.000000,0.000000,0.000000
SyezvsC5tX,2019,Reject,unknown,0.000000,0.000000,1.000000,0.000000,0.000000
SyNvti09KQ,2019,Accept (Poster),unknown,0.000000,0.000000,1.000000,0.000000,0.000000
Sye2doC9tX,2019,Reject,unknown,0.000000,0.000000,1.000000,0.000000,0.000000
SyVhg20cK7,2019,Reject,unknown,0.000000,0.000000,1.000000,0.000000,0.000000
SyMWn05F7,2019,Accept (Poster),unknown,0.000000,0.000000,1.000000,0.000000,0.000000
Skz3Q2CcFX,2019,Reject,unknown,0.000000,0.000000,1.000000,0.000000,-0.000000
SyG4RiR5Ym,2019,Reject,unknown,0.000000,0.000000,1.000000,0.000000,0.000000
Sy4lojC9tm,2019,Reject,unknown,0.000000,0.000000,1.000000,0.000000,-0.000000
SyVpB2RqFX,2019,Reject,unknown,0.000000,0.000000,1.000000,0.000000,0.000000
SkxbDsR9Ym,2019,Reject,accepted,1.000000,0.000000,0.000000,1.000000,1.000000
SkxZFoAqtQ,2019,Reject,unknown,0.000000,0.000000,1.000000,0.000000,0.000000
SkzK4iC5Ym,2019,Reject,unknown,0.000000,0.000000,1.000000,0.000000,-0.000000
SkxXCi0qFX,2019,Accept (Poster),accepted,1.000000,0.000000,0.000000,1.000000,1.000000
SyGjjsC5tQ,2019,Accept (Poster),unknown,0.000000,0.000000,1.000000,0.000000,0.000000
SkxxIs0qY7,2019,Reject,unknown,0.000000,0.000000,1.000000,0.000000,0.000000
SkxYOiCqKX,2019,Reject,unknown,0.000000,0.000000,1.000000,0.000000,-0.000000
Sye7qoC5FQ,2019,Reject,unknown,0.000000,0.000000,1.000000,0.000000,0.000000
Skluy2RcK7,2019,Reject,accepted,0.999999,0.000000,0.000000,1.000000,0.999999
Skz-3j05tm,2019,Reject,unknown,0.000000,0.000000,1.000000,0.000000,-0.000000
SkzeJ3A9F7,2019,Reject,unknown,0.000000,0.000000,1.000000,0.000000,0.000000
SkloDjAqYm,2019,Accept (Poster),accepted,1.000000,0.000000,0.000000,1.000000,1.000000
Sklr9i09KQ,2019,Reject,unknown,0.000000,0.000000,1.000000,0.000000,0.000000
SkxJ-309FQ,2019,Reject,unknown,0.000000,0.000000,1.000000,0.000000,-0.000000
SyMDXnCcF7,2019,Accept (Poster),unknown,0.000000,0.000000,1.000000,0.000000,0.000000
SklzIjActX,2019,Reject,unknown,0.000000,0.000000,1.000000,0.000000,0.000000
SyGjQ30qFX,2019,Reject,rejected,0.000000,1.000000,0.000000,1.000000,-1.000000
SklrrhRqFX,2019,Reject,unknown,0.000000,0.000000,1.000000,0.000000,0.000000
SklgHoRqt7,2019,Reject,unknown,0.000000,0.000000,1.000000,0.000000,-0.000000
SkxANsC9tQ,2019,Reject,unknown,0.000000,0.000000,1.000000,0.000000,-0.000000
Sklv5iRqYX,2019,Accept (Poster),unknown,0.000000,0.000000,1.000000,0.000000,0.000000
SkxXwo0qYm,2019,Reject,unknown,0.000000,0.000000,1.000000,0.000000,0.000000
Skl6k209Ym,2019,Reject,unknown,0.000000,0.000000,1.000000,0.000000,-0.000000
Sklqvo0qt7,2019,Reject,unknown,0.000000,0.000000,1.000000,0.000000,0.000000
Skl3M20qYQ,2019,Reject,unknown,0.000000,0.000000,1.000000,0.000000,-0.000000
SklckhR5Ym,2019,Reject,unknown,0.000000,0.000000,1.000000,0.000000,0.000000
SklcFsAcKX,2019,Reject,unknown,0.000000,0.000000,1.000000,0.000000,0.000000
SklXvs0qt7,2019,Reject,unknown,0.000000,0.000000,1.000000,0.000000,0.000000
Skgge3R9FQ,2019,Reject,rejected,0.000000,1.000000,0.000000,1.000000,-1.000000
SkgiX2Aqtm,2019,Reject,unknown,0.000000,0.000000,1.000000,0.000000,-0.000000
SkgZNnR5tX,2019,Reject,unknown,0.000000,0.000000,1.000000,0.000000,0.000000
SklEEnC5tQ,2019,Accept (Poster),unknown,0.000000,0.000000,1.000000,0.000000,0.000000
SkguE30ct7,2019,Reject,unknown,0.000000,0.000000,1.000000,0.000000,0.000000
Skh4jRcKQ,2019,Accept (Poster),unknown,0.000000,0.000000,1.000000,0.000000,0.000000
SkgQBn0cF7,2019,Accept (Poster),accepted,1.000000,0.000000,0.000000,1.000000,1.000000
SkgzYiRqtX,2019,Reject,unknown,0.000000,0.000000,1.000000,0.000000,0.000000
SkfrvsA9FX,2019,Accept (Poster),unknown,0.000000,0.000000,1.000000,0.000000,0.000000
SkenUj0qYm,2019,Reject,unknown,0.000000,0.000000,1.000000,0.000000,-0.000000
SkgE8sRcK7,2019,Reject,unknown,0.000000,0.000000,1.000000,0.000000,0.000000
SkgVRiC9Km,2019,Reject,unknown,0.000000,0.000000,1.000000,0.000000,0.000000
SkelJnRqt7,2019,Reject,unknown,0.000000,0.000000,1.000000,0.000000,0.000000
SkghN205KQ,2019,Reject,unknown,0.000000,0.000000,1.000000,0.000000,0.000000
SkgkJn05YX,2019,Reject,unknown,0.000000,0.000000,1.000000,0.000000,-0.000000
SkfhIo0qtQ,2019,Reject,unknown,0.000000,0.000000,1.000000,0.000000,-0.000000
Skeke3C5Fm,2019,Accept (Poster),unknown,0.000000,0.000000,1.000000,0.000000,0.000000
SkgCV205tQ,2019,Reject,unknown,0.000000,0.000000,1.000000,0.000000,0.000000
SkeK3s0qKQ,2019,Accept (Poster),accepted,1.000000,0.000000,0.000000,1.000000,1.000000
Skf-oo0qt7,2019,Reject,unknown,0.000000,0.000000,1.000000,0.000000,0.000000
Ske6wiAcKQ,2019,Reject,unknown,0.000000,0.000000,1.000000,0.000000,0.000000
SkgToo0qFm,2019,Reject,unknown,0.000000,0.000000,1.000000,0.000000,0.000000
SkeVsiAcYm,2019,Accept (Poster),unknown,0.000000,0.000000,1.000000,0.000000,0.000000
SkfTIj0cKX,2019,Reject,rejected,0.000001,0.999999,0.000000,1.000000,-0.999998
SkVe3iA9Ym,2019,Reject,accepted,1.000000,0.000000,0.000000,1.000000,1.000000
SkgKzh0cY7,2019,Reject,unknown,0.000000,0.000000,1.000000,0.000000,0.000000
SkeQniAqK7,2019,Reject,unknown,0.000000,0.000000,1.000000,0.000000,0.000000
SkeXehR9t7,2019,Reject,unknown,0.000000,0.000000,1.000000,0.000000,0.000000
Ske1-209Y7,2019,Reject,unknown,0.000000,0.000000,1.000000,0.000000,0.000000
SkeJ6iR9Km,2019,Reject,unknown,0.000000,0.000000,1.000000,0.000000,0.000000
SkVhlh09tX,2019,Accept (Oral),accepted,1.000000,0.000000,0.000000,1.000000,0.999999
Ske25sC9FQ,2019,Reject,unknown,0.000000,0.000000,1.000000,0.000000,-0.000000
SkgEaj05t7,2019,Accept (Poster),unknown,0.000000,0.000000,1.000000,0.000000,0.000000
SkeZisA5t7,2019,Accept (Poster),unknown,0.000000,0.000000,1.000000,0.000000,0.000000
SkNSehA9FQ,2019,Reject,unknown,0.000000,0.000000,1.000000,0.000000,0.000000
SkfMWhAqYQ,2019,Accept (Poster),unknown,0.000000,0.000000,1.000000,0.000000,0.000000
SkMuPjRcKQ,2019,Accept (Poster),unknown,0.000000,0.000000,1.000000,0.000000,0.000000
SkGpW3C5KX,2019,Reject,unknown,0.000000,0.000000,1.000000,0.000000,0.000000
SkMx_iC9K7,2019,Reject,rejected,0.000000,1.000000,0.000000,1.000000,-1.000000
SkGQujR5FX,2019,Reject,accepted,1.000000,0.000000,0.000000,1.000000,1.000000
SkeL6sCqK7,2019,Reject,unknown,0.000000,0.000000,1.000000,0.000000,0.000000
SkE6PjC9KX,2019,Accept (Poster),accepted,1.000000,0.000000,0.000000,1.000000,1.000000
SkEqro0ctQ,2019,Accept (Poster),unknown,0.000000,0.000000,1.000000,0.000000,0.000000
Ske5r3AqK7,2019,Accept (Poster),unknown,0.000000,0.000000,1.000000,0.000000,0.000000
SkeRTsAcYm,2019,Accept (Poster),rejected,0.000000,1.000000,0.000000,1.000000,-1.000000
SkGH2oRcYX,2019,Reject,unknown,0.000000,0.000000,1.000000,0.000000,0.000000
SJzwvoCqF7,2019,Reject,unknown,0.000000,0.000000,1.000000,0.000000,0.000000
SkMwpiR9Y7,2019,Accept (Poster),unknown,0.000000,0.000000,0.999999,0.000000,0.000000
SJzSgnRcKX,2019,Accept (Poster),accepted,1.000000,0.000000,0.000000,1.000000,1.000000
Sk4jFoA9K7,2019,Accept (Poster),unknown,0.000000,0.000000,1.000000,0.000000,0.000000
SkVRTj0cYQ,2019,Reject,unknown,0.000000,0.000000,1.000000,0.000000,-0.000000
SJzvDjAcK7,2019,Reject,unknown,0.000000,0.000000,1.000000,0.000000,0.000000
SkGT6sRcFX,2019,Reject,unknown,0.000000,0.000000,1.000000,0.000000,0.000000
SJxzPsAqFQ,2019,Reject,unknown,0.000000,0.000000,1.000000,0.000000,0.000000
SkNSOjR9Y7,2019,Reject,unknown,0.000000,0.000000,1.000000,0.000000,0.000000
SkMQg3C5K7,2019,Accept (Poster),unknown,0.000000,0.000000,1.000000,0.000000,0.000000
SkGuG2R5tm,2019,Accept (Poster),unknown,0.000000,0.000000,1.000000,0.000000,0.000000
SJxsV2R5FQ,2019,Accept (Poster),unknown,0.000000,0.000000,1.000000,0.000000,0.000000
SJzR2iRcK7,2019,Accept (Poster),unknown,0.000000,0.000000,1.000000,0.000000,0.000000
SJz1x20cFQ,2019,Accept (Poster),unknown,0.000000,0.000000,1.000000,0.000000,0.000000
SJzuHiA9tQ,2019,Reject,unknown,0.000000,0.000000,1.000000,0.000000,0.000000
SJz6MnC5YQ,2019,Reject,unknown,0.000000,0.000000,1.000000,0.000000,0.000000
SJxu5iR9KQ,2019,Accept (Poster),unknown,0.000001,0.000000,0.999999,0.000001,0.000001
SJxfxnA9K7,2019,Reject,unknown,0.000000,0.000000,1.000000,0.000000,0.000000
SJxJtiRqt7,2019,Reject,unknown,0.000000,0.000000,1.000000,0.000000,-0.000000
SJxTroR9F7,2019,Accept (Poster),unknown,0.000000,0.000000,1.000000,0.000000,0.000000
SkMON20ctX,2019,Reject,unknown,0.000000,0.000000,1.000000,0.000000,0.000000
SkEYojRqtm,2019,Accept (Poster),unknown,0.000000,0.000000,1.000000,0.000000,0.000000
SJx94o0qYX,2019,Reject,unknown,0.000000,0.000000,1.000000,0.000000,0.000000
SJlgOjAqYQ,2019,Reject,rejected,0.000000,1.000000,0.000000,1.000000,-1.000000
SJlt6oA9Fm,2019,Reject,unknown,0.000000,0.000000,1.000000,0.000000,0.000000
SJl2niR9KQ,2019,Accept (Poster),accepted,1.000000,0.000000,0.000000,1.000000,1.000000
SJlh2jR9FX,2019,Reject,unknown,0.000000,0.000000,1.000000,0.000000,0.000000
SJxFN3RcFX,2019,Reject,unknown,0.000000,0.000000,1.000000,0.000000,0.000000
SJl98sR5tX,2019,Reject,unknown,0.000000,0.000000,1.000000,0.000000,0.000000
SJldZ2RqFX,2019,Reject,unknown,0.000000,0.000000,1.000000,0.000000,-0.000000
SJgw_sRqFQ,2019,Accept (Poster),accepted,1.000000,0.000000,0.000000,1.000000,1.000000
SJx5kn0cK7,2019,Reject,unknown,0.000000,0.000000,1.000000,0.000000,-0.000000
SJx63jRqFm,2019,Accept (Poster),unknown,0.000000,0.000000,1.000000,0.000000,0.000000
SJl2ps0qKQ,2019,Reject,unknown,0.000000,0.000000,1.000000,0.000000,0.000000
SJl8gnAqtX,2019,Reject,unknown,0.000000,0.000000,1.000000,0.000000,-0.000000
SJgs1n05YQ,2019,Reject,unknown,0.000000,0.000000,1.000000,0.000000,0.000000
SJfPFjA9Fm,2019,Accept (Poster),accepted,1.000000,0.000000,0.000000,1.000000,1.000000
SJgsCjCqt7,2019,Accept (Poster),unknown,0.000000,0.000000,1.000000,0.000000,0.000000
SJfb5jCqKm,2019,Accept (Poster),unknown,0.000000,0.000000,1.000000,0.000000,0.000000
SJfFTjA5KQ,2019,Reject,unknown,0.000000,0.000000,1.000000,0.000000,-0.000000
SJg6nj09F7,2019,Reject,unknown,0.000000,0.000000,1.000000,0.000000,-0.000000
SJlpM3RqKQ,2019,Reject,unknown,0.000000,0.000000,1.000000,0.000000,0.000000
SJl8J30qFX,2019,Reject,unknown,0.000000,0.000000,1.000000,0.000000,0.000000
SJl7DsR5YQ,2019,Reject,unknown,0.000000,0.000000,1.000000,0.000000,0.000000
SJgNwi09Km,2019,Accept (Poster),unknown,0.000000,0.000000,1.000000,0.000000,0.000000
SJfHg2A5tQ,2019,Reject,unknown,0.000000,0.000000,1.000000,0.000000,0.000000
SJf6BhAqK7,2019,Reject,unknown,0.000000,0.000000,1.000000,0.000000,0.000000
SJgTps0qtQ,2019,Reject,unknown,0.000000,0.000000,1.000000,0.000000,0.000000
SJg013C5KX,2019,Reject,unknown,0.000000,0.000000,1.000000,0.000000,0.000000
SJerEhR5Km,2019,Reject,unknown,0.000000,0.000000,1.000000,0.000000,0.000000
SJg7IsC5KQ,2019,Reject,unknown,0.000000,0.000000,1.000000,0.000000,0.000000
SJeUAj05tQ,2019,Reject,unknown,0.000000,0.000000,1.000000,0.000000,-0.000000
SJfZKiC5FX,2019,Accept (Poster),unknown,0.000000,0.000000,1.000000,0.000000,0.000000
SJe2so0qF7,2019,Reject,unknown,0.000000,0.000000,1.000000,0.000000,0.000000
SJe9rh0cFX,2019,Accept (Poster),unknown,0.000000,0.000000,1.000000,0.000000,0.000000
SJgEl3A5tm,2019,Accept (Poster),unknown,0.000000,0.000000,1.000000,0.000000,-0.000000
SJeFNoRcFQ,2019,Reject,unknown,0.000000,0.000000,1.000000,0.000000,-0.000000
SJNceh0cFX,2019,Reject,unknown,0.000000,0.000000,1.000000,0.000000,-0.000000
SJf_XhCqKm,2019,Reject,unknown,0.000000,0.000000,1.000000,0.000000,0.000000
SJVmjjR9FX,2019,Accept (Poster),unknown,0.000000,0.000000,1.000000,0.000000,0.000000
SJekyhCctQ,2019,Reject,unknown,0.000000,0.000000,1.000000,0.000000,-0.000000
SJLhxnRqFQ,2019,Reject,accepted,1.000000,0.000000,0.000000,1.000000,1.000000
SJMBM2RqKQ,2019,Reject,unknown,0.000000,0.000000,1.000000,0.000000,0.000000
SJMeTo09YQ,2019,Reject,unknown,0.000000,0.000000,1.000000,0.000000,0.000000
SJeT_oRcY7,2019,Reject,unknown,0.000000,0.000000,1.000000,0.000000,0.000000
SJNRHiAcYX,2019,Reject,unknown,0.000000,0.000000,1.000000,0.000000,0.000000
SJGvns0qK7,2019,Accept (Poster),unknown,0.000000,0.000000,1.000000,0.000000,0.000000
S1zk9iRqF7,2019,Accept (Poster),accepted,0.999999,0.000000,0.000000,1.000000,0.999999
SJMnG2C9YX,2019,Reject,unknown,0.000000,0.000000,1.000000,0.000000,0.000000
SJe3HiC5KX,2019,Accept (Poster),unknown,0.000000,0.000000,1.000000,0.000000,0.000000
SJMO2iCct7,2019,Reject,unknown,0.000000,0.000000,1.000000,0.000000,0.000000
SJG6G2RqtX,2019,Accept (Poster),unknown,0.000000,0.000000,1.000000,0.000000,0.000000
SJGyFiRqK7,2019,Reject,unknown,0.000000,0.000000,1.000000,0.000000,0.000000
SJ4Z72Rctm,2019,Reject,unknown,0.000000,0.000000,1.000000,0.000000,0.000000
S1zz2i0cY7,2019,Accept (Poster),unknown,0.000000,0.000000,1.000000,0.000000,0.000000
SJ4vTjRqtQ,2019,Reject,unknown,0.000000,0.000000,1.000000,0.000000,0.000000
S1xtAjR5tX,2019,Accept (Poster),unknown,0.000000,0.000000,1.000000,0.000000,0.000000
SJG1wjRqFQ,2019,Reject,unknown,0.000000,0.000000,1.000000,0.000000,0.000000
SJMZRsC9Y7,2019,Reject,unknown,0.000000,0.000000,1.000000,0.000000,-0.000000
S1z9ehAqYX,2019,Reject,unknown,0.000000,0.000000,1.000000,0.000000,0.000000
S1xoy3CcYX,2019,Reject,accepted,0.999999,0.000000,0.000000,1.000000,0.999999
S1xzyhR9Y7,2019,Reject,unknown,0.000000,0.000000,1.000000,0.000000,0.000000
S1xiOjC9F7,2019,Reject,accepted,1.000000,0.000000,0.000000,1.000000,1.000000
S1lqMn05Ym,2019,Accept (Poster),unknown,0.000000,0.000000,1.000000,0.000000,-0.000000
S1xLN3C9YX,2019,Accept (Poster),unknown,0.000000,0.000000,1.000000,0.000000,-0.000000
S1xLZ2R5KQ,2019,Reject,unknown,0.000000,0.000000,1.000000,0.000000,0.000000
S1xjdoC9Fm,2019,Reject,unknown,0.000000,0.000000,1.000000,0.000000,0.000000
S1xNEhR9KX,2019,Accept (Poster),unknown,0.000000,0.000000,1.000000,0.000000,0.000000
S1xcx3C5FX,2019,Accept (Poster),unknown,0.000000,0.000000,1.000000,0.000000,0.000000
S1zlmnA5K7,2019,Reject,unknown,0.000000,0.000000,1.000000,0.000000,0.000000
S1lvm305YQ,2019,Accept (Poster),unknown,0.000000,0.000000,1.000000,0.000000,0.000000
S1x4ghC9tQ,2019,Accept (Oral),unknown,0.000000,0.000000,1.000000,0.000000,0.000000
S1lhbnRqF7,2019,Accept (Poster),unknown,0.000000,0.000000,1.000000,0.000000,0.000000
S1lwRjR9YX,2019,Reject,unknown,0.000000,0.000000,1.000000,0.000000,0.000000
S1x2Fj0qKQ,2019,Accept (Poster),rejected,0.000000,1.000000,0.000000,1.000000,-1.000000
S1lVniC5Y7,2019,Reject,unknown,0.000000,0.000000,1.000000,0.000000,0.000000
S1x2aiRqFX,2019,Reject,unknown,0.000000,0.000000,1.000000,0.000000,0.000000
S1llBiR5YX,2019,Reject,unknown,0.000000,0.000000,1.000000,0.000000,0.000000
S1lg0jAcYm,2019,Accept (Poster),unknown,0.000000,0.000000,1.000000,0.000000,0.000000
S1x8WnA5Ym,2019,Reject,unknown,0.000000,0.000000,1.000000,0.000000,0.000000
S1lPShAqFm,2019,Reject,unknown,0.000000,0.000000,1.000000,0.000000,-0.000000
S1xq3oR5tQ,2019,Accept (Oral),unknown,0.000000,0.000000,1.000000,0.000000,0.000000
S1lTg3RqYQ,2019,Accept (Poster),unknown,0.000000,0.000000,1.000000,0.000000,0.000000
S1xBioR5KX,2019,Reject,unknown,0.000000,0.000000,1.000000,0.000000,0.000000
S1lTg3RcFm,2019,Reject,unknown,0.000000,0.000000,1.000000,0.000000,0.000000
S1lTEh09FQ,2019,Accept (Poster),unknown,0.000000,0.000000,1.000000,0.000000,0.000000
S1gd7nCcF7,2019,Reject,unknown,0.000000,0.000000,1.000000,0.000000,0.000000
S1gOpsCctm,2019,Accept (Poster),accepted,1.000000,0.000000,0.000000,1.000000,1.000000
S1gQ5sRcFm,2019,Reject,unknown,0.000000,0.000000,1.000000,0.000000,-0.000000
S1lKSjRcY7,2019,Reject,unknown,0.000000,0.000000,1.000000,0.000000,0.000000
S1gUsoR9YX,2019,Accept (Poster),unknown,0.000000,0.000000,1.000000,0.000000,0.000000
S1giVsRcYm,2019,Reject,accepted,1.000000,0.000000,0.000000,1.000000,1.000000
S1lIMn05F7,2019,Accept (Poster),unknown,0.000000,0.000000,1.000000,0.000000,0.000000
S1g_EsActm,2019,Reject,unknown,0.000000,0.000000,1.000000,0.000000,0.000000
S1lDV3RcKm,2019,Accept (Poster),unknown,0.000000,0.000000,1.000000,0.000000,0.000000
S1grRoR9tQ,2019,Reject,unknown,0.000000,0.000000,1.000000,0.000000,0.000000
S1g2JnRcFX,2019,Accept (Poster),accepted,1.000000,0.000000,0.000000,1.000000,1.000000
S1gARiAcFm,2019,Reject,unknown,0.000000,0.000000,1.000000,0.000000,0.000000
S1gBgnR9Y7,2019,Reject,unknown,0.000000,0.000000,1.000000,0.000000,0.000000
S1erHoR5t7,2019,Accept (Poster),accepted,1.000000,0.000000,0.000000,1.000000,1.000000
S1fcnoR9K7,2019,Reject,unknown,0.000000,0.000000,1.000000,0.000000,0.000000
S1gDCiCqtQ,2019,Reject,unknown,0.000000,0.000000,1.000000,0.000000,0.000000
S1g9N2A5FX,2019,Reject,unknown,0.000000,0.000000,1.000000,0.000000,-0.000000
S1eYHoC5FX,2019,Accept (Poster),accepted,1.000000,0.000000,0.000000,1.000000,1.000000
S1gUVjCqKm,2019,Reject,unknown,0.000000,0.000000,1.000000,0.000000,-0.000000
S1ej8o05tm,2019,Reject,unknown,0.000000,0.000000,1.000000,0.000000,0.000000
S1geJhC9Km,2019,Reject,unknown,0.000000,0.000000,1.000000,0.000000,0.000000
S1e_ssC5F7,2019,Reject,unknown,0.000000,0.000000,1.000000,0.000000,0.000000
S1fDssA5Y7,2019,Reject,unknown,0.000000,0.000000,1.000000,0.000000,0.000000
S1fUpoR5FQ,2019,Accept (Poster),unknown,0.000000,0.000000,1.000000,0.000000,0.000000
S1eVe2AqKX,2019,Reject,unknown,0.000000,0.000000,1.000000,0.000000,0.000000
S1e_H3AqYQ,2019,Reject,unknown,0.000000,0.000000,1.000000,0.000000,0.000000
S1ecm2C9K7,2019,Accept (Poster),unknown,0.000000,0.000000,1.000000,0.000000,0.000000
S1eEmn05tQ,2019,Reject,unknown,0.000000,0.000000,1.000000,0.000000,0.000000
S1ey2sRcYQ,2019,Reject,unknown,0.000000,0.000000,1.000000,0.000000,0.000000
S1fQSiCcYm,2019,Accept (Poster),unknown,0.000000,0.000000,1.000000,0.000000,0.000000
S1eEdj0cK7,2019,Reject,unknown,0.000000,0.000000,1.000000,0.000000,0.000000
S1eX-nA5KX,2019,Reject,unknown,0.000000,0.000000,1.000000,0.000000,-0.000000
S1en0sRqKm,2019,Reject,unknown,0.000000,0.000000,1.000000,0.000000,0.000000
S1eFtj0cKQ,2019,Reject,unknown,0.000000,0.000000,1.000000,0.000000,0.000000
S1giro05t7,2019,Reject,unknown,0.000000,0.000000,1.000000,0.000000,0.000000
S1gBz2C9tX,2019,Reject,unknown,0.000000,0.000000,1.000000,0.000000,0.000000
S1g2V3Cct7,2019,Reject,unknown,0.000000,0.000000,1.000000,0.000000,0.000000
S1eBzhRqK7,2019,Reject,unknown,0.000000,0.000000,1.000000,0.000000,0.000000
S1M6Z2Cctm,2019,Accept (Poster),unknown,0.000000,0.000000,1.000000,0.000000,0.000000
S1MeM2RcFm,2019,Reject,accepted,0.999992,0.000001,0.000007,0.999993,0.999992
HyzdRiR9Y7,2019,Accept (Poster),accepted,1.000000,0.000000,0.000000,1.000000,1.000000
S1eK3i09YQ,2019,Accept (Poster),unknown,0.000000,0.000000,1.000000,0.000000,0.000000
S1MQ6jCcK7,2019,Reject,unknown,0.000000,0.000000,1.000000,0.000000,0.000000
S1VWjiRcKX,2019,Accept (Poster),unknown,0.000000,0.000000,1.000000,0.000000,-0.000000
S1MB-3RcF7,2019,Reject,unknown,0.000000,0.000000,1.000000,0.000000,0.000000
S1G_cj05YQ,2019,Reject,unknown,0.000000,0.000000,1.000000,0.000000,0.000000
S14g5s09tm,2019,Reject,unknown,0.000000,0.000000,1.000000,0.000000,0.000000
S14h9sCqYm,2019,Reject,unknown,0.000000,0.000000,1.000000,0.000000,0.000000
HyztsoC5Y7,2019,Accept (Poster),unknown,0.000000,0.000000,1.000000,0.000000,0.000000
S1GcHsAqtm,2019,Reject,unknown,0.000000,0.000000,1.000000,0.000000,0.000000
Hyxsl2AqKm,2019,Reject,unknown,0.000000,0.000000,1.000000,0.000000,0.000000
S1E3Ko09F7,2019,Accept (Poster),unknown,0.000000,0.000000,1.000000,0.000000,0.000000
S1GkToR5tm,2019,Accept (Poster),unknown,0.000000,0.000000,1.000000,0.000000,-0.000000
HyxlHsActm,2019,Reject,unknown,0.000000,0.000000,1.000000,0.000000,0.000000
Hyxtso0qtX,2019,Reject,unknown,0.000000,0.000000,1.000000,0.000000,0.000000
Hyxu6oAqYX,2019,Reject,unknown,0.000000,0.000000,1.000000,0.000000,0.000000
HyxUIj09KX,2019,Reject,unknown,0.000000,0.000000,1.000000,0.000000,-0.000000
HyxhusA9Fm,2019,Reject,unknown,0.000000,0.000000,1.000000,0.000000,0.000000
S1EHOsC9tX,2019,Accept (Poster),unknown,0.000000,0.000000,1.000000,0.000000,-0.000000
HyxGB2AcY7,2019,Accept (Poster),unknown,0.000000,0.000000,1.000000,0.000000,-0.000000
HyzMyhCcK7,2019,Accept (Poster),unknown,0.000000,0.000000,1.000000,0.000000,0.000000
S1E64jC5tm,2019,Reject,unknown,0.000000,0.000000,1.000000,0.000000,0.000000
HyxSBh09t7,2019,Reject,unknown,0.000000,0.000000,1.000000,0.000000,0.000000
HyxCxhRcY7,2019,Accept (Poster),accepted,1.000000,0.000000,0.000000,1.000000,1.000000
HylVB3AqYm,2019,Accept (Poster),accepted,1.000000,0.000000,0.000000,1.000000,1.000000
HylzTiC5Km,2019,Accept (Oral),unknown,0.000000,0.000000,1.000000,0.000000,-0.000000
HylTBhA5tQ,2019,Accept (Poster),accepted,0.999997,0.000002,0.000001,0.999999,0.999995
HyxOIoRqFQ,2019,Reject,unknown,0.000000,0.000000,1.000000,0.000000,0.000000
Hylnis0qKX,2019,Reject,unknown,0.000000,0.000000,1.000000,0.000000,-0.000000
S1eB3sRqtm,2019,Reject,unknown,0.000000,0.000000,1.000000,0.000000,0.000000
HylsgnCcFQ,2019,Reject,unknown,0.000000,0.000000,1.000000,0.000000,0.000000
HylSk205YQ,2019,Reject,unknown,0.000000,0.000000,1.000000,0.000000,0.000000
Hyx6Bi0qYm,2019,Accept (Poster),unknown,0.000000,0.000000,1.000000,0.000000,0.000000
HyxKIiAqYQ,2019,Accept (Poster),accepted,1.000000,0.000000,0.000000,1.000000,1.000000
HyxPx3R9tm,2019,Accept (Poster),unknown,0.000000,0.000000,1.000000,0.000000,0.000000
S1eOHo09KX,2019,Accept (Poster),unknown,0.000000,0.000000,1.000000,0.000000,0.000000
HylRk2A5FQ,2019,Reject,unknown,0.000000,0.000000,1.000000,0.000000,-0.000000
HyleYiC9FX,2019,Reject,unknown,0.000000,0.000000,1.000000,0.000000,0.000000
Hyls7h05FQ,2019,Reject,unknown,0.000000,0.000000,1.000000,0.000000,0.000000
HylKJhCcKm,2019,Reject,unknown,0.000000,0.000000,1.000000,0.000000,-0.000000
HylJtiRqYQ,2019,Reject,unknown,0.000000,0.000000,1.000000,0.000000,0.000000
HygqJnCqtm,2019,Reject,unknown,0.000000,0.000000,1.000000,0.000000,-0.000000
Hyghb2Rct7,2019,Reject,accepted,1.000000,0.000000,0.000000,1.000000,1.000000
Hygxb2CqKm,2019,Accept (Poster),unknown,0.000000,0.000000,1.000000,0.000000,0.000000
Hygvln09K7,2019,Reject,unknown,0.000000,0.000000,1.000000,0.000000,0.000000
HyxAfnA5tm,2019,Accept (Poster),unknown,0.000000,0.000000,1.000000,0.000000,0.000000
Hyl_vjC5KQ,2019,Accept (Poster),unknown,0.000000,0.000000,1.000000,0.000000,0.000000
HygjqjR9Km,2019,Accept (Poster),unknown,0.000000,0.000000,1.000000,0.000000,0.000000
HygcvsAcFX,2019,Reject,unknown,0.000000,0.000000,1.000000,0.000000,0.000000
HygsfnR9Ym,2019,Accept (Poster),unknown,0.000000,0.000000,1.000000,0.000000,0.000000
HylDpoActX,2019,Reject,unknown,0.000000,0.000000,1.000000,0.000000,0.000000
Hygv0sC5F7,2019,Reject,accepted,0.999999,0.000000,0.000001,0.999999,0.999999
Hygm8jC9FQ,2019,Reject,accepted,0.999999,0.000000,0.000001,0.999999,0.999999
Hygp1nR9FQ,2019,Reject,unknown,0.000000,0.000000,1.000000,0.000000,0.000000
HygBZnRctX,2019,Accept (Oral),unknown,0.000000,0.000000,1.000000,0.000000,0.000000
HygTE309t7,2019,Reject,unknown,0.000000,0.000000,1.000000,0.000000,0.000000
HygT9oRqFX,2019,Reject,rejected,0.000000,1.000000,0.000000,1.000000,-1.000000
HygUOoC5KX,2019,Reject,unknown,0.000000,0.000000,1.000000,0.000000,-0.000000
Hyg74h05tX,2019,Reject,accepted,1.000000,0.000000,0.000000,1.000000,1.000000
HygQBn0cYm,2019,Accept (Poster),unknown,0.000000,0.000000,1.000000,0.000000,0.000000
HyfyN30qt7,2019,Reject,accepted,1.000000,0.000000,0.000000,1.000000,1.000000
S1gWz2CcKX,2019,Reject,unknown,0.000000,0.000000,1.000000,0.000000,0.000000
HygQro05KX,2019,Reject,unknown,0.000000,0.000000,1.000000,0.000000,0.000000
HygYqs0qKX,2019,Reject,unknown,0.000000,0.000000,1.000000,0.000000,0.000000
Hyfg5o0qtm,2019,Reject,unknown,0.000000,0.000000,1.000000,0.000000,0.000000
HyesW2C9YQ,2019,Reject,accepted,1.000000,0.000000,0.000000,1.000000,1.000000
Hyffti0ctQ,2019,Reject,unknown,0.000000,0.000000,1.000000,0.000000,0.000000
Hyg1Ls0cKQ,2019,Reject,unknown,0.000000,0.000000,1.000000,0.000000,0.000000
HyePrhR5KX,2019,Accept (Poster),accepted,1.000000,0.000000,0.000000,1.000000,1.000000
HyefgnCqFm,2019,Reject,unknown,0.000000,0.000000,1.000000,0.000000,0.000000
HyeVtoRqtQ,2019,Accept (Poster),unknown,0.000000,0.000000,1.000000,0.000000,0.000000
HygS7n0cFQ,2019,Reject,unknown,0.000000,0.000000,1.000000,0.000000,0.000000
HyeGBj09Fm,2019,Accept (Poster),unknown,0.000000,0.000000,1.000000,0.000000,0.000000
Hyg_X2C5FX,2019,Accept (Poster),rejected,0.000000,0.999999,0.000000,1.000000,-0.999999
Hyfn2jCcKm,2019,Accept (Poster),unknown,0.000000,0.000000,1.000000,0.000000,0.000000
HyeU1hRcFX,2019,Reject,unknown,0.000000,0.000000,1.000000,0.000000,-0.000000
Hye64hA9tm,2019,Reject,unknown,0.000000,0.000000,1.000000,0.000000,0.000000
Hylyui09tm,2019,Reject,unknown,0.000000,0.000000,1.000000,0.000000,-0.000000
Hyg1G2AqtQ,2019,Accept (Poster),unknown,0.000000,0.000000,1.000000,0.000000,0.000000
HyevnsCqtQ,2019,Reject,unknown,0.000000,0.000000,1.000000,0.000000,0.000000
Hygn2o0qKX,2019,Accept (Poster),unknown,0.000000,0.000000,1.000000,0.000000,0.000000
HyeFAsRctQ,2019,Accept (Poster),unknown,0.000000,0.000000,1.000000,0.000000,0.000000
HyexAiA5Fm,2019,Accept (Poster),unknown,0.000000,0.000000,1.000000,0.000000,0.000000
Hye6uoC9tm,2019,Reject,unknown,0.000000,0.000000,1.000000,0.000000,0.000000
Hye-LiR5Y7,2019,Reject,unknown,0.000000,0.000000,1.000000,0.000000,-0.000000
HyeS73ActX,2019,Reject,unknown,0.000000,0.000000,1.000000,0.000000,0.000000
HyVxPsC9tm,2019,Reject,unknown,0.000000,0.000000,1.000000,0.000000,-0.000000
HyNbtiR9YX,2019,Reject,unknown,0.000000,0.000000,1.000000,0.000000,-0.000000
HyNA5iRcFQ,2019,Accept (Poster),unknown,0.000000,0.000000,1.000000,0.000000,0.000000
HyMnYiR9Y7,2019,Reject,unknown,0.000000,0.000000,1.000000,0.000000,0.000000
Hyewf3AqYX,2019,Reject,unknown,0.000000,0.000000,1.000000,0.000000,0.000000
HyN-M2Rctm,2019,Accept (Poster),unknown,0.000000,0.000000,1.000000,0.000000,0.000000
HyMxAi05Km,2019,Reject,unknown,0.000000,0.000000,1.000000,0.000000,0.000000
HyMRaoAqKX,2019,Reject,accepted,1.000000,0.000000,0.000000,1.000000,1.000000
HyNmRiCqtm,2019,Reject,unknown,0.000000,0.000000,1.000000,0.000000,-0.000000
HyMRUiC9YX,2019,Reject,accepted,1.000000,0.000000,0.000000,1.000000,1.000000
HyMuaiAqY7,2019,Reject,unknown,0.000000,0.000000,1.000000,0.000000,0.000000
HyGcghRct7,2019,Accept (Poster),unknown,0.000000,0.000000,1.000000,0.000000,0.000000
HyGEM3C9KQ,2019,Accept (Poster),accepted,0.999998,0.000001,0.000002,0.999998,0.999997
HyGhN2A5tm,2019,Accept (Poster),unknown,0.000000,0.000000,1.000000,0.000000,0.000000
Hye9lnCct7,2019,Accept (Poster),unknown,0.000000,0.000000,1.000000,0.000000,0.000000
HyGLy2RqtQ,2019,Reject,unknown,0.000000,0.000000,1.000000,0.000000,0.000000
HyGh4sR9YQ,2019,Reject,accepted,1.000000,0.000000,0.000000,1.000000,1.000000
HyM8V2A9Km,2019,Reject,unknown,0.000000,0.000000,1.000000,0.000000,0.000000
HyG1_j0cYQ,2019,Reject,accepted,1.000000,0.000000,0.000000,1.000000,0.999999
HyGySsAct7,2019,Reject,unknown,0.000000,0.000000,1.000000,0.000000,0.000000
HkzRQhR9YX,2019,Accept (Poster),accepted,1.000000,0.000000,0.000000,1.000000,1.000000
Hy4R2oRqKQ,2019,Reject,unknown,0.000000,0.000000,1.000000,0.000000,0.000000
HkzyX3CcFQ,2019,Reject,unknown,0.000000,0.000000,1.000000,0.000000,0.000000
HyMS8iRcK7,2019,Reject,unknown,0.000000,0.000000,1.000000,0.000000,-0.000000
HyGDdsCcFQ,2019,Reject,unknown,0.000000,0.000000,1.000000,0.000000,0.000000
HkzSQhCcK7,2019,Accept (Poster),unknown,0.000000,0.000000,1.000000,0.000000,0.000000
HyEl3o05Fm,2019,Reject,unknown,0.000000,0.000000,1.000000,0.000000,0.000000
HkzNXhC9KQ,2019,Reject,unknown,0.000000,0.000000,1.000000,0.000000,-0.000000
HyGIdiRqtm,2019,Accept (Poster),unknown,0.000000,0.000000,1.000000,0.000000,0.000000
HyEtjoCqFX,2019,Accept (Poster),unknown,0.000000,0.000000,1.000000,0.000000,0.000000
Hkxx3o0qFX,2019,Reject,unknown,0.000000,0.000000,1.000000,0.000000,-0.000000
HkxKH2AcFm,2019,Accept (Poster),accepted,1.000000,0.000000,0.000000,1.000000,1.000000
HkxWrsC5FQ,2019,Reject,unknown,0.000000,0.000000,1.000000,0.000000,-0.000000
HkzOWnActX,2019,Reject,unknown,0.000000,0.000000,1.000000,0.000000,0.000000
HkxLXnAcFQ,2019,Accept (Poster),accepted,1.000000,0.000000,0.000000,1.000000,1.000000
Hkx-ii05FQ,2019,Reject,unknown,0.000000,0.000000,1.000000,0.000000,0.000000
Hkxarj09Y7,2019,Reject,unknown,0.000000,0.000000,1.000000,0.000000,0.000000
HkxCEhAqtQ,2019,Reject,unknown,0.000000,0.000000,1.000000,0.000000,0.000000
HkzZBi0cFQ,2019,Reject,unknown,0.000000,0.000000,1.000000,0.000000,0.000000
HkxMG209K7,2019,Reject,unknown,0.000000,0.000000,1.000000,0.000000,-0.000000
Hklc6oAcFX,2019,Reject,unknown,0.000000,0.000000,1.000000,0.000000,0.000000
HkxOoiAcYX,2019,Reject,unknown,0.000000,0.000000,1.000000,0.000000,0.000000
Hkxr1nCcFm,2019,Reject,unknown,0.000000,0.000000,1.000000,0.000000,0.000000
HklY120cYm,2019,Accept (Poster),accepted,0.999998,0.000000,0.000002,0.999998,0.999998
HkxCenR5F7,2019,Reject,unknown,0.000000,0.000000,1.000000,0.000000,0.000000
Hklgis0cF7,2019,Reject,unknown,0.000000,0.000000,1.000000,0.000000,-0.000000
HkxStoC5F7,2019,Accept (Poster),unknown,0.000000,0.000000,1.000000,0.000000,0.000000
HklyMhCqYQ,2019,Reject,unknown,0.000000,0.000000,1.000000,0.000000,0.000000
HklKui0ct7,2019,Accept (Poster),unknown,0.000000,0.000000,1.000000,0.000000,0.000000
HkxAisC9FQ,2019,Reject,unknown,0.000000,0.000000,1.000000,0.000000,0.000000
HkljioCcFQ,2019,Accept (Poster),unknown,0.000000,0.000000,1.000000,0.000000,0.000000
Hkgnii09Ym,2019,Reject,accepted,1.000000,0.000000,0.000000,1.000000,1.000000
HygtHnR5tQ,2019,Reject,unknown,0.000000,1.000000,0.000000,1.000000,-1.000000
HklVMnR5tQ,2019,Reject,unknown,0.000000,0.000000,1.000000,0.000000,0.000000
HklKWhC5F7,2019,Reject,unknown,0.000000,0.000000,1.000000,0.000000,0.000000
HklAhi09Y7,2019,Reject,unknown,0.000000,0.000000,1.000000,0.000000,-0.000000
HklSf3CqKm,2019,Accept (Poster),unknown,0.000000,0.000000,1.000000,0.000000,0.000000
HklbTjRcKX,2019,Reject,unknown,0.000000,0.000000,1.000000,0.000000,0.000000
HklVTi09tm,2019,Reject,unknown,0.000000,0.000000,1.000000,0.000000,0.000000
HklQxnC5tX,2019,Reject,unknown,0.000000,0.000000,1.000000,0.000000,0.000000
HklnzhR9YQ,2019,Reject,unknown,0.000000,0.000000,1.000000,0.000000,-0.000000
HkgqFiAcFm,2019,Accept (Poster),unknown,0.000000,0.000000,1.000000,0.000000,0.000000
HkgEQnRqYQ,2019,Accept (Poster),accepted,1.000000,0.000000,0.000000,1.000000,1.000000
HkgmzhC5F7,2019,Reject,unknown,0.000000,0.000000,1.000000,0.000000,0.000000
HkgSk2A9Y7,2019,Reject,accepted,1.000000,0.000000,0.000000,1.000000,1.000000
HkgnpiR9Y7,2019,Reject,unknown,0.000000,0.000000,1.000000,0.000000,-0.000000
Hkl5aoR5tm,2019,Accept (Poster),unknown,0.000000,0.000000,1.000000,0.000000,0.000000
Hkg313AcFX,2019,Reject,accepted,1.000000,0.000000,0.000000,1.000000,1.000000
HkgYmhR9KX,2019,Accept (Poster),unknown,0.000000,0.000000,1.000000,0.000000,-0.000000
HkghV209tm,2019,Reject,unknown,0.000000,0.000000,1.000000,0.000000,0.000000
HkgxasA5Ym,2019,Reject,unknown,0.000000,0.000000,1.000000,0.000000,0.000000
Hkf2_sC5FX,2019,Accept (Poster),accepted,1.000000,0.000000,0.000000,1.000000,1.000000
HklJV3A9Ym,2019,Reject,unknown,0.000000,0.000000,1.000000,0.000000,0.000000
HkgTkhRcKQ,2019,Accept (Poster),unknown,0.000000,0.000000,1.000000,0.000000,0.000000
HkezfhA5Y7,2019,Reject,accepted,1.000000,0.000000,0.000000,1.000000,1.000000
Hkl84iCcFm,2019,Reject,unknown,0.000000,0.000000,1.000000,0.000000,0.000000
HkfYOoCcYX,2019,Accept (Poster),unknown,0.000000,0.000000,1.000000,0.000000,0.000000
HkgHk3RctX,2019,Reject,rejected,0.000000,1.000000,0.000000,1.000000,-1.000000
HketHo0qFm,2019,Reject,unknown,0.000000,0.000000,1.000000,0.000000,0.000000
Hkesr205t7,2019,Reject,unknown,0.000000,0.000000,1.000000,0.000000,0.000000
HkeWSnR5Y7,2019,Reject,accepted,1.000000,0.000000,0.000000,1.000000,1.000000
Hkemdj09YQ,2019,Reject,accepted,1.000000,0.000000,0.000000,1.000000,1.000000
Hkg1csA5Y7,2019,Reject,unknown,0.000000,0.000000,1.000000,0.000000,0.000000
HkeILsRqFQ,2019,Reject,unknown,0.000000,0.000000,1.000000,0.000000,0.000000
Hkes0iR9KX,2019,Reject,unknown,0.000000,0.000000,1.000000,0.000000,0.000000
Hke20iA9Y7,2019,Accept (Poster),unknown,0.000000,0.000000,1.000000,0.000000,-0.000000
HkeKVh05Fm,2019,Reject,unknown,0.000000,0.000000,1.000000,0.000000,0.000000
Hke4l2AcKQ,2019,Accept (Poster),unknown,0.000000,0.000000,1.000000,0.000000,0.000000
Hke8Do0cF7,2019,Reject,unknown,0.000000,0.000000,1.000000,0.000000,0.000000
HkezXnA9YX,2019,Accept (Poster),unknown,0.000000,0.000000,1.000000,0.000000,0.000000
HkeoOo09YX,2019,Accept (Poster),unknown,0.000000,0.000000,1.000000,0.000000,0.000000
HkeyZhC9F7,2019,Reject,unknown,0.000000,0.000000,1.000000,0.000000,0.000000
HkNDsiC9KQ,2019,Accept (Oral),unknown,0.000000,0.000000,1.000000,0.000000,0.000000
Hkg1YiAcK7,2019,Reject,unknown,0.000000,0.000000,1.000000,0.000000,0.000000
HkeGhoA5FX,2019,Accept (Poster),unknown,0.000000,0.000000,1.000000,0.000000,0.000000
HkGSniC9FQ,2019,Reject,unknown,0.000000,0.000000,1.000000,0.000000,0.000000
HkGTwjCctm,2019,Reject,unknown,0.000000,0.000000,1.000000,0.000000,0.000000
HkGGfhC5Y7,2019,Reject,unknown,0.000000,0.000000,1.000000,0.000000,0.000000
HkGmDsR9YQ,2019,Reject,unknown,0.000000,0.000000,1.000000,0.000000,0.000000
HkGzUjR5tQ,2019,Reject,unknown,0.000000,0.000000,1.000000,0.000000,-0.000000
HkMlGnC9KQ,2019,Reject,unknown,0.000000,0.000000,1.000000,0.000000,0.000000
Hk4dFjR5K7,2019,Accept (Poster),unknown,0.000000,0.000000,1.000000,0.000000,0.000000
HkNGYjR9FX,2019,Accept (Poster),unknown,0.000000,0.000000,1.000000,0.000000,0.000000
Hke-JhA9Y7,2019,Accept (Poster),unknown,0.000000,0.000000,1.000000,0.000000,0.000000
HkGsHj05tQ,2019,Reject,unknown,0.000000,0.000000,1.000000,0.000000,-0.000000
HkMwHsCctm,2019,Reject,unknown,0.000000,0.000000,1.000000,0.000000,0.000000
HkfPSh05K7,2019,Accept (Poster),unknown,0.000000,0.000000,1.000000,0.000000,0.000000
HkG3e205K7,2019,Accept (Poster),unknown,0.000000,0.000000,1.000000,0.000000,0.000000
HJzLdjR9FX,2019,Reject,unknown,0.000000,0.000000,1.000000,0.000000,0.000000
HkfwpiA9KX,2019,Reject,unknown,0.000000,0.000000,1.000000,0.000000,0.000000
Hk41X2AqtQ,2019,Reject,unknown,0.000000,0.000000,1.000000,0.000000,0.000000
HJxB5sRcFQ,2019,Accept (Poster),accepted,1.000000,0.000000,0.000000,1.000000,1.000000
Hkg4W2AcFm,2019,Accept (Poster),unknown,0.000000,0.000000,1.000000,0.000000,0.000000
HJxfm2CqKm,2019,Reject,accepted,1.000000,0.000000,0.000000,1.000000,1.000000
HJxeWnCcF7,2019,Accept (Poster),unknown,0.000000,0.000000,1.000000,0.000000,0.000000
HJxdAoCcYX,2019,Reject,unknown,0.000000,0.000000,1.000000,0.000000,-0.000000
HJxqMhC5YQ,2019,Reject,unknown,0.000000,0.000000,1.000000,0.000000,0.000000
Hk4fpoA5Km,2019,Accept (Poster),unknown,0.000000,0.000000,1.000000,0.000000,0.000000
HJxXynC9t7,2019,Reject,unknown,0.000000,0.000000,1.000000,0.000000,0.000000
HJxyAjRcFX,2019,Accept (Poster),unknown,0.000000,0.000000,1.000000,0.000000,0.000000
HJlt7209Km,2019,Reject,unknown,0.000000,0.000000,1.000000,0.000000,0.000000
HJx9EhC9tQ,2019,Accept (Poster),unknown,0.000000,0.000000,1.000000,0.000000,0.000000
HJx7l309Fm,2019,Reject,unknown,0.000000,0.000000,1.000000,0.000000,0.000000
HJxFrs09YQ,2019,Reject,unknown,0.000000,0.000000,1.000000,0.000000,0.000000
HJxYwiC5tm,2019,Reject,rejected,0.000000,1.000000,0.000000,1.000000,-1.000000
HJx38iC5KX,2019,Reject,unknown,0.000000,0.000000,1.000000,0.000000,0.000000
HJx4KjRqYQ,2019,Reject,unknown,0.000000,0.000000,1.000000,0.000000,0.000000
HJx54i05tX,2019,Accept (Oral),accepted,1.000000,0.000000,0.000000,1.000000,1.000000
HJz6tiCqYm,2019,Accept (Poster),accepted,1.000000,0.000000,0.000000,1.000000,1.000000
HJxpDiC5tX,2019,Reject,unknown,0.000000,0.000000,1.000000,0.000000,0.000000
HJlYzhR9tm,2019,Reject,unknown,0.000000,0.000000,1.000000,0.000000,0.000000
HJlLKjR9FQ,2019,Accept (Poster),accepted,1.000000,0.000000,0.000000,1.000000,1.000000
HJlY0jA5F7,2019,Reject,unknown,0.000000,0.000000,1.000000,0.000000,0.000000
HJlfAo09KX,2019,Reject,unknown,0.000000,0.000000,1.000000,0.000000,0.000000
HJl1ujCct7,2019,Reject,unknown,0.000000,0.000000,1.000000,0.000000,0.000000
HJxwDiActX,2019,Accept (Poster),unknown,0.000000,0.000000,1.000000,0.000000,0.000000
HJlNpoA5YQ,2019,Accept (Poster),unknown,0.000000,0.000000,1.000000,0.000000,0.000000
HJl0jiRqtX,2019,Reject,unknown,0.000000,0.000000,1.000000,0.000000,-0.000000
HJlmhs05tm,2019,Reject,rejected,0.000000,1.000000,0.000000,1.000000,-1.000000
HJlQfnCqKX,2019,Accept (Poster),unknown,0.000000,0.000000,1.000000,0.000000,0.000000
HJlEUoR9Km,2019,Reject,unknown,0.000000,0.000000,1.000000,0.000000,0.000000
HJlWXhC5Km,2019,Reject,unknown,0.000000,0.000000,1.000000,0.000000,0.000000
HJgd1nAqFX,2019,Accept (Poster),accepted,0.999999,0.000000,0.000001,0.999999,0.999999
HJgZrsC5t7,2019,Reject,unknown,0.000000,0.000000,1.000000,0.000000,0.000000
HJldzhA5tQ,2019,Reject,unknown,0.000000,0.000000,1.000000,0.000000,0.000000
HJguLo0cKQ,2019,Reject,unknown,0.000000,0.000000,1.000000,0.000000,0.000000
HJgyAoRqFQ,2019,Reject,unknown,0.000000,0.000000,1.000000,0.000000,0.000000
HJl2Ns0qKX,2019,Reject,unknown,0.000000,0.000000,1.000000,0.000000,0.000000
HJfxbhR9KQ,2019,Reject,accepted,1.000000,0.000000,0.000000,1.000000,1.000000
HJxwAo09KQ,2019,Reject,unknown,0.000000,0.000000,1.000000,0.000000,-0.000000
HJgODj05KX,2019,Reject,unknown,0.000000,0.000000,1.000000,0.000000,-0.000000
HJlmHoR5tQ,2019,Accept (Poster),unknown,0.000000,0.000000,1.000000,0.000000,0.000000
HJgeEh09KQ,2019,Accept (Poster),unknown,0.000000,0.000000,1.000000,0.000000,0.000000
HJgVisRqtX,2019,Reject,unknown,0.000000,0.000000,1.000000,0.000000,0.000000
HJeu43ActQ,2019,Accept (Poster),accepted,1.000000,0.000000,0.000000,1.000000,1.000000
HJfSEnRqKQ,2019,Accept (Poster),unknown,0.000000,0.000000,1.000000,0.000000,0.000000
HJg3rjA5tQ,2019,Reject,unknown,0.000000,0.000000,1.000000,0.000000,0.000000
HJfQrs0qt7,2019,Reject,unknown,0.000000,0.000000,1.000000,0.000000,0.000000
HJgOl3AqY7,2019,Reject,unknown,0.000000,0.000000,1.000000,0.000000,0.000000
HJerDj05tQ,2019,Reject,unknown,0.000000,0.000000,1.000000,0.000000,0.000000
HJej6jR5Fm,2019,Reject,unknown,0.000000,0.000000,1.000000,0.000000,0.000000
HJepJh0qKX,2019,Reject,unknown,0.000000,0.000000,1.000000,0.000000,0.000000
HJglg2A9FX,2019,Reject,unknown,0.000000,0.000000,1.000000,0.000000,0.000000
HJej3s09Km,2019,Reject,unknown,0.000000,0.000000,1.000000,0.000000,0.000000
HJgXsjA5tQ,2019,Accept (Poster),unknown,0.000000,0.000000,1.000000,0.000000,0.000000
HJf9ZhC9FX,2019,Accept (Poster),unknown,0.000000,0.000000,1.000000,0.000000,0.000000
HJgTHnActQ,2019,Reject,unknown,0.000000,0.000000,1.000000,0.000000,0.000000
HJeRm3Aqt7,2019,Reject,unknown,0.000000,0.000000,1.000000,0.000000,0.000000
HJex0o05F7,2019,Reject,unknown,0.000000,0.000000,1.000000,0.000000,-0.000000
HJePRoAct7,2019,Reject,accepted,1.000000,0.000000,0.000000,1.000000,1.000000
HJei-2RcK7,2019,Reject,unknown,0.000000,0.000000,1.000000,0.000000,0.000000
HJePno0cYm,2019,Reject,accepted,1.000000,0.000000,0.000000,1.000000,1.000000
HJf7ts0cFm,2019,Reject,unknown,0.000000,0.000000,1.000000,0.000000,0.000000
HJeQToAqKQ,2019,Reject,unknown,0.000000,0.000000,1.000000,0.000000,-0.000000
HJeQbnA5tm,2019,Reject,unknown,0.000000,0.000000,1.000000,0.000000,0.000000
HJeRkh05Km,2019,Accept (Poster),unknown,0.000000,0.000000,1.000000,0.000000,0.000000
HJeOMhA5K7,2019,Reject,accepted,1.000000,0.000000,0.000000,1.000000,1.000000
HJedho0qFX,2019,Reject,unknown,0.000000,0.000000,1.000000,0.000000,0.000000
HJg6e2CcK7,2019,Reject,rejected,0.000000,1.000000,0.000000,1.000000,-1.000000
HJMghjA9YX,2019,Reject,unknown,0.000000,0.000000,1.000000,0.000000,0.000000
HJe62s09tX,2019,Accept (Poster),unknown,0.000000,0.000000,1.000000,0.000000,0.000000
HJeABnCqKQ,2019,Reject,unknown,0.000000,0.000000,1.000000,0.000000,0.000000
HJe3TsR5K7,2019,Reject,unknown,0.000000,0.000000,1.000000,0.000000,-0.000000
HJMRvsAcK7,2019,Reject,unknown,0.000000,0.000000,1.000000,0.000000,-0.000000
HJMCdsC5tX,2019,Reject,rejected,0.000000,0.999991,0.000009,0.999991,-0.999991
HJMjW3RqtX,2019,Reject,unknown,0.000000,0.000000,1.000000,0.000000,0.000000
HJNJws0cF7,2019,Reject,unknown,0.000000,0.000000,1.000000,0.000000,0.000000
HJeB0sC9Fm,2019,Reject,unknown,0.000000,0.000000,1.000000,0.000000,0.000000
HJflg30qKX,2019,Accept (Poster),unknown,0.000000,0.000000,1.000000,0.000000,0.000000
HJMsiiRctX,2019,Reject,unknown,0.000000,0.000000,1.000000,0.000000,0.000000
HJMHpjC9Ym,2019,Accept (Poster),unknown,0.000000,0.000000,1.000000,0.000000,-0.000000
HJMXTsCqYQ,2019,Reject,unknown,0.000000,0.000000,1.000000,0.000000,0.000000
HJGkisCcKm,2019,Accept (Poster),unknown,0.000000,0.000000,1.000000,0.000000,0.000000
H1zxjsCqKQ,2019,Reject,accepted,1.000000,0.000000,0.000000,1.000000,1.000000
HJMC_iA5tm,2019,Accept (Poster),unknown,0.000000,0.000000,1.000000,0.000000,0.000000
HJG1Uo09Fm,2019,Reject,unknown,0.000000,0.000000,1.000000,0.000000,0.000000
HJMXus0ct7,2019,Reject,unknown,0.000000,0.000000,1.000000,0.000000,0.000000
HJGciiR5Y7,2019,Accept (Poster),unknown,0.000000,0.000000,1.000000,0.000000,0.000000
HJeKCi0qYX,2019,Reject,unknown,0.000000,0.000000,1.000000,0.000000,-0.000000
HJG0ojCcFm,2019,Reject,unknown,0.000000,0.000000,1.000000,0.000000,0.000000
HJGtFoC5Fm,2019,Reject,unknown,0.000000,0.000000,1.000000,0.000000,0.000000
H1ziPjC5Fm,2019,Accept (Poster),unknown,0.000000,0.000000,1.000000,0.000000,0.000000
HJMCcjAcYX,2019,Accept (Poster),unknown,0.000000,0.000000,1.000000,0.000000,0.000000
H1xk8jAqKQ,2019,Reject,accepted,1.000000,0.000000,0.000000,1.000000,1.000000
H1xipsA5K7,2019,Accept (Poster),unknown,0.000000,0.000000,1.000000,0.000000,-0.000000
H1xwNhCcYm,2019,Accept (Poster),accepted,1.000000,0.000000,0.000000,1.000000,1.000000
H1xQVn09FX,2019,Accept (Poster),accepted,1.000000,0.000000,0.000000,1.000000,1.000000
H1xpe2C5Km,2019,Reject,unknown,0.000000,0.000000,1.000000,0.000000,-0.000000
H1xsSjC9Ym,2019,Accept (Poster),unknown,0.000000,0.000000,1.000000,0.000000,0.000000
H1xSNiRcF7,2019,Accept (Oral),unknown,0.000000,0.000000,1.000000,0.000000,0.000000
H1xD9sR5Fm,2019,Accept (Poster),rejected,0.000000,1.000000,0.000000,1.000000,-1.000000
H1z-PsR5KX,2019,Accept (Poster),unknown,0.000000,0.000000,1.000000,0.000000,0.000000
H1xEwsR9FX,2019,Reject,unknown,0.000000,0.000000,1.000000,0.000000,0.000000
H1z_Z2A5tX,2019,Reject,unknown,0.000000,0.000000,1.000000,0.000000,0.000000
HJgkx2Aqt7,2019,Accept (Poster),unknown,0.000000,0.000000,0.000000,0.000000,0.000000
H1xEtoRqtQ,2019,Reject,unknown,0.000000,0.000000,1.000000,0.000000,-0.000000
HJE6X305Fm,2019,Accept (Poster),unknown,0.000000,0.000000,1.000000,0.000000,0.000000
H1x1noAqKX,2019,Reject,unknown,0.000000,0.000000,1.000000,0.000000,0.000000
H1lPUiRcYQ,2019,Reject,accepted,1.000000,0.000000,0.000000,1.000000,1.000000
H1lJJnR5Ym,2019,Accept (Poster),accepted,1.000000,0.000000,0.000000,1.000000,1.000000
H1lJws05K7,2019,Reject,unknown,0.000000,0.000000,1.000000,0.000000,0.000000
H1lqZhRcFm,2019,Accept (Poster),unknown,0.000000,0.000000,1.000000,0.000000,-0.000000
H1xAH2RqK7,2019,Reject,unknown,0.000000,0.000000,1.000000,0.000000,0.000000
H1ldNoC9tX,2019,Reject,unknown,0.000000,0.000000,1.000000,0.000000,0.000000
H1lnJ2Rqt7,2019,Reject,unknown,0.000000,0.000000,1.000000,0.000000,0.000000
H1lIzhC9FX,2019,Reject,unknown,0.000000,0.000000,1.000000,0.000000,0.000000
H1xQSjCqFQ,2019,Reject,unknown,0.000000,0.000000,1.000000,0.000000,0.000000
HJM4rsRqFX,2019,Reject,unknown,0.000000,0.000000,1.000000,0.000000,0.000000
H1xmqiAqFm,2019,Reject,unknown,0.000000,0.000000,1.000000,0.000000,0.000000
H1gsz30cKX,2019,Accept (Poster),accepted,1.000000,0.000000,0.000000,1.000000,1.000000
H1lo3sC9KX,2019,Reject,unknown,0.000000,0.000000,1.000000,0.000000,0.000000
H1goBoR9F7,2019,Accept (Poster),unknown,0.000000,0.000000,1.000000,0.000000,0.000000
H1ltQ3R9KQ,2019,Reject,unknown,0.000000,0.000000,1.000000,0.000000,0.000000
H1l-SjA5t7,2019,Reject,unknown,0.000000,0.000000,1.000000,0.000000,0.000000
H1gRM2A5YX,2019,Reject,unknown,0.000000,0.000000,1.000000,0.000000,0.000000
H1lGHsA9KX,2019,Reject,rejected,0.000000,1.000000,0.000000,1.000000,-0.999999
H1gTEj09FX,2019,Accept (Poster),unknown,0.000000,0.000000,1.000000,0.000000,0.000000
H1x-x309tm,2019,Accept (Poster),unknown,0.000000,0.000000,1.000000,0.000000,0.000000
H1xaJn05FQ,2019,Accept (Poster),rejected,0.000001,0.999999,0.000000,1.000000,-0.999999
H1x3SnAcYQ,2019,Reject,unknown,0.000000,0.000000,1.000000,0.000000,0.000000
H1glKiCqtm,2019,Reject,unknown,0.000000,0.000000,1.000000,0.000000,-0.000000
H1lADsCcFQ,2019,Reject,unknown,0.000000,0.000000,1.000000,0.000000,0.000000
H1lUOsA9Fm,2019,Reject,accepted,1.000000,0.000000,0.000000,1.000000,1.000000
H1gMCsAqY7,2019,Accept (Poster),accepted,1.000000,0.000000,0.000000,1.000000,1.000000
H1gL-2A9Ym,2019,Accept (Poster),accepted,1.000000,0.000000,0.000000,1.000000,1.000000
H1gZV30qKQ,2019,Reject,unknown,0.000000,0.000000,1.000000,0.000000,0.000000
H1gKYo09tX,2019,Accept (Poster),accepted,1.000000,0.000000,0.000000,1.000000,1.000000
H1l7bnR5Ym,2019,Accept (Poster),unknown,0.000000,0.000000,1.000000,0.000000,-0.000000
H1faSn0qY7,2019,Reject,unknown,0.000000,0.000000,1.000000,0.000000,0.000000
H1gh_sC9tm,2019,Reject,unknown,0.000000,0.000000,1.000000,0.000000,0.000000
H1gfOiAqYm,2019,Accept (Poster),unknown,0.000000,0.000000,1.000000,0.000000,0.000000
HJGven05Y7,2019,Accept (Poster),unknown,0.000000,0.000000,1.000000,0.000000,-0.000000
H1g6osRcFQ,2019,Accept (Poster),unknown,0.000000,0.000000,1.000000,0.000000,0.000000
H1f7S3C9YQ,2019,Reject,unknown,0.000000,0.000000,1.000000,0.000000,0.000000
H1g2NhC5KQ,2019,Accept (Poster),unknown,0.000000,0.000000,1.000000,0.000000,0.000000
H1eqviAqYX,2019,Reject,accepted,1.000000,0.000000,0.000000,1.000000,0.999999
H1gR5iR5FX,2019,Accept (Poster),unknown,0.000000,0.000000,1.000000,0.000000,-0.000000
H1lFZnR5YX,2019,Reject,unknown,0.000000,0.000000,1.000000,0.000000,0.000000
H1gNHs05FX,2019,Reject,unknown,0.000000,0.000000,1.000000,0.000000,0.000000
H1lC8o0cKX,2019,Reject,unknown,0.000000,0.000000,1.000000,0.000000,0.000000
H1fU8iAqKX,2019,Accept (Poster),unknown,0.000000,0.000000,1.000000,0.000000,0.000000
H1edIiA9KQ,2019,Accept (Poster),unknown,0.000000,0.000000,1.000000,0.000000,0.000000
H1g4k309F7,2019,Accept (Poster),unknown,0.000000,0.000000,1.000000,0.000000,0.000000
H1ecDoR5Y7,2019,Reject,unknown,0.000000,0.000000,1.000000,0.000000,-0.000000
H1ebTsActm,2019,Accept (Poster),rejected,0.000002,0.999996,0.000002,0.999998,-0.999994
H1eMBn09Km,2019,Reject,unknown,0.000000,0.000000,1.000000,0.000000,-0.000000
H1g0Z3A9Fm,2019,Accept (Poster),unknown,0.000000,0.000000,1.000000,0.000000,0.000000
H1emus0qF7,2019,Accept (Poster),unknown,0.000000,0.000000,1.000000,0.000000,0.000000
H1gDgn0qY7,2019,Reject,unknown,0.000000,0.000000,1.000000,0.000000,-0.000000
H1eqjiCctX,2019,Accept (Poster),unknown,0.000000,0.000000,1.000000,0.000000,0.000000
H1eadi0cFQ,2019,Reject,unknown,0.000000,0.000000,1.000000,0.000000,0.000000
H1e8wsCqYX,2019,Reject,unknown,0.000000,0.000000,1.000000,0.000000,0.000000
H1e572A5tQ,2019,Reject,accepted,1.000000,0.000000,0.000000,1.000000,1.000000
H1ewdiR5tQ,2019,Accept (Poster),unknown,0.000000,0.000000,1.000000,0.000000,0.000000
H1e6ij0cKQ,2019,Reject,unknown,0.000000,0.000000,1.000000,0.000000,0.000000
H1M7soActX,2019,Reject,accepted,1.000000,0.000000,0.000000,1.000000,1.000000
H1eH4n09KX,2019,Reject,unknown,0.000000,0.000000,1.000000,0.000000,0.000000
H1fF0iR9KX,2019,Reject,unknown,0.000000,0.000000,1.000000,0.000000,0.000000
H1MBuiAqtX,2019,Reject,accepted,0.999996,0.000000,0.000003,0.999997,0.999996
H1ersoRqtm,2019,Accept (Poster),unknown,0.000000,0.000000,1.000000,0.000000,0.000000
H1e0-30qKm,2019,Reject,unknown,0.000000,0.000000,1.000000,0.000000,0.000000
H1GaLiAcY7,2019,Reject,unknown,0.000000,0.000000,1.000000,0.000000,-0.000000
H1eSS3CcKX,2019,Accept (Poster),unknown,0.000000,0.000000,1.000000,0.000000,0.000000
H1Gfx3Rqtm,2019,Reject,unknown,0.000000,0.000000,1.000000,0.000000,0.000000
H1MW72AcK7,2019,Accept (Poster),unknown,0.000000,0.000000,1.000000,0.000000,0.000000
H1gFuiA9KX,2019,Reject,unknown,0.000000,0.000000,1.000000,0.000000,0.000000
H1MzKs05F7,2019,Reject,unknown,0.000000,0.000000,1.000000,0.000000,0.000000
H1ERcs09KQ,2019,Reject,unknown,0.000000,0.000000,1.000000,0.000000,0.000000
H1MgjoR9tQ,2019,Accept (Poster),unknown,0.000000,0.000000,1.000000,0.000000,-0.000000
H1fsUiRcKQ,2019,Reject,unknown,0.000000,0.000000,1.000000,0.000000,0.000000
H1eiZnAqKm,2019,Reject,accepted,1.000000,0.000000,0.000001,1.000000,1.000000
H1V4QhAqYQ,2019,Reject,unknown,0.000000,0.000000,1.000000,0.000000,0.000000
Byxr73R5FQ,2019,Reject,accepted,1.000000,0.000000,0.000000,1.000000,1.000000
Byxpfh0cFm,2019,Accept (Poster),unknown,0.000000,0.000000,1.000000,0.000000,-0.000000
ByxHb3R5tX,2019,Reject,accepted,1.000000,0.000000,0.000000,1.000000,1.000000
ByxZdj09tX,2019,Reject,unknown,0.000000,0.000000,1.000000,0.000000,-0.000000
ByxLl309Ym,2019,Reject,accepted,1.000000,0.000000,0.000000,1.000000,1.000000
ByxBFsRqYm,2019,Accept (Poster),accepted,1.000000,0.000000,0.000000,1.000000,1.000000
ByxZX20qFQ,2019,Accept (Poster),unknown,0.000000,0.000000,1.000000,0.000000,0.000000
ByxkCj09Fm,2019,Reject,unknown,0.000000,0.000000,1.000000,0.000000,-0.000000
ByxGSsR9FQ,2019,Accept (Poster),unknown,0.000000,0.000000,1.000000,0.000000,0.000000
ByxF-nAqYX,2019,Reject,unknown,0.000000,0.000000,1.000000,0.000000,0.000000
ByxPYjC5KQ,2019,Accept (Poster),unknown,0.000000,0.000000,1.000000,0.000000,0.000000
H1GLm2R9Km,2019,Reject,unknown,0.000000,0.000000,1.000000,0.000000,0.000000
ByxkijC5FQ,2019,Accept (Poster),unknown,0.000000,0.000000,1.000000,0.000000,-0.000000
H1fevoAcKX,2019,Reject,unknown,0.000000,0.000000,1.000000,0.000000,-0.000000
Byxz4n09tQ,2019,Reject,unknown,0.000000,0.000000,1.000000,0.000000,0.000000
Byx7LjRcYm,2019,Reject,unknown,0.000000,0.000000,1.000000,0.000000,-0.000000
ByxAcjCqt7,2019,Reject,unknown,0.000000,0.000000,1.000000,0.000000,-0.000000
Bylmkh05KX,2019,Accept (Poster),accepted,0.999999,0.000000,0.000000,1.000000,0.999999
Bylnx209YX,2019,Accept (Poster),unknown,0.000000,0.000000,1.000000,0.000000,0.000000
ByxAOoR5K7,2019,Reject,unknown,0.000000,0.000000,1.000000,0.000000,0.000000
BylkG20qYm,2019,Reject,unknown,0.000000,0.000000,1.000000,0.000000,0.000000
ByloJ20qtm,2019,Accept (Poster),unknown,0.000000,0.000000,1.000000,0.000000,0.000000
ByldlhAqYQ,2019,Accept (Poster),unknown,0.000000,0.000000,1.000000,0.000000,-0.000000
BylBfnRqFm,2019,Reject,accepted,1.000000,0.000000,0.000000,1.000000,1.000000
BylIciRcYQ,2019,Accept (Poster),unknown,0.000000,0.000000,1.000000,0.000000,-0.000000
Byx1VnR9K7,2019,Reject,unknown,0.000000,0.000000,1.000000,0.000000,0.000000
Byx93sC9tm,2019,Reject,unknown,0.000000,0.000000,1.000000,0.000000,0.000000
BylBns0qtX,2019,Reject,unknown,0.000000,0.000000,1.000000,0.000000,0.000000
ByloIiCqYQ,2019,Accept (Poster),unknown,0.000000,0.000000,1.000000,0.000000,0.000000
Byl8BnRcYm,2019,Accept (Poster),rejected,0.000000,0.999999,0.000001,0.999999,-0.999999
BygrtoC9Km,2019,Reject,unknown,0.000000,0.000000,1.000000,0.000000,0.000000
Byldr3RqKX,2019,Reject,unknown,0.000000,0.000000,1.000000,0.000000,0.000000
Bygh9j09KX,2019,Accept (Oral),accepted,1.000000,0.000000,0.000000,1.000000,1.000000
BygmRoA9YQ,2019,Reject,unknown,0.000000,0.000000,1.000000,0.000000,0.000000
BylBr3C9K7,2019,Accept (Poster),unknown,0.000000,0.000000,1.000000,0.000000,-0.000000
BygqBiRcFQ,2019,Accept (Poster),unknown,0.000000,0.000000,1.000000,0.000000,0.000000
ByghKiC5YX,2019,Reject,unknown,0.000000,0.000000,1.000000,0.000000,0.000000
BylctiCctX,2019,Reject,unknown,0.000000,0.000000,1.000000,0.000000,0.000000
BygIV2CcKm,2019,Reject,unknown,0.000000,0.000000,1.000000,0.000000,0.000000
BygRNn0qYX,2019,Reject,unknown,0.000000,0.000000,1.000000,0.000000,0.000000
BygGNnCqKQ,2019,Reject,unknown,0.000000,0.000000,1.000000,0.000000,0.000000
BylRVjC9K7,2019,Reject,unknown,0.000000,0.000000,1.000000,0.000000,-0.000000
BygANhA9tQ,2019,Accept (Poster),unknown,0.000000,0.000000,1.000000,0.000000,0.000000
BygNqoR9tm,2019,Reject,unknown,0.000000,0.000000,1.000000,0.000000,0.000000
Byg5QhR5FQ,2019,Accept (Poster),unknown,0.000000,0.000000,1.000000,0.000000,0.000000
ByleB2CcKm,2019,Accept (Poster),unknown,0.000000,0.000000,1.000000,0.000000,0.000000
BygANjA5FX,2019,Reject,unknown,0.000000,0.000000,1.000000,0.000000,0.000000
BylQV305YQ,2019,Accept (Poster),unknown,0.000000,0.000000,1.000000,0.000000,0.000000
ByezgnA5tm,2019,Reject,unknown,0.000000,0.000000,1.000000,0.000000,0.000000
BygREjC9YQ,2019,Reject,accepted,1.000000,0.000000,0.000000,1.000000,1.000000
Byl_ciRcY7,2019,Reject,unknown,0.000000,0.000000,1.000000,0.000000,0.000000
Byg3y3C9Km,2019,Accept (Oral),unknown,0.000000,0.000000,1.000000,0.000000,0.000000
ByftGnR9KX,2019,Accept (Poster),unknown,0.000000,0.000000,1.000000,0.000000,0.000000
BygfghAcYX,2019,Accept (Poster),unknown,0.000000,0.000000,1.000000,0.000000,0.000000
ByeZ5jC5YQ,2019,Accept (Oral),accepted,1.000000,0.000000,0.000000,1.000000,1.000000
ByfbnsA9Km,2019,Reject,unknown,0.000000,0.000000,1.000000,0.000000,-0.000000
ByeMB3Act7,2019,Accept (Poster),accepted,1.000000,0.000000,0.000000,1.000000,1.000000
ByecAoAqK7,2019,Reject,unknown,0.000000,0.000000,1.000000,0.000000,0.000000
Byf5-30qFX,2019,Accept (Poster),unknown,0.000000,0.000000,1.000000,0.000000,0.000000
Byg0DsCqYQ,2019,Accept (Poster),unknown,0.000000,0.000000,1.000000,0.000000,0.000000
ByMHvs0cFQ,2019,Accept (Poster),accepted,1.000000,0.000000,0.000000,1.000000,1.000000
BygMAiRqK7,2019,Reject,unknown,0.000000,0.000000,1.000000,0.000000,-0.000000
ByeSdsC9Km,2019,Accept (Poster),unknown,0.000000,0.000000,1.000000,0.000000,0.000000
ByeNFoRcK7,2019,Reject,unknown,0.000000,0.000000,1.000000,0.000000,-0.000000
ByfyHh05tQ,2019,Accept (Poster),unknown,0.000000,0.000000,1.000000,0.000000,0.000000
Bye9LiR9YX,2019,Reject,unknown,0.000000,0.000000,1.000000,0.000000,0.000000
ByfXe2C5tm,2019,Reject,unknown,0.000000,0.000000,1.000000,0.000000,-0.000000
Byey7n05FQ,2019,Accept (Poster),unknown,0.000000,0.000000,1.000000,0.000000,0.000000
Bye5SiAqKX,2019,Accept (Poster),unknown,0.000000,0.000000,1.000000,0.000000,0.000000
ByeDojRcYQ,2019,Reject,unknown,0.000000,0.000000,1.000000,0.000000,0.000000
ByN7Yo05YX,2019,Reject,unknown,0.000000,0.000000,1.000000,0.000000,0.000000
ByMVTsR5KQ,2019,Accept (Poster),unknown,0.000000,0.000000,1.000000,0.000000,0.000000
ByEtPiAcY7,2019,Reject,accepted,1.000000,0.000000,0.000000,1.000000,1.000000
Bye5OiR5F7,2019,Reject,unknown,0.000000,0.000000,1.000000,0.000000,-0.000000
ByePUo05K7,2019,Reject,unknown,0.000000,0.000000,1.000000,0.000000,-0.000000
ByxmXnA9FQ,2019,Reject,unknown,0.000000,0.000000,1.000000,0.000000,-0.000000
ByGuynAct7,2019,Accept (Poster),unknown,0.000000,0.000000,1.000000,0.000000,0.000000
BkxkH30cFm,2019,Reject,unknown,0.000000,0.000000,1.000000,0.000000,0.000000
ByGq7hRqKX,2019,Reject,unknown,0.000000,0.000000,1.000000,0.000000,0.000000
By41BjA9YQ,2019,Reject,unknown,0.000000,0.000000,1.000000,0.000000,0.000000
Bkxbrn0cYX,2019,Accept (Poster),unknown,0.000000,0.000000,1.000000,0.000000,0.000000
BkzeUiRcY7,2019,Accept (Poster),unknown,0.000000,0.000000,1.000000,0.000000,-0.000000
By40DoAqtX,2019,Reject,unknown,0.000000,0.000000,1.000000,0.000000,0.000000
ByME42AqK7,2019,Accept (Poster),unknown,0.000000,0.000000,1.000000,0.000000,0.000000
ByGUFsAqYm,2019,Reject,unknown,0.000000,0.000000,1.000000,0.000000,0.000000
BkxWJnC9tX,2019,Accept (Poster),unknown,0.000000,0.000000,1.000000,0.000000,0.000000
Bkx0RjA9tX,2019,Accept (Poster),unknown,0.000000,0.000000,1.000000,0.000000,0.000000
BklpOo09tQ,2019,Reject,unknown,0.000000,0.000000,1.000000,0.000000,0.000000
BkltNhC9FX,2019,Accept (Poster),unknown,0.000000,0.000000,1.000000,0.000000,0.000000
Bkxdqj0cFQ,2019,Reject,unknown,0.000000,0.000000,1.000000,0.000000,0.000000
BkxgbhCqtQ,2019,Reject,unknown,0.000000,0.000000,1.000000,0.000000,0.000000
BklMjsRqY7,2019,Accept (Poster),accepted,1.000000,0.000000,0.000000,1.000000,1.000000
BkxSHsC5FQ,2019,Reject,unknown,0.000000,0.000000,1.000000,0.000000,-0.000000
BkloRs0qK7,2019,Accept (Poster),unknown,0.000000,0.000000,1.000000,0.000000,0.000000
BklhAj09K7,2019,Accept (Poster),unknown,0.000000,0.000000,1.000000,0.000000,0.000000
BklHpjCqKm,2019,Accept (Poster),accepted,1.000000,0.000000,0.000000,1.000000,1.000000
Bkx_Dj09tQ,2019,Reject,unknown,0.000000,0.000000,1.000000,0.000000,0.000000
BklACjAqFm,2019,Reject,accepted,1.000000,0.000000,0.000000,1.000000,1.000000
BklUAoAcY7,2019,Reject,unknown,0.000000,0.000000,1.000000,0.000000,0.000000
BklCusRct7,2019,Accept (Poster),unknown,0.000000,0.000000,1.000000,0.000000,0.000000
Bklzkh0qFm,2019,Reject,unknown,0.000000,0.000000,1.000000,0.000000,0.000000
BklAEsR5t7,2019,Reject,unknown,0.000000,0.000000,1.000000,0.000000,0.000000
BklMYjC9FQ,2019,Reject,unknown,0.000000,0.000000,1.000000,0.000000,-0.000000
Bkl-43C9FQ,2019,Accept (Poster),unknown,0.000000,0.000000,1.000000,0.000000,0.000000
BkgWHnR5tm,2019,Accept (Poster),accepted,1.000000,0.000000,0.000000,1.000000,1.000000
Bkl2SjCcKQ,2019,Reject,unknown,0.000000,0.000000,1.000000,0.000000,-0.000000
BkxAUjRqY7,2019,Reject,unknown,0.000000,0.000000,1.000000,0.000000,0.000000
Bkl87h09FX,2019,Reject,unknown,0.000000,0.000000,1.000000,0.000000,-0.000000
BkgGmh09FQ,2019,Reject,accepted,1.000000,0.000000,0.000000,1.000000,1.000000
Bklfsi0cKm,2019,Accept (Poster),unknown,0.000000,0.000000,1.000000,0.000000,-0.000000
BklKFo09YX,2019,Reject,unknown,0.000000,0.000000,1.000000,0.000000,-0.000000
BkgosiRcKm,2019,Reject,unknown,0.000000,0.000000,1.000000,0.000000,0.000000
BkgzniCqY7,2019,Accept (Poster),unknown,0.000000,0.000000,1.000000,0.000000,0.000000
Bkg6RiCqY7,2019,Accept (Poster),accepted,1.000000,0.000000,0.000000,1.000000,1.000000
Bkg8jjC9KQ,2019,Accept (Poster),accepted,1.000000,0.000000,0.000000,1.000000,1.000000
BkgFqiAqFX,2019,Reject,unknown,0.000000,0.000000,1.000000,0.000000,0.000000
ByeLmn0qtX,2019,Reject,rejected,0.000000,1.000000,0.000000,1.000000,-1.000000
BkgPajAcY7,2019,Accept (Poster),unknown,0.000000,0.000000,1.000000,0.000000,0.000000
Bkg5aoAqKm,2019,Reject,unknown,0.000000,0.000000,1.000000,0.000000,0.000000
BkgiM20cYX,2019,Reject,unknown,0.000000,0.000000,1.000000,0.000000,0.000000
BkfbpsAcF7,2019,Accept (Poster),accepted,1.000000,0.000000,0.000000,1.000000,1.000000
Bkg93jC5YX,2019,Reject,unknown,0.000000,0.000000,1.000000,0.000000,0.000000
BkfhZnC9t7,2019,Reject,unknown,0.000000,0.000000,1.000000,0.000000,0.000000
BkgVx3A9Km,2019,Reject,unknown,0.000000,0.000000,1.000000,0.000000,0.000000
BkgtDsCcKQ,2019,Accept (Poster),unknown,0.000000,0.000000,1.000000,0.000000,0.000000
BkesGnCcFX,2019,Reject,unknown,0.000000,0.000000,1.000000,0.000000,0.000000
Bkg3g2R9FX,2019,Accept (Poster),unknown,0.000000,0.000000,1.000000,0.000000,0.000000
BkgBvsC9FQ,2019,Accept (Poster),unknown,0.000000,0.000000,1.000000,0.000000,0.000000
BkfxKj09Km,2019,Reject,unknown,0.000000,0.000000,1.000000,0.000000,0.000000
BkedwoC5t7,2019,Reject,unknown,0.000000,0.000000,1.000000,0.000000,-0.000000
Bkf1tjR9KQ,2019,Reject,unknown,0.000000,0.000000,1.000000,0.000000,0.000000
BkeStsCcKQ,2019,Accept (Poster),accepted,1.000000,0.000000,0.000000,1.000000,1.000000
BkgYIiAcFQ,2019,Reject,unknown,0.000000,0.000000,1.000000,0.000000,-0.000000
Bkg2viA5FQ,2019,Accept (Poster),unknown,0.000000,0.000000,1.000000,0.000000,0.000000
BkfPnoActQ,2019,Reject,unknown,0.000000,0.000000,1.000000,0.000000,0.000000
Bke0rjR5F7,2019,Reject,accepted,1.000000,0.000000,0.000000,1.000000,1.000000
BkeUasA5YQ,2019,Reject,unknown,0.000000,0.000000,1.000000,0.000000,0.000000
BkedznAqKQ,2019,Accept (Poster),unknown,0.000000,0.000000,1.000000,0.000000,-0.000000
BkeK-nRcFX,2019,Reject,unknown,0.000000,0.000000,1.000000,0.000000,-0.000000
Bke96sC5tm,2019,Reject,unknown,0.000000,0.000000,1.000000,0.000000,0.000000
ByG_3s09KX,2019,Reject,unknown,0.000000,0.000000,1.000000,0.000000,-0.000000
BkVVOi0cFX,2019,Reject,accepted,1.000000,0.000000,0.000000,1.000000,1.000000
Bklr3j0cKX,2019,Accept (Oral),unknown,0.000000,0.000000,1.000000,0.000000,0.000000
BkMq0oRqFQ,2019,Reject,accepted,1.000000,0.000000,0.000000,1.000000,1.000000
BkMn9jAcYQ,2019,Reject,accepted,1.000000,0.000000,0.000000,1.000000,1.000000
BkMXkhA5Fm,2019,Reject,unknown,0.000000,0.000000,1.000000,0.000000,0.000000
BkeDEoCctQ,2019,Reject,unknown,0.000000,0.000000,1.000000,0.000000,0.000000
Bke4KsA5FX,2019,Accept (Poster),unknown,0.000000,0.000000,1.000000,0.000000,0.000000
BkeU5j0ctQ,2019,Accept (Poster),unknown,0.000000,0.000000,1.000000,0.000000,-0.000000
BkesJ3R9YX,2019,Reject,unknown,0.000000,0.000000,1.000000,0.000000,-0.000000
BkMiWhR5K7,2019,Accept (Poster),unknown,0.000000,0.000000,1.000000,0.000000,0.000000
BkG5SjR5YQ,2019,Accept (Poster),unknown,0.000000,0.000000,1.000000,0.000000,-0.000000
BkNUFjR5KQ,2019,Reject,unknown,0.000000,0.000000,1.000000,0.000000,0.000000
BJzuKiC9KX,2019,Reject,rejected,0.000000,1.000000,0.000000,1.000000,-1.000000
BJxhijAcY7,2019,Accept (Poster),accepted,1.000000,0.000000,0.000000,1.000000,1.000000
Bkeuz20cYm,2019,Reject,unknown,0.000000,0.000000,1.000000,0.000000,0.000000
BJxssoA5KX,2019,Accept (Poster),unknown,0.000000,0.000000,1.000000,0.000000,0.000000
BkewX2C9tX,2019,Reject,unknown,0.000000,0.000000,1.000000,0.000000,-0.000000
BkGiPoC5FX,2019,Reject,unknown,0.000000,0.000000,1.000000,0.000000,-0.000000
BkG8sjR5Km,2019,Accept (Poster),unknown,0.000000,0.000000,1.000000,0.000000,0.000000
BJxRVnC5Fm,2019,Reject,unknown,0.000000,0.000000,1.000000,0.000000,-0.000000
BJzbG20cFQ,2019,Accept (Poster),unknown,0.000000,0.000000,1.000000,0.000000,0.000000
BJxbYoC9FQ,2019,Reject,unknown,0.000000,0.000000,1.000000,0.000000,0.000000
BkE8NjCqYm,2019,Reject,rejected,0.000000,1.000000,0.000000,1.000000,-1.000000
BkN5UoAqF7,2019,Accept (Poster),unknown,0.000000,0.000000,1.000000,0.000000,0.000000
BJzmzn0ctX,2019,Reject,unknown,0.000000,0.000000,1.000000,0.000000,0.000000
BJxvEh0cFQ,2019,Accept (Poster),unknown,0.000000,0.000000,1.000000,0.000000,0.000000
BJx1SsAcYQ,2019,Reject,accepted,1.000000,0.000000,0.000000,1.000000,1.000000
BJxYEsAqY7,2019,Reject,unknown,0.000000,0.000000,1.000000,0.000000,0.000000
BJxh2j0qYm,2019,Accept (Poster),unknown,0.000000,0.000000,1.000000,0.000000,0.000000
BJlxm30cKm,2019,Accept (Poster),accepted,1.000000,0.000000,0.000000,1.000000,1.000000
BJluy2RcFm,2019,Accept (Poster),accepted,1.000000,0.000000,0.000000,1.000000,1.000000
BJxOHs0cKm,2019,Reject,unknown,0.000000,0.000000,1.000000,0.000000,0.000000
BJxgz2R9t7,2019,Accept (Poster),unknown,0.000000,0.000000,1.000000,0.000000,0.000000
BJlgNh0qKQ,2019,Accept (Poster),accepted,1.000000,0.000000,0.000000,1.000000,1.000000
BJxmXhRcK7,2019,Reject,unknown,0.000000,0.000000,1.000000,0.000000,-0.000000
BJxLH2AcYX,2019,Reject,unknown,0.000000,0.000000,1.000000,0.000000,0.000000
BJlc6iA5YX,2019,Reject,unknown,0.000000,0.000000,1.000000,0.000000,-0.000000
BJleciCcKQ,2019,Reject,unknown,0.000000,0.000000,1.000000,0.000000,0.000000
BJlVhsA5KX,2019,Reject,unknown,0.000000,0.000000,1.000000,0.000000,0.000000
BJxPk2A9Km,2019,Reject,unknown,0.000000,0.000000,1.000000,0.000000,0.000000
BJl_VnR9Km,2019,Reject,unknown,0.000000,0.000000,1.000000,0.000000,0.000000
BJx9f305t7,2019,Reject,unknown,0.000000,0.000000,1.000000,0.000000,-0.000000
BJx0sjC5FX,2019,Accept (Poster),unknown,0.000000,0.000000,1.000000,0.000000,0.000000
BJl6TjRcY7,2019,Accept (Poster),unknown,0.000000,0.000000,1.000000,0.000000,0.000000
BJll6o09tm,2019,Reject,unknown,0.000000,0.000000,1.000000,0.000000,0.000000
BJlpCsC5Km,2019,Reject,unknown,0.000000,0.000000,1.000000,0.000000,0.000000
BJlyznAcFm,2019,Reject,unknown,0.000000,0.000000,1.000000,0.000000,-0.000000
BJlMcjC5K7,2019,Reject,unknown,0.000000,0.000000,1.000000,0.000000,0.000000
BJl65sA9tm,2019,Reject,unknown,0.000000,0.000000,1.000000,0.000000,0.000000
BJgsN3R9Km,2019,Reject,accepted,1.000000,0.000000,0.000000,1.000000,1.000000
BJlSHsAcK7,2019,Reject,unknown,0.000000,0.000000,1.000000,0.000000,0.000000
BJlXUsR5KQ,2019,Reject,unknown,0.000000,0.000000,1.000000,0.000000,0.000000
BJgqqsAct7,2019,Accept (Poster),accepted,1.000000,0.000000,0.000000,1.000000,1.000000
BJgklhAcK7,2019,Accept (Poster),accepted,1.000000,0.000000,0.000000,1.000000,1.000000
BJl4f2A5tQ,2019,Reject,rejected,0.000000,1.000000,0.000000,1.000000,-1.000000
BJgvg30ctX,2019,Reject,unknown,0.000000,0.000000,1.000000,0.000000,0.000000
BJgnmhA5KQ,2019,Reject,accepted,1.000000,0.000000,0.000000,1.000000,1.000000
BJgolhR9Km,2019,Reject,unknown,0.000000,0.000000,1.000000,0.000000,-0.000000
BJg_roAcK7,2019,Accept (Poster),accepted,1.000000,0.000000,0.000000,1.000000,0.999999
BJgLg3R9KQ,2019,Accept (Poster),unknown,0.000000,0.000000,1.000000,0.000000,0.000000
BJf_YjCqYX,2019,Reject,unknown,0.000000,0.000000,1.000000,0.000000,0.000000
BJgK6iA5KX,2019,Accept (Poster),unknown,0.000000,0.000000,1.000000,0.000000,-0.000000
BJgy-n0cK7,2019,Reject,unknown,0.000000,0.000000,1.000000,0.000000,0.000000
BJfIVjAcKm,2019,Accept (Poster),accepted,1.000000,0.000000,0.000000,1.000000,1.000000
BJfvknCqFQ,2019,Reject,accepted,1.000000,0.000000,0.000000,1.000000,1.000000
BJfguoAcFm,2019,Reject,unknown,0.000000,0.000000,1.000000,0.000000,0.000000
BJgbzhC5Ym,2019,Reject,unknown,0.000000,0.000000,1.000000,0.000000,-0.000000
BJfOXnActQ,2019,Accept (Poster),unknown,0.000000,0.000000,1.000000,0.000000,-0.000000
BJfYvo09Y7,2019,Accept (Poster),unknown,0.000000,0.000000,1.000000,0.000000,0.000000
BJfvAoC9YQ,2019,Reject,unknown,0.000000,0.000000,1.000000,0.000000,0.000000
BJgRDjR9tQ,2019,Accept (Poster),unknown,0.000000,0.000000,1.000000,0.000000,0.000000
BJfRpoA9YX,2019,Reject,unknown,0.000000,0.000000,1.000000,0.000000,0.000000
BJej72AqF7,2019,Accept (Poster),accepted,1.000000,0.000000,0.000000,1.000000,1.000000
BJgEjiRqYX,2019,Reject,unknown,0.000000,0.000000,1.000000,0.000000,0.000000
BJemQ209FQ,2019,Accept (Poster),unknown,0.000000,0.000000,1.000000,0.000000,0.000000
BJgGhiR5KX,2019,Reject,unknown,0.000000,0.000000,1.000000,0.000000,0.000000
BJesDsA9t7,2019,Reject,unknown,0.000000,0.000000,1.000000,0.000000,0.000000
BJe1E2R5KX,2019,Accept (Poster),unknown,0.000000,0.000000,1.000000,0.000000,0.000000
BJeapjA5FX,2019,Reject,unknown,0.000000,0.000000,1.000000,0.000000,0.000000
BJeRg205Fm,2019,Reject,unknown,0.000000,0.000000,1.000000,0.000000,0.000000
BJeWOi09FQ,2019,Reject,unknown,0.000000,0.000000,1.000000,0.000000,0.000000
BJe1hsCcYQ,2019,Reject,unknown,0.000000,0.000000,1.000000,0.000000,0.000000
BJg4Z3RqF7,2019,Accept (Poster),unknown,0.000000,0.000000,1.000000,0.000000,0.000000
BJeWUs05KQ,2019,Accept (Poster),unknown,0.000000,0.000000,1.000000,0.000000,0.000000
BJWfW2C9Y7,2019,Reject,unknown,0.000000,0.000000,1.000000,0.000000,0.000000
BJeem3C9F7,2019,Reject,unknown,0.000000,0.000000,1.000000,0.000000,0.000000
BJe0Gn0cY7,2019,Accept (Poster),unknown,0.000000,0.000000,1.000000,0.000000,0.000000
BJeOioA9Y7,2019,Accept (Poster),unknown,0.000000,0.000000,1.000000,0.000000,0.000000
BJe-Sn0ctm,2019,Reject,unknown,0.000000,0.000000,1.000000,0.000000,0.000000
BJgQB20qFQ,2019,Reject,unknown,0.000000,0.000000,1.000000,0.000000,0.000000
B1xY-hRctX,2019,Accept (Poster),accepted,1.000000,0.000000,0.000000,1.000000,1.000000
BJGfCjA5FX,2019,Reject,unknown,0.000000,0.000000,1.000000,0.000000,-0.000000
BJe-DsC5Fm,2019,Accept (Poster),unknown,0.000000,0.000000,1.000000,0.000000,-0.000000
BJ4BVhRcYX,2019,Reject,unknown,0.000000,0.000000,1.000000,0.000000,0.000000
B1xf9jAqFQ,2019,Accept (Poster),accepted,1.000000,0.000000,0.000000,1.000000,1.000000
BJG0voC9YQ,2019,Accept (Poster),accepted,1.000000,0.000000,0.000000,1.000000,1.000000
BJ4AFsRcFQ,2019,Reject,unknown,0.000000,0.000000,1.000000,0.000000,-0.000000
B1zMDjAqKQ,2019,Reject,unknown,0.000000,0.000000,1.000000,0.000000,0.000000
BJMvBjC5YQ,2019,Reject,unknown,0.000000,0.000000,1.000000,0.000000,0.000000
BJEOOsCqKm,2019,Reject,unknown,0.000000,0.000000,1.000000,0.000000,0.000000
B1xhQhRcK7,2019,Accept (Poster),unknown,0.000000,0.000000,1.000000,0.000000,0.000000
B1xnPsA5KX,2019,Reject,unknown,0.000000,0.000000,1.000000,0.000000,0.000000
BJgYl205tQ,2019,Reject,unknown,0.000000,0.000000,1.000000,0.000000,0.000000
B1xOYoA5tQ,2019,Reject,unknown,0.000000,0.000000,1.000000,0.000000,0.000000
B1xVTjCqKQ,2019,Accept (Poster),unknown,0.000000,0.000000,1.000000,0.000000,0.000000
BJGjOi09t7,2019,Reject,unknown,0.000000,0.000000,1.000000,0.000000,0.000000
BJG__i0qF7,2019,Reject,unknown,0.000000,0.000000,1.000000,0.000000,0.000000
BJeY6sR9KX,2019,Reject,unknown,0.000000,0.000000,1.000000,0.000000,0.000000
B1xFhiC9Y7,2019,Reject,unknown,0.000000,0.000000,1.000000,0.000000,0.000000
B1xFVhActm,2019,Reject,unknown,0.000000,0.000000,1.000000,0.000000,0.000000
B1xWcj0qYm,2019,Accept (Poster),unknown,0.000000,0.000000,1.000000,0.000000,-0.000000
B1lfHhR9tm,2019,Reject,accepted,1.000000,0.000000,0.000000,1.000000,1.000000
B1lnzn0ctQ,2019,Accept (Poster),accepted,1.000000,0.000000,0.000000,1.000000,1.000000
B1xJAsA5F7,2019,Accept (Poster),unknown,0.000000,0.000000,1.000000,0.000000,0.000000
B1x5KiCcFX,2019,Reject,unknown,0.000000,0.000000,1.000000,0.000000,0.000000
B1lnjo05Km,2019,Reject,unknown,0.000000,0.000000,1.000000,0.000000,0.000000
B1x9siCcYQ,2019,Reject,unknown,0.000000,0.000000,1.000000,0.000000,0.000000
B1lKS2AqtX,2019,Accept (Poster),accepted,1.000000,0.000000,0.000000,1.000000,1.000000
B1x-LjAcKX,2019,Reject,unknown,0.000000,0.000000,1.000000,0.000000,0.000000
B1lwSsC5KX,2019,Reject,accepted,1.000000,0.000000,0.000000,1.000000,1.000000
B1xFxh0cKX,2019,Reject,rejected,0.000000,1.000000,0.000000,1.000000,-1.000000
B1x0enCcK7,2019,Reject,unknown,0.000000,0.000000,1.000000,0.000000,0.000000
B1lG42C9Km,2019,Reject,accepted,1.000000,0.000000,0.000000,1.000000,1.000000
B1lxH20qtX,2019,Reject,unknown,0.000000,0.000000,1.000000,0.000000,0.000000
B1lz-3Rct7,2019,Accept (Poster),unknown,0.000000,0.000000,1.000000,0.000000,0.000000
B1x33sC9KQ,2019,Reject,unknown,0.000000,0.000000,1.000000,0.000000,0.000000
B1lKtjA9FQ,2019,Reject,unknown,0.000000,0.000000,1.000000,0.000000,0.000000
B1lx42A9Ym,2019,Reject,unknown,0.000000,0.000000,1.000000,0.000000,0.000000
B1l8iiA9tQ,2019,Reject,unknown,0.000000,0.000000,1.000000,0.000000,0.000000
B1gabhRcYX,2019,Accept (Oral),accepted,1.000000,0.000000,0.000000,1.000000,1.000000
B1l9qsA5KQ,2019,Reject,unknown,0.000000,0.000000,1.000000,0.000000,0.000000
B1lXGnRctX,2019,Reject,unknown,0.000000,0.000000,1.000000,0.000000,0.000000
B1xU4nAqK7,2019,Reject,unknown,0.000000,0.000000,1.000000,0.000000,0.000000
B1g-X3RqKm,2019,Reject,unknown,0.000000,0.000000,1.000000,0.000000,-0.000000
B1euhoAcKX,2019,Reject,accepted,1.000000,0.000000,0.000000,1.000000,1.000000
B1gIf305Ym,2019,Reject,unknown,0.000000,0.000000,1.000000,0.000000,-0.000000
B1gJOoRcYQ,2019,Reject,unknown,0.000000,0.000000,1.000000,0.000000,0.000000
B1excoAqKQ,2019,Reject,accepted,1.000000,0.000000,0.000000,1.000000,1.000000
B1gTShAct7,2019,Accept (Poster),unknown,0.000000,0.000000,1.000000,0.000000,0.000000
B1ggosR9Ym,2019,Reject,unknown,0.000000,0.000000,1.000000,0.000000,-0.000000
B1fysiAqK7,2019,Reject,accepted,1.000000,0.000000,0.000000,1.000000,1.000000
B1l1b205KX,2019,Reject,unknown,0.000000,0.000000,1.000000,0.000000,0.000000
B1ethsR9Ym,2019,Reject,accepted,1.000000,0.000000,0.000000,1.000000,1.000000
B1fbosCcYm,2019,Reject,unknown,0.000000,0.000000,1.000000,0.000000,0.000000
B1epooR5FX,2019,Reject,unknown,0.000000,0.000000,1.000000,0.000000,0.000000
B1fA3oActQ,2019,Reject,unknown,0.000000,0.000000,1.000000,0.000000,0.000000
B1gHjoRqYQ,2019,Reject,unknown,0.000000,0.000000,1.000000,0.000000,0.000000
B1fPYj0qt7,2019,Reject,unknown,0.000000,0.000000,1.000000,0.000000,0.000000
B1g29oAqtm,2019,Reject,unknown,0.000000,0.000000,1.000000,0.000000,0.000000
B1eZRiC9YX,2019,Reject,unknown,0.000000,0.000000,1.000000,0.000000,0.000000
B1ePui0ctQ,2019,Reject,accepted,1.000000,0.000000,0.000000,1.000000,1.000000
B1VZqjAcYX,2019,Accept (Poster),accepted,1.000000,0.000000,0.000000,1.000000,1.000000
B1l08oAct7,2019,Accept (Oral),unknown,0.000000,0.000000,1.000000,0.000000,0.000000
B1e8CsRctX,2019,Reject,unknown,0.000000,0.000000,1.000000,0.000000,0.000000
B1e9W3AqFX,2019,Reject,unknown,0.000000,0.000000,1.000000,0.000000,0.000000
B1ffQnRcKX,2019,Accept (Poster),unknown,0.000000,0.000000,1.000000,0.000000,0.000000
B1e4wo09K7,2019,Reject,unknown,0.000000,0.000000,1.000000,0.000000,0.000000
B1l6e3RcF7,2019,Reject,unknown,0.000000,0.000000,1.000000,0.000000,0.000000
B1VWtsA5tQ,2019,Reject,unknown,0.000000,0.000000,1.000000,0.000000,0.000000
B1g30j0qF7,2019,Accept (Poster),unknown,0.000000,0.000000,1.000000,0.000000,0.000000
B1MX5j0cFX,2019,Reject,unknown,0.000000,0.000000,1.000000,0.000000,0.000000
B1eKk2CcKm,2019,Reject,unknown,0.000000,0.000000,1.000000,0.000000,0.000000
B1eEKi0qYQ,2019,Reject,unknown,0.000000,0.000000,1.000000,0.000000,0.000000
B1eSg3C9Ym,2019,Reject,unknown,0.000000,0.000000,1.000000,0.000000,0.000000
B1MUroRct7,2019,Reject,unknown,0.000000,0.000000,1.000000,0.000000,0.000000
B1MhpiRqFm,2019,Reject,unknown,0.000000,0.000000,1.000000,0.000000,0.000000
B1e9csRcFm,2019,Reject,unknown,0.000000,0.000000,1.000000,0.000000,0.000000
B1M9FjC5FQ,2019,Reject,unknown,0.000000,0.000000,1.000000,0.000000,0.000000
B1e7hs05Km,2019,Reject,unknown,0.000000,0.000000,1.000000,0.000000,0.000000
B1MIBs05F7,2019,Reject,accepted,0.999998,0.000002,0.000000,1.000000,0.999997
B1eCCoR5tm,2019,Reject,accepted,1.000000,0.000000,0.000000,1.000000,1.000000
B1e0KsRcYQ,2019,Reject,unknown,0.000000,0.000000,1.000000,0.000000,0.000000
B1GIB3A9YX,2019,Reject,unknown,0.000000,0.000000,1.000000,0.000000,0.000000
B1GSBsRcFX,2019,Reject,accepted,1.000000,0.000000,0.000000,1.000000,1.000000
B1MbDj0ctQ,2019,Reject,unknown,0.000000,0.000000,1.000000,0.000000,0.000000
B1MXz20cYQ,2019,Accept (Poster),unknown,0.000000,0.000000,1.000000,0.000000,0.000000
B1GAUs0cKQ,2019,Accept (Poster),accepted,0.999999,0.000000,0.000001,0.999999,0.999998
B14rPj0qY7,2019,Reject,unknown,0.000000,0.000000,1.000000,0.000000,-0.000000
B1MB5oRqtQ,2019,Reject,unknown,0.000000,0.000000,1.000000,0.000000,0.000000
ryxyCeHtPB,2020,Accept (Poster),unknown,0.000000,0.000000,1.000000,0.000000,0.000000
ryxnJlSKvr,2020,Reject,accepted,1.000000,0.000000,0.000000,1.000000,1.000000
B1EjKsRqtQ,2019,Reject,unknown,0.000000,0.000000,1.000000,0.000000,-0.000000
ryxsUySFwr,2020,Reject,unknown,0.000000,0.000000,1.000000,0.000000,0.000000
B1GIQhCcYm,2019,Reject,unknown,0.000000,0.000000,1.000000,0.000000,-0.000000
B1GHJ3R9tQ,2019,Reject,unknown,0.000000,0.000000,1.000000,0.000000,0.000000
B1G9doA9F7,2019,Accept (Poster),unknown,0.000000,0.000000,1.000000,0.000000,0.000000
ryxn8RNtvr,2020,Reject,unknown,0.000000,0.000000,1.000000,0.000000,0.000000
B1MAJhR5YX,2019,Reject,unknown,0.000000,0.000000,1.000000,0.000000,0.000000
B14ejsA5YQ,2019,Reject,unknown,0.000000,0.000000,1.000000,0.000000,0.000000
ryxgJTEYDr,2020,Accept (Poster),unknown,0.000000,0.000000,1.000000,0.000000,0.000000
ryxmrpNtvH,2020,Reject,accepted,0.999999,0.000000,0.000000,1.000000,0.999999
ryxUMREYPr,2020,Reject,rejected,0.000000,1.000000,0.000000,1.000000,-1.000000
ryxPbkrtvr,2020,Reject,accepted,1.000000,0.000000,0.000000,1.000000,1.000000
ryxUkTVYvH,2020,Reject,unknown,0.000000,0.000000,1.000000,0.000000,0.000000
ryxOUTVYDH,2020,Accept (Poster),unknown,0.000000,0.000000,1.000000,0.000000,0.000000
ryxQ6T4YwB,2020,Reject,accepted,1.000000,0.000000,0.000000,1.000000,1.000000
ryxgsCVYPr,2020,Accept (Poster),unknown,0.000000,0.000000,1.000000,0.000000,0.000000
ryxQuANKPB,2020,Accept (Poster),unknown,0.000000,0.000000,1.000000,0.000000,0.000000
ryxjnREFwH,2020,Accept (Spotlight),unknown,0.000000,0.000000,1.000000,0.000000,0.000000
ryxMW6EtPB,2020,Reject,unknown,0.000000,0.000000,1.000000,0.000000,-0.000000
ryxC6kSYPr,2020,Accept (Poster),unknown,0.000000,0.000000,1.000000,0.000000,0.000000
ryxW804FPH,2020,Reject,unknown,0.000000,0.000000,1.000000,0.000000,0.000000
ryxK0JBtPr,2020,Accept (Poster),unknown,0.000000,0.000000,1.000000,0.000000,0.000000
ryxWIgBFPS,2020,Accept (Poster),unknown,0.000000,0.000000,1.000000,0.000000,0.000000
ryxPRpEtvH,2020,Reject,unknown,0.000000,0.000000,1.000000,0.000000,0.000000
ryxmb1rKDS,2020,Accept (Poster),unknown,0.000000,0.000000,1.000000,0.000000,0.000000
ryx2wp4tvS,2020,Reject,unknown,0.000000,0.000000,1.000000,0.000000,0.000000
ryxGuJrFvS,2020,Accept (Poster),unknown,0.000000,0.000000,1.000000,0.000000,0.000000
ryx1wRNFvB,2020,Accept (Poster),accepted,1.000000,0.000000,0.000000,1.000000,1.000000
ryxdEkHtPS,2020,Accept (Talk),unknown,0.000000,0.000000,1.000000,0.000000,0.000000
ryx6daEtwr,2020,Reject,unknown,0.000000,0.000000,1.000000,0.000000,0.000000
ryx4PJrtvS,2020,Reject,rejected,0.000000,0.999998,0.000002,0.999998,-0.999998
ryxB2lBtvH,2020,Accept (Poster),unknown,0.000000,0.000000,1.000000,0.000000,0.000000
ryx6WgStPB,2020,Accept (Poster),unknown,0.000000,0.000000,1.000000,0.000000,0.000000
rylztAEYvr,2020,Reject,unknown,0.000000,0.000000,1.000000,0.000000,0.000000
ryxIZR4tvS,2020,Reject,rejected,0.000000,1.000000,0.000000,1.000000,-1.000000
rylwJxrYDS,2020,Accept (Poster),accepted,1.000000,0.000000,0.000000,1.000000,1.000000
rylmoxrFDH,2020,Accept (Poster),accepted,1.000000,0.000000,0.000000,1.000000,1.000000
ryloogSKDS,2020,Accept (Poster),accepted,1.000000,0.000000,0.000000,1.000000,1.000000
ryx4TlHKDS,2020,Reject,unknown,0.000000,0.000000,1.000000,0.000000,0.000000
rylvAA4YDB,2020,Reject,unknown,0.000000,0.000000,1.000000,0.000000,0.000000
rylxpA4YwH,2020,Reject,unknown,0.000000,0.000000,1.000000,0.000000,0.000000
rylqmxBKvH,2020,Reject,unknown,0.000000,0.000000,1.000000,0.000000,0.000000
rylvYaNYDH,2020,Accept (Poster),unknown,0.000000,0.000000,1.000000,0.000000,0.000000
rylrI1HtPr,2020,Reject,unknown,0.000000,0.000000,1.000000,0.000000,0.000000
rylrdxHFDr,2020,Accept (Poster),unknown,0.000000,0.000000,1.000000,0.000000,0.000000
ryx0nnEKwH,2020,Reject,unknown,0.000000,0.000000,1.000000,0.000000,0.000000
rylnK6VtDH,2020,Accept (Poster),unknown,0.000000,0.000000,1.000000,0.000000,0.000000
rylfl6VFDH,2020,Reject,unknown,0.000000,0.000000,1.000000,0.000000,0.000000
ryxF80NYwS,2020,Reject,unknown,0.000000,0.000000,1.000000,0.000000,-0.000000
rylXBkrYDS,2020,Accept (Poster),accepted,1.000000,0.000000,0.000000,1.000000,1.000000
rylMgCNYvS,2020,Reject,unknown,0.000000,0.000000,1.000000,0.000000,0.000000
rylkma4twr,2020,Reject,unknown,0.000000,0.000000,1.000000,0.000000,0.000000
rylHspEKPr,2020,Accept (Poster),accepted,1.000000,0.000000,0.000000,1.000000,1.000000
rylNJlStwB,2020,Reject,unknown,0.000000,0.000000,1.000000,0.000000,0.000000
rylJkpEtwS,2020,Accept (Poster),unknown,0.000000,0.000000,1.000000,0.000000,0.000000
rylZKTNYPr,2020,Reject,unknown,0.000000,0.000000,1.000000,0.000000,0.000000
rylUOn4Yvr,2020,Reject,unknown,0.000000,0.000000,1.000000,0.000000,0.000000
rylVTTVtvH,2020,Reject,unknown,0.000000,0.000000,1.000000,0.000000,0.000000
rylVHR4FPB,2020,Accept (Poster),unknown,0.000000,0.000000,1.000000,0.000000,0.000000
ryljMpNtwr,2020,Reject,accepted,1.000000,0.000000,0.000000,1.000000,1.000000
ryl3ygHYDB,2020,Accept (Poster),unknown,0.000000,0.000000,1.000000,0.000000,-0.000000
rylDzTEKwr,2020,Reject,unknown,0.000000,0.000000,1.000000,0.000000,0.000000
ryl4-pEKvB,2020,Reject,unknown,0.000000,0.000000,1.000000,0.000000,0.000000
rygjHxrYDB,2020,Accept (Poster),accepted,1.000000,0.000000,0.000000,1.000000,1.000000
rylb3eBtwr,2020,Accept (Poster),unknown,0.000000,0.000000,1.000000,0.000000,0.000000
ryl71a4YPB,2020,Reject,unknown,0.000000,0.000000,1.000000,0.000000,0.000000
rygw7aNYDS,2020,Reject,unknown,0.000000,0.000000,1.000000,0.000000,0.000000
rygixkHKDH,2020,Accept (Talk),unknown,0.000000,0.000000,1.000000,0.000000,0.000000
ryl3blSFPr,2020,Reject,unknown,0.000000,0.000000,1.000000,0.000000,0.000000
ryl-RTEYvB,2020,Reject,unknown,0.000000,0.000000,1.000000,0.000000,0.000000
ryghPCVYvH,2020,Reject,unknown,0.000000,0.000000,1.000000,0.000000,0.000000
ryl1r1BYDS,2020,Reject,unknown,0.000000,0.000000,1.000000,0.000000,0.000000
rygxdA4YPS,2020,Reject,unknown,0.000000,0.000000,1.000000,0.000000,0.000000
rygfC0VKPS,2020,Reject,unknown,0.000000,0.000000,1.000000,0.000000,0.000000
ryguP1BFwr,2020,Reject,unknown,0.000000,0.000000,1.000000,0.000000,0.000000
rygPm64tDH,2020,Reject,unknown,0.000000,0.000000,1.000000,0.000000,0.000000
rygFWAEFwS,2020,Accept (Poster),accepted,1.000000,0.000000,0.000000,1.000000,1.000000
rygHe64FDS,2020,Reject,accepted,1.000000,0.000000,0.000000,1.000000,1.000000
rygT_JHtDr,2020,Reject,unknown,0.000000,0.000000,1.000000,0.000000,0.000000
rygMWT4twS,2020,Reject,unknown,0.000000,0.000000,1.000000,0.000000,0.000000
ryg48p4tPH,2020,Accept (Poster),unknown,0.000000,0.000000,1.000000,0.000000,0.000000
ryevtyHtPr,2020,Reject,accepted,1.000000,0.000000,0.000000,1.000000,1.000000
ryenvpEKDr,2020,Accept (Poster),unknown,0.000000,0.000000,1.000000,0.000000,0.000000
ryg8WJSKPr,2020,Reject,unknown,0.000000,0.000000,1.000000,0.000000,-0.000000
rygG7AEtvB,2020,Reject,unknown,0.000000,0.000000,1.000000,0.000000,-0.000000
ryedjkSFwr,2020,Reject,accepted,1.000000,0.000000,0.000000,1.000000,1.000000
rygG4AVFvH,2020,Accept (Poster),unknown,0.000000,0.000000,1.000000,0.000000,0.000000
ryefE1SYDr,2020,Reject,unknown,0.000000,0.000000,1.000000,0.000000,0.000000
ryeYpJSKwr,2020,Accept (Spotlight),unknown,0.000000,0.000000,1.000000,0.000000,0.000000
ryefmpEYPr,2020,Reject,unknown,0.000000,0.000000,1.000000,0.000000,0.000000
rygoURNYvS,2020,Reject,unknown,0.000000,0.000000,1.000000,0.000000,-0.000000
ryesZANKPB,2020,Reject,unknown,0.000000,0.000000,1.000000,0.000000,0.000000
ryeT10VKDH,2020,Reject,unknown,0.000000,0.000000,1.000000,0.000000,-0.000000
rygUoeHKvB,2020,Reject,unknown,0.000000,0.000000,1.000000,0.000000,0.000000
ryg7jhEtPB,2020,Reject,unknown,0.000000,0.000000,1.000000,0.000000,0.000000
ryeRwlSYPH,2020,Reject,unknown,0.000000,0.000000,1.000000,0.000000,0.000000
ryeQmCVYPS,2020,Reject,unknown,0.000000,0.000000,1.000000,0.000000,0.000000
ryeG924twB,2020,Accept (Poster),unknown,0.000000,0.000000,1.000000,0.000000,0.000000
ryebG04YvB,2020,Accept (Poster),unknown,0.000000,0.000000,1.000000,0.000000,0.000000
ryeK6nNFDr,2020,Reject,accepted,1.000000,0.000000,0.000000,1.000000,1.000000
rkxawlHKDr,2020,Accept (Poster),accepted,1.000000,0.000000,0.000000,1.000000,1.000000
rkxgHerKvH,2020,Reject,unknown,0.000000,0.000000,1.000000,0.000000,0.000000
ryeHuJBtPH,2020,Accept (Poster),unknown,0.000000,0.000000,1.000000,0.000000,0.000000
ryeN5aEYDH,2020,Reject,unknown,0.000000,0.000000,1.000000,0.000000,-0.000000
rkxdexBYPB,2020,Reject,rejected,0.000000,0.999998,0.000002,0.999998,-0.999998
rkxtNaNKwr,2020,Reject,unknown,0.000000,0.000000,1.000000,0.000000,0.000000
ryeRn3NtPH,2020,Reject,unknown,0.000000,0.000000,1.000000,0.000000,0.000000
rkxXNR4tvH,2020,Reject,unknown,0.000000,0.000000,1.000000,0.000000,-0.000000
rkxxA24FDr,2020,Accept (Poster),unknown,0.000000,0.000000,1.000000,0.000000,0.000000
rkxZCJrtwS,2020,Reject,unknown,0.000000,0.000000,1.000000,0.000000,0.000000
rkxEKp4Fwr,2020,Reject,unknown,0.000000,0.000000,1.000000,0.000000,-0.000000
rkxNh1Stvr,2020,Accept (Poster),unknown,0.000000,0.000000,1.000000,0.000000,0.000000
rkxMKerYwr,2020,Reject,unknown,0.000000,0.000000,1.000000,0.000000,0.000000
rkxDon4Yvr,2020,Reject,unknown,0.000000,0.000000,1.000000,0.000000,0.000000
rkxKwJrKPS,2020,Reject,unknown,0.000000,0.000000,1.000000,0.000000,0.000000
rkx35lHKwB,2020,Reject,unknown,0.000000,0.000000,1.000000,0.000000,0.000000
rkxWpCNKvS,2020,Reject,unknown,0.000000,0.000000,1.000000,0.000000,0.000000
rkx1b64Fvr,2020,Reject,unknown,0.000000,0.000000,1.000000,0.000000,0.000000
rkly70EKDH,2020,Reject,accepted,1.000000,0.000000,0.000000,1.000000,1.000000
rkxDoJBYPB,2020,Accept (Poster),unknown,0.000000,0.000000,1.000000,0.000000,0.000000
rklv-a4tDB,2020,Reject,unknown,0.000000,0.000000,1.000000,0.000000,0.000000
rklp93EtwH,2020,Accept (Poster),unknown,0.000000,0.000000,1.000000,0.000000,0.000000
rkxUfANKwB,2020,Reject,unknown,0.000000,0.000000,1.000000,0.000000,0.000000
rklz16Vtvr,2020,Reject,unknown,0.000000,0.000000,1.000000,0.000000,0.000000
rklx-gSYPS,2020,Reject,unknown,0.000000,0.000000,1.000000,0.000000,0.000000
rklxF0NtDr,2020,Reject,unknown,0.000000,0.000000,1.000000,0.000000,0.000000
rkllGyBFPH,2020,Accept (Poster),accepted,0.999998,0.000000,0.000002,0.999998,0.999998
rklnDgHtDS,2020,Accept (Poster),unknown,0.000000,0.000000,1.000000,0.000000,0.000000
rklnA34twH,2020,Reject,unknown,0.000000,0.000000,1.000000,0.000000,-0.000000
rkl_f6EFPS,2020,Reject,unknown,0.000000,0.000000,1.000000,0.000000,0.000000
rklj3gBYvH,2020,Reject,unknown,0.000000,0.000000,1.000000,0.000000,0.000000
rklOg6EFwS,2020,Accept (Poster),accepted,1.000000,0.000000,0.000000,1.000000,1.000000
rklfIeSFwS,2020,Reject,unknown,0.000000,0.000000,1.000000,0.000000,0.000000
rklPITVKvS,2020,Reject,unknown,0.000000,0.000000,1.000000,0.000000,0.000000
rklw4AVtDH,2020,Reject,unknown,0.000000,0.000000,1.000000,0.000000,0.000000
rkl_Ch4YwS,2020,Reject,unknown,0.000000,0.000000,1.000000,0.000000,-0.000000
rklMnyBtPB,2020,Reject,unknown,0.000000,0.000000,1.000000,0.000000,0.000000
rkl8sJBYvH,2020,Accept (Spotlight),accepted,1.000000,0.000000,0.000000,1.000000,1.000000
rklVOnNtwH,2020,Reject,unknown,0.000000,0.000000,1.000000,0.000000,0.000000
rklEj2EFvB,2020,Accept (Spotlight),unknown,0.000000,0.000000,1.000000,0.000000,0.000000
rklB76EKPr,2020,Accept (Poster),unknown,0.000000,0.000000,1.000000,0.000000,0.000000
rklJ2CEYPH,2020,Reject,unknown,0.000000,0.000000,1.000000,0.000000,0.000000
rkl3m1BFDB,2020,Accept (Poster),accepted,1.000000,0.000000,0.000000,1.000000,1.000000
rkl2s34twS,2020,Reject,unknown,0.000000,0.000000,1.000000,0.000000,0.000000
rkl44TEtwH,2020,Reject,unknown,0.000001,0.000000,0.999999,0.000001,0.000001
rkl03ySYDH,2020,Accept (Poster),accepted,1.000000,0.000000,0.000000,1.000000,1.000000
rklbKA4YDS,2020,Accept (Poster),unknown,0.000000,0.000000,1.000000,0.000000,0.000000
rkgz2aEKDr,2020,Accept (Poster),unknown,0.000000,0.000000,1.000000,0.000000,0.000000
rkgqN1SYvr,2020,Accept (Poster),accepted,1.000000,0.000000,0.000000,1.000000,1.000000
rkl8dlHYvB,2020,Accept (Poster),unknown,0.000000,0.000000,1.000000,0.000000,0.000000
rkgl51rKDB,2020,Reject,unknown,0.000000,0.000000,1.000000,0.000000,0.000000
rkgpv2VFvr,2020,Accept (Poster),unknown,0.000000,0.000000,1.000000,0.000000,0.000000
rkgt0REKwS,2020,Accept (Poster),unknown,0.000000,0.000000,1.000000,0.000000,0.000000
rkgiURVFDS,2020,Reject,unknown,0.000000,0.000000,1.000000,0.000000,0.000000
rkgrbTNtDr,2020,Reject,unknown,0.000000,0.000000,1.000000,0.000000,0.000000
rkguLC4tPB,2020,Reject,unknown,0.000000,0.000000,1.000000,0.000000,0.000000
rkgqm0VKwB,2020,Reject,unknown,0.000000,0.000000,1.000000,0.000000,0.000000
rkgbYyHtwB,2020,Accept (Spotlight),unknown,0.000000,0.000000,1.000000,0.000000,0.000000
rkgMkCEtPB,2020,Accept (Poster),accepted,1.000000,0.000000,0.000000,1.000000,1.000000
rkgb9kSKwS,2020,Reject,unknown,0.000000,0.000000,1.000000,0.000000,0.000000
rkgOlCVYvB,2020,Accept (Poster),accepted,1.000000,0.000000,0.000000,1.000000,1.000000
ryxnY3NYPS,2020,Accept (Poster),unknown,0.000000,0.000000,1.000000,0.000000,0.000000
rkgTdkrtPH,2020,Reject,unknown,0.000000,0.000000,1.000000,0.000000,-0.000000
rkgdYhVtvH,2020,Reject,unknown,0.000000,0.000000,1.000000,0.000000,0.000000
rkgKW64FPH,2020,Reject,unknown,0.000000,0.000000,1.000000,0.000000,-0.000000
rkgQL6VFwr,2020,Reject,unknown,0.000000,0.000000,1.000000,0.000000,0.000000
rkgHY0NYwr,2020,Accept (Poster),accepted,1.000000,0.000000,0.000000,1.000000,1.000000
ryxf9CEKDr,2020,Reject,unknown,0.000000,0.000000,1.000000,0.000000,0.000000
rkgAGAVKPr,2020,Accept (Poster),accepted,1.000000,0.000000,0.000000,1.000000,1.000000
rkgCJ64tDB,2020,Reject,unknown,0.000000,0.000000,1.000000,0.000000,0.000000
rkgFXR4KPr,2020,Reject,unknown,0.000000,0.000000,1.000000,0.000000,0.000000
rkgIllBtwB,2020,Reject,unknown,0.000000,0.000000,1.000000,0.000000,0.000000
rkg8FJBYDS,2020,Reject,unknown,0.000000,0.000000,1.000000,0.000000,0.000000
ryxC-kBYDS,2020,Reject,unknown,0.000000,0.000000,1.000000,0.000000,0.000000
rkgIW1HKPB,2020,Reject,unknown,0.000000,0.000000,1.000000,0.000000,0.000000
rkgAb1Btvr,2020,Reject,unknown,0.000000,0.000000,1.000000,0.000000,0.000000
ryxOBgBFPH,2020,Reject,unknown,0.000000,0.000000,1.000000,0.000000,0.000000
rkg6sJHYDr,2020,Accept (Talk),unknown,0.000000,0.000000,1.000000,0.000000,0.000000
rkg6FgrtPB,2020,Reject,unknown,0.000000,0.000000,1.000000,0.000000,0.000000
rkg0_eHtDr,2020,Reject,unknown,0.000000,0.000000,1.000000,0.000000,0.000000
rkg3kRNKvH,2020,Reject,unknown,0.000000,0.000000,1.000000,0.000000,0.000000
rkg1ngrFPr,2020,Accept (Poster),unknown,0.000000,0.000000,1.000000,0.000000,0.000000
rkeu30EtvS,2020,Accept (Spotlight),unknown,0.000000,0.000000,1.000000,0.000000,0.000000
rkewaxrtvr,2020,Reject,unknown,0.000000,0.000000,1.000000,0.000000,0.000000
rkeuAhVKvB,2020,Accept (Poster),unknown,0.000000,0.000000,1.000000,0.000000,0.000000
rkg8xTEtvB,2020,Reject,unknown,0.000000,0.000000,1.000000,0.000000,-0.000000
rkg6PhNKDr,2020,Reject,unknown,0.000000,0.000000,1.000000,0.000000,-0.000000
ryxAY34YwB,2020,Reject,unknown,0.000000,0.000000,1.000000,0.000000,-0.000000
rkg98yBFDr,2020,Reject,unknown,0.000000,0.000000,1.000000,0.000000,0.000000
rkehoAVtvS,2020,Reject,unknown,0.000000,0.000000,1.000000,0.000000,-0.000000
rkegcC4YvS,2020,Reject,accepted,1.000000,0.000000,0.000000,1.000000,1.000000
rkeqn1rtDH,2020,Reject,unknown,0.000000,0.000000,1.000000,0.000000,0.000000
rkeeoeHYvr,2020,Reject,rejected,0.000000,1.000000,0.000001,1.000000,-0.999999
rkem91rtDB,2020,Accept (Poster),unknown,0.000000,0.000000,1.000000,0.000000,0.000000
rkej86VYvB,2020,Reject,unknown,0.000000,0.000000,1.000000,0.000000,-0.000000
rkerLaVtDr,2020,Reject,unknown,0.000000,0.000000,1.000000,0.000000,0.000000
rkecl1rtwB,2020,Accept (Poster),accepted,1.000000,0.000000,0.000000,1.000000,1.000000
rkenmREFDr,2020,Accept (Poster),unknown,0.000000,0.000000,1.000000,0.000000,0.000000
rkesVkHtDr,2020,Reject,unknown,0.000000,0.000000,1.000000,0.000000,0.000000
rketraEtPr,2020,Reject,unknown,0.000000,0.000000,1.000000,0.000000,0.000000
rkeiQlBFPB,2020,Accept (Talk),unknown,0.000000,0.000000,1.000000,0.000000,0.000000
rkeZNREFDr,2020,Reject,unknown,0.000000,0.000000,1.000000,0.000000,0.000000
rked_6NFwH,2020,Reject,unknown,0.000000,0.000000,1.000000,0.000000,0.000000
rkeUcRNtwS,2020,Reject,unknown,0.000000,0.000000,1.000000,0.000000,0.000000
rkeS1RVtPS,2020,Accept (Talk),accepted,1.000000,0.000000,0.000000,1.000000,1.000000
rkeYvaNKPr,2020,Reject,unknown,0.000000,0.000000,1.000000,0.000000,0.000000
rkgyS0VFvr,2020,Accept (Poster),unknown,0.000000,0.000000,1.000000,0.000000,-0.000000
rkgO66VKDS,2020,Accept (Poster),unknown,0.000000,0.000000,1.000000,0.000000,-0.000000
rkeZIJBYvr,2020,Accept (Talk),unknown,0.000000,0.000000,1.000000,0.000000,0.000000
rkePU0VYDr,2020,Reject,unknown,0.000000,0.000000,1.000000,0.000000,0.000000
rkeJRhNYDH,2020,Accept (Poster),accepted,1.000000,0.000000,0.000000,1.000000,1.000000
rke3U6NtwH,2020,Reject,accepted,1.000000,0.000000,0.000000,1.000000,1.000000
rJxotpNYPS,2020,Reject,accepted,1.000000,0.000000,0.000000,1.000000,1.000000
rkeO-lrYwr,2020,Reject,unknown,0.000000,0.000000,1.000000,0.000000,0.000000
rkeZ9a4Fwr,2020,Reject,unknown,0.000000,0.000000,1.000000,0.000000,0.000000
rkxZyaNtwB,2020,Accept (Spotlight),accepted,1.000000,0.000000,0.000000,1.000000,1.000000
rJxok1BYPr,2020,Reject,unknown,0.000000,0.000000,1.000000,0.000000,0.000000
rJxWxxSYvB,2020,Accept (Poster),unknown,0.000000,0.000000,1.000000,0.000000,0.000000
rJxwDTVFDB,2020,Reject,unknown,0.000000,0.000000,1.000000,0.000000,0.000000
rJxq3kHKPH,2020,Reject,accepted,1.000000,0.000000,0.000000,1.000000,1.000000
rJxYMCEFDr,2020,Reject,unknown,0.000000,0.000000,1.000000,0.000000,0.000000
rJxbJeHFPS,2020,Accept (Spotlight),unknown,0.000000,0.000000,1.000000,0.000000,0.000000
ryeEr0EFvS,2020,Reject,unknown,0.000000,0.000000,1.000000,0.000000,0.000000
rke3OxSKwr,2020,Reject,unknown,0.000000,0.000000,1.000000,0.000000,0.000000
rkedXgrKDH,2020,Reject,unknown,0.000000,0.000000,1.000000,0.000000,0.000000
rJxRJeStvB,2020,Reject,unknown,0.000000,0.000000,1.000000,0.000000,0.000000
rygRP2VYwB,2020,Reject,unknown,0.000000,0.000000,1.000000,0.000000,0.000000
rJx8I1rFwr,2020,Reject,accepted,1.000000,0.000000,0.000000,1.000000,1.000000
rJxRmlStDB,2020,Reject,unknown,0.000001,0.000000,0.999999,0.000001,0.000001
rJxAo2VYwr,2020,Accept (Poster),accepted,1.000000,0.000000,0.000000,1.000000,1.000000
rJxyqkSYDH,2020,Reject,unknown,0.000000,0.000000,1.000000,0.000000,-0.000000
rJxGGlSKwH,2020,Reject,unknown,0.000000,0.000000,1.000000,0.000000,0.000000
rJxvD3VKvr,2020,Reject,unknown,0.000000,0.000000,1.000000,0.000000,0.000000
ryeFY0EFwS,2020,Accept (Poster),unknown,0.000000,0.000000,1.000000,0.000000,0.000000
rJxcBpNKPr,2020,Reject,unknown,0.000000,0.000000,1.000000,0.000000,0.000000
rJlnxkSYPS,2020,Accept (Poster),unknown,0.000000,0.000000,1.000000,0.000000,0.000000
rJx7wlSYvB,2020,Reject,unknown,0.000000,0.000000,1.000000,0.000000,0.000000
rJx2slSKDS,2020,Reject,unknown,0.000000,0.000000,1.000000,0.000000,0.000000
rklhqkHFDB,2020,Reject,unknown,0.000000,0.000000,1.000000,0.000000,0.000000
rJx9vaVtDS,2020,Reject,unknown,0.000000,0.000000,1.000000,0.000000,-0.000000
rJld3hEYvS,2020,Accept (Poster),unknown,0.000000,0.000000,1.000000,0.000000,0.000000
rkeIIkHKvS,2020,Accept (Poster),unknown,0.000000,0.000000,1.000000,0.000000,0.000000
rJxFpp4Fvr,2020,Reject,unknown,0.000000,0.000000,1.000000,0.000000,0.000000
rJlVdREKDS,2020,Reject,unknown,0.000000,0.000000,1.000000,0.000000,-0.000000
rJlk71rYvH,2020,Reject,unknown,0.000000,0.000000,1.000000,0.000000,0.000000
rJleFREKDr,2020,Reject,unknown,0.000000,0.000000,1.000000,0.000000,0.000000
rJlqoTEtDB,2020,Reject,unknown,0.000000,0.000000,1.000000,0.000000,0.000000
rJlcLaVFvB,2020,Reject,unknown,0.000000,0.000000,1.000000,0.000000,0.000000
rJl31TNYPr,2020,Accept (Poster),accepted,0.999999,0.000000,0.000001,0.999999,0.999999
rJlDoT4twr,2020,Reject,unknown,0.000000,0.000000,1.000000,0.000000,0.000000
rJl5MeHKvB,2020,Reject,unknown,0.000000,0.000000,1.000000,0.000000,-0.000000
rJleKgrKwS,2020,Accept (Poster),unknown,0.000000,0.000000,1.000000,0.000000,0.000000
rJl5rRVFvH,2020,Reject,accepted,1.000000,0.000000,0.000000,1.000000,1.000000
rJlwAa4YwS,2020,Reject,unknown,0.000000,0.000000,1.000000,0.000000,0.000000
rJlYsn4YwS,2020,Reject,unknown,0.000000,0.000000,1.000000,0.000000,0.000000
rJlDO64KPH,2020,Reject,unknown,0.000000,0.000000,1.000000,0.000000,0.000000
rJlTXxSFPr,2020,Reject,unknown,0.000000,0.000000,1.000000,0.000000,0.000000
rJljdh4KDH,2020,Accept (Spotlight),unknown,0.000000,0.000000,1.000000,0.000000,0.000000
rJgsskrFwH,2020,Accept (Spotlight),unknown,0.000000,0.000000,1.000000,0.000000,-0.000000
rJguRyBYvr,2020,Reject,unknown,0.000000,0.000000,1.000000,0.000000,0.000000
rJgzzJHtDB,2020,Accept (Poster),accepted,1.000000,0.000000,0.000000,1.000000,1.000000
rJl05AVtwB,2020,Reject,accepted,1.000000,0.000000,0.000000,1.000000,1.000000
rJl3YC4YPH,2020,Reject,accepted,1.000000,0.000000,0.000000,1.000000,1.000000
rJx0Q6EFPB,2020,Reject,unknown,0.000000,0.000000,1.000000,0.000000,-0.000000
rJgPFgHFwr,2020,Reject,unknown,0.000000,0.000000,1.000000,0.000000,0.000000
rJgUfTEYvH,2020,Accept (Poster),unknown,0.000000,0.000000,1.000000,0.000000,0.000000
rJgLlAVYPr,2020,Reject,unknown,0.000000,0.000000,1.000000,0.000000,-0.000000
rJl0ceBtDH,2020,Reject,unknown,0.000000,0.000000,1.000000,0.000000,0.000000
rJgD2ySFDr,2020,Reject,unknown,0.000000,0.000000,1.000000,0.000000,-0.000000
rJgE9CEYPS,2020,Reject,unknown,0.000000,0.000000,1.000000,0.000000,0.000000
rJlUhhVYvS,2020,Reject,unknown,0.000000,0.000000,1.000000,0.000000,-0.000000
rJgFDnEYPr,2020,Reject,unknown,0.000000,0.000000,1.000000,0.000000,0.000000
rJgRMkrtDr,2020,Reject,unknown,0.000000,0.000000,1.000000,0.000000,0.000000
rJgqalBKvH,2020,Reject,unknown,0.000000,0.000000,1.000000,0.000000,0.000000
rJg851rYwH,2020,Reject,accepted,1.000000,0.000000,0.000000,1.000000,1.000000
rJgSk04tDH,2020,Reject,unknown,0.000000,0.000000,1.000000,0.000000,0.000000
rJgCOySYwH,2020,Reject,unknown,0.000000,0.000000,1.000000,0.000000,0.000000
rJgBd2NYPH,2020,Accept (Poster),unknown,0.000000,0.000000,1.000000,0.000000,0.000000
rJg3zxBYwH,2020,Reject,unknown,0.000000,0.000000,1.000000,0.000000,0.000000
rJg76kStwH,2020,Accept (Poster),unknown,0.000000,0.000000,1.000000,0.000000,0.000000
rJeqeCEtvH,2020,Accept (Poster),unknown,0.000000,0.000000,1.000000,0.000000,0.000000
rJgqjREtvS,2020,Reject,unknown,0.000000,0.000000,1.000000,0.000000,-0.000000
rJg9OANFwS,2020,Reject,unknown,0.000000,0.000000,1.000000,0.000000,0.000000
rJel41BtDH,2020,Reject,accepted,1.000000,0.000000,0.000000,1.000000,1.000000
rJejta4KDS,2020,Reject,unknown,0.000000,0.000000,1.000000,0.000000,-0.000000
rJg7BA4YDr,2020,Reject,unknown,0.000000,0.000000,1.000000,0.000000,0.000000
rJg46kHYwH,2020,Reject,unknown,0.000000,0.000000,1.000000,0.000000,0.000000
rJgHC2VKvB,2020,Reject,unknown,0.000000,0.000000,1.000000,0.000000,0.000000
rJeuMREKwS,2020,Reject,unknown,0.000000,0.000000,1.000000,0.000000,0.000000
rJehf0VKwS,2020,Reject,unknown,0.000000,0.000000,1.000000,0.000000,0.000000
rJehNT4YPr,2020,Accept (Poster),accepted,1.000000,0.000000,0.000000,1.000000,1.000000
rJg8NertPr,2020,Reject,unknown,0.000000,0.000000,1.000000,0.000000,-0.000000
rJerHlrYwH,2020,Reject,unknown,0.000000,0.000000,1.000000,0.000000,0.000000
rJgDT04twH,2020,Reject,unknown,0.000000,0.000000,1.000000,0.000000,0.000000
rJebgkSFDB,2020,Reject,accepted,1.000000,0.000000,0.000000,1.000000,1.000000
rJeeKTNKDB,2020,Reject,unknown,0.000000,0.000000,1.000000,0.000000,0.000000
rJecSyHtDS,2020,Reject,unknown,0.000000,0.000000,1.000000,0.000000,0.000000
rJg8TeSFDH,2020,Accept (Spotlight),unknown,0.000000,0.000000,1.000000,0.000000,0.000000
rJeg7TEYwB,2020,Accept (Poster),unknown,0.000000,0.000000,1.000000,0.000000,0.000000
rJecbgHtDH,2020,Reject,unknown,0.000000,0.000000,1.000000,0.000000,0.000000
rJehVyrKwH,2020,Accept (Spotlight),unknown,0.000000,0.000000,1.000000,0.000000,0.000000
rJeW1yHYwH,2020,Accept (Poster),accepted,1.000000,0.000000,0.000000,1.000000,1.000000
rJehllrtDS,2020,Reject,unknown,0.000000,0.000000,1.000000,0.000000,0.000000
rJe_cyrKPB,2020,Reject,unknown,0.000000,0.000000,1.000000,0.000000,0.000000
rJeO3aVKPB,2020,Reject,unknown,0.000000,0.000000,1.000000,0.000000,0.000000
rJePwgSYwB,2020,Reject,unknown,0.000000,0.000000,1.000000,0.000000,-0.000000
rJeQoCNYDS,2020,Accept (Poster),unknown,0.000000,0.000000,1.000000,0.000000,0.000000
rJeXDANKwr,2020,Reject,unknown,0.000000,0.000000,1.000000,0.000000,0.000000
rJeU_1SFvr,2020,Reject,unknown,0.000000,0.000000,1.000000,0.000000,-0.000000
rJeINp4KwH,2020,Accept (Poster),unknown,0.000000,0.000000,1.000000,0.000000,0.000000
rJe5_CNtPB,2020,Reject,accepted,1.000000,0.000000,0.000000,1.000000,1.000000
rJeXS04FPH,2020,Accept (Poster),unknown,0.000000,0.000000,1.000000,0.000000,0.000000
rJeIcTNtvS,2020,Accept (Poster),unknown,0.000000,0.000000,1.000000,0.000000,0.000000
rJeBJJBYDB,2020,Reject,unknown,0.000000,0.000000,1.000000,0.000000,-0.000000
rJeidA4KvS,2020,Reject,unknown,0.000000,0.000000,1.000000,0.000000,0.000000
rJeIGkBKPS,2020,Reject,unknown,0.000000,0.000000,1.000000,0.000000,0.000000
rJe9fTNtPS,2020,Reject,unknown,0.000000,0.000000,1.000000,0.000000,0.000000
rJe9lpEFDH,2020,Reject,unknown,0.000000,0.000000,1.000000,0.000000,0.000000
r1xwA34KDB,2020,Reject,accepted,1.000000,0.000000,0.000000,1.000000,1.000000
r1xxKJBKvr,2020,Reject,accepted,1.000000,0.000000,0.000000,1.000000,1.000000
rJeA_aVtPB,2020,Reject,unknown,0.000000,0.000000,1.000000,0.000000,-0.000000
rJe8pxSFwr,2020,Reject,unknown,0.000000,0.000000,1.000000,0.000000,0.000000
r1xapAEKwS,2020,Reject,unknown,0.000000,0.000000,1.000000,0.000000,0.000000
rJe1DTNYPH,2020,Reject,unknown,0.000000,0.000000,1.000000,0.000000,0.000000
rJe04p4YDB,2020,Reject,unknown,0.000000,0.000000,1.000000,0.000000,0.000000
rJe2syrtvS,2020,Accept (Spotlight),accepted,1.000000,0.000000,0.000000,1.000000,1.000000
r1xo9grKPr,2020,Reject,unknown,0.000000,0.000000,1.000000,0.000000,0.000000
r1xfECEKvr,2020,Reject,unknown,0.000000,0.000000,1.000000,0.000000,-0.000000
rJeB36NKvB,2020,Accept (Spotlight),unknown,0.000000,0.000000,1.000000,0.000000,0.000000
rJeB22VFvS,2020,Reject,unknown,0.000000,0.000000,1.000000,0.000000,-0.000000
r1xpF0VYDS,2020,Reject,unknown,0.000000,0.000000,1.000000,0.000000,-0.000000
r1xbj2VKvr,2020,Reject,unknown,0.000000,0.000000,1.000000,0.000000,0.000000
r1xMH1BtvB,2020,Accept (Poster),accepted,1.000000,0.000000,0.000000,1.000000,1.000000
r1xPh2VtPB,2020,Accept (Poster),unknown,0.000000,0.000000,1.000000,0.000000,-0.000000
r1xNJ0NYDH,2020,Reject,unknown,0.000000,0.000000,1.000000,0.000000,0.000000
rJeGJaEtPH,2020,Reject,unknown,0.000000,0.000000,1.000000,0.000000,0.000000
r1xZAkrFPr,2020,Reject,unknown,0.000000,0.000000,1.000000,0.000000,0.000000
r1xjgxBFPB,2020,Reject,accepted,1.000000,0.000000,0.000000,1.000000,1.000000
r1xH5xHYwH,2020,Reject,accepted,1.000000,0.000000,0.000000,1.000000,1.000000
rJe7CkrFvS,2020,Reject,unknown,0.000000,0.000000,1.000000,0.000000,0.000000
r1x_DaVKwH,2020,Reject,accepted,1.000000,0.000000,0.000000,1.000000,1.000000
r1x0lxrFPS,2020,Accept (Poster),accepted,1.000000,0.000000,0.000000,1.000000,1.000000
r1xQNlBYPS,2020,Reject,unknown,0.000000,0.000000,1.000000,0.000000,0.000000
r1xF7lSYDS,2020,Reject,unknown,0.000000,0.000000,1.000000,0.000000,0.000000
r1xI-gHFDH,2020,Reject,unknown,0.000000,0.000000,1.000000,0.000000,0.000000
r1x3unVKPS,2020,Reject,unknown,0.000000,0.000000,1.000000,0.000000,0.000000
r1xHxgrKwr,2020,Reject,unknown,0.000000,0.000000,1.000000,0.000000,0.000000
r1xGnA4Kvr,2020,Accept (Poster),unknown,0.000000,0.000000,1.000000,0.000000,0.000000
rJe4_xSFDB,2020,Accept (Poster),unknown,0.000000,0.000000,1.000000,0.000000,0.000000
r1x63grFvH,2020,Reject,unknown,0.000000,0.000000,1.000000,0.000000,0.000000
r1lnigSFDr,2020,Reject,unknown,0.000000,0.000000,1.000000,0.000000,0.000000
r1nSxrKPH,2020,Reject,unknown,0.000000,0.000000,1.000000,0.000000,0.000000
r1lh6C4FDr,2020,Reject,unknown,0.000000,0.000000,1.000000,0.000000,0.000000
r1ltgp4FwS,2020,Reject,unknown,0.000000,0.000000,1.000000,0.000000,0.000000
r1lfF2NYvH,2020,Accept (Spotlight),accepted,1.000000,0.000000,0.000000,1.000000,1.000000
r1xGP6VYwH,2020,Accept (Poster),unknown,0.000000,0.000000,1.000000,0.000000,0.000000
r1lfga4KvS,2020,Reject,unknown,0.000000,0.000000,1.000000,0.000000,0.000000
r1ltnp4KwS,2020,Reject,unknown,0.000000,0.000000,1.000000,0.000000,0.000000
r1ln504YvH,2020,Reject,unknown,0.000000,0.000000,1.000000,0.000000,0.000000
r1xCMyBtPS,2020,Accept (Poster),unknown,0.000000,0.000000,1.000000,0.000000,0.000000
r1xa9TVFvH,2020,Reject,unknown,0.000000,0.000000,1.000000,0.000000,0.000000
r1lkKn4KDS,2020,Reject,unknown,0.000000,0.000000,1.000000,0.000000,0.000000
r1lclxBYDS,2020,Reject,unknown,0.000000,0.000000,1.000000,0.000000,0.000000
r1lUdpVtwB,2020,Reject,unknown,0.000000,0.000000,1.000000,0.000000,0.000000
r1lUl6NFDH,2020,Reject,unknown,0.000000,0.000000,1.000000,0.000000,0.000000
r1laNeBYPB,2020,Accept (Poster),unknown,0.000000,0.000000,1.000000,0.000000,0.000000
r1la7krKPS,2020,Reject,unknown,0.000000,0.000000,1.000000,0.000000,0.000000
r1lIKlSYvH,2020,Reject,accepted,1.000000,0.000000,0.000000,1.000000,1.000000
r1lHAAVtwr,2020,Reject,unknown,0.000000,0.000000,1.000000,0.000000,0.000000
r1lEjlHKPH,2020,Reject,unknown,0.000000,0.000000,1.000000,0.000000,0.000000
r1lPleBFvH,2020,Accept (Poster),unknown,0.000000,0.000000,1.000000,0.000000,0.000000
r1lGO0EKDH,2020,Accept (Talk),unknown,0.000000,0.000000,1.000000,0.000000,0.000000
r1lF_CEYwS,2020,Accept (Poster),unknown,0.000000,0.000000,1.000000,0.000000,0.000000
r1lQQeHYPr,2020,Reject,unknown,0.000000,0.000000,1.000000,0.000000,0.000000
r1gzoaNtvr,2020,Reject,accepted,1.000000,0.000000,0.000000,1.000000,1.000000
r1l-HTNtDB,2020,Reject,accepted,0.999992,0.000000,0.000007,0.999993,0.999992
r1lczkHKPr,2020,Reject,unknown,0.000000,0.000000,1.000000,0.000000,0.000000
r1l0VCNKwB,2020,Reject,unknown,0.000000,0.000000,1.000000,0.000000,-0.000000
r1lOgyrKDS,2020,Accept (Poster),unknown,0.000000,0.000000,1.000000,0.000000,0.000000
r1lZgyBYwS,2020,Accept (Poster),unknown,0.000000,0.000000,1.000000,0.000000,-0.000000
r1lEd64YwH,2020,Reject,unknown,0.000000,0.000000,1.000000,0.000000,0.000000
r1gzdhEKvH,2020,Reject,unknown,0.000000,0.000000,1.000000,0.000000,0.000000
r1l7E1HFPH,2020,Reject,unknown,0.000000,0.000000,1.000000,0.000000,0.000000
r1glygHtDB,2020,Reject,unknown,0.000000,0.000000,1.000000,0.000000,0.000000
r1gx60NKPS,2020,Reject,unknown,0.000000,0.000000,1.000000,0.000000,0.000000
r1l-5pEtDr,2020,Reject,unknown,0.000000,0.000000,1.000000,0.000000,0.000000
r1glDpNYwS,2020,Reject,accepted,0.999999,0.000001,0.000000,1.000000,0.999999
r1lZ7AEKvB,2020,Accept (Spotlight),unknown,0.000000,0.000000,1.000000,0.000000,0.000000
r1l-VeSKwS,2020,Reject,rejected,0.000000,1.000000,0.000000,1.000000,-1.000000
r1l1myStwr,2020,Reject,unknown,0.000000,0.000000,1.000000,0.000000,0.000000
r1lL4a4tDB,2020,Accept (Poster),unknown,0.000000,0.000000,1.000000,0.000000,0.000000
r1lnxTEYPS,2020,Reject,unknown,0.000000,0.000000,1.000000,0.000000,0.000000
r1gixp4FPH,2020,Accept (Poster),unknown,0.000000,0.000000,1.000000,0.000000,0.000000
r1gPoCEKvH,2020,Reject,accepted,1.000000,0.000000,0.000000,1.000000,1.000000
r1ghgxHtPH,2020,Reject,unknown,0.000000,0.000000,1.000000,0.000000,0.000000
r1gelyrtwH,2020,Accept (Poster),unknown,0.000000,0.000000,1.000000,0.000000,0.000000
r1geR1BKPr,2020,Reject,unknown,0.000000,0.000000,1.000000,0.000000,0.000000
r1gRTCVFvB,2020,Accept (Poster),accepted,1.000000,0.000000,0.000000,1.000000,1.000000
r1gV3nVKPS,2020,Reject,unknown,0.000000,0.000000,1.000000,0.000000,-0.000000
r1gIdySFPH,2020,Reject,accepted,1.000000,0.000000,0.000000,1.000000,1.000000
r1g6ogrtDr,2020,Accept (Poster),unknown,0.000000,0.000000,1.000000,0.000000,0.000000
r1gc3lBFPH,2020,Reject,unknown,0.000000,0.000000,1.000000,0.000000,0.000000
r1gBOxSFwr,2020,Reject,unknown,0.000000,0.000000,1.000000,0.000000,0.000000
r1gdj2EKPB,2020,Accept (Poster),accepted,0.999999,0.000000,0.000000,1.000000,0.999999
r1gIwgSYwr,2020,Reject,unknown,0.000000,0.000000,1.000000,0.000000,0.000000
r1gIa0NtDH,2020,Reject,unknown,0.000000,0.000000,1.000000,0.000000,-0.000000
r1gNLAEFPS,2020,Reject,unknown,0.000000,0.000000,1.000000,0.000000,0.000000
r1gfQgSFDr,2020,Accept (Talk),unknown,0.000000,0.000000,1.000000,0.000000,0.000000
r1etN1rtPB,2020,Accept (Talk),accepted,1.000000,0.000000,0.000000,1.000000,1.000000
r1gEXgBYDH,2020,Reject,unknown,0.000000,0.000000,1.000000,0.000000,0.000000
r1g6MCEtwr,2020,Reject,unknown,0.000000,0.000000,1.000000,0.000000,0.000000
r1ezqaEFPr,2020,Reject,unknown,0.000000,0.000000,1.000000,0.000000,-0.000000
r1eyceSYPr,2020,Accept (Spotlight),unknown,0.000000,0.000000,1.000000,0.000000,-0.000000
r1eiu2VtwH,2020,Accept (Poster),accepted,1.000000,0.000000,0.000000,1.000000,1.000000
r1g1CAEKDH,2020,Reject,unknown,0.000000,0.000000,1.000000,0.000000,-0.000000
r1g87C4KwB,2020,Accept (Spotlight),unknown,0.000000,0.000000,1.000000,0.000000,0.000000
r1ecqn4YwB,2020,Accept (Poster),accepted,1.000000,0.000000,0.000000,1.000000,1.000000
r1eX1yrKwB,2020,Reject,unknown,0.000000,0.000000,1.000000,0.000000,0.000000
r1eVXa4KvH,2020,Reject,unknown,0.000000,0.000000,1.000000,0.000000,-0.000000
r1eowANFvr,2020,Accept (Poster),unknown,0.000000,0.000000,1.000000,0.000000,0.000000
r1evOhEKvH,2020,Accept (Poster),unknown,0.000000,0.000000,1.000000,0.000000,0.000000
r1egIyBFPS,2020,Accept (Poster),unknown,0.000000,0.000000,1.000000,0.000000,0.000000
r1eh30NFwB,2020,Reject,unknown,0.000000,0.000000,1.000000,0.000000,0.000000
r1erNxBtwr,2020,Reject,rejected,0.000000,0.999999,0.000001,0.999999,-0.999999
r1eU1gHFvH,2020,Reject,unknown,0.000000,0.000000,1.000000,0.000000,0.000000
r1eOnh4YPB,2020,Reject,unknown,0.000000,0.000000,1.000000,0.000000,0.000000
r1e9GCNKvH,2020,Accept (Poster),accepted,1.000000,0.000000,0.000000,1.000000,1.000000
r1eIiCNYwS,2020,Accept (Poster),unknown,0.000000,0.000000,1.000000,0.000000,0.000000
r1e_FpNFDr,2020,Accept (Poster),unknown,0.000000,0.000000,1.000000,0.000000,0.000000
r1eCukHYDH,2020,Reject,unknown,0.000000,0.000000,1.000000,0.000000,0.000000
r1eCy0NtDH,2020,Reject,unknown,0.000000,0.000000,1.000000,0.000000,0.000000
r1e7NgrYvH,2020,Reject,accepted,1.000000,0.000000,0.000000,1.000000,1.000000
r1eBeyHFDH,2020,Accept (Talk),unknown,0.000000,0.000000,1.000000,0.000000,0.000000
r1e8WTEYPB,2020,Reject,unknown,0.000000,0.000000,1.000000,0.000000,0.000000
r1eQeCEYwB,2020,Reject,unknown,0.000000,0.000000,1.000000,0.000000,0.000000
r1e0G04Kvr,2020,Reject,rejected,0.000000,1.000000,0.000000,1.000000,-1.000000
r1e4MkSFDr,2020,Reject,accepted,1.000000,0.000000,0.000000,1.000000,1.000000
r1e7M6VYwH,2020,Reject,unknown,0.000000,0.000000,1.000000,0.000000,-0.000000
Syxwsp4KDB,2020,Reject,unknown,0.000000,0.000000,1.000000,0.000000,-0.000000
r1genAVKPB,2020,Accept (Spotlight),unknown,0.000000,0.000000,1.000000,0.000000,0.000000
Syxss0EYPS,2020,Reject,unknown,0.000000,0.000000,1.000000,0.000000,0.000000
SyxiRJStwr,2020,Reject,unknown,0.000000,0.000000,1.000000,0.000000,0.000000
Syxp-1HtvB,2020,Reject,unknown,0.000000,0.000000,1.000000,0.000000,0.000000
Syx_f6EFPr,2020,Reject,unknown,0.000000,0.000000,1.000000,0.000000,0.000000
r1e30AEKPr,2020,Reject,unknown,0.000000,0.000000,1.000000,0.000000,0.000000
r1eVX0EFvH,2020,Reject,unknown,0.000000,0.000000,1.000000,0.000000,0.000000
SyxV9ANFDH,2020,Accept (Poster),unknown,0.000000,0.000000,1.000000,0.000000,-0.000000
r1enqkBtwr,2020,Reject,unknown,0.000000,0.000000,1.000000,0.000000,-0.000000
SyxhVkrYvr,2020,Accept (Poster),unknown,0.000000,0.000000,1.000000,0.000000,0.000000
SyxhaxBKPS,2020,Reject,rejected,0.000000,1.000000,0.000000,1.000000,-1.000000
r1e8qpVKPS,2020,Reject,unknown,0.000000,0.000000,1.000000,0.000000,0.000000
SyxXWC4KPB,2020,Reject,accepted,1.000000,0.000000,0.000000,1.000000,1.000000
SyxdC6NKwH,2020,Reject,unknown,0.000000,0.000000,1.000000,0.000000,0.000000
Syxc1yrKvr,2020,Reject,unknown,0.000000,0.000000,1.000000,0.000000,-0.000000
SyxKrySYPr,2020,Reject,accepted,1.000000,0.000000,0.000000,1.000000,1.000000
SyxjVRVKDB,2020,Reject,unknown,0.000000,0.000000,1.000000,0.000000,0.000000
r1eWdlBFwS,2020,Reject,unknown,0.000000,0.000000,1.000000,0.000000,0.000000
SyxS0T4tvS,2020,Reject,accepted,1.000000,0.000000,0.000000,1.000000,1.000000
SyxTZ1HYwB,2020,Reject,unknown,0.000000,0.000000,1.000000,0.000000,0.000000
r1e74a4twH,2020,Reject,unknown,0.000000,0.000000,1.000000,0.000000,-0.000000
SyxDXJStPS,2020,Reject,unknown,0.000000,0.000000,1.000000,0.000000,0.000000
SyxJU64twr,2020,Reject,unknown,0.000000,0.000000,1.000000,0.000000,0.000000
SyxGoJrtPr,2020,Reject,unknown,0.000000,0.000000,1.000000,0.000000,0.000000
SyxM51BYPB,2020,Reject,unknown,0.000000,0.000000,1.000000,0.000000,-0.000000
SyxrxR4KPS,2020,Accept (Spotlight),unknown,0.000000,0.000000,1.000000,0.000000,0.000000
SyxIterYwS,2020,Reject,unknown,0.000000,0.000000,1.000000,0.000000,0.000000
SyxL2TNtvr,2020,Accept (Poster),unknown,0.000000,0.000000,1.000000,0.000000,0.000000
SyxD7lrFPH,2020,Reject,unknown,0.000000,0.000000,1.000000,0.000000,0.000000
Syx7WyBtwB,2020,Reject,accepted,1.000000,0.000000,0.000000,1.000000,1.000000
SyxBgkBFPS,2020,Reject,unknown,0.000000,0.000000,1.000000,0.000000,0.000000
Syx9Q1rYvH,2020,Reject,unknown,0.000000,0.000000,1.000000,0.000000,0.000000
Syx5eT4KDS,2020,Reject,unknown,0.000000,0.000000,1.000000,0.000000,0.000000
Syx7A3NFvH,2020,Accept (Poster),unknown,0.000000,0.000000,1.000000,0.000000,0.000000
Syx33erYwH,2020,Reject,accepted,1.000000,0.000000,0.000000,1.000000,1.000000
Syx4wnEtvH,2020,Accept (Poster),accepted,1.000000,0.000000,0.000000,1.000000,1.000000
Syx1DkSYwB,2020,Accept (Poster),unknown,0.000000,0.000000,1.000000,0.000000,0.000000
SylpBgrKPH,2020,Reject,accepted,1.000000,0.000000,0.000000,1.000000,1.000000
SyxC9TEtPH,2020,Reject,unknown,0.000000,0.000000,1.000000,0.000000,0.000000
Syx9ET4YPB,2020,Reject,unknown,0.000000,0.000000,1.000000,0.000000,0.000000
SylkYeHtwr,2020,Accept (Spotlight),accepted,1.000000,0.000000,0.000000,1.000000,1.000000
SylurJHFPS,2020,Reject,unknown,0.000000,0.000000,1.000000,0.000000,0.000000
SylwBpNKDr,2020,Reject,rejected,0.000000,1.000000,0.000000,1.000000,-1.000000
Sylgsn4Fvr,2020,Accept (Poster),accepted,1.000000,0.000000,0.000000,1.000000,1.000000
SyxIWpVYvr,2020,Accept (Poster),unknown,0.000000,0.000000,1.000000,0.000000,0.000000
Syx-bCEFPS,2020,Reject,unknown,0.000000,0.000000,1.000000,0.000000,0.000000
SylR-CEKDS,2020,Reject,unknown,0.000000,0.000000,1.000000,0.000000,0.000000
SylzhkBtDB,2020,Accept (Poster),unknown,0.000000,0.000000,1.000000,0.000000,0.000000
SyljQyBFDH,2020,Accept (Poster),unknown,0.000000,0.000000,1.000000,0.000000,0.000000
SylkzaEYPS,2020,Reject,unknown,0.000000,0.000000,1.000000,0.000000,-0.000000
SylKikSYDH,2020,Accept (Poster),accepted,1.000000,0.000000,0.000000,1.000000,1.000000
SylVJTNKDr,2020,Reject,unknown,0.000000,0.000000,1.000000,0.000000,0.000000
SylUiREKvB,2020,Reject,unknown,0.000000,0.000000,1.000000,0.000000,0.000000
SylVNerFvr,2020,Accept (Poster),unknown,0.000000,0.000000,1.000000,0.000000,0.000000
SylUzpNFDS,2020,Reject,unknown,0.000000,0.000000,1.000000,0.000000,0.000000
SylL0krYPS,2020,Accept (Poster),unknown,0.000000,0.000000,1.000000,0.000000,0.000000
Syl5o2EFPB,2020,Reject,unknown,0.000000,0.000000,1.000000,0.000000,0.000000
SylOlp4FvH,2020,Accept (Poster),unknown,0.000000,0.000000,1.000000,0.000000,0.000000
Syl38yrFwr,2020,Reject,accepted,1.000000,0.000000,0.000000,1.000000,1.000000
Syld53NtvH,2020,Reject,unknown,0.000000,0.000000,1.000000,0.000000,0.000000
SylWNC4FPH,2020,Reject,unknown,0.000000,0.000000,1.000000,0.000000,0.000000
SylO2yStDr,2020,Accept (Poster),unknown,0.000000,0.000000,1.000000,0.000000,0.000000
SygpC6Ntvr,2020,Accept (Poster),unknown,0.000000,0.000000,1.000000,0.000000,0.000000
SylR6n4tPS,2020,Reject,unknown,0.000000,0.000000,1.000000,0.000000,0.000000
SylGpT4FPS,2020,Reject,accepted,1.000000,0.000000,0.000000,1.000000,0.999999
Sygn20VtwH,2020,Reject,unknown,0.000000,0.000000,1.000000,0.000000,-0.000000
Sygg3JHtwB,2020,Reject,unknown,0.000000,0.000000,1.000000,0.000000,-0.000000
SygkSkSFDB,2020,Reject,unknown,0.000000,0.000000,1.000000,0.000000,0.000000
SygeY1SYvr,2020,Reject,accepted,1.000000,0.000000,0.000000,1.000000,1.000000
SygfNCEYDH,2020,Reject,unknown,0.000000,0.000000,1.000000,0.000000,0.000000
SygW0TEFwH,2020,Accept (Poster),accepted,1.000000,0.000000,0.000000,1.000000,1.000000
Syl89aNYwS,2020,Reject,unknown,0.000000,0.000000,1.000000,0.000000,0.000000
SyglyANFDr,2020,Reject,rejected,0.000000,1.000000,0.000000,1.000000,-1.000000
SygcSlHFvS,2020,Reject,unknown,0.000000,0.000000,1.000000,0.000000,0.000000
SygKyeHKDH,2020,Accept (Poster),accepted,1.000000,0.000000,0.000000,1.000000,1.000000
Syl-xpNtwS,2020,Reject,unknown,0.000000,0.000000,1.000000,0.000000,0.000000
SygagpEKwB,2020,Accept (Poster),unknown,0.000000,0.000000,1.000000,0.000000,0.000000
SygLu0VtPH,2020,Reject,unknown,0.000000,0.000000,1.000000,0.000000,0.000000
SygcCnNKwr,2020,Accept (Poster),unknown,0.000000,0.000000,1.000000,0.000000,0.000000
Syg6jTNtDH,2020,Reject,unknown,0.000000,0.000000,1.000000,0.000000,0.000000
SygWvAVFPr,2020,Accept (Poster),unknown,0.000000,0.000000,1.000000,0.000000,0.000000
SygD31HFvB,2020,Reject,unknown,0.000000,0.000000,1.000000,0.000000,0.000000
SygSLlStwS,2020,Reject,accepted,1.000000,0.000000,0.000000,1.000000,1.000000
Syg7VaNYPB,2020,Reject,unknown,0.000000,0.000000,1.000000,0.000000,0.000000
SyevDaVYwr,2020,Reject,accepted,1.000000,0.000000,0.000000,1.000000,1.000000
SygBIxSFDS,2020,Reject,unknown,0.000000,0.000000,1.000000,0.000000,0.000000
SyevYxHtDB,2020,Accept (Poster),accepted,0.999997,0.000000,0.000002,0.999998,0.999997
Syetja4KPH,2020,Reject,unknown,0.000000,0.000000,1.000000,0.000000,0.000000
Syeu8CNYvS,2020,Reject,accepted,1.000000,0.000000,0.000000,1.000000,1.000000
Syx79eBKwr,2020,Accept (Spotlight),unknown,0.000000,0.000000,1.000000,0.000000,0.000000
SyezSCNYPB,2020,Reject,unknown,0.000000,0.000000,1.000000,0.000000,0.000000
SygEukHYvB,2020,Reject,unknown,0.000000,0.000000,1.000000,0.000000,0.000000
Syee1pVtDS,2020,Reject,unknown,0.000000,0.000000,1.000000,0.000000,0.000000
Syg-ET4FPS,2020,Accept (Talk),unknown,0.000000,0.000000,1.000000,0.000000,0.000000
SyegvgHtwr,2020,Reject,unknown,0.000000,0.000000,1.000000,0.000000,0.000000
Syejj0NYvr,2020,Reject,unknown,0.000000,0.000000,1.000000,0.000000,0.000000
SyecdJSKvr,2020,Reject,unknown,0.000000,0.000000,1.000000,0.000000,0.000000
SygRikHtvS,2020,Reject,unknown,0.000000,0.000000,1.000000,0.000000,0.000000
SyeyF0VtDr,2020,Reject,unknown,0.000000,0.000000,1.000000,0.000000,0.000000
SyedHyBFwS,2020,Reject,unknown,0.000000,0.000000,1.000000,0.000000,0.000000
Syl-_aVtvH,2020,Reject,unknown,0.000000,0.000000,1.000000,0.000000,0.000000
SyeZIkrKwS,2020,Reject,unknown,0.000000,0.000000,1.000000,0.000000,-0.000000
SyeYiyHFDH,2020,Reject,unknown,0.000000,0.000000,1.000000,0.000000,0.000000
SyeRIgBYDB,2020,Reject,unknown,0.000000,0.000000,1.000000,0.000000,0.000000
Sye_OgHFwH,2020,Accept (Poster),unknown,0.000000,0.000000,1.000000,0.000000,0.000000
SkxybANtDB,2020,Accept (Poster),unknown,0.000000,0.000000,1.000000,0.000000,0.000000
SyeD0RVtvS,2020,Reject,unknown,0.000000,0.000000,1.000000,0.000000,-0.000000
Sye2s2VtDr,2020,Reject,unknown,0.000000,0.000000,1.000000,0.000000,0.000000
SkxzSgStPS,2020,Reject,accepted,1.000000,0.000000,0.000000,1.000000,1.000000
SyepHTNFDS,2020,Reject,unknown,0.000000,0.000000,1.000000,0.000000,0.000000
SyeLGlHtPS,2020,Reject,unknown,0.000000,0.000000,1.000000,0.000000,0.000000
SkxpxJBKwS,2020,Accept (Spotlight),accepted,1.000000,0.000000,0.000000,1.000000,1.000000
SyeUMRNYDr,2020,Reject,unknown,0.000000,0.000000,1.000000,0.000000,0.000000
Sye57xStvB,2020,Accept (Poster),accepted,1.000000,0.000000,0.000000,1.000000,1.000000
Skxuk1rFwB,2020,Accept (Poster),accepted,1.000000,0.000000,0.000000,1.000000,1.000000
Syg6fxrKDB,2020,Reject,unknown,0.000000,0.000000,1.000000,0.000000,-0.000000
SkxoqRNKwr,2020,Reject,unknown,0.000000,0.000000,1.000000,0.000000,0.000000
SyeKGgStDB,2020,Reject,unknown,0.000000,0.000000,1.000000,0.000000,0.000000
Skxw-REFwS,2020,Reject,unknown,0.000000,0.000000,1.000000,0.000000,0.000000
SyeHPgHFDr,2020,Reject,unknown,0.000000,0.000000,1.000000,0.000000,0.000000
SkxcZCNKDS,2020,Reject,accepted,1.000000,0.000000,0.000000,1.000000,1.000000
SkxgnnNFvH,2020,Accept (Poster),accepted,1.000000,0.000000,0.000000,1.000000,1.000000
SyeMblBtwr,2020,Reject,unknown,0.000000,0.000000,1.000000,0.000000,0.000000
SygXPaEYvH,2020,Accept (Poster),unknown,0.000000,0.000000,1.000000,0.000000,-0.000000
SkxW23NtPH,2020,Reject,accepted,1.000000,0.000000,0.000000,1.000000,1.000000
Skxn-JSYwr,2020,Reject,unknown,0.000000,0.000000,1.000000,0.000000,0.000000
SkxaueHFPB,2020,Reject,unknown,0.000000,0.000000,1.000000,0.000000,0.000000
Skxd6gSYDS,2020,Accept (Poster),unknown,0.000000,0.000000,1.000000,0.000000,0.000000
SkxQp1StDH,2020,Accept (Poster),unknown,0.000000,0.000000,1.000000,0.000000,0.000000
SkxMjxHYPS,2020,Reject,unknown,0.000000,0.000000,1.000000,0.000000,0.000000
SkxOhANKDr,2020,Reject,unknown,0.000000,0.000000,1.000000,0.000000,-0.000000
SkxV0RVYDH,2020,Reject,unknown,0.000000,0.000000,1.000000,0.000000,0.000000
SkxpDT4YvS,2020,Reject,unknown,0.000000,0.000000,1.000000,0.000000,0.000000
SkxcSpEKPS,2020,Reject,unknown,0.000000,0.000000,1.000000,0.000000,0.000000
SkxUrTVKDH,2020,Reject,unknown,0.000000,0.000000,1.000000,0.000000,0.000000
SkxJ8REYPH,2020,Accept (Poster),accepted,1.000000,0.000000,0.000000,1.000000,1.000000
SkxLFaNKwB,2020,Accept (Poster),unknown,0.000000,0.000000,1.000000,0.000000,0.000000
Sye0XkBKvS,2020,Accept (Poster),unknown,0.000000,0.000000,1.000000,0.000000,0.000000
SkxxtgHKPS,2020,Accept (Poster),unknown,0.000000,0.000000,1.000000,0.000000,0.000000
Skx6WaEYPH,2020,Reject,accepted,1.000000,0.000000,0.000000,1.000000,1.000000
SkxlElBYDS,2020,Reject,unknown,0.000000,0.000000,1.000000,0.000000,0.000000
SkxWnkStvS,2020,Reject,unknown,0.000000,0.000000,1.000000,0.000000,-0.000000
SkxHRySFvr,2020,Reject,unknown,0.000000,0.000000,1.000000,0.000000,0.000000
SkluFgrFwH,2020,Reject,accepted,1.000000,0.000000,0.000000,1.000000,1.000000
Skx24yHFDr,2020,Reject,unknown,0.000000,0.000000,1.000000,0.000000,0.000000
Skx73lBFDS,2020,Reject,unknown,0.000000,0.000000,1.000000,0.000000,0.000000
SkxV7kHKvr,2020,Reject,unknown,0.000000,0.000000,1.000000,0.000000,0.000000
SklwGlHFvH,2020,Reject,unknown,0.000000,0.000000,1.000000,0.000000,0.000000
SkxBUpEKwH,2020,Accept (Poster),unknown,0.000000,0.000000,1.000000,0.000000,0.000000
Sklyn6EYvH,2020,Reject,unknown,0.000000,0.000000,1.000000,0.000000,0.000000
Skltqh4KvB,2020,Reject,unknown,0.000000,0.000000,1.000000,0.000000,-0.000000
SkxSv6VFvS,2020,Accept (Poster),unknown,0.000000,0.000000,1.000000,0.000000,0.000000
SklsBJHKDS,2020,Reject,unknown,0.000000,0.000000,1.000000,0.000000,0.000000
Sklgs0NFvr,2020,Accept (Spotlight),unknown,0.000000,0.000000,1.000000,0.000000,0.000000
SklnVAEFDB,2020,Reject,unknown,0.000000,0.000000,1.000000,0.000000,-0.000000
Skx82ySYPH,2020,Accept (Poster),unknown,0.000000,0.000000,1.000000,0.000000,0.000000
SklgTkBKDr,2020,Reject,unknown,0.000000,0.000000,1.000000,0.000000,0.000000
Sklf1yrYDr,2020,Accept (Poster),accepted,1.000000,0.000000,0.000000,1.000000,1.000000
SklkDkSFPB,2020,Accept (Poster),unknown,0.000000,0.000000,1.000000,0.000000,-0.000000
SkloDJSFPH,2020,Reject,unknown,0.000000,0.000000,1.000000,0.000000,0.000000
Skld1aVtPB,2020,Reject,accepted,1.000000,0.000000,0.000000,1.000000,1.000000
SklibJBFDB,2020,Reject,unknown,0.000000,0.000000,1.000000,0.000000,0.000000
Skln2A4YDB,2020,Accept (Poster),unknown,0.000000,0.000000,1.000000,0.000000,0.000000
SklSQgHFDS,2020,Reject,accepted,1.000000,0.000000,0.000000,1.000000,1.000000
SklTQCNtvS,2020,Accept (Poster),accepted,1.000000,0.000000,0.000000,1.000000,1.000000
SklR6aEtwH,2020,Reject,unknown,0.000000,0.000000,1.000000,0.000000,0.000000
SklViCEFPH,2020,Reject,accepted,1.000000,0.000000,0.000000,1.000000,1.000000
SklVqa4YwH,2020,Reject,unknown,0.000000,0.000000,1.000000,0.000000,0.000000
SklM1xStPB,2020,Reject,unknown,0.000000,0.000000,1.000000,0.000000,0.000000
SklfY6EFDH,2020,Reject,rejected,0.000000,1.000000,0.000000,1.000000,-0.999999
SklcyJBtvB,2020,Reject,unknown,0.000000,0.000000,1.000000,0.000000,0.000000
SklD9yrFPS,2020,Accept (Spotlight),accepted,1.000000,0.000000,0.000000,1.000000,1.000000
SklKcRNYDH,2020,Accept (Poster),unknown,0.000000,0.000000,1.000000,0.000000,-0.000000
SkxG-CVFDH,2020,Reject,unknown,0.000000,0.000000,1.000000,0.000000,0.000000
SklOUpEYvB,2020,Accept (Poster),unknown,0.000000,0.000000,1.000000,0.000000,0.000000
Skl6peHFwS,2020,Reject,unknown,0.000000,0.000000,1.000000,0.000000,0.000000
Skl4mRNYDr,2020,Accept (Poster),unknown,0.000000,0.000000,1.000000,0.000000,0.000000
SklOypVKvS,2020,Reject,unknown,0.000000,0.000000,1.000000,0.000000,0.000000
Skl8EkSFDr,2020,Reject,unknown,0.000000,0.000000,1.000000,0.000000,0.000000
SklE_CNFPr,2020,Reject,unknown,0.000000,0.000000,1.000000,0.000000,0.000000
SklVI1HKvH,2020,Reject,unknown,0.000000,0.000000,1.000000,0.000000,0.000000
SklEhlHtPr,2020,Reject,unknown,0.000000,0.000000,1.000000,0.000000,0.000000
Skgvy64tvr,2020,Accept (Spotlight),accepted,1.000000,0.000000,0.000000,1.000000,1.000000
Skl3SkSKDr,2020,Reject,unknown,0.000000,0.000000,1.000000,0.000000,-0.000000
Skl-fyHKPH,2020,Reject,unknown,0.000000,0.000000,1.000000,0.000000,-0.000000
SkgpBJrtvS,2020,Accept (Poster),accepted,1.000000,0.000000,0.000000,1.000000,1.000000
SklgfkSFPH,2020,Reject,unknown,0.000000,0.000000,1.000000,0.000000,0.000000
Skgxcn4YDS,2020,Accept (Poster),unknown,0.000000,0.000000,1.000000,0.000000,0.000000
Skl4LTEtDS,2020,Reject,unknown,0.000000,0.000000,1.000000,0.000000,0.000000
Skl1HCNKDr,2020,Reject,unknown,0.000000,0.000000,1.000000,0.000000,0.000000
Skgeip4FPr,2020,Reject,accepted,1.000000,0.000000,0.000000,1.000000,1.000000
Skgq1ANFDB,2020,Reject,unknown,0.000000,0.000000,1.000000,0.000000,0.000000
SkglVlSFPS,2020,Reject,unknown,0.000000,0.000000,1.000000,0.000000,0.000000
Skgaia4tDH,2020,Reject,unknown,0.000000,0.000000,1.000000,0.000000,0.000000
SkgtbaVYvH,2020,Reject,unknown,0.000000,0.000000,1.000000,0.000000,0.000000
SkgWeJrYwr,2020,Reject,unknown,0.000000,0.000000,1.000000,0.000000,0.000000
SkgjKR4YwH,2020,Reject,unknown,0.000000,0.000000,1.000000,0.000000,0.000000
Skgfr1rYDH,2020,Reject,unknown,0.000000,0.000000,1.000000,0.000000,-0.000000
SklGryBtwr,2020,Accept (Poster),unknown,0.000000,0.000000,1.000000,0.000000,0.000000
SkgS2lBFPS,2020,Reject,unknown,0.000000,0.000000,1.000000,0.000000,0.000000
SkgsACVKPH,2020,Accept (Poster),accepted,1.000000,0.000000,0.000000,1.000000,1.000000
Skgy464Kvr,2020,Accept (Poster),unknown,0.000000,0.000000,1.000000,0.000000,0.000000
SkgvvCVtDS,2020,Reject,unknown,0.000000,0.000000,1.000000,0.000000,-0.000000
SkgbmyHFDS,2020,Reject,accepted,1.000000,0.000000,0.000000,1.000000,1.000000
SkgODpVFDr,2020,Reject,unknown,0.000000,0.000000,1.000000,0.000000,0.000000
SkgscaNYPS,2020,Accept (Poster),unknown,0.000000,0.000000,1.000000,0.000000,0.000000
SkgWIxSFvr,2020,Reject,unknown,0.000000,0.000000,1.000000,0.000000,0.000000
SkgJOAEtvr,2020,Reject,accepted,1.000000,0.000000,0.000000,1.000000,1.000000
SkgC6TNFvr,2020,Accept (Poster),unknown,0.000000,0.000000,1.000000,0.000000,0.000000
Skg8gJBFvr,2020,Reject,accepted,1.000000,0.000000,0.000000,1.000000,1.000000
SkgRW64twr,2020,Reject,unknown,0.000000,0.000000,1.000000,0.000000,0.000000
Skg2pkHFwS,2020,Reject,unknown,0.000000,0.000000,1.000000,0.000000,0.000000
SkgOzlrKvH,2020,Reject,unknown,0.000000,0.000000,1.000000,0.000000,0.000000
SkeyppEFvS,2020,Accept (Spotlight),accepted,1.000000,0.000000,0.000000,1.000000,1.000000
SkgGCkrKvH,2020,Accept (Poster),unknown,0.000000,0.000000,1.000000,0.000000,0.000000
Skg9jnVFvH,2020,Reject,unknown,0.000000,0.000000,1.000000,0.000000,0.000000
SkezP1HYvS,2020,Reject,unknown,0.000000,0.000000,1.000000,0.000000,0.000000
Skey4eBYPS,2020,Accept (Talk),accepted,1.000000,0.000000,0.000000,1.000000,1.000000
SkeuipVKDH,2020,Reject,accepted,1.000000,0.000000,0.000000,1.000000,1.000000
Skg5r1BFvB,2020,Reject,unknown,0.000000,0.000000,1.000000,0.000000,0.000000
Skg9aAEKwH,2020,Reject,unknown,0.000000,0.000000,1.000000,0.000000,0.000000
SkgTR3VFvH,2020,Reject,unknown,0.000000,0.000000,1.000000,0.000000,-0.000000
SkevphEYPB,2020,Reject,accepted,1.000000,0.000000,0.000000,1.000000,0.999999
SkejkR4KDr,2020,Reject,unknown,0.000000,0.000000,1.000000,0.000000,0.000000
SkeuexBtDr,2020,Accept (Spotlight),unknown,0.000000,0.000000,1.000000,0.000000,0.000000
SkgGjRVKDS,2020,Accept (Poster),unknown,0.000000,0.000000,1.000000,0.000000,0.000000
Skerzp4KPS,2020,Reject,unknown,0.000000,0.000000,1.000000,0.000000,0.000000
Skeh1krtvH,2020,Reject,accepted,1.000000,0.000000,0.000000,1.000000,1.000000
Skek-TVYvr,2020,Reject,unknown,0.000000,0.000000,1.000000,0.000000,0.000000
SkgQwpVYwH,2020,Reject,unknown,0.000000,0.000000,1.000000,0.000000,0.000000
SkexNpNFwS,2020,Reject,unknown,0.000000,0.000000,1.000000,0.000000,0.000000
SkgKO0EtvS,2020,Accept (Poster),unknown,0.000000,0.000000,1.000000,0.000000,0.000000
Skg3104FDS,2020,Reject,unknown,0.000000,0.000000,1.000000,0.000000,0.000000
SkeKtyHYPS,2020,Reject,unknown,0.000000,0.000000,1.000000,0.000000,0.000000
SkeJPertPS,2020,Reject,unknown,0.000000,0.000000,1.000000,0.000000,-0.000000
SkeBBJrFPH,2020,Reject,unknown,0.000000,0.000000,1.000000,0.000000,0.000000
SkeYUkStPr,2020,Reject,unknown,0.000000,0.000000,1.000000,0.000000,-0.000000
Ske6qJSKPH,2020,Reject,accepted,1.000000,0.000000,0.000000,1.000000,1.000000
Skep6TVYDB,2020,Accept (Spotlight),unknown,0.000000,0.000000,1.000000,0.000000,0.000000
SkeHuCVFDr,2020,Accept (Poster),accepted,1.000000,0.000000,0.000000,1.000000,1.000000
Skeq30NFPr,2020,Reject,unknown,0.000000,0.000000,1.000000,0.000000,0.000000
SkeIyaVtwB,2020,Accept (Poster),unknown,0.000000,0.000000,1.000000,0.000000,0.000000
SkeAaJrKDS,2020,Accept (Poster),unknown,0.000000,0.000000,1.000000,0.000000,0.000000
Ske31kBtPr,2020,Accept (Talk),unknown,0.000000,0.000000,1.000000,0.000000,0.000000
Ske-ih4FPS,2020,Reject,unknown,0.000000,0.000000,1.000000,0.000000,0.000000
SkeATxrKwH,2020,Reject,unknown,0.000000,0.000000,1.000000,0.000000,0.000000
SkeXL0NKwH,2020,Reject,unknown,0.000000,0.000000,1.000000,0.000000,-0.000000
Ske9VANKDH,2020,Reject,unknown,0.000000,0.000000,1.000000,0.000000,-0.000000
Ske5UANYDB,2020,Reject,unknown,0.000000,0.000000,1.000000,0.000000,0.000000
SkeP3yBFDS,2020,Reject,unknown,0.000000,0.000000,1.000000,0.000000,0.000000
SkeGvaEtPr,2020,Reject,unknown,0.000000,0.000000,1.000000,0.000000,0.000000
SkeFl1HKwr,2020,Accept (Poster),unknown,0.000000,0.000000,1.000000,0.000000,0.000000
SJxjPxSYDH,2020,Reject,unknown,0.000000,0.000000,1.000000,0.000000,0.000000
SJxrKgStDH,2020,Accept (Poster),unknown,0.000000,0.000000,1.000000,0.000000,0.000000
SJxbHkrKDH,2020,Accept (Poster),accepted,1.000000,0.000000,0.000000,1.000000,1.000000
SJx_QJHYDB,2020,Reject,accepted,1.000000,0.000000,0.000000,1.000000,1.000000
SkeWc2EKPH,2020,Reject,unknown,0.000000,0.000000,1.000000,0.000000,0.000000
SJxeI6EYwS,2020,Reject,unknown,0.000000,0.000000,1.000000,0.000000,0.000000
SJxhNTNYwB,2020,Accept (Poster),unknown,0.000000,0.000000,1.000000,0.000000,0.000000
SJxpsxrYPS,2020,Accept (Spotlight),unknown,0.000000,0.000000,1.000000,0.000000,0.000000
SkeNlJSKvS,2020,Reject,unknown,0.000000,0.000000,1.000000,0.000000,0.000000
SJxzFySKwH,2020,Accept (Poster),unknown,0.000000,0.000000,1.000000,0.000000,0.000000
SJxstlHFPH,2020,Accept (Talk),unknown,0.000000,0.000000,1.000000,0.000000,0.000000
SJxZnR4YvB,2020,Accept (Poster),unknown,0.000000,0.000000,1.000000,0.000000,0.000000
SJxWS64FwH,2020,Accept (Poster),rejected,0.000000,1.000000,0.000000,1.000000,-1.000000
SJxyCRVKvB,2020,Reject,unknown,0.000000,0.000000,1.000000,0.000000,0.000000
SJxHMaEtwB,2020,Reject,unknown,0.000000,0.000000,1.000000,0.000000,0.000000
SJxRKT4Fwr,2020,Reject,unknown,0.000000,0.000000,1.000000,0.000000,0.000000
SJxUjlBtwB,2020,Accept (Spotlight),accepted,1.000000,0.000000,0.000000,1.000000,1.000000
SJxFWRVKDr,2020,Reject,accepted,1.000000,0.000000,0.000000,1.000000,1.000000
SJxDDpEKvH,2020,Accept (Poster),accepted,1.000000,0.000000,0.000000,1.000000,1.000000
SJxTZeHFPH,2020,Reject,unknown,0.000000,0.000000,1.000000,0.000000,0.000000
SJxSDxrKDr,2020,Accept (Talk),unknown,0.000000,0.000000,1.000000,0.000000,0.000000
SJxIm0VtwH,2020,Accept (Poster),rejected,0.000000,1.000000,0.000000,1.000000,-1.000000
SJxmfgSYDB,2020,Reject,unknown,0.000000,0.000000,1.000000,0.000000,0.000000
SJxNzgSKvH,2020,Reject,unknown,0.000000,0.000000,1.000000,0.000000,-0.000000
SJxAlgrYDr,2020,Reject,unknown,0.000000,0.000000,1.000000,0.000000,0.000000
SJxDKerKDS,2020,Reject,unknown,0.000000,0.000000,1.000000,0.000000,0.000000
SJlyta4YPS,2020,Reject,unknown,0.000000,0.000000,1.000000,0.000000,0.000000
SJxIkkSKwB,2020,Reject,unknown,0.000000,0.000000,1.000000,0.000000,0.000000
SJx9ngStPH,2020,Accept (Poster),unknown,0.000000,0.000000,1.000000,0.000000,0.000000
SJx0oAEYwH,2020,Reject,unknown,0.000000,0.000000,1.000000,0.000000,0.000000
SJx4Ogrtvr,2020,Reject,unknown,0.000000,0.000000,1.000000,0.000000,0.000000
SJxE8erKDH,2020,Accept (Poster),unknown,0.000000,0.000000,1.000000,0.000000,0.000000
SJxy5A4twS,2020,Reject,unknown,0.000000,0.000000,1.000000,0.000000,-0.000000
SJlpy64tvB,2020,Reject,unknown,0.000000,0.000000,1.000000,0.000000,-0.000000
SJlsFpVtDB,2020,Accept (Poster),unknown,0.000000,0.000000,1.000000,0.000000,0.000000
SJx0PAEFDS,2020,Reject,accepted,1.000000,0.000000,0.000000,1.000000,1.000000
SJloA0EYDr,2020,Reject,accepted,1.000000,0.000000,0.000000,1.000000,1.000000
SJx1URNKwH,2020,Accept (Poster),unknown,0.000000,0.000000,1.000000,0.000000,-0.000000
SJx0q1rtvS,2020,Accept (Poster),unknown,0.000000,0.000000,1.000000,0.000000,-0.000000
SJlxglSFPB,2020,Reject,unknown,0.000000,0.000000,1.000000,0.000000,0.000000
SJlbyCNtPr,2020,Reject,unknown,0.000000,0.000000,1.000000,0.000000,-0.000000
SJldu6EtDS,2020,Reject,unknown,0.000000,0.000000,1.000000,0.000000,-0.000000
SJlpYJBKvH,2020,Accept (Spotlight),unknown,0.000000,0.000000,1.000000,0.000000,0.000000
SJleNCNtDH,2020,Accept (Poster),unknown,0.000000,0.000000,1.000000,0.000000,0.000000
SJlgTJHKwB,2020,Reject,unknown,0.000000,0.000000,1.000000,0.000000,0.000000
SJlbGJrtDB,2020,Accept (Poster),accepted,1.000000,0.000000,0.000000,1.000000,1.000000
SJx37TEtDH,2020,Reject,unknown,0.000000,0.000000,1.000000,0.000000,0.000000
SJxSOJStPr,2020,Accept (Poster),unknown,0.000000,0.000000,1.000000,0.000000,0.000000
SJx-j64FDr,2020,Accept (Poster),rejected,0.000000,1.000000,0.000000,1.000000,-1.000000
SJlWyerFPS,2020,Reject,accepted,1.000000,0.000000,0.000000,1.000000,1.000000
SJlYqRNKDS,2020,Reject,unknown,0.000000,0.000000,1.000000,0.000000,-0.000000
SJlh8CEYDB,2020,Accept (Poster),unknown,0.000000,0.000000,1.000000,0.000000,0.000000
SJlRF04YwB,2020,Reject,accepted,1.000000,0.000000,0.000000,1.000000,1.000000
SJlVn6NKPB,2020,Reject,unknown,0.000000,0.000000,1.000000,0.000000,0.000000
SJlbvp4YvS,2020,Reject,unknown,0.000000,0.000000,1.000000,0.000000,0.000000
SJx4O34YvS,2020,Reject,unknown,0.000000,0.000000,1.000000,0.000000,0.000000
SJlRWC4FDB,2020,Reject,unknown,0.000000,0.000000,1.000000,0.000000,0.000000
SJlRUkrFPS,2020,Accept (Poster),unknown,0.000000,0.000000,1.000000,0.000000,0.000000
SJlNnhVYDr,2020,Reject,unknown,0.000000,0.000000,1.000000,0.000000,0.000000
SJlOq34Kwr,2020,Reject,unknown,0.000000,0.000000,1.000000,0.000000,0.000000
SJlRDCVtwr,2020,Reject,unknown,0.000000,0.000000,1.000000,0.000000,0.000000
SJlEs1HKDr,2020,Reject,accepted,1.000000,0.000000,0.000000,1.000000,1.000000
SJlVVAEKwS,2020,Reject,unknown,0.000000,0.000000,1.000000,0.000000,0.000000
SJl3h2EYvS,2020,Reject,accepted,1.000000,0.000000,0.000000,1.000000,1.000000
SJlJSaEFwS,2020,Reject,unknown,0.000000,0.000000,1.000000,0.000000,0.000000
SJlM0JSFDr,2020,Reject,unknown,0.000000,0.000000,1.000000,0.000000,0.000000
SJlJegHFvH,2020,Reject,rejected,0.000000,1.000000,0.000000,1.000000,-1.000000
SJlDDnVKwS,2020,Reject,unknown,0.000000,0.000000,1.000000,0.000000,0.000000
SJl3CANKvB,2020,Reject,unknown,0.000000,0.000000,1.000000,0.000000,-0.000000
SJgzLkBKPB,2020,Accept (Poster),accepted,1.000000,0.000000,0.000000,1.000000,1.000000
SJgwNerKvB,2020,Accept (Spotlight),accepted,1.000000,0.000000,0.000000,1.000000,1.000000
SJlHwkBYDH,2020,Accept (Poster),unknown,0.000000,0.000000,1.000000,0.000000,0.000000
SJlPOCEKvH,2020,Reject,unknown,0.000000,0.000000,1.000000,0.000000,-0.000000
SJgw51HFDr,2020,Reject,unknown,0.000000,0.000000,1.000000,0.000000,-0.000000
SJgwf04KPr,2020,Reject,unknown,0.000000,0.000000,1.000000,0.000000,0.000000
SJlVY04FwH,2020,Accept (Poster),unknown,0.000000,0.000000,1.000000,0.000000,0.000000
SJgob6NKvH,2020,Accept (Poster),accepted,1.000000,0.000000,0.000000,1.000000,1.000000
SJlKrkSFPH,2020,Accept (Poster),unknown,0.000000,0.000000,1.000000,0.000000,0.000000
SJgzXaNFwS,2020,Reject,unknown,0.000000,0.000000,1.000000,0.000000,0.000000
SJgs8TVtvr,2020,Reject,unknown,0.000000,0.000000,1.000000,0.000000,0.000000
SJl47yBYPS,2020,Reject,unknown,0.000000,0.000000,1.000000,0.000000,0.000000
SJl28R4YPr,2020,Reject,unknown,0.000000,0.000000,1.000000,0.000000,0.000000
SJgdnAVKDH,2020,Accept (Poster),accepted,1.000000,0.000000,0.000000,1.000000,1.000000
SJgn464tPB,2020,Reject,unknown,0.000000,0.000000,1.000000,0.000000,-0.000000
SJgvl6EFwH,2020,Reject,unknown,0.000000,0.000000,1.000000,0.000000,0.000000
SJl5Np4tPr,2020,Accept (Spotlight),unknown,0.000000,0.000000,1.000000,0.000000,0.000000
SJgwzCEKwH,2020,Accept (Poster),unknown,0.000000,0.000000,1.000000,0.000000,0.000000
SJgdpxHFvH,2020,Reject,unknown,0.000000,0.000000,1.000000,0.000000,0.000000
SJgNkpVFPr,2020,Reject,accepted,1.000000,0.000000,0.000000,1.000000,1.000000
SJgn3lBtwH,2020,Reject,unknown,0.000000,0.000000,1.000000,0.000000,0.000000
SJgVHkrYDH,2020,Accept (Poster),unknown,0.000003,0.000000,0.999997,0.000003,0.000003
SJgaRA4FPH,2020,Accept (Poster),unknown,0.000000,0.000000,1.000000,0.000000,0.000000
SJgndT4KwB,2020,Accept (Spotlight),unknown,0.000000,0.000000,1.000000,0.000000,0.000000
SJl9PTNYDS,2020,Reject,unknown,0.000000,0.000000,1.000000,0.000000,0.000000
SJgVU0EKwS,2020,Accept (Poster),unknown,0.000000,0.000000,1.000000,0.000000,0.000000
SJgmR0NKPr,2020,Accept (Poster),unknown,0.000000,0.000000,1.000000,0.000000,0.000000
SJgIPJBFvH,2020,Accept (Poster),accepted,1.000000,0.000000,0.000000,1.000000,1.000000
SJgXs1HtwH,2020,Reject,unknown,0.000000,0.000000,1.000000,0.000000,-0.000000
SJgCEpVtvr,2020,Reject,unknown,0.000000,0.000000,1.000000,0.000000,0.000000
SJexHkSFPS,2020,Accept (Poster),accepted,1.000000,0.000000,0.000000,1.000000,1.000000
SJgSflHKDr,2020,Reject,unknown,0.000000,0.000000,1.000000,0.000000,-0.000000
SJg7KhVKPH,2020,Accept (Poster),unknown,0.000000,0.000000,1.000000,0.000000,0.000000
SJeqs6EFvB,2020,Accept (Spotlight),accepted,0.999998,0.000000,0.000002,0.999998,0.999998
SJgMK64Ywr,2020,Accept (Poster),unknown,0.000000,0.000000,1.000000,0.000000,-0.000000
SJg2j0VFPB,2020,Reject,unknown,0.000000,0.000000,1.000000,0.000000,0.000000
SJgBQaVKwH,2020,Reject,unknown,0.000000,0.000000,1.000000,0.000000,0.000000
SJg5J6NtDr,2020,Accept (Poster),accepted,1.000000,0.000000,0.000000,1.000000,1.000000
SJg9z6VFDr,2020,Reject,unknown,0.000000,0.000000,1.000000,0.000000,0.000000
SJg4Y3VFPS,2020,Reject,unknown,0.000000,0.000000,1.000000,0.000000,0.000000
SJg1lxrYwS,2020,Reject,unknown,0.000000,0.000000,1.000000,0.000000,0.000000
SJezGp4YPr,2020,Accept (Poster),unknown,0.000000,0.000000,1.000000,0.000000,0.000000
SJetQpEYvB,2020,Accept (Poster),unknown,0.000000,0.000000,1.000000,0.000000,0.000000
SJecKyrKPH,2020,Reject,unknown,0.000000,0.000000,1.000000,0.000000,0.000000
SJeYe0NtvH,2020,Accept (Poster),accepted,1.000000,0.000000,0.000000,1.000000,1.000000
SJeeL04KvH,2020,Reject,unknown,0.000000,0.000000,1.000000,0.000000,0.000000
SJeoE0VKDS,2020,Reject,unknown,0.000000,0.000000,1.000000,0.000000,0.000000
SJl1o2NFwS,2020,Reject,rejected,0.000000,0.999995,0.000005,0.999995,-0.999995
SJeuueSYDH,2020,Reject,unknown,0.000000,0.000000,1.000000,0.000000,0.000000
SJeq9JBFvH,2020,Accept (Poster),unknown,0.000000,0.000000,1.000000,0.000000,0.000000
SJeY-1BKDS,2020,Accept (Poster),unknown,0.000000,0.000000,1.000000,0.000000,0.000000
SJem8lSFwB,2020,Accept (Poster),unknown,0.000000,0.000000,1.000000,0.000000,-0.000000
SJefGpEtDB,2020,Reject,unknown,0.000000,0.000000,1.000000,0.000000,0.000000
SJegkkrYPS,2020,Reject,unknown,0.000000,0.000000,1.000000,0.000000,0.000000
SJg7spEYDS,2020,Accept (Poster),unknown,0.000000,0.000000,1.000000,0.000000,0.000000
SJeX2aVFwH,2020,Reject,unknown,0.000000,0.000000,1.000000,0.000000,0.000000
SJev6JBtvH,2020,Reject,unknown,0.000000,0.000000,1.000000,0.000000,0.000000
SJgBra4YDS,2020,Reject,unknown,0.000000,0.000000,1.000000,0.000000,-0.000000
SJeWHlSYDB,2020,Reject,unknown,0.000000,0.000000,1.000000,0.000000,0.000000
SJeS16EKPr,2020,Reject,unknown,0.000000,0.000000,1.000000,0.000000,0.000000
SJeW-A4tDS,2020,Reject,unknown,0.000000,0.000000,1.000000,0.000000,0.000000
SJeLIgBKPS,2020,Accept (Talk),accepted,1.000000,0.000000,0.000000,1.000000,1.000000
SJeUm1HtDH,2020,Reject,unknown,0.000000,0.000000,1.000000,0.000000,0.000000
SJeHwJSYvH,2020,Reject,unknown,0.000000,0.000000,1.000000,0.000000,0.000000
SJeOAJStwB,2020,Reject,accepted,1.000000,0.000000,0.000000,1.000000,0.999999
SJeF_h4FwB,2020,Reject,unknown,0.000000,0.000000,1.000000,0.000000,0.000000
SJeQdeBtwB,2020,Reject,unknown,0.000000,0.000000,1.000000,0.000000,0.000000
SJeLO34KwS,2020,Reject,unknown,0.000000,0.000000,1.000000,0.000000,0.000000
SJeQi1HKDH,2020,Reject,unknown,0.000000,0.000000,1.000000,0.000000,0.000000
SJeLopEYDH,2020,Accept (Poster),unknown,0.000000,0.000000,1.000000,0.000000,-0.000000
SJeFNlHtPS,2020,Reject,unknown,0.000000,0.000000,1.000000,0.000000,0.000000
SJeItTEKvr,2020,Reject,unknown,0.000000,0.000000,1.000000,0.000000,-0.000000
SJeQGJrKwH,2020,Reject,unknown,0.000000,0.000000,1.000000,0.000000,0.000000
SJe-HkBKDS,2020,Reject,unknown,0.000000,0.000000,1.000000,0.000000,0.000000
SJe_D1SYvr,2020,Reject,unknown,0.000000,0.000000,1.000000,0.000000,0.000000
SJe3KCNKPr,2020,Reject,unknown,0.000000,0.000000,1.000000,0.000000,-0.000000
S1xsG0VYvB,2020,Reject,unknown,0.000000,0.000000,1.000000,0.000000,0.000000
SJeD3CEFPH,2020,Accept (Talk),rejected,0.000000,1.000000,0.000000,1.000000,-1.000000
S1xqRTNtDr,2020,Reject,unknown,0.000000,0.000000,1.000000,0.000000,0.000000
SJeNz04tDS,2020,Accept (Poster),unknown,0.000000,0.000000,1.000000,0.000000,0.000000
S1xtORNFwH,2020,Accept (Poster),unknown,0.000000,0.000000,1.000000,0.000000,-0.000000
S1xipR4FPB,2020,Reject,unknown,0.000000,0.000000,1.000000,0.000000,0.000000
S1xxx64YwH,2020,Reject,unknown,0.000000,0.000000,1.000000,0.000000,0.000000
S1xaf6VFPB,2020,Reject,unknown,0.000000,0.000000,1.000000,0.000000,-0.000000
S1xRnxSYwS,2020,Reject,accepted,0.999999,0.000001,0.000000,1.000000,0.999999
S1xjJpNYvB,2020,Reject,unknown,0.000000,0.000000,1.000000,0.000000,0.000000
SJe9qT4YPr,2020,Reject,unknown,0.000000,0.000000,1.000000,0.000000,0.000000
SJefPkSFPr,2020,Reject,unknown,0.000000,0.000000,1.000000,0.000000,-0.000000
SJeC2TNYwB,2020,Reject,unknown,0.000000,0.000000,1.000000,0.000000,0.000000
S1xKd24twB,2020,Accept (Poster),accepted,1.000000,0.000000,0.000000,1.000000,1.000000
S1xO4xHFvB,2020,Reject,unknown,0.000000,0.000000,1.000000,0.000000,0.000000
S1xSzyrYDB,2020,Reject,unknown,0.000000,0.000000,1.000000,0.000000,0.000000
S1xitgHtvS,2020,Accept (Spotlight),unknown,0.000000,0.000000,1.000000,0.000000,0.000000
S1xLuRVFvr,2020,Reject,unknown,0.000000,0.000000,1.000000,0.000000,0.000000
S1xXiREKDB,2020,Reject,unknown,0.000000,0.000000,1.000000,0.000000,0.000000
SJeQEp4YDH,2020,Accept (Poster),unknown,0.000000,0.000000,1.000000,0.000000,-0.000000
S1xJFREKvB,2020,Reject,unknown,0.000000,0.000000,1.000000,0.000000,0.000000
S1xnXRVFwH,2020,Accept (Poster),unknown,0.000000,0.000000,1.000000,0.000000,0.000000
S1xJ4JHFvS,2020,Reject,unknown,0.000000,0.000000,1.000000,0.000000,0.000000
S1xWh1rYwB,2020,Accept (Talk),unknown,0.000000,0.000000,1.000000,0.000000,0.000000
S1xHfxHtPr,2020,Reject,unknown,0.000000,0.000000,1.000000,0.000000,0.000000
S1xJikHtDH,2020,Reject,unknown,0.000000,0.000000,1.000000,0.000000,0.000000
S1xFl64tDr,2020,Accept (Poster),unknown,0.000000,0.000000,1.000000,0.000000,0.000000
S1x6TlBtwB,2020,Reject,unknown,0.000000,0.000000,1.000000,0.000000,0.000000
S1xGCAVKvr,2020,Reject,unknown,0.000000,0.000000,1.000000,0.000000,0.000000
S1xCuTNYDr,2020,Reject,unknown,0.000000,0.000000,1.000000,0.000000,0.000000
S1x522NFvS,2020,Reject,accepted,1.000000,0.000000,0.000000,1.000000,1.000000
S1x63TEYvr,2020,Reject,accepted,1.000000,0.000000,0.000000,1.000000,1.000000
S1xKYJSYwS,2020,Reject,unknown,0.000000,0.000000,1.000000,0.000000,0.000000
S1xI_TEtwS,2020,Reject,unknown,0.000000,0.000000,1.000000,0.000000,-0.000000
S1xRxgSFvH,2020,Reject,accepted,1.000000,0.000000,0.000000,1.000000,1.000000
S1ltg1rFDS,2020,Accept (Poster),accepted,1.000000,0.000000,0.000000,1.000000,1.000000
S1xCPJHtDB,2020,Accept (Spotlight),unknown,0.000000,0.000000,1.000000,0.000000,0.000000
S1lyyANYwr,2020,Reject,unknown,0.000000,0.000000,1.000000,0.000000,0.000000
S1lvn0NtwH,2020,Reject,unknown,0.000000,0.000000,1.000000,0.000000,0.000000
S1ly10EKDS,2020,Accept (Poster),unknown,0.000000,0.000000,1.000000,0.000000,0.000000
S1lslCEYPB,2020,Reject,unknown,0.000000,0.000000,1.000000,0.000000,0.000000
S1ly2grtvB,2020,Reject,rejected,0.000000,0.999996,0.000004,0.999996,-0.999996
S1x0CnEtvB,2020,Reject,unknown,0.000000,0.000000,1.000000,0.000000,-0.000000
S1lk61BtvB,2020,Reject,unknown,0.000000,0.000000,1.000000,0.000000,0.000000
S1lSapVtwS,2020,Accept (Poster),unknown,0.000000,0.000000,1.000000,0.000000,0.000000
S1lEX04tPr,2020,Accept (Poster),unknown,0.000000,0.000000,1.000000,0.000000,0.000000
S1x1IkHtPr,2020,Reject,unknown,0.000000,0.000000,1.000000,0.000000,0.000000
S1lJv0VYDr,2020,Reject,unknown,0.000000,0.000000,1.000000,0.000000,0.000000
S1l_ZlrFvS,2020,Reject,unknown,0.000000,0.000000,1.000000,0.000000,0.000000
S1lxKlSKPH,2020,Accept (Poster),unknown,0.000000,0.000000,1.000000,0.000000,0.000000
S1lVhxSYPH,2020,Reject,unknown,0.000000,0.000000,1.000000,0.000000,-0.000000
S1lHfxBFDH,2020,Reject,unknown,0.000000,0.000000,1.000000,0.000000,0.000000
S1lAOhEKPS,2020,Reject,unknown,0.000000,0.000000,1.000000,0.000000,-0.000000
S1xCcpNYPr,2020,Reject,unknown,0.000000,0.000000,1.000000,0.000000,-0.000000
S1lRg0VKDr,2020,Reject,unknown,0.000000,0.000000,1.000000,0.000000,-0.000000
S1lukyrKPr,2020,Reject,unknown,0.000000,0.000000,1.000000,0.000000,0.000000
S1lDkaEFwS,2020,Reject,unknown,0.000000,0.000000,1.000000,0.000000,0.000000
S1l6ITVKPS,2020,Reject,unknown,0.000000,0.000000,1.000000,0.000000,0.000000
S1ldO2EFPr,2020,Accept (Spotlight),unknown,0.000000,0.000000,1.000000,0.000000,-0.000000
S1lXnhVKPr,2020,Reject,unknown,0.000000,0.000000,1.000000,0.000000,0.000000
S1lBTerYwH,2020,Reject,unknown,0.000000,0.000000,1.000000,0.000000,-0.000000
S1lACa4YDS,2020,Reject,unknown,0.000000,0.000000,1.000000,0.000000,0.000000
S1x2PCNKDB,2020,Reject,unknown,0.000000,0.000000,1.000000,0.000000,0.000000
S1l66nNFvB,2020,Reject,unknown,0.000000,0.000000,1.000000,0.000000,-0.000000
S1lF8xHYwS,2020,Reject,unknown,0.000000,0.000000,1.000000,0.000000,0.000000
S1gmrxHFvB,2020,Accept (Poster),accepted,1.000000,0.000000,0.000000,1.000000,1.000000
S1l8oANFDH,2020,Accept (Poster),accepted,1.000000,0.000000,0.000000,1.000000,1.000000
S1lBVgHYvr,2020,Reject,unknown,0.000000,0.000000,1.000000,0.000000,0.000000
S1gmvyHFDS,2020,Reject,accepted,1.000000,0.000000,0.000000,1.000000,1.000000
S1gfu3EtDr,2020,Reject,accepted,0.999999,0.000000,0.000000,1.000000,0.999999
S1gyl6Vtvr,2020,Reject,rejected,0.000000,1.000000,0.000000,1.000000,-1.000000
S1gtclSFvr,2020,Reject,unknown,0.000000,0.000000,1.000000,0.000000,0.000000
S1glGANtDr,2020,Accept (Spotlight),unknown,0.000000,0.000000,1.000000,0.000000,0.000000
S1gwC1StwS,2020,Reject,unknown,0.000000,0.000000,1.000000,0.000000,0.000000
S1gqraNKwB,2020,Reject,unknown,0.000000,0.000000,1.000000,0.000000,0.000000
S1l-C0NtwS,2020,Accept (Poster),unknown,0.000000,0.000000,1.000000,0.000000,0.000000
S1gTAp4FDB,2020,Reject,unknown,0.000000,0.000000,1.000000,0.000000,0.000000
S1ghzlHFPS,2020,Reject,unknown,0.000000,0.000000,1.000000,0.000000,0.000000
S1g_t1StDB,2020,Reject,unknown,0.000000,0.000000,1.000000,0.000000,0.000000
S1gR2ANFvB,2020,Reject,unknown,0.000000,0.000000,1.000000,0.000000,0.000000
S1g_S0VYvr,2020,Reject,unknown,0.000000,0.000000,1.000000,0.000000,0.000000
S1gKkpNKwH,2020,Reject,unknown,0.000000,0.000000,1.000000,0.000000,0.000000
S1gFvANKDS,2020,Accept (Spotlight),accepted,1.000000,0.000000,0.000000,1.000000,1.000000
S1gXiaEYvr,2020,Reject,unknown,0.000000,0.000000,1.000000,0.000000,0.000000
S1gV6AVKwB,2020,Reject,unknown,0.000000,0.000000,1.000000,0.000000,0.000000
S1lOTC4tDS,2020,Accept (Spotlight),unknown,0.000000,0.000000,1.000000,0.000000,0.000000
S1gvg0NYvH,2020,Reject,unknown,0.000000,0.000000,1.000000,0.000000,0.000000
S1gN8yrYwB,2020,Reject,unknown,0.000000,0.000000,1.000000,0.000000,0.000000
S1gNc3NtvB,2020,Reject,unknown,0.000000,0.000000,1.000000,0.000000,0.000000
S1gEFkrtvH,2020,Reject,accepted,1.000000,0.000000,0.000000,1.000000,1.000000
S1exA2NtDB,2020,Accept (Poster),accepted,1.000000,0.000000,0.000000,1.000000,1.000000
S1ervgHFwS,2020,Reject,accepted,1.000000,0.000000,0.000000,1.000000,1.000000
S1g7tpEYDS,2020,Accept (Poster),unknown,0.000000,0.000000,1.000000,0.000000,0.000000
S1g490VKvB,2020,Reject,unknown,0.000000,0.000000,1.000000,0.000000,0.000000
S1gnxaVFDB,2020,Reject,unknown,0.000000,0.000000,1.000000,0.000000,-0.000000
S1et8gBKwH,2020,Reject,unknown,0.000000,0.000000,1.000000,0.000000,0.000000
S1gSj0NKvB,2020,Accept (Talk),unknown,0.000000,0.000000,1.000000,0.000000,0.000000
S1g8K1BFwS,2020,Accept (Poster),unknown,0.000000,0.000000,1.000000,0.000000,0.000000
S1gLBgBtDH,2020,Reject,unknown,0.000000,0.000000,1.000000,0.000000,-0.000000
S1evHerYPr,2020,Accept (Spotlight),unknown,0.000000,0.000000,1.000000,0.000000,0.000000
S1eq9yrYvH,2020,Reject,unknown,0.000000,0.000000,1.000000,0.000000,-0.000000
S1enmaVFvS,2020,Reject,unknown,0.000000,0.000000,1.000000,0.000000,0.000000
S1ekaT4tDB,2020,Reject,unknown,0.000000,0.000000,1.000000,0.000000,0.000000
S1elRa4twS,2020,Reject,unknown,0.000000,0.000000,1.000000,0.000000,0.000000
S1gEIerYwH,2020,Accept (Poster),unknown,0.000000,0.000000,1.000000,0.000000,0.000000
S1eqj1SKvr,2020,Reject,unknown,0.000000,0.000000,1.000000,0.000000,-0.000000
S1ejj64YvS,2020,Reject,unknown,0.000000,0.000000,1.000000,0.000000,0.000000
S1gTwJSKvr,2020,Reject,unknown,0.000000,0.000000,1.000000,0.000000,0.000000
S1ewjhEFwr,2020,Reject,unknown,0.000000,0.000000,1.000000,0.000000,0.000000
S1eik6EtPB,2020,Reject,unknown,0.000000,0.000000,1.000000,0.000000,-0.000000
S1emOTNKvS,2020,Reject,unknown,0.000000,0.000000,1.000000,0.000000,0.000000
S1el9TEKPB,2020,Reject,unknown,0.000000,0.000000,1.000000,0.000000,0.000000
S1ef6JBtPr,2020,Reject,unknown,0.000000,0.000000,1.000000,0.000000,0.000000
S1eZYeHFDS,2020,Accept (Spotlight),accepted,1.000000,0.000000,0.000000,1.000000,1.000000
S1g6xeSKDS,2020,Accept (Poster),unknown,0.000000,0.000000,1.000000,0.000000,0.000000
S1efAp4YvB,2020,Reject,unknown,0.000000,0.000000,1.000000,0.000000,-0.000000
S1efxTVYDr,2020,Accept (Talk),unknown,0.000000,0.000000,1.000000,0.000000,0.000000
S1g2skStPB,2020,Accept (Talk),rejected,0.000000,1.000000,0.000000,1.000000,-1.000000
S1eZOeBKDS,2020,Reject,unknown,0.000000,0.000000,1.000000,0.000000,0.000000
S1eYKlrYvr,2020,Reject,accepted,1.000000,0.000000,0.000000,1.000000,1.000000
S1gKA6NtPS,2020,Reject,unknown,0.000000,0.000000,1.000000,0.000000,0.000000
S1eQuCVFvB,2020,Reject,accepted,1.000000,0.000000,0.000000,1.000000,1.000000
S1ecYANtPr,2020,Reject,unknown,0.000000,0.000000,1.000000,0.000000,0.000000
S1eRbANtDB,2020,Accept (Poster),unknown,0.000000,0.000000,1.000000,0.000000,0.000000
S1eALyrYDH,2020,Accept (Talk),accepted,1.000000,0.000000,0.000000,1.000000,1.000000
S1e__ANKvB,2020,Reject,unknown,0.000000,0.000000,1.000000,0.000000,0.000000
S1eYchEtwH,2020,Reject,unknown,0.000000,0.000000,1.000000,0.000000,0.000000
S1e5YC4KPS,2020,Reject,accepted,1.000000,0.000000,0.000000,1.000000,1.000000
S1eRya4KDB,2020,Reject,unknown,0.000000,0.000000,1.000000,0.000000,0.000000
S1eL4kBYwr,2020,Reject,accepted,1.000000,0.000000,0.000000,1.000000,1.000000
S1eSoeSYwr,2020,Reject,accepted,1.000000,0.000000,0.000000,1.000000,1.000000
S1erpeBFPB,2020,Accept (Poster),unknown,0.000000,0.000000,1.000000,0.000000,-0.000000
S1e4Q6EtDH,2020,Reject,unknown,0.000000,0.000000,1.000000,0.000000,0.000000
S1eWbkSFPS,2020,Reject,unknown,0.000000,0.000000,1.000000,0.000000,0.000000
S1e_9xrFvS,2020,Accept (Spotlight),unknown,0.000000,0.000000,1.000000,0.000000,0.000000
S1e-0kBYPB,2020,Reject,accepted,1.000000,0.000000,0.000000,1.000000,1.000000
S1et1lrtwr,2020,Reject,unknown,0.000000,0.000000,1.000000,0.000000,-0.000000
HyxnMyBKwB,2020,Accept (Poster),unknown,0.000000,0.000000,1.000000,0.000000,0.000000
HyxyIgHFvr,2020,Accept (Spotlight),accepted,1.000000,0.000000,0.000000,1.000000,1.000000
S1e2agrFvS,2020,Accept (Spotlight),unknown,0.000000,0.000000,1.000000,0.000000,0.000000
S1esMkHYPr,2020,Accept (Poster),unknown,0.000000,0.000000,1.000000,0.000000,0.000000
HyxoX6EKvB,2020,Reject,unknown,0.000000,0.000000,1.000000,0.000000,0.000000
S1e4jkSKvB,2020,Accept (Spotlight),unknown,0.000000,0.000000,1.000000,0.000000,0.000000
HyxnH64KwS,2020,Reject,rejected,0.000000,1.000000,0.000000,1.000000,-1.000000
HyxwZRNtDr,2020,Reject,accepted,1.000000,0.000000,0.000000,1.000000,1.000000
HyxhqhVKPB,2020,Reject,accepted,1.000000,0.000000,0.000000,1.000000,1.000000
S1e0ZlHYDB,2020,Reject,unknown,0.000000,0.000000,1.000000,0.000000,0.000000
HyxjNyrtPr,2020,Accept (Poster),unknown,0.000000,0.000000,1.000000,0.000000,0.000000
HyxjOyrKvr,2020,Accept (Poster),unknown,0.000000,0.000000,1.000000,0.000000,0.000000
HyxehhNtvS,2020,Reject,unknown,0.000000,0.000000,1.000000,0.000000,0.000000
Hyx_h64Yvr,2020,Reject,unknown,0.000000,0.000000,1.000000,0.000000,-0.000000
S1e1EAEFPB,2020,Reject,unknown,0.000000,0.000000,1.000000,0.000000,0.000000
S1e3g1rtwB,2020,Reject,unknown,0.000000,0.000000,1.000000,0.000000,0.000000
HyxY6JHKwr,2020,Accept (Poster),unknown,0.000000,0.000000,1.000000,0.000000,0.000000
HyxQ3gSKvr,2020,Reject,unknown,0.000000,0.000000,1.000000,0.000000,0.000000
HyxQbaEYPr,2020,Reject,unknown,0.000000,0.000000,1.000000,0.000000,0.000000
Hyxfs1SYwH,2020,Reject,unknown,0.000000,0.000000,1.000000,0.000000,-0.000000
HyxgoyHtDB,2020,Reject,unknown,0.000000,0.000000,1.000000,0.000000,0.000000
HyxnnnVtwB,2020,Reject,unknown,0.000000,0.000000,1.000000,0.000000,0.000000
HyxG3p4twS,2020,Accept (Poster),accepted,1.000000,0.000000,0.000000,1.000000,1.000000
HyxFF34FPr,2020,Reject,accepted,0.999999,0.000000,0.000000,1.000000,0.999999
HylxE1HKwS,2020,Accept (Poster),accepted,1.000000,0.000000,0.000000,1.000000,1.000000
HyxCRCEKwB,2020,Reject,unknown,0.000000,0.000000,1.000000,0.000000,-0.000000
HyxTJxrtvr,2020,Reject,unknown,0.000000,0.000000,1.000000,0.000000,0.000000
HyxJ1xBYDH,2020,Accept (Poster),unknown,0.000000,0.000000,1.000000,0.000000,0.000000
Hyx0slrFvH,2020,Accept (Poster),unknown,0.000000,0.000000,1.000000,0.000000,0.000000
HyxgBerKwB,2020,Reject,unknown,0.000000,0.000000,1.000000,0.000000,-0.000000
HyxLRTVKPH,2020,Accept (Poster),unknown,0.000000,0.000000,1.000000,0.000000,0.000000
HyxWteSFwS,2020,Reject,unknown,0.000000,0.000000,1.000000,0.000000,0.000000
Hyx-jyBFPr,2020,Accept (Spotlight),unknown,0.000000,0.000000,1.000000,0.000000,0.000000
HylwpREtDr,2020,Reject,unknown,0.000000,0.000000,1.000000,0.000000,0.000000
HylvleBtPB,2020,Reject,unknown,0.000000,0.000000,1.000000,0.000000,0.000000
HyxJhCEFDS,2020,Accept (Poster),unknown,0.000000,0.000000,1.000000,0.000000,0.000000
S1eIw0NFvr,2020,Reject,unknown,0.000000,0.000000,1.000000,0.000000,-0.000000
HylthC4twr,2020,Reject,unknown,0.000000,0.000000,1.000000,0.000000,0.000000
HyljzgHtwS,2020,Reject,unknown,0.000000,0.000000,1.000000,0.000000,-0.000000
Hyx5qhEYvH,2020,Reject,unknown,0.000000,0.000000,1.000000,0.000000,0.000000
HylrB04YwH,2020,Reject,unknown,0.000000,0.000000,1.000000,0.000000,0.000000
HylsTT4FvB,2020,Accept (Poster),unknown,0.000000,0.000000,1.000000,0.000000,-0.000000
HylznxrYDr,2020,Reject,unknown,0.000000,0.000000,1.000000,0.000000,-0.000000
HylpqA4FwS,2020,Accept (Poster),unknown,0.000000,0.000000,1.000000,0.000000,-0.000000
HyloPnEKPr,2020,Reject,unknown,0.000000,0.000000,1.000000,0.000000,0.000000
HylloR4YDr,2020,Reject,unknown,0.000000,0.000000,1.000000,0.000000,0.000000
HyleclHKvS,2020,Reject,unknown,0.000000,0.000000,1.000000,0.000000,-0.000000
HylAoJSKvH,2020,Accept (Poster),unknown,0.000000,0.000000,1.000000,0.000000,-0.000000
HylhuTEtwr,2020,Reject,unknown,0.000000,0.000000,1.000000,0.000000,0.000000
HylNWkHtvB,2020,Reject,unknown,0.000000,0.000000,1.000000,0.000000,-0.000000
HylKvyHYwS,2020,Reject,unknown,0.000000,0.000000,1.000000,0.000000,-0.000000
HylcapVtvB,2020,Reject,unknown,0.000000,0.000000,1.000000,0.000000,0.000000
Hygv3xrtDr,2020,Reject,accepted,1.000000,0.000000,0.000000,1.000000,1.000000
HygwvC4tPH,2020,Reject,unknown,0.000000,0.000000,1.000000,0.000000,0.000000
HylZIT4Yvr,2020,Reject,unknown,0.000000,0.000000,1.000000,0.000000,0.000000
HylLq2EKwS,2020,Reject,unknown,0.000000,0.000000,1.000000,0.000000,0.000000
HygrdpVKvr,2020,Accept (Poster),accepted,1.000000,0.000000,0.000000,1.000000,1.000000
HylWahVtwB,2020,Reject,unknown,0.000000,0.000000,1.000000,0.000000,0.000000
Hyl9xxHYPr,2020,Accept (Poster),unknown,0.000000,0.000000,1.000000,0.000000,0.000000
HylfPgHYvr,2020,Reject,unknown,0.000000,0.000000,1.000000,0.000000,0.000000
HyljY04YDB,2020,Reject,unknown,0.000000,0.000000,1.000000,0.000000,0.000000
Hyl9ahVFwH,2020,Reject,unknown,0.000000,0.000000,1.000000,0.000000,-0.000000
Hyl8yANFDB,2020,Reject,unknown,0.000000,0.000000,1.000000,0.000000,0.000000
Hygy01StvH,2020,Reject,unknown,0.000000,0.000000,1.000000,0.000000,-0.000000
HylA41Btwr,2020,Reject,unknown,0.000000,0.000000,1.000000,0.000000,-0.000000
Hyl7ygStwB,2020,Accept (Poster),unknown,0.000000,0.000000,1.000000,0.000000,0.000000
HygcdeBFvr,2020,Reject,unknown,0.000000,0.000000,1.000000,0.000000,0.000000
HygrAR4tPS,2020,Reject,unknown,0.000000,0.000000,1.000000,0.000000,-0.000000
HygaikBKvS,2020,Reject,unknown,0.000000,0.000000,1.000000,0.000000,0.000000
HyxPIyrFvH,2020,Reject,unknown,0.000000,0.000000,1.000000,0.000000,0.000000
HygkpxStvr,2020,Reject,accepted,0.999999,0.000000,0.000001,0.999999,0.999999
HygXkJHtvB,2020,Reject,unknown,0.000000,0.000000,1.000000,0.000000,0.000000
Hygab1rKDS,2020,Accept (Poster),unknown,0.000000,0.000000,1.000000,0.000000,0.000000
HygnDhEtvr,2020,Accept (Poster),unknown,0.000000,0.000000,1.000000,0.000000,0.000000
HygbQaNYwr,2020,Reject,unknown,0.000000,0.000000,1.000000,0.000000,0.000000
HygW26VYwS,2020,Reject,accepted,1.000000,0.000000,0.000000,1.000000,1.000000
HygqFlBtPS,2020,Reject,unknown,0.000000,0.000000,1.000000,0.000000,0.000000
HygYmJBKwH,2020,Reject,accepted,1.000000,0.000000,0.000000,1.000000,1.000000
HygiDTVKPr,2020,Reject,unknown,0.000000,0.000000,1.000000,0.000000,0.000000
HygtiTEYvS,2020,Reject,unknown,0.000000,0.000000,1.000000,0.000000,0.000000
HygsuaNFwr,2020,Accept (Poster),unknown,0.000000,0.000000,1.000000,0.000000,0.000000
HygegyrYwH,2020,Accept (Poster),unknown,0.000000,0.000000,1.000000,0.000000,0.000000
Hygq3JrtwS,2020,Reject,unknown,0.000000,0.000000,1.000000,0.000000,0.000000
HygN634KvH,2020,Reject,unknown,0.000000,0.000000,1.000000,0.000000,0.000000
HygTUxHKwH,2020,Reject,unknown,0.000000,0.000000,1.000000,0.000000,0.000000
HygpthEtvr,2020,Accept (Poster),unknown,0.000000,0.000000,1.000000,0.000000,0.000000
HygOjhEYDH,2020,Accept (Spotlight),unknown,0.000000,0.000000,1.000000,0.000000,0.000000
HygPjlrYvB,2020,Reject,unknown,0.000000,0.000000,1.000000,0.000000,0.000000
HygHbTVYPB,2020,Reject,unknown,0.000000,0.000000,1.000000,0.000000,0.000000
HygHtpVtPH,2020,Reject,unknown,0.000000,0.000000,1.000000,0.000000,0.000000
Hygi7xStvS,2020,Reject,unknown,0.000000,0.000000,1.000000,0.000000,0.000000
Hyg5TRNtDH,2020,Reject,unknown,0.000000,0.000000,1.000000,0.000000,0.000000
HygFxxrFvB,2020,Reject,unknown,0.000000,0.000000,1.000000,0.000000,0.000000
HyezmlBKwr,2020,Reject,accepted,1.000000,0.000000,0.000000,1.000000,1.000000
HygSq3VFvH,2020,Reject,unknown,0.000000,0.000000,1.000000,0.000000,0.000000
Hyg9anEFPS,2020,Accept (Poster),unknown,0.000000,0.000000,1.000000,0.000000,0.000000
HygS91rYvH,2020,Reject,unknown,0.000000,0.000000,1.000000,0.000000,0.000000
Hyg4kkHKwH,2020,Reject,unknown,0.000000,0.000000,1.000000,0.000000,-0.000000
HygDF1rYDB,2020,Reject,unknown,0.000000,0.000000,1.000000,0.000000,0.000000
HyezBa4tPB,2020,Reject,unknown,0.000000,0.000000,1.000000,0.000000,0.000000
HygQ7TNtPr,2020,Reject,unknown,0.000000,0.000000,1.000000,0.000000,0.000000
Hyg53gSYPB,2020,Reject,unknown,0.000000,0.000000,1.000000,0.000000,0.000000
HyevIJStwH,2020,Accept (Spotlight),rejected,0.000000,1.000000,0.000000,1.000000,-1.000000
Hyez1CVYvr,2020,Reject,unknown,0.000000,0.000000,1.000000,0.000000,0.000000
HyenUkrtDB,2020,Reject,unknown,0.000000,0.000000,1.000000,0.000000,0.000000
HyetFnEFDS,2020,Reject,unknown,0.000000,0.000000,1.000000,0.000000,0.000000
HyewT1BKvr,2020,Reject,rejected,0.000000,1.000000,0.000000,1.000000,-1.000000
Hyepjh4FwB,2020,Reject,unknown,0.000000,0.000000,1.000000,0.000000,-0.000000
HyerxgHYvH,2020,Reject,unknown,0.000000,0.000000,1.000000,0.000000,0.000000
HyeX7aVKvr,2020,Reject,unknown,0.000000,0.000000,1.000000,0.000000,0.000000
HyeqPJHYvH,2020,Reject,unknown,0.000000,0.000000,1.000000,0.000000,0.000000
HygDF6NFPB,2020,Accept (Poster),rejected,0.000000,1.000000,0.000000,1.000000,-0.999999
Hyes70EYDB,2020,Reject,unknown,0.000000,0.000000,1.000000,0.000000,0.000000
Hyg96gBKPS,2020,Accept (Poster),unknown,0.000000,0.000000,1.000000,0.000000,0.000000
HyebplHYwB,2020,Accept (Poster),unknown,0.000000,0.000000,1.000000,0.000000,0.000000
Hye_V0NKwr,2020,Accept (Poster),unknown,0.000000,0.000000,1.000000,0.000000,0.000000
HyePberFvH,2020,Reject,unknown,0.000000,0.000000,1.000000,0.000000,0.000000
HyeKcgHFvS,2020,Reject,unknown,0.000000,0.000000,1.000000,0.000000,0.000000
HyeJmlrFvH,2020,Reject,accepted,1.000000,0.000000,0.000000,1.000000,1.000000
HyeJf1HKvS,2020,Accept (Poster),unknown,0.000000,0.000000,1.000000,0.000000,0.000000
HyeYTgrFPB,2020,Accept (Poster),unknown,0.000000,0.000000,1.000000,0.000000,0.000000
HyeG9yHKPr,2020,Reject,unknown,0.000000,0.000000,1.000000,0.000000,0.000000
HyeAPeBFwS,2020,Reject,unknown,0.000000,0.000000,1.000000,0.000000,0.000000
Hkxzx0NtDB,2020,Accept (Talk),accepted,1.000000,0.000000,0.000000,1.000000,1.000000
Hyg-JC4FDr,2020,Accept (Poster),unknown,0.000000,0.000000,1.000000,0.000000,0.000000
Hye4KeSYDr,2020,Reject,unknown,0.000000,0.000000,1.000000,0.000000,0.000000
HyeCnkHtwH,2020,Reject,unknown,0.000000,0.000000,1.000000,0.000000,0.000000
HyeG9lHYwH,2020,Reject,unknown,0.000000,0.000000,1.000000,0.000000,0.000000
HyeEIyBtvr,2020,Reject,unknown,0.000000,0.000000,1.000000,0.000000,0.000000
Hye-p0VFPB,2020,Reject,unknown,0.000000,0.000000,1.000000,0.000000,0.000000
Hye87grYDH,2020,Reject,unknown,0.000000,0.000000,1.000000,0.000000,0.000000
Hye190VKvH,2020,Reject,unknown,0.000000,0.000000,1.000000,0.000000,0.000000
HyeSin4FPB,2020,Accept (Spotlight),unknown,0.000000,0.000000,1.000000,0.000000,0.000000
Hye1RJHKwB,2020,Accept (Poster),unknown,0.000000,0.000000,1.000000,0.000000,0.000000
Hye1kTVFDS,2020,Accept (Poster),unknown,0.000000,0.000000,1.000000,0.000000,-0.000000
HkxedlrFwB,2020,Reject,unknown,0.000000,0.000000,1.000000,0.000000,0.000000
HkxlcnVFwB,2020,Accept (Talk),accepted,1.000000,0.000000,0.000000,1.000000,1.000000
Hkxvl0EtDH,2020,Reject,unknown,0.000000,0.000000,1.000000,0.000000,0.000000
HkxYzANYDB,2020,Accept (Spotlight),accepted,1.000000,0.000000,0.000000,1.000000,1.000000
Hye00pVtPS,2020,Reject,unknown,0.000000,0.000000,1.000000,0.000000,0.000000
HyeuP2EtDB,2020,Reject,unknown,0.000000,0.000000,1.000000,0.000000,0.000000
Hkxbz1HKvr,2020,Reject,accepted,1.000000,0.000000,0.000000,1.000000,1.000000
HkxjqxBYDB,2020,Accept (Poster),unknown,0.000000,0.000000,1.000000,0.000000,0.000000
Hkxi2gHYvH,2020,Reject,unknown,0.000000,0.000000,1.000000,0.000000,0.000000
HkxzNpNtDS,2020,Reject,unknown,0.000000,0.000000,1.000000,0.000000,0.000000
HkxwmRVtwH,2020,Reject,unknown,0.000000,0.000000,1.000000,0.000000,0.000000
Hye5TaVtDH,2020,Reject,unknown,0.000000,0.000000,1.000000,0.000000,0.000000
HkxZigSYwS,2020,Reject,unknown,0.000000,0.000000,1.000000,0.000000,0.000000
HkxSOAEFDB,2020,Reject,accepted,1.000000,0.000000,0.000000,1.000000,1.000000
HkxZVlHYvH,2020,Reject,unknown,0.000000,0.000000,1.000000,0.000000,0.000000
HyeaSkrYPH,2020,Accept (Poster),unknown,0.000000,0.000000,1.000000,0.000000,0.000000
HkxU2pNYPH,2020,Reject,accepted,1.000000,0.000000,0.000000,1.000000,1.000000
HkxJHlrFvr,2020,Reject,unknown,0.000000,0.000000,1.000000,0.000000,0.000000
HkxQzlHFPr,2020,Reject,unknown,0.000000,0.000000,1.000000,0.000000,0.000000
HkxCzeHFDB,2020,Accept (Poster),accepted,1.000000,0.000000,0.000000,1.000000,1.000000
HkxIIaVKPB,2020,Reject,unknown,0.000000,0.000000,1.000000,0.000000,0.000000
HkxWXkStDB,2020,Reject,unknown,0.000000,0.000000,1.000000,0.000000,0.000000
HkxnclHKDr,2020,Reject,unknown,0.000000,0.000000,1.000000,0.000000,0.000000
HkxTwkrKDB,2020,Accept (Poster),unknown,0.000000,0.000000,1.000000,0.000000,0.000000
HkxcUxrFPS,2020,Reject,unknown,0.000000,0.000000,1.000000,0.000000,0.000000
HkxDheHFDr,2020,Reject,unknown,0.000000,0.000000,1.000000,0.000000,-0.000000
HkxdQkSYDB,2020,Accept (Poster),unknown,0.000000,0.000000,1.000000,0.000000,0.000000
HyeYJ1SKDH,2020,Reject,unknown,0.000000,0.000000,1.000000,0.000000,0.000000
Hkxp3JHtPr,2020,Reject,unknown,0.000000,0.000000,1.000000,0.000000,0.000000
Hye4WaVYwr,2020,Reject,unknown,0.000000,0.000000,1.000000,0.000000,0.000000
Hkx7xRVYDr,2020,Accept (Spotlight),unknown,0.000000,0.000000,1.000000,0.000000,0.000000
Hkx1qkrKPr,2020,Accept (Poster),accepted,1.000000,0.000000,0.000000,1.000000,1.000000
HkxAS6VFDB,2020,Reject,rejected,0.000000,1.000000,0.000000,1.000000,-1.000000
HkxBJT4YvB,2020,Accept (Poster),unknown,0.000000,0.000000,1.000000,0.000000,0.000000
Hkx6p6EFDr,2020,Reject,unknown,0.000000,0.000000,1.000000,0.000000,0.000000
HkxARkrFwB,2020,Accept (Spotlight),unknown,0.000000,0.000000,1.000000,0.000000,-0.000000
HkxeThNFPH,2020,Reject,unknown,0.000000,0.000000,1.000000,0.000000,0.000000
Hklz71rYvS,2020,Accept (Spotlight),unknown,0.000000,0.000000,1.000000,0.000000,0.000000
HkxJpnVtPr,2020,Reject,unknown,0.000000,0.000000,1.000000,0.000000,0.000000
Hkx7_1rKwS,2020,Accept (Poster),unknown,0.000000,0.000000,1.000000,0.000000,0.000000
Hkx6hANtwH,2020,Accept (Poster),unknown,0.000000,0.000000,1.000000,0.000000,0.000000
HklsthVYDH,2020,Reject,unknown,0.000000,0.000000,1.000000,0.000000,0.000000
HklkeR4KPB,2020,Accept (Poster),accepted,1.000000,0.000000,0.000000,1.000000,1.000000
HklsHyBKDr,2020,Reject,unknown,0.000000,0.000000,1.000000,0.000000,-0.000000
HkxCcJHtPr,2020,Reject,unknown,0.000000,0.000000,1.000000,0.000000,0.000000
Hklr204Fvr,2020,Accept (Poster),unknown,0.000000,0.000000,1.000000,0.000000,-0.000000
HklvmlrKPB,2020,Reject,unknown,0.000000,0.000000,1.000000,0.000000,0.000000
HklxbgBKvr,2020,Accept (Poster),unknown,0.000000,0.000000,1.000000,0.000000,0.000000
Hkls_yBKDB,2020,Reject,unknown,0.000000,0.000000,1.000000,0.000000,0.000000
Hklso24Kwr,2020,Accept (Poster),unknown,0.000000,0.000000,1.000000,0.000000,-0.000000
HkliveStvH,2020,Reject,unknown,0.000000,0.000000,1.000000,0.000000,0.000000
HklvMJSYPB,2020,Reject,unknown,0.000000,0.000000,1.000000,0.000000,0.000000
HklliySFDS,2020,Reject,unknown,0.000000,0.000000,1.000000,0.000000,0.000000
HkldyTNYwH,2020,Accept (Poster),rejected,0.000000,1.000000,0.000000,1.000000,-1.000000
Hklcm0VYDS,2020,Reject,unknown,0.000000,0.000000,1.000000,0.000000,0.000000
HklSeREtPB,2020,Accept (Spotlight),accepted,1.000000,0.000000,0.000000,1.000000,1.000000
Hkx3ElHYwS,2020,Reject,unknown,0.000000,0.000000,1.000000,0.000000,0.000000
HklmoRVYvr,2020,Reject,unknown,0.000000,0.000000,1.000000,0.000000,0.000000
Hklo5RNtwS,2020,Reject,unknown,0.000000,0.000000,1.000000,0.000000,0.000000
Hkla1eHFvS,2020,Reject,unknown,0.000000,0.000000,1.000000,0.000000,0.000000
HklOo0VFDH,2020,Accept (Poster),unknown,0.000000,0.000000,1.000000,0.000000,0.000000
HklPzxHFwB,2020,Reject,unknown,0.000001,0.000000,0.999999,0.000001,0.000001
HklJdaNYPH,2020,Reject,accepted,1.000000,0.000000,0.000000,1.000000,1.000000
HklUCCVKDB,2020,Accept (Poster),unknown,0.000000,0.000000,1.000000,0.000000,0.000000
HklFUlBKPB,2020,Reject,unknown,0.000000,0.000000,1.000000,0.000000,0.000000
HklQYxBKwS,2020,Accept (Poster),unknown,0.000000,0.000000,1.000000,0.000000,0.000000
Hkl_sAVtwr,2020,Reject,unknown,0.000000,0.000000,1.000000,0.000000,0.000000
HklRwaEKwB,2020,Accept (Spotlight),unknown,0.000000,0.000000,1.000000,0.000000,0.000000
HklE01BYDB,2020,Reject,unknown,0.000000,0.000000,1.000000,0.000000,0.000000
HklZUpEtvr,2020,Reject,unknown,0.000000,0.000000,1.000000,0.000000,0.000000
Hkl6i0EFPH,2020,Reject,accepted,1.000000,0.000000,0.000000,1.000000,1.000000
HklCmaVtPS,2020,Reject,unknown,0.000000,0.000000,1.000000,0.000000,0.000000
HkgtJRVFPS,2020,Reject,accepted,1.000000,0.000000,0.000000,1.000000,1.000000
HkgsUJrtDB,2020,Accept (Poster),unknown,0.000000,0.000000,1.000000,0.000000,0.000000
Hkl_bCVKDr,2020,Reject,unknown,0.000000,0.000000,1.000000,0.000000,0.000000
HklWsREKwr,2020,Reject,unknown,0.000000,0.000000,1.000000,0.000000,0.000000
Hkl4EANFDH,2020,Reject,unknown,0.000000,0.000000,1.000000,0.000000,0.000000
HklRKpEKDr,2020,Reject,unknown,0.000000,0.000000,1.000000,0.000000,0.000000
HklXn1BKDH,2020,Accept (Poster),unknown,0.000000,0.000000,1.000000,0.000000,0.000000
HkgsPhNYPS,2020,Accept (Poster),accepted,1.000000,0.000000,0.000000,1.000000,1.000000
HkgsWxrtPB,2020,Accept (Poster),unknown,0.000000,0.000000,1.000000,0.000000,0.000000
HklCk1BtwS,2020,Reject,unknown,0.000000,0.000000,1.000000,0.000000,-0.000000
HkgqmyrYDH,2020,Reject,unknown,0.000000,0.000000,1.000000,0.000000,0.000000
Hkl1iRNFwS,2020,Accept (Poster),unknown,0.000000,0.000000,1.000000,0.000000,0.000000
HkgrZ0EYwB,2020,Accept (Poster),unknown,0.000000,0.000000,1.000000,0.000000,0.000000
HkgbKaEtvB,2020,Reject,unknown,0.000000,0.000000,1.000000,0.000000,0.000000
HkgxheBFDS,2020,Reject,unknown,0.000000,0.000000,1.000000,0.000000,0.000000
Hkgs3aNYDS,2020,Reject,unknown,0.000000,0.000000,1.000000,0.000000,0.000000
HkgXteBYPB,2020,Reject,unknown,0.000000,0.000000,1.000000,0.000000,0.000000
Hkgpnn4YvH,2020,Reject,unknown,0.000000,0.000000,1.000000,0.000000,0.000000
HkgaETNtDB,2020,Accept (Poster),accepted,1.000000,0.000000,0.000000,1.000000,1.000000
HkgYEyrFDr,2020,Reject,unknown,0.000000,0.000000,1.000000,0.000000,0.000000
HkgxW0EYDS,2020,Accept (Poster),unknown,0.000000,0.000000,1.000000,0.000000,0.000000
HkgTTh4FDH,2020,Accept (Poster),unknown,0.000000,0.000000,1.000000,0.000000,0.000000
HkgFDgSYPH,2020,Reject,unknown,0.000000,0.000000,1.000000,0.000000,0.000000
HkghoaNYPB,2020,Reject,unknown,0.000000,0.000000,1.000000,0.000000,-0.000000
HkgU3xBtDS,2020,Reject,unknown,0.000000,0.000000,1.000000,0.000000,0.000000
HkgH0TEYwH,2020,Accept (Poster),unknown,0.000000,0.000000,1.000000,0.000000,0.000000
HkgB2TNYPS,2020,Accept (Poster),unknown,0.000000,0.000000,1.000000,0.000000,0.000000
HkgR8erKwB,2020,Reject,unknown,0.000000,0.000000,1.000000,0.000000,0.000000
HkgBsaVtDB,2020,Reject,unknown,0.000000,0.000000,1.000000,0.000000,0.000000
Hkg0olStDr,2020,Reject,unknown,0.000000,0.000000,1.000000,0.000000,0.000000
Hkg-xgrYvH,2020,Accept (Poster),unknown,0.000000,0.000000,1.000000,0.000000,0.000000
HkewNJStDr,2020,Reject,unknown,0.000000,0.000000,1.000000,0.000000,0.000000
HkejNgBtPB,2020,Accept (Poster),accepted,1.000000,0.000000,0.000000,1.000000,1.000000
Hkg9HgBYwH,2020,Reject,unknown,0.000000,0.000000,1.000000,0.000000,0.000000
HkeuD34KPH,2020,Reject,unknown,0.000000,0.000000,1.000000,0.000000,0.000000
Hkexw1BtDr,2020,Reject,unknown,0.000000,0.000000,1.000000,0.000000,0.000000
Hkekl0NFPr,2020,Accept (Spotlight),accepted,1.000000,0.000000,0.000000,1.000000,1.000000
HkgeGeBYDB,2020,Accept (Poster),unknown,0.000000,0.000000,1.000000,0.000000,0.000000
HkgAJxrYwr,2020,Reject,unknown,0.000000,0.000000,1.000000,0.000000,0.000000
HkenPn4KPH,2020,Reject,unknown,0.000001,0.000000,0.999999,0.000001,0.000001
Hkex2a4FPr,2020,Reject,unknown,0.000000,0.000000,1.000000,0.000000,0.000000
Hkg5lAEtvS,2020,Reject,unknown,0.000000,0.000000,1.000000,0.000000,0.000000
Hkeh21BKPH,2020,Reject,unknown,0.000000,0.000000,1.000000,0.000000,-0.000000
Hkee1JBKwB,2020,Reject,unknown,0.000000,0.000000,1.000000,0.000000,0.000000
HkeeITEYDr,2020,Reject,unknown,0.000000,0.000000,1.000000,0.000000,0.000000
HkePOCNtPH,2020,Reject,unknown,0.000000,0.000000,1.000000,0.000000,-0.000000
HkeQ6ANYDB,2020,Reject,unknown,0.000000,0.000000,1.000000,0.000000,0.000000
HkePNpVKPB,2020,Accept (Poster),accepted,1.000000,0.000000,0.000000,1.000000,1.000000
HkehD3VtvS,2020,Reject,unknown,0.000000,0.000000,1.000000,0.000000,0.000000
HkedQp4tPr,2020,Reject,unknown,0.000000,0.000000,1.000000,0.000000,0.000000
HkeUDCNFPS,2020,Reject,unknown,0.000000,0.000000,1.000000,0.000000,0.000000
Hke_f0EYPH,2020,Reject,unknown,0.000000,0.000000,1.000000,0.000000,0.000000
HkeryxBtPB,2020,Accept (Poster),unknown,0.000000,0.000000,1.000000,0.000000,0.000000
HkeMYJHYvS,2020,Reject,unknown,0.000000,0.000000,1.000000,0.000000,0.000000
HkeSdCEtDS,2020,Reject,unknown,0.000000,0.000000,1.000000,0.000000,0.000000
Hkem-lrtvH,2020,Accept (Poster),unknown,0.000000,0.000000,1.000000,0.000000,0.000000
HkeO104tPB,2020,Reject,unknown,0.000000,0.000000,1.000000,0.000000,0.000000
Hke3gyHYwH,2020,Accept (Poster),unknown,0.000000,0.000000,1.000000,0.000000,0.000000
Hke0V1rKPS,2020,Accept (Poster),accepted,1.000000,0.000000,0.000000,1.000000,1.000000
HkeZQJBKDB,2020,Reject,unknown,0.000000,0.000000,1.000000,0.000000,0.000000
HJxyZkBKDr,2020,Accept (Spotlight),accepted,1.000000,0.000000,0.000000,1.000000,1.000000
Hke1gySFvB,2020,Reject,unknown,0.000000,0.000000,1.000000,0.000000,0.000000
Hke0K1HKwr,2020,Accept (Spotlight),accepted,1.000000,0.000000,0.000000,1.000000,1.000000
HkeJzANFwS,2020,Reject,rejected,0.000000,1.000000,0.000000,1.000000,-1.000000
Hke0lRNYwS,2020,Reject,unknown,0.000000,0.000000,1.000000,0.000000,0.000000
Hke4_JrYDr,2020,Reject,unknown,0.000000,0.000000,1.000000,0.000000,0.000000
HJxrVA4FDS,2020,Accept (Spotlight),unknown,0.000000,0.000000,1.000000,0.000000,0.000000
Hke12T4KPS,2020,Reject,unknown,0.000000,0.000000,1.000000,0.000000,0.000000
HJxhWa4KDr,2020,Reject,unknown,0.000000,0.000000,1.000000,0.000000,-0.000000
Hke0oa4KwS,2020,Reject,unknown,0.000000,0.000000,1.000000,0.000000,0.000000
HJxdTxHYvB,2020,Accept (Poster),accepted,1.000000,0.000000,0.000000,1.000000,1.000000
HJxiMAVtPH,2020,Reject,unknown,0.000000,0.000000,1.000000,0.000000,-0.000000
HJxf53EtDr,2020,Reject,accepted,1.000000,0.000000,0.000000,1.000000,1.000000
Hke-WTVtwr,2020,Accept (Spotlight),rejected,0.000000,0.999998,0.000002,0.999998,-0.999998
Hkl9JlBYvr,2020,Accept (Poster),unknown,0.000000,0.000000,1.000000,0.000000,0.000000
HJxcP2EFDS,2020,Reject,unknown,0.000000,0.000000,1.000000,0.000000,0.000000
HJxkvlBtwH,2020,Reject,unknown,0.000000,0.000000,1.000000,0.000000,0.000000
HJxwvCEFvH,2020,Reject,unknown,0.000000,0.000000,1.000000,0.000000,0.000000
HklBjCEKvH,2020,Accept (Poster),unknown,0.000000,0.000000,1.000000,0.000000,0.000000
HJxTgeBtDr,2020,Reject,unknown,0.000000,0.000000,1.000000,0.000000,0.000000
HkgMxkHtPH,2020,Reject,unknown,0.000000,0.000000,1.000000,0.000000,-0.000000
HJxp9kBFDS,2020,Reject,unknown,0.000000,0.000000,1.000000,0.000000,0.000000
HJxnM1rFvr,2020,Reject,unknown,0.000000,0.000000,1.000000,0.000000,0.000000
HJxWl0NKPB,2020,Reject,unknown,0.000000,0.000000,1.000000,0.000000,0.000000
HJxN0CNFPB,2020,Reject,unknown,0.000000,0.000000,1.000000,0.000000,0.000000
HJx_d34YDB,2020,Reject,unknown,0.000000,0.000000,1.000000,0.000000,0.000000
HJxV-ANKDH,2020,Accept (Poster),unknown,0.000000,0.000000,1.000000,0.000000,0.000000
HJxRMlrtPH,2020,Reject,unknown,0.000000,0.000000,1.000000,0.000000,0.000000
HJxKhyStPH,2020,Reject,unknown,0.000000,0.000000,1.000000,0.000000,0.000000
HJxVC1SYwr,2020,Reject,unknown,0.000000,0.000000,1.000000,0.000000,0.000000
HJx8HANFDH,2020,Accept (Poster),accepted,1.000000,0.000000,0.000000,1.000000,1.000000
HJxV5yHYwB,2020,Reject,unknown,0.000000,0.000000,1.000000,0.000000,0.000000
HJx-3grYDB,2020,Accept (Poster),accepted,1.000000,0.000000,0.000000,1.000000,1.000000
HJxhUpVKDr,2020,Reject,unknown,0.000000,0.000000,1.000000,0.000000,0.000000
HJx81ySKwr,2020,Accept (Poster),unknown,0.000000,0.000000,1.000000,0.000000,0.000000
HJx4PAEYDH,2020,Reject,unknown,0.000000,0.000000,1.000000,0.000000,-0.000000
HJxK5pEYvr,2020,Accept (Poster),unknown,0.000000,0.000000,1.000000,0.000000,0.000000
HkeAepVKDH,2020,Reject,unknown,0.000000,0.000000,1.000000,0.000000,-0.000000
HJxR7R4FvS,2020,Accept (Poster),unknown,0.000000,0.000000,1.000000,0.000000,0.000000
HJxJdp4YvS,2020,Reject,unknown,0.000000,0.000000,1.000000,0.000000,0.000000
HJx7uJStPH,2020,Reject,unknown,0.000000,0.000000,1.000000,0.000000,0.000000
HJlvCR4KDS,2020,Reject,unknown,0.000000,0.000000,1.000000,0.000000,0.000000
HJlrS1rYwH,2020,Reject,unknown,0.000000,0.000000,1.000000,0.000000,0.000000
HJxNAnVtDS,2020,Accept (Talk),accepted,0.999999,0.000000,0.000001,0.999999,0.999998
HJxMYANtPH,2020,Accept (Poster),unknown,0.000000,0.000000,1.000000,0.000000,0.000000
HJxEhREKDH,2020,Accept (Poster),accepted,1.000000,0.000000,0.000000,1.000000,1.000000
HJxJ2h4tPr,2020,Reject,unknown,0.000000,0.000000,1.000000,0.000000,0.000000
HJlQ96EtPr,2020,Reject,accepted,1.000000,0.000000,0.000000,1.000000,1.000000
HJlRFlHFPS,2020,Reject,unknown,0.000000,0.000000,1.000000,0.000000,0.000000
HJx0U64FwS,2020,Reject,unknown,0.000000,0.000000,1.000000,0.000000,0.000000
HJlfuTEtvB,2020,Accept (Poster),accepted,1.000000,0.000000,0.000000,1.000000,1.000000
HJxDugSFDB,2020,Reject,unknown,0.000000,0.000000,1.000000,0.000000,0.000000
HJlPC6NKDH,2020,Reject,unknown,0.000000,0.000000,1.000000,0.000000,0.000000
HJlXC3EtwB,2020,Reject,accepted,1.000000,0.000000,0.000000,1.000000,1.000000
HJlP_pEFPH,2020,Reject,unknown,0.000000,0.000000,1.000000,0.000000,0.000000
HJli2hNKDH,2020,Accept (Poster),unknown,0.000000,0.000000,1.000000,0.000000,-0.000000
HJlnC1rKPB,2020,Accept (Poster),unknown,0.000000,0.000000,1.000000,0.000000,0.000000
HJlk-eHFwH,2020,Reject,unknown,0.000000,0.000000,1.000000,0.000000,-0.000000
HJlxIJBFDr,2020,Accept (Poster),unknown,0.000000,0.000000,1.000000,0.000000,0.000000
HJlISCEKvB,2020,Reject,unknown,0.000000,0.000000,1.000000,0.000000,0.000000
HJluEeHKwH,2020,Reject,unknown,0.000000,0.000000,1.000000,0.000000,0.000000
HJlMkTNYvH,2020,Reject,unknown,0.000000,0.000000,1.000000,0.000000,0.000000
HJloElBYvB,2020,Accept (Poster),unknown,0.000000,0.000000,1.000000,0.000000,0.000000
HJlSmC4FPS,2020,Accept (Poster),unknown,0.000000,0.000000,1.000000,0.000000,0.000000
HJlY_6VKDr,2020,Reject,unknown,0.000000,0.000000,1.000000,0.000000,-0.000000
HJlHzJBFwB,2020,Reject,unknown,0.000000,0.000000,1.000000,0.000000,0.000000
HJl8SgHtwr,2020,Reject,unknown,0.000000,0.000000,1.000000,0.000000,-0.000000
HJlAUaVYvH,2020,Reject,unknown,0.000000,0.000000,1.000000,0.000000,0.000000
HJgzt2VKPB,2020,Accept (Talk),accepted,1.000000,0.000000,0.000000,1.000000,1.000000
HJlU-AVtvS,2020,Reject,unknown,0.000000,0.000000,1.000000,0.000000,0.000000
HJgzpgrYDr,2020,Reject,unknown,0.000000,0.000000,1.000000,0.000000,-0.000000
HJl8AaVFwB,2020,Reject,unknown,0.000000,0.000000,1.000000,0.000000,0.000000
HJgySxSKvB,2020,Reject,unknown,0.000000,0.000000,1.000000,0.000000,0.000000
HJlA0C4tPS,2020,Accept (Spotlight),unknown,0.000000,0.000000,1.000000,0.000000,0.000000
HJgkj0NFwr,2020,Reject,unknown,0.000000,0.000000,1.000000,0.000000,0.000000
HJlF3h4FvB,2020,Reject,unknown,0.000000,0.000000,1.000000,0.000000,-0.000000
HJl8_eHYvS,2020,Accept (Poster),unknown,0.000000,0.000000,1.000000,0.000000,0.000000
HJlTpCEKvS,2020,Reject,unknown,0.000000,0.000000,1.000000,0.000000,0.000000
HJl8SkBYPr,2020,Reject,unknown,0.000000,0.000000,1.000000,0.000000,0.000000
HJlWWJSFDH,2020,Accept (Spotlight),unknown,0.000000,0.000000,1.000000,0.000000,0.000000
HJgb7lSFwS,2020,Reject,unknown,0.000000,0.000000,1.000000,0.000000,0.000000
HJgfDREKDB,2020,Accept (Poster),unknown,0.000000,0.000000,1.000000,0.000000,0.000000
HJgdo6VFPH,2020,Reject,unknown,0.000000,0.000000,1.000000,0.000000,0.000000
HJghoa4YDB,2020,Reject,unknown,0.000000,0.000000,1.000000,0.000000,0.000000
HJg_tkBtwS,2020,Reject,unknown,0.000000,0.000000,1.000000,0.000000,0.000000
HJggj3VKPH,2020,Reject,unknown,0.000000,0.000000,1.000000,0.000000,0.000000
HJgepaNtDS,2020,Reject,unknown,0.000000,0.000000,1.000000,0.000000,0.000000
HJlzxgBtwH,2020,Reject,unknown,0.000000,0.000000,1.000000,0.000000,0.000000
HJgcw0Etwr,2020,Reject,unknown,0.000000,0.000000,1.000000,0.000000,0.000000
HJgRCyHFDr,2020,Reject,accepted,0.999999,0.000001,0.000000,1.000000,0.999998
HJgcvJBFvB,2020,Accept (Poster),unknown,0.000000,0.000000,1.000000,0.000000,0.000000
HJgJtT4tvB,2020,Accept (Poster),accepted,1.000000,0.000000,0.000000,1.000000,1.000000
HJgSwyBKvr,2020,Accept (Poster),unknown,0.000000,0.000000,1.000000,0.000000,0.000000
HJgKYlSKvr,2020,Reject,unknown,0.000000,0.000000,1.000000,0.000000,0.000000
HJgEe1SKPr,2020,Reject,unknown,0.000000,0.000000,1.000000,0.000000,0.000000
HJgBA2VYwH,2020,Accept (Poster),accepted,1.000000,0.000000,0.000000,1.000000,1.000000
HJgCcCNtwH,2020,Reject,accepted,1.000000,0.000000,0.000000,1.000000,1.000000
HJg_ECEKDr,2020,Reject,unknown,0.000000,0.000000,1.000000,0.000000,-0.000000
HJgC60EtwB,2020,Accept (Poster),unknown,0.000000,0.000000,1.000000,0.000000,0.000000
HJgS7p4FPH,2020,Reject,unknown,0.000000,0.000000,1.000000,0.000000,0.000000
HJewiCVFPB,2020,Reject,accepted,1.000000,0.000000,0.000000,1.000000,1.000000
HJgK0h4Ywr,2020,Accept (Poster),unknown,0.000000,0.000000,1.000000,0.000000,0.000000
HJgLZR4KvH,2020,Accept (Talk),unknown,0.000000,0.000000,1.000000,0.000000,0.000000
HJgFW6EKvH,2020,Reject,unknown,0.000000,0.000000,1.000000,0.000000,0.000000
HJg4qxSKPB,2020,Reject,unknown,0.000000,0.000000,1.000000,0.000000,0.000000
HJg6VREFDH,2020,Reject,unknown,0.000000,0.000000,1.000000,0.000000,-0.000000
HJg3HyStwB,2020,Reject,accepted,1.000000,0.000000,0.000000,1.000000,1.000000
HJew70NYvH,2020,Reject,accepted,1.000000,0.000000,0.000000,1.000000,1.000000
HJgEMpVFwB,2020,Accept (Poster),unknown,0.000000,0.000000,1.000000,0.000000,0.000000
HJg3Rp4FwH,2020,Reject,unknown,0.000000,0.000000,1.000000,0.000000,0.000000
HJgCF0VFwr,2020,Accept (Poster),unknown,0.000000,0.000000,1.000000,0.000000,0.000000
HJewxlHFwH,2020,Reject,accepted,1.000000,0.000000,0.000000,1.000000,1.000000
HJg2b0VYDr,2020,Accept (Poster),unknown,0.000000,0.000000,1.000000,0.000000,0.000000
HJezF3VYPB,2020,Accept (Poster),unknown,0.000000,0.000000,1.000000,0.000000,0.000000
HJel76NYPS,2020,Reject,unknown,0.000000,0.000000,1.000000,0.000000,-0.000000
HJeiDpVFPr,2020,Accept (Poster),accepted,1.000000,0.000000,0.000000,1.000000,1.000000
HJe_yR4Fwr,2020,Accept (Poster),accepted,1.000000,0.000000,0.000000,1.000000,1.000000
HJenn6VFvB,2020,Accept (Spotlight),unknown,0.000000,0.000000,1.000000,0.000000,0.000000
HJeg46EKPr,2020,Reject,unknown,0.000000,0.000000,1.000000,0.000000,0.000000
HJeYSxHFDS,2020,Reject,accepted,1.000000,0.000000,0.000000,1.000000,1.000000
HJe_Z04Yvr,2020,Accept (Poster),unknown,0.000000,0.000000,1.000000,0.000000,0.000000
HJemQJBKDr,2020,Reject,unknown,0.000000,0.000000,1.000000,0.000000,0.000000
HJeYalBKvr,2020,Reject,unknown,0.000000,0.000000,1.000000,0.000000,0.000000
HJem3yHKwH,2020,Accept (Poster),unknown,0.000000,0.000000,1.000000,0.000000,0.000000
HJlWIANtPH,2020,Reject,accepted,1.000000,0.000000,0.000000,1.000000,1.000000
HJeVnCEKwH,2020,Accept (Poster),unknown,0.000000,0.000000,1.000000,0.000000,0.000000
HJedXaEtvS,2020,Accept (Poster),unknown,0.000000,0.000000,1.000000,0.000000,0.000000
HJeLBpEFPB,2020,Reject,unknown,0.000000,0.000000,1.000000,0.000000,-0.000000
HJeIX6EKvr,2020,Reject,unknown,0.000000,0.000000,1.000000,0.000000,-0.000000
HJeRveHKDH,2020,Reject,unknown,0.000000,0.000000,1.000000,0.000000,0.000000
HJeOekHKwr,2020,Accept (Poster),unknown,0.000000,0.000000,1.000000,0.000000,0.000000
HJePXkHtvS,2020,Reject,unknown,0.000000,0.000000,1.000000,0.000000,0.000000
HJeO7RNKPr,2020,Accept (Poster),unknown,0.000000,0.000000,1.000000,0.000000,0.000000
HJepXaVYDr,2020,Accept (Poster),accepted,1.000000,0.000000,0.000000,1.000000,1.000000
HJeT3yrtDr,2020,Accept (Poster),unknown,0.000000,0.000000,1.000000,0.000000,0.000000
HJeIU0VYwB,2020,Reject,rejected,0.000000,1.000000,0.000000,1.000000,-1.000000
HJeANgBYwr,2020,Reject,unknown,0.000000,0.000000,1.000000,0.000000,0.000000
HJe88xBKPr,2020,Reject,unknown,0.000000,0.000000,1.000000,0.000000,0.000000
HJeTo2VFwH,2020,Accept (Spotlight),unknown,0.000000,0.000000,1.000000,0.000000,0.000000
HJe4Cp4KwH,2020,Reject,unknown,0.000000,0.000000,1.000000,0.000000,0.000000
HJe9cR4KvB,2020,Reject,unknown,0.000000,0.000000,1.000000,0.000000,0.000000
H1xzdlStvB,2020,Reject,accepted,0.999999,0.000000,0.000000,1.000000,0.999999
HJeEP04KDH,2020,Reject,unknown,0.000000,0.000000,1.000000,0.000000,0.000000
HJekvT4twr,2020,Reject,unknown,0.000000,0.000000,1.000000,0.000000,0.000000
HJgpugrKPS,2020,Accept (Poster),accepted,1.000000,0.000000,0.000000,1.000000,1.000000
HJe5_6VKwS,2020,Reject,unknown,0.000000,0.000000,1.000000,0.000000,-0.000000
HJgExaVtwr,2020,Accept (Poster),unknown,0.000000,0.000000,1.000000,0.000000,-0.000000
HJe7unNFDH,2020,Reject,unknown,0.000000,0.000000,1.000000,0.000000,0.000000
H1xscnEKDr,2020,Accept (Spotlight),unknown,0.000000,0.000000,1.000000,0.000000,0.000000
HJe7bxBYvr,2020,Reject,unknown,0.000000,0.000000,1.000000,0.000000,0.000000
H1xauR4Kvr,2020,Reject,unknown,0.000000,0.000000,1.000000,0.000000,0.000000
H1xTup4KPr,2020,Reject,unknown,0.000000,0.000000,1.000000,0.000000,-0.000000
HJgLLyrYwB,2020,Accept (Poster),unknown,0.000000,0.000000,1.000000,0.000000,0.000000
HJe6uANtwH,2020,Accept (Poster),unknown,0.000000,0.000000,1.000000,0.000000,-0.000000
HJe-oRVtPB,2020,Reject,unknown,0.000000,0.000000,1.000000,0.000000,0.000000
HJeFmkBtvB,2020,Reject,unknown,0.000000,0.000000,1.000000,0.000000,0.000000
H1xFWgrFPS,2020,Accept (Spotlight),unknown,0.000000,0.000000,1.000000,0.000000,0.000000
H1xPR3NtPB,2020,Accept (Poster),accepted,1.000000,0.000000,0.000000,1.000000,1.000000
HJe-blSYvH,2020,Reject,unknown,0.000000,0.000000,1.000000,0.000000,0.000000
H1x8b6EtvH,2020,Reject,unknown,0.000000,0.000000,1.000000,0.000000,0.000000
H1lma24tPB,2020,Accept (Talk),accepted,1.000000,0.000000,0.000000,1.000000,1.000000
HJeqhA4YDS,2020,Accept (Poster),unknown,0.000000,0.000000,1.000000,0.000000,0.000000
H1lyiaVFwB,2020,Reject,unknown,0.000000,0.000000,1.000000,0.000000,-0.000000
H1x9004YPr,2020,Reject,unknown,0.000000,0.000000,1.000000,0.000000,-0.000000
H1x5wRVtvS,2020,Accept (Poster),unknown,0.000000,0.000000,1.000000,0.000000,0.000000
H1loF2NFwr,2020,Accept (Poster),unknown,0.000000,0.000000,1.000000,0.000000,0.000000
H1x-pANtDB,2020,Reject,unknown,0.000000,0.000000,1.000000,0.000000,0.000000
H1xSOTVtvH,2020,Reject,unknown,0.000000,0.000000,1.000000,0.000000,0.000000
H1lmyRNFvr,2020,Accept (Poster),unknown,0.000000,0.000000,1.000000,0.000000,-0.000000
H1xKBCEYDr,2020,Reject,unknown,0.000000,0.000000,1.000000,0.000000,0.000000
H1lmhaVtvr,2020,Accept (Poster),unknown,0.000000,0.000000,1.000000,0.000000,0.000000
H1xJhJStPS,2020,Reject,unknown,0.000000,0.000000,1.000000,0.000000,0.000000
H1lhqpEYPr,2020,Accept (Poster),accepted,1.000000,0.000000,0.000000,1.000000,1.000000
H1x-3xSKDr,2020,Reject,rejected,0.000000,1.000000,0.000000,1.000000,-1.000000
H1lj0nNFwB,2020,Accept (Poster),unknown,0.000000,0.000000,1.000000,0.000000,0.000000
H1lxeRNYvB,2020,Reject,unknown,0.000000,0.000000,1.000000,0.000000,0.000000
H1ldzA4tPr,2020,Accept (Spotlight),accepted,1.000000,0.000000,0.000000,1.000000,1.000000
H1lfwAVFwr,2020,Reject,unknown,0.000000,0.000000,1.000000,0.000000,0.000000
H1ls_eSKPH,2020,Reject,unknown,0.000000,0.000000,1.000000,0.000000,0.000000
H1lxVyStPH,2020,Accept (Poster),unknown,0.000000,0.000000,1.000000,0.000000,0.000000
H1lac2Vtwr,2020,Reject,unknown,0.000000,0.000000,1.000000,0.000000,0.000000
H1lTQ1rFvS,2020,Reject,accepted,1.000000,0.000000,0.000000,1.000000,1.000000
H1livgrFvr,2020,Reject,unknown,0.000000,0.000000,1.000000,0.000000,0.000000
H1laeJrKDB,2020,Accept (Poster),unknown,0.000000,0.000000,1.000000,0.000000,0.000000
H1lZJpVFvr,2020,Accept (Poster),unknown,0.000000,0.000000,1.000000,0.000000,0.000000
H1l_0JBYwS,2020,Accept (Spotlight),unknown,0.000000,0.000000,1.000000,0.000000,0.000000
H1l_gA4KvH,2020,Reject,unknown,0.000000,0.000000,1.000000,0.000000,0.000000
H1leCRNYvS,2020,Reject,unknown,0.000000,0.000000,1.000000,0.000000,0.000000
H1lXVJStwB,2020,Reject,unknown,0.000000,0.000000,1.000000,0.000000,0.000000
H1lOUeSFvB,2020,Reject,accepted,1.000000,0.000000,0.000000,1.000000,1.000000
H1lVvgHKDr,2020,Reject,unknown,0.000000,0.000000,1.000000,0.000000,-0.000000
H1lXCaVKvS,2020,Reject,unknown,0.000000,0.000000,1.000000,0.000000,0.000000
H1lTUCVYvH,2020,Reject,unknown,0.000000,0.000000,1.000000,0.000000,0.000000
H1lNPxHKDH,2020,Accept (Poster),accepted,1.000000,0.000000,0.000000,1.000000,1.000000
H1lQJ1HYwS,2020,Reject,unknown,0.000000,0.000000,1.000000,0.000000,0.000000
H1lK_lBtvS,2020,Accept (Poster),unknown,0.000000,0.000000,1.000000,0.000000,0.000000
H1lNb0NtPH,2020,Reject,unknown,0.000000,0.000000,1.000000,0.000000,-0.000000
H1lBYCEFDB,2020,Reject,accepted,1.000000,0.000000,0.000000,1.000000,1.000000
H1lTRJBtwB,2020,Reject,unknown,0.000000,0.000000,1.000000,0.000000,0.000000
H1lMogrKDH,2020,Reject,unknown,0.000000,0.000000,1.000000,0.000000,-0.000000
H1lK5kBKvr,2020,Reject,unknown,0.000000,0.000000,1.000000,0.000000,0.000000
H1lDSCEYPH,2020,Reject,unknown,0.000000,0.000000,1.000000,0.000000,0.000000
H1lKNp4Fvr,2020,Reject,unknown,0.000000,0.000000,1.000000,0.000000,0.000000
H1l3s6NtvH,2020,Reject,unknown,0.000000,0.000000,1.000000,0.000000,0.000000
H1lBj2VFPS,2020,Accept (Poster),unknown,0.000000,0.000000,1.000000,0.000000,0.000000
H1lDbaVYvH,2020,Reject,unknown,0.000000,0.000000,1.000000,0.000000,0.000000
H1lefTEKDS,2020,Reject,unknown,0.000000,0.000000,1.000000,0.000000,0.000000
H1l-02VKPB,2020,Reject,unknown,0.000000,0.000000,1.000000,0.000000,0.000000
H1lKd6NYPS,2020,Reject,unknown,0.000000,0.000000,1.000000,0.000000,0.000000
H1gzR2VKDH,2020,Accept (Poster),accepted,1.000000,0.000000,0.000000,1.000000,1.000000
H1lQIgrFDS,2020,Reject,unknown,0.000000,0.000000,1.000000,0.000000,0.000000
H1gz_nNYDS,2020,Reject,accepted,1.000000,0.000000,0.000000,1.000000,1.000000
H1l2mxHKvr,2020,Reject,unknown,0.000000,0.000000,1.000000,0.000000,0.000000
H1lFsREYPS,2020,Reject,unknown,0.000000,0.000000,1.000000,0.000000,-0.000000
H1gfFaEYDS,2020,Accept (Poster),accepted,1.000000,0.000000,0.000000,1.000000,1.000000
H1gyy1BtDS,2020,Reject,unknown,0.000000,0.000000,1.000000,0.000000,0.000000
H1gpET4YDB,2020,Reject,unknown,0.000000,0.000000,1.000000,0.000000,0.000000
H1gx3kSKPS,2020,Reject,accepted,1.000000,0.000000,0.000000,1.000000,1.000000
H1guaREYPr,2020,Accept (Poster),unknown,0.000000,0.000000,1.000000,0.000000,-0.000000
H1gy1erYDH,2020,Reject,rejected,0.000000,1.000000,0.000000,1.000000,-1.000000
H1gza2NtwH,2020,Reject,unknown,0.000000,0.000000,1.000000,0.000000,0.000000
H1l0O6EYDH,2020,Reject,unknown,0.000000,0.000000,1.000000,0.000000,-0.000000
H1gdF34FvS,2020,Reject,accepted,1.000000,0.000000,0.000000,1.000000,1.000000
H1ggKyrYwB,2020,Reject,unknown,0.000000,0.000000,1.000000,0.000000,-0.000000
H1gXzxHKvH,2020,Reject,unknown,0.000000,0.000000,1.000000,0.000000,0.000000
H1gZsJBYwH,2020,Reject,unknown,0.000000,0.000000,1.000000,0.000000,-0.000000
H1gcw1HYPr,2020,Reject,unknown,0.000000,0.000000,1.000000,0.000000,0.000000
H1gx1CNKPH,2020,Reject,unknown,0.000000,0.000000,1.000000,0.000000,0.000000
H1gX8C4YPr,2020,Accept (Poster),accepted,1.000000,0.000000,0.000000,1.000000,1.000000
H1gCeyHFDS,2020,Reject,accepted,1.000000,0.000000,0.000000,1.000000,1.000000
H1gax6VtDB,2020,Accept (Talk),unknown,0.000000,0.000000,1.000000,0.000000,0.000000
H1gL3RVtwr,2020,Reject,unknown,0.000000,0.000000,1.000000,0.000000,-0.000000
H1gWyJBFDr,2020,Reject,unknown,0.000000,0.000000,1.000000,0.000000,0.000000
H1gmHaEKwB,2020,Accept (Poster),unknown,0.000000,0.000000,1.000000,0.000000,0.000000
H1gHb1rFwr,2020,Reject,unknown,0.000000,0.000000,1.000000,0.000000,0.000000
H1gNOeHKPS,2020,Accept (Spotlight),unknown,0.000000,0.000000,1.000000,0.000000,0.000000
H1gS364FwS,2020,Reject,unknown,0.000000,0.000000,1.000000,0.000000,0.000000
H1gB4RVKvB,2020,Accept (Poster),unknown,0.000000,0.000000,1.000000,0.000000,0.000000
H1g6kaVKvH,2020,Reject,unknown,0.000000,0.000000,1.000000,0.000000,0.000000
H1gDaa4YwS,2020,Reject,unknown,0.000000,0.000000,1.000000,0.000000,0.000000
H1gBsgBYwH,2020,Accept (Spotlight),unknown,0.000000,0.000000,1.000000,0.000000,0.000000
H1gdAC4KDB,2020,Reject,unknown,0.000000,0.000000,1.000000,0.000000,0.000000
H1g79ySYvB,2020,Reject,unknown,0.000000,0.000000,1.000000,0.000000,0.000000
H1gN6kSFwS,2020,Reject,unknown,0.000000,0.000000,1.000000,0.000000,0.000000
H1emfT4twB,2020,Accept (Poster),accepted,1.000000,0.000000,0.000000,1.000000,1.000000
H1ezFREtwH,2020,Accept (Poster),unknown,0.000000,0.000000,1.000000,0.000000,0.000000
H1exf64KwH,2020,Accept (Poster),unknown,0.000000,0.000000,1.000000,0.000000,0.000000
H1ep5TNKwr,2020,Reject,unknown,0.000000,0.000000,1.000000,0.000000,0.000000
H1ervR4FwH,2020,Reject,unknown,0.000000,0.000000,1.000000,0.000000,0.000000
H1g4M0EtPS,2020,Reject,unknown,0.000000,0.000000,1.000000,0.000000,0.000000
H1gEP6NFwr,2020,Reject,unknown,0.000000,0.000000,1.000000,0.000000,-0.000000
H1g6s0NtwS,2020,Reject,unknown,0.000000,0.000000,1.000000,0.000000,0.000000
H1edEyBKDS,2020,Accept (Poster),accepted,1.000000,0.000000,0.000000,1.000000,1.000000
H1epaJSYDS,2020,Reject,unknown,0.000000,0.000000,1.000000,0.000000,0.000000
H1enKkrFDB,2020,Accept (Spotlight),unknown,0.000000,0.000000,1.000000,0.000000,0.000000
H1ebc0VYvH,2020,Reject,unknown,0.000000,0.000000,1.000000,0.000000,0.000000
H1e_cC4twS,2020,Accept (Poster),unknown,0.000000,0.000000,1.000000,0.000000,0.000000
H1eY00VFDB,2020,Reject,rejected,0.000000,1.000000,0.000000,1.000000,-1.000000
H1ekF2EYDH,2020,Reject,unknown,0.000000,0.000000,1.000000,0.000000,0.000000
H1eRI04KPB,2020,Reject,unknown,0.000000,0.000000,1.000000,0.000000,0.000000
H1eUz1rKPr,2020,Reject,unknown,0.000000,0.000000,1.000000,0.000000,0.000000
H1eNleBYwr,2020,Reject,accepted,0.999999,0.000000,0.000001,0.999999,0.999998
H1gBhkBFDH,2020,Accept (Poster),unknown,0.000000,0.000000,1.000000,0.000000,0.000000
H1eF3kStPS,2020,Reject,unknown,0.000000,0.000000,1.000000,0.000000,0.000000
H1eD7REtPr,2020,Reject,unknown,0.000000,0.000000,1.000000,0.000000,-0.000000
H1e5GJBtDr,2020,Reject,accepted,1.000000,0.000000,0.000000,1.000000,1.000000
H1eA7AEtvS,2020,Accept (Spotlight),accepted,1.000000,0.000000,0.000000,1.000000,1.000000
H1g8p1BYvS,2020,Reject,unknown,0.000000,0.000000,1.000000,0.000000,0.000000
H1eqQeHFDS,2020,Accept (Poster),unknown,0.000000,0.000000,1.000000,0.000000,0.000000
H1eCR34FPB,2020,Reject,unknown,0.000000,0.000000,1.000000,0.000000,0.000000
H1eCw3EKvH,2020,Accept (Poster),rejected,0.000000,1.000000,0.000000,1.000000,-1.000000
H1eKT1SFvH,2020,Reject,unknown,0.000000,0.000000,1.000000,0.000000,0.000000
H1eH9hNtwr,2020,Reject,unknown,0.000000,0.000000,1.000000,0.000000,0.000000
H1e3HlSFDr,2020,Reject,unknown,0.000000,0.000000,1.000000,0.000000,0.000000
H1eRYxHYPB,2020,Reject,unknown,0.000000,0.000000,1.000000,0.000000,0.000000
H1efEp4Yvr,2020,Reject,unknown,0.000000,0.000000,1.000000,0.000000,0.000000
H1eWGREFvB,2020,Reject,unknown,0.000000,0.000000,1.000000,0.000000,0.000000
H1e-X64FDB,2020,Reject,accepted,1.000000,0.000000,0.000000,1.000000,1.000000
H1eVlgHKPr,2020,Reject,unknown,0.000000,0.000000,1.000000,0.000000,0.000000
H1eqOnNYDH,2020,Reject,unknown,0.000000,0.000000,1.000000,0.000000,-0.000000
ByxtHCVKwB,2020,Reject,unknown,0.000000,0.000000,1.000000,0.000000,0.000000
ByxxgCEYDS,2020,Accept (Spotlight),unknown,0.000000,0.000000,1.000000,0.000000,0.000000
ByxduJBtPB,2020,Reject,accepted,1.000000,0.000000,0.000000,1.000000,1.000000
H1eJAANtvr,2020,Reject,unknown,0.000000,0.000000,1.000000,0.000000,-0.000000
H1ebhnEYDH,2020,Accept (Spotlight),unknown,0.000000,0.000000,1.000000,0.000000,0.000000
ByxdUySKvS,2020,Accept (Poster),accepted,1.000000,0.000000,0.000000,1.000000,1.000000
ByxtC2VtPB,2020,Accept (Poster),rejected,0.000001,0.999999,0.000000,1.000000,-0.999997
Byxv2pEKPH,2020,Reject,unknown,0.000000,0.000000,1.000000,0.000000,0.000000
H1e31AEYwB,2020,Reject,unknown,0.000000,0.000000,1.000000,0.000000,0.000000
H1e0Wp4KvH,2020,Accept (Poster),accepted,1.000000,0.000000,0.000000,1.000000,1.000000
H1eArT4tPH,2020,Reject,unknown,0.000000,0.000000,1.000000,0.000000,0.000000
Byx_YAVYPH,2020,Accept (Poster),accepted,1.000000,0.000000,0.000000,1.000000,1.000000
H1eo9h4KPH,2020,Reject,unknown,0.000000,0.000000,1.000000,0.000000,0.000000
Byxl-04KvH,2020,Reject,unknown,0.000000,0.000000,1.000000,0.000000,-0.000000
ByxRM0Ntvr,2020,Accept (Poster),accepted,1.000000,0.000000,0.000000,1.000000,1.000000
ByxY8CNtvr,2020,Accept (Poster),unknown,0.000000,0.000000,1.000000,0.000000,0.000000
ByxQB1BKwH,2020,Accept (Poster),accepted,1.000000,0.000000,0.000000,1.000000,1.000000
H1e552VKPr,2020,Reject,unknown,0.000000,0.000000,1.000000,0.000000,0.000000
ByxODxHYwB,2020,Reject,unknown,0.000000,0.000000,1.000000,0.000000,0.000000
ByxhOyHYwH,2020,Reject,unknown,0.000000,0.000000,1.000000,0.000000,0.000000
H1MOqeHYvB,2020,Reject,unknown,0.000000,0.000000,1.000000,0.000000,0.000000
ByxaUgrFvH,2020,Accept (Poster),unknown,0.000000,0.000000,1.000000,0.000000,0.000000
ByxJjlHKwr,2020,Reject,unknown,0.000000,0.000000,1.000000,0.000000,0.000000
ByxT7TNFvH,2020,Accept (Poster),unknown,0.000000,0.000000,1.000000,0.000000,0.000000
ByxoqJrtvr,2020,Reject,unknown,0.000000,0.000000,1.000000,0.000000,0.000000
ByxCrerKvS,2020,Reject,unknown,0.000000,0.000000,1.000000,0.000000,0.000000
Byx5R0NKPr,2020,Reject,unknown,0.000000,0.000000,1.000000,0.000000,0.000000
ByxKo04tvr,2020,Reject,unknown,0.000000,0.000000,1.000000,0.000000,0.000000
BylyV1BtDB,2020,Reject,unknown,0.000000,0.000000,1.000000,0.000000,0.000000
ByxloeHFPS,2020,Reject,unknown,0.000000,0.000000,1.000000,0.000000,0.000000
Bylp62EKDH,2020,Reject,accepted,1.000000,0.000000,0.000000,1.000000,1.000000
Byx91R4twB,2020,Reject,unknown,0.000000,0.000000,1.000000,0.000000,0.000000
Byx0iAEYPH,2020,Reject,unknown,0.000000,0.000000,1.000000,0.000000,0.000000
BylldxBYwH,2020,Reject,unknown,0.000000,0.000000,1.000000,0.000000,0.000000
Bylthp4Yvr,2020,Reject,unknown,0.000000,0.000000,1.000000,0.000000,-0.000000
Bylkd0EFwr,2020,Reject,unknown,0.000000,0.000000,1.000000,0.000000,0.000000
Byx55pVKDB,2020,Reject,unknown,0.000000,0.000000,1.000000,0.000000,-0.000000
ByljMaNKwB,2020,Reject,unknown,0.000000,0.000000,1.000000,0.000000,0.000000
ByxJO3VFwB,2020,Reject,unknown,0.000000,0.000000,1.000000,0.000000,0.000000
Byx4NkrtDS,2020,Accept (Poster),unknown,0.000000,0.000000,1.000000,0.000000,0.000000
BylsKkHYvH,2020,Accept (Poster),unknown,0.000000,0.000000,1.000000,0.000000,-0.000000
BylaUTNtPS,2020,Reject,accepted,1.000000,0.000000,0.000000,1.000000,1.000000
Bylx-TNKvH,2020,Accept (Poster),unknown,0.000000,0.000000,1.000000,0.000000,0.000000
Byx0PREtDH,2020,Reject,unknown,0.000000,0.000000,1.000000,0.000000,-0.000000
BylfTySYvB,2020,Reject,unknown,0.000000,0.000000,1.000000,0.000000,0.000000
ByliZgBKPH,2020,Reject,unknown,0.000000,0.000000,1.000000,0.000000,0.000000
Bylh2krYPr,2020,Reject,unknown,0.000000,0.000000,1.000000,0.000000,0.000000
BylalAEtvB,2020,Reject,unknown,0.000000,0.000000,1.000000,0.000000,0.000000
ByxGkySKwH,2020,Accept (Poster),unknown,0.000000,0.000000,1.000000,0.000000,0.000000
BylRkAEKDH,2020,Reject,accepted,1.000000,0.000000,0.000000,1.000000,1.000000
Byx9p2EtDH,2020,Reject,unknown,0.000000,0.000000,1.000000,0.000000,0.000000
BylXi3NKvS,2020,Reject,unknown,0.000000,0.000000,1.000000,0.000000,-0.000000
ByxHJeBYDB,2020,Reject,unknown,0.000000,0.000000,1.000000,0.000000,0.000000
Byla224KPr,2020,Reject,unknown,0.000000,0.000000,1.000000,0.000000,-0.000000
BylUMxSFwS,2020,Reject,accepted,1.000000,0.000000,0.000000,1.000000,1.000000
BylTy1HFDS,2020,Reject,rejected,0.000000,1.000000,0.000000,1.000000,-1.000000
BylQSxHFwr,2020,Accept (Poster),accepted,0.999999,0.000000,0.000001,0.999999,0.999999
BylQm1HKvB,2020,Reject,unknown,0.000000,0.000000,1.000000,0.000000,0.000000
BylVcTNtDS,2020,Accept (Poster),unknown,0.000000,0.000000,1.000000,0.000000,-0.000000
BylPSkHKvB,2020,Reject,unknown,0.000000,0.000000,1.000000,0.000000,0.000000
BylWYC4KwH,2020,Reject,unknown,0.000000,0.000000,1.000000,0.000000,0.000000
BylT8RNKPH,2020,Reject,unknown,0.000000,0.000000,1.000000,0.000000,0.000000
BylWglrYPH,2020,Reject,unknown,0.000000,0.000000,1.000000,0.000000,0.000000
BylA_C4tPr,2020,Accept (Poster),accepted,1.000000,0.000000,0.000000,1.000000,1.000000
BylKwnEYvS,2020,Reject,unknown,0.000000,0.000000,1.000000,0.000000,0.000000
BylNoaVYPS,2020,Reject,unknown,0.000000,0.000000,1.000000,0.000000,0.000000
BylDrRNKvH,2020,Reject,unknown,0.000000,0.000000,1.000000,0.000000,0.000000
BylB4kBtwB,2020,Reject,unknown,0.000000,0.000000,1.000000,0.000000,0.000000
Byl1W1rtvH,2020,Reject,unknown,0.000000,0.000000,1.000000,0.000000,0.000000
BygzbyHFvB,2020,Accept (Spotlight),accepted,1.000000,0.000000,0.000000,1.000000,1.000000
BylJUTEKvB,2020,Reject,unknown,0.000000,0.000000,1.000000,0.000000,-0.000000
BylD9eSYPS,2020,Reject,unknown,0.000000,0.000000,1.000000,0.000000,0.000000
Byl8hhNYPS,2020,Accept (Spotlight),unknown,0.000000,0.000000,1.000000,0.000000,0.000000
BylKL1SKvr,2020,Reject,unknown,0.000000,0.000000,1.000000,0.000000,0.000000
Byl28eBtwH,2020,Reject,unknown,0.000000,0.000000,1.000000,0.000000,0.000000
BylEqnVFDB,2020,Accept (Poster),unknown,0.000000,0.000000,1.000000,0.000000,0.000000
BygpAp4Ywr,2020,Reject,unknown,0.000000,0.000000,1.000000,0.000000,0.000000
BygkQeHKwB,2020,Reject,accepted,1.000000,0.000000,0.000000,1.000000,1.000000
BylTta4YvB,2020,Reject,unknown,0.000000,0.000000,1.000000,0.000000,-0.000000
Byl-264tvr,2020,Reject,unknown,0.000000,0.000000,1.000000,0.000000,0.000000
ByggpyrFPS,2020,Reject,unknown,0.000000,0.000000,1.000000,0.000000,0.000000
Byl5NREFDr,2020,Accept (Poster),rejected,0.000000,1.000000,0.000000,1.000000,-1.000000
BygdyxHFDS,2020,Accept (Poster),unknown,0.000000,0.000000,1.000000,0.000000,0.000000
Bygka64KPH,2020,Reject,unknown,0.000000,0.000000,1.000000,0.000000,0.000000
BygacxrFwS,2020,Reject,unknown,0.000000,0.000000,1.000000,0.000000,-0.000000
BygWRaVYwH,2020,Reject,unknown,0.000000,0.000000,1.000000,0.000000,0.000000
BygfiAEtwS,2020,Reject,unknown,0.000000,0.000000,1.000000,0.000000,0.000000
BygZK2VYvB,2020,Reject,unknown,0.000000,0.000000,1.000000,0.000000,0.000000
BygY4grYDr,2020,Reject,accepted,1.000000,0.000000,0.000000,1.000000,1.000000
BygXFkSYDH,2020,Accept (Talk),unknown,0.000000,0.000000,1.000000,0.000000,0.000000
BygfrANKvB,2020,Reject,unknown,0.000000,0.000000,1.000000,0.000000,0.000000
Byl3K2VtwB,2020,Reject,unknown,0.000000,0.000000,1.000000,0.000000,0.000000
BygSXCNFDB,2020,Reject,unknown,0.000000,0.000000,1.000000,0.000000,0.000000
BygZARVFDH,2020,Reject,unknown,0.000000,0.000000,1.000000,0.000000,0.000000
ByglLlHFDS,2020,Accept (Poster),unknown,0.000000,0.000000,1.000000,0.000000,0.000000
BygJKn4tPr,2020,Reject,unknown,0.000000,0.000000,1.000000,0.000000,0.000000
BygPq6VFvS,2020,Reject,unknown,0.000000,0.000000,1.000000,0.000000,-0.000000
Byl3HxBFwH,2020,Reject,unknown,0.000000,0.000000,1.000000,0.000000,0.000000
BygKZkBtDH,2020,Reject,unknown,0.000000,0.000000,1.000000,0.000000,0.000000
BygIjTNtPr,2020,Reject,accepted,1.000000,0.000000,0.000000,1.000000,1.000000
BygNAa4YPH,2020,Reject,unknown,0.000000,0.000000,1.000000,0.000000,0.000000
Byg9bxrtwS,2020,Reject,accepted,1.000000,0.000000,0.000000,1.000000,1.000000
BygPO2VKPH,2020,Accept (Spotlight),unknown,0.000000,0.000000,1.000000,0.000000,0.000000
BygMreSYPB,2020,Reject,unknown,0.000000,0.000000,1.000000,0.000000,0.000000
Byg9AR4YDB,2020,Reject,unknown,0.000000,0.000000,1.000000,0.000000,0.000000
BygSZAVKvr,2020,Reject,unknown,0.000000,0.000000,1.000000,0.000000,-0.000000
BygSP6Vtvr,2020,Accept (Poster),accepted,1.000000,0.000000,0.000000,1.000000,1.000000
Byg5ZANtvH,2020,Accept (Poster),unknown,0.000000,0.000000,1.000000,0.000000,0.000000
Byg_vREtvB,2020,Reject,unknown,0.000000,0.000000,1.000000,0.000000,0.000000
Byg-wJSYDS,2020,Accept (Poster),unknown,0.000000,0.000000,1.000000,0.000000,0.000000
Byg5flHFDr,2020,Reject,unknown,0.000000,0.000000,1.000000,0.000000,0.000000
Byg9A24tvB,2020,Accept (Poster),unknown,0.000000,0.000000,1.000000,0.000000,0.000000
ByeqyxBKvS,2020,Reject,unknown,0.000000,0.000000,1.000000,0.000000,-0.000000
Byekm0VtwS,2020,Reject,unknown,0.000000,0.000000,1.000000,0.000000,0.000000
ByexElSYDr,2020,Accept (Poster),unknown,0.000000,0.000000,1.000000,0.000000,0.000000
ByeaXeBFvH,2020,Reject,accepted,1.000000,0.000000,0.000000,1.000000,1.000000
BygFVAEKDH,2020,Accept (Poster),unknown,0.000000,0.000000,1.000000,0.000000,0.000000
Byes0TNFDS,2020,Reject,unknown,0.000000,0.000000,1.000000,0.000000,0.000000
Byg-An4tPr,2020,Reject,unknown,0.000000,0.000000,1.000000,0.000000,0.000000
Byeq_xHtwS,2020,Reject,unknown,0.000000,0.000000,1.000000,0.000000,0.000000
Bygadh4tDB,2020,Reject,unknown,0.000000,0.000000,1.000000,0.000000,0.000000
ByeL1R4FvS,2020,Reject,accepted,1.000000,0.000000,0.000000,1.000000,1.000000
ByedzkrKvH,2020,Accept (Poster),unknown,0.000000,0.000000,1.000000,0.000000,0.000000
Byg5KyHYwr,2020,Reject,unknown,0.000000,0.000000,1.000000,0.000000,0.000000
ByeNra4FDB,2020,Accept (Poster),unknown,0.000000,0.000000,1.000000,0.000000,0.000000
ByeMPlHKPH,2020,Accept (Poster),accepted,1.000000,0.000000,0.000000,1.000000,1.000000
ByeDl1BYvH,2020,Reject,unknown,0.000000,0.000000,1.000000,0.000000,0.000000
ByeAK1BKPB,2020,Reject,unknown,0.000000,0.000000,1.000000,0.000000,0.000000
Bye6weHFvB,2020,Reject,unknown,0.000000,0.000000,1.000000,0.000000,0.000000
ByeWogStDS,2020,Accept (Poster),unknown,0.000000,0.000000,1.000000,0.000000,0.000000
ByeVWkBYPH,2020,Reject,unknown,0.000000,0.000000,1.000000,0.000000,0.000000
Bye2uJHYwr,2020,Reject,unknown,0.000000,0.000000,1.000000,0.000000,0.000000
ByeUBANtvB,2020,Accept (Poster),unknown,0.000000,0.000000,1.000000,0.000000,0.000000
Bye8hREtvB,2020,Reject,unknown,0.000000,0.000000,1.000000,0.000000,0.000000
Bye3P1BYwr,2020,Reject,unknown,0.000000,0.000000,1.000000,0.000000,0.000000
BkxzsT4Yvr,2020,Reject,unknown,0.000000,0.000000,1.000000,0.000000,-0.000000
Bye-sxHFwB,2020,Reject,unknown,0.000000,0.000000,1.000000,0.000000,0.000000
BkxtNaEYDr,2020,Reject,unknown,0.000000,0.000000,1.000000,0.000000,0.000000
Bkxv90EKPB,2020,Accept (Poster),unknown,0.000000,0.000000,1.000000,0.000000,0.000000
ByePEC4KDS,2020,Reject,unknown,0.000000,0.000000,1.000000,0.000000,0.000000
ByeGzlrKwH,2020,Accept (Spotlight),unknown,0.000000,0.000000,1.000000,0.000000,0.000000
BkxthxHYvr,2020,Reject,unknown,0.000000,0.000000,1.000000,0.000000,0.000000
ByeadyrtPB,2020,Reject,unknown,0.000000,0.000000,1.000000,0.000000,-0.000000
Bkxd9JBYPH,2020,Reject,unknown,0.000000,0.000000,1.000000,0.000000,0.000000
ByeSYa4KPS,2020,Reject,unknown,0.000000,0.000000,1.000000,0.000000,0.000000
BkxfshNYwB,2020,Reject,accepted,1.000000,0.000000,0.000000,1.000000,1.000000
Bye4iaEFwr,2020,Reject,unknown,0.000000,0.000000,1.000000,0.000000,0.000000
BkxfaTVFwH,2020,Accept (Poster),unknown,0.000000,0.000000,1.000000,0.000000,0.000000
BkxUvnEYDH,2020,Accept (Spotlight),unknown,0.000000,0.000000,1.000000,0.000000,0.000000
BkxadR4KvS,2020,Reject,unknown,0.000000,0.000000,1.000000,0.000000,0.000000
BkxgrAVFwH,2020,Reject,unknown,0.000000,0.000000,1.000000,0.000000,0.000000
BkxpMTEtPB,2020,Accept (Poster),unknown,0.000000,0.000000,1.000000,0.000000,0.000000
Bkxonh4Ywr,2020,Reject,unknown,0.000000,0.000000,1.000000,0.000000,0.000000
BkxRRkSKwr,2020,Accept (Spotlight),accepted,1.000000,0.000000,0.000000,1.000000,1.000000
BkxdqA4tvB,2020,Reject,unknown,0.000000,0.000000,1.000000,0.000000,0.000000
BkxX30EFPS,2020,Reject,unknown,0.000000,0.000000,1.000000,0.000000,-0.000000
BkxGAREYwB,2020,Reject,unknown,0.000000,0.000000,1.000000,0.000000,0.000000
BkxXe0Etwr,2020,Accept (Poster),rejected,0.000000,1.000000,0.000000,1.000000,-1.000000
BkxoglrtvH,2020,Reject,unknown,0.000000,0.000000,1.000000,0.000000,-0.000000
BkxFi2VYvS,2020,Reject,unknown,0.000000,0.000000,1.000000,0.000000,0.000000
BklxN0NtvB,2020,Reject,rejected,0.000000,1.000000,0.000000,1.000000,-1.000000
BkxREeHKPS,2020,Reject,unknown,0.000000,0.000000,1.000000,0.000000,0.000000
Bkx5XyrtPS,2020,Reject,accepted,1.000000,0.000000,0.000000,1.000000,1.000000
BkluqlSFDS,2020,Accept (Talk),accepted,1.000000,0.000000,0.000000,1.000000,0.999999
BkxDthVtvS,2020,Reject,unknown,0.000000,0.000000,1.000000,0.000000,0.000000
Bkx4AJSFvB,2020,Reject,unknown,0.000000,0.000000,1.000000,0.000000,0.000000
BklxI0VtDB,2020,Reject,unknown,0.000000,0.000000,1.000000,0.000000,0.000000
BkxackSKvH,2020,Reject,unknown,0.000000,0.000000,1.000000,0.000000,0.000000
Bklr0kBKvB,2020,Reject,unknown,0.000000,0.000000,1.000000,0.000000,0.000000
Bkx29TVFPr,2020,Reject,unknown,0.000000,0.000000,1.000000,0.000000,0.000000
BkllBpEKDH,2020,Reject,unknown,0.000000,0.000000,1.000000,0.000000,0.000000
Bkxe2AVtPS,2020,Accept (Poster),unknown,0.000000,0.000000,1.000000,0.000000,0.000000
BklmtJBKDB,2020,Reject,unknown,0.000000,0.000000,1.000000,0.000000,0.000000
Bkln2a4tPB,2020,Reject,unknown,0.000000,0.000000,1.000000,0.000000,0.000000
BklsagBYPS,2020,Reject,unknown,0.000000,0.000000,1.000000,0.000000,-0.000000
Bklrea4KwS,2020,Reject,unknown,0.000000,0.000000,1.000000,0.000000,0.000000
BklekANtwr,2020,Reject,unknown,0.000000,0.000000,1.000000,0.000000,0.000000
BklfR3EYDH,2020,Reject,unknown,0.000000,0.000000,1.000000,0.000000,-0.000000
BkleBaVFwB,2020,Reject,unknown,0.000000,0.000000,1.000000,0.000000,0.000000
Byg1v1HKDB,2020,Accept (Poster),unknown,0.000039,0.000584,0.000000,0.000623,-0.000544
BklhsgSFvB,2020,Reject,unknown,0.000000,0.000000,1.000000,0.000000,0.000000
BkxSmlBFvr,2020,Accept (Poster),unknown,0.000000,0.000000,1.000000,0.000000,-0.000000
Bklg1grtDr,2020,Reject,unknown,0.000000,0.000000,1.000000,0.000000,0.000000
Bkx1mxSKvB,2020,Reject,unknown,0.000000,0.000000,1.000000,0.000000,0.000000
BklSwn4tDH,2020,Reject,accepted,1.000000,0.000000,0.000000,1.000000,1.000000
BklSv34KvB,2020,Reject,accepted,1.000000,0.000000,0.000000,1.000000,1.000000
Bklu2grKwB,2020,Reject,unknown,0.000000,0.000000,1.000000,0.000000,0.000000
Bkle6T4YvB,2020,Reject,unknown,0.000000,0.000000,1.000000,0.000000,0.000000
BklVA2NYvH,2020,Reject,unknown,0.000000,0.000000,1.000000,0.000000,0.000000
BklRFpVKPH,2020,Reject,accepted,1.000000,0.000000,0.000000,1.000000,1.000000
BkxA5lBFvH,2020,Reject,rejected,0.000001,0.999999,0.000000,1.000000,-0.999999
BklWt24tvH,2020,Reject,unknown,0.000000,0.000000,1.000000,0.000000,0.000000
BklTQCEtwH,2020,Reject,unknown,0.000000,0.000000,1.000000,0.000000,0.000000
BklLVAEKvH,2020,Reject,unknown,0.000000,0.000000,1.000000,0.000000,0.000000
BklHF6VtPB,2020,Reject,unknown,0.000000,0.000000,1.000000,0.000000,-0.000000
BklEF3VFPB,2020,Reject,unknown,0.000000,0.000000,1.000000,0.000000,0.000000
BklXkCNYDB,2020,Reject,unknown,0.000000,0.000000,1.000000,0.000000,0.000000
BklIxyHKDr,2020,Reject,unknown,0.000000,0.000000,1.000000,0.000000,0.000000
BklC2RNKDS,2020,Reject,unknown,0.000000,0.000000,1.000000,0.000000,0.000000
BklMDCVtvr,2020,Reject,unknown,0.000000,0.000000,1.000000,0.000000,0.000000
BklEFpEYwS,2020,Accept (Spotlight),unknown,0.000000,0.000000,1.000000,0.000000,0.000000
Bkl7bREtDr,2020,Accept (Poster),unknown,0.000000,0.000000,1.000000,0.000000,-0.000000
BkgqExrYvS,2020,Reject,accepted,1.000000,0.000000,0.000000,1.000000,1.000000
BkgzMCVtPB,2020,Accept (Talk),unknown,0.000000,0.000000,1.000000,0.000000,-0.000000
BkgrBgSYDS,2020,Accept (Spotlight),unknown,0.000000,0.000000,1.000000,0.000000,0.000000
BklBp6EYvB,2020,Reject,unknown,0.000000,0.000000,1.000000,0.000000,-0.000000
Bkl5kxrKDr,2020,Accept (Talk),unknown,0.000000,0.000000,1.000000,0.000000,0.000000
Bkgq9ANKvB,2020,Reject,accepted,1.000000,0.000000,0.000000,1.000000,1.000000
BklDO1HYPS,2020,Reject,unknown,0.000000,0.000000,1.000000,0.000000,0.000000
Bkl8YR4YDB,2020,Reject,unknown,0.000000,0.000000,1.000000,0.000000,0.000000
BkgzqRVFDr,2020,Reject,unknown,0.000000,0.000000,1.000000,0.000000,0.000000
BklOXeBFDS,2020,Reject,unknown,0.000000,0.000000,1.000000,0.000000,0.000000
BkghKgStPH,2020,Reject,unknown,0.000000,0.000000,1.000000,0.000000,0.000000
Bkgk624KDB,2020,Reject,unknown,0.000000,0.000000,1.000000,0.000000,0.000000
BkgZxpVFvH,2020,Reject,unknown,0.000000,0.000000,1.000000,0.000000,-0.000000
BkljIlHtvS,2020,Reject,unknown,0.000000,0.000000,1.000000,0.000000,0.000000
BkgeQ1BYwS,2020,Reject,unknown,0.000000,0.000000,1.000000,0.000000,0.000000
BkgStySKPB,2020,Reject,accepted,1.000000,0.000000,0.000000,1.000000,1.000000
BkgZSCEtvr,2020,Reject,unknown,0.000000,0.000000,1.000000,0.000000,0.000000
Bkgwp3NtDH,2020,Reject,unknown,0.000000,0.000000,1.000000,0.000000,0.000000
BkgnhTEtDS,2020,Accept (Poster),unknown,0.000000,0.000000,1.000000,0.000000,-0.000000
BkgXHTNtvS,2020,Accept (Poster),unknown,0.000000,0.000000,1.000000,0.000000,0.000000
BkglSTNFDB,2020,Accept (Poster),unknown,0.000000,0.000000,1.000000,0.000000,0.000000
BkggGREKvS,2020,Reject,unknown,0.000000,0.000000,1.000000,0.000000,0.000000
BkgUB1SYPS,2020,Reject,unknown,0.000000,0.000000,1.000000,0.000000,0.000000
Bkga90VKDB,2020,Reject,unknown,0.000000,0.000000,1.000000,0.000000,0.000000
BkgWahEFvr,2020,Accept (Poster),unknown,0.000000,0.000000,1.000000,0.000000,0.000000
BkgYPREtPr,2020,Accept (Spotlight),unknown,0.000000,0.000000,1.000000,0.000000,0.000000
BkgRe1SFDS,2020,Reject,accepted,1.000000,0.000000,0.000000,1.000000,1.000000
Bkl086VYvH,2020,Reject,unknown,0.000000,0.000000,1.000000,0.000000,0.000000
BkgXT24tDS,2020,Accept (Poster),accepted,1.000000,0.000000,0.000000,1.000000,1.000000
BkgMbCVFvr,2020,Reject,accepted,1.000000,0.000000,0.000000,1.000000,1.000000
BkgTwRNtPB,2020,Reject,unknown,0.000000,0.000000,1.000000,0.000000,0.000000
BkgM7xHYwH,2020,Reject,unknown,0.000000,0.000000,1.000000,0.000000,0.000000
BkgF4kSFPB,2020,Reject,unknown,0.000000,0.000000,1.000000,0.000000,0.000000
BkxDxJHFDr,2020,Reject,unknown,0.000000,0.000000,1.000000,0.000000,-0.000000
Bkg0u3Etwr,2020,Accept (Poster),accepted,1.000000,0.000000,0.000000,1.000000,1.000000
BkgqL0EtPH,2020,Reject,unknown,0.000000,0.000000,1.000000,0.000000,0.000000
BkgCv1HYvB,2020,Reject,unknown,0.000000,0.000000,1.000000,0.000000,0.000000
Bkg5LgrYwS,2020,Reject,unknown,0.000000,0.000000,1.000000,0.000000,0.000000
Bkl2UlrFwr,2020,Reject,unknown,0.000000,0.000000,1.000000,0.000000,0.000000
BkexaxBKPB,2020,Reject,unknown,0.000000,0.000000,1.000000,0.000000,0.000000
BkgGJlBFPS,2020,Reject,unknown,0.000000,0.000000,1.000000,0.000000,0.000000
Bkf4XgrKvS,2020,Reject,accepted,0.999999,0.000000,0.000001,0.999999,0.999999
Bkg75aVKDH,2020,Reject,accepted,1.000000,0.000000,0.000000,1.000000,1.000000
Bkel6ertwS,2020,Reject,unknown,0.000000,0.000000,1.000000,0.000000,0.000000
BkevoJSYPB,2020,Accept (Spotlight),unknown,0.000000,0.000000,1.000000,0.000000,0.000000
BkepbpNFwr,2020,Accept (Poster),unknown,0.000000,0.000000,1.000000,0.000000,0.000000
Bkeeca4Kvr,2020,Accept (Poster),accepted,1.000000,0.000000,0.000000,1.000000,1.000000
Bkeb7lHtvH,2020,Accept (Spotlight),unknown,0.000000,0.000000,1.000000,0.000000,0.000000
BkePneStwH,2020,Reject,accepted,1.000000,0.000000,0.000000,1.000000,1.000000
BkeoaeHKDS,2020,Accept (Poster),unknown,0.000000,0.000000,1.000000,0.000000,0.000000
BkgOM1rKvr,2020,Reject,unknown,0.000000,0.000000,1.000000,0.000000,0.000000
BkeaxAEKvB,2020,Reject,unknown,0.000000,0.000000,1.000000,0.000000,0.000000
BkeOp6EKDH,2020,Reject,accepted,1.000000,0.000000,0.000000,1.000000,1.000000
BkeYSlrYwH,2020,Reject,unknown,0.000000,0.000000,1.000000,0.000000,0.000000
BkePHaVKwS,2020,Reject,unknown,0.000000,0.000000,1.000000,0.000000,0.000000
Bkel1krKPS,2020,Reject,unknown,0.000000,0.000000,1.000000,0.000000,-0.000000
BkeYdyHYPS,2020,Reject,unknown,0.000000,0.000000,1.000000,0.000000,0.000000
Bke_DertPB,2020,Accept (Poster),unknown,0.000000,0.000000,1.000000,0.000000,0.000000
Bke8UR4FPB,2020,Accept (Poster),accepted,1.000000,0.000000,0.000000,1.000000,1.000000
BkeyOxrYwH,2020,Reject,unknown,0.000000,0.000000,1.000000,0.000000,-0.000000
BkeqATVYwr,2020,Reject,unknown,0.000000,0.000000,1.000000,0.000000,0.000000
Bke8764twr,2020,Reject,unknown,0.000000,0.000000,1.000000,0.000000,0.000000
BkeMXR4KvS,2020,Reject,rejected,0.000000,1.000000,0.000000,1.000000,-0.999999
BkeWw6VFwr,2020,Accept (Poster),unknown,0.000000,0.000000,1.000000,0.000000,0.000000
BkeDGJBKvB,2020,Reject,unknown,0.000000,0.000000,1.000000,0.000000,0.000000
BkeHt34Fwr,2020,Reject,unknown,0.000000,0.000000,1.000000,0.000000,0.000000
Bke89JBtvB,2020,Accept (Poster),unknown,0.000000,0.000000,1.000000,0.000000,0.000000
Bke6vTVYwH,2020,Reject,unknown,0.000000,0.000000,1.000000,0.000000,0.000000
Bke61krFvS,2020,Accept (Poster),unknown,0.000000,0.000000,1.000000,0.000000,-0.000000
BkeGPJrtwB,2020,Reject,unknown,0.000000,0.000000,1.000000,0.000000,0.000000
Bke7MANKvS,2020,Reject,unknown,0.000000,0.000000,1.000000,0.000000,0.000000
Bke02gHYwB,2020,Reject,accepted,1.000000,0.000000,0.000000,1.000000,1.000000
BkeaEyBYDB,2020,Reject,unknown,0.000000,0.000000,1.000000,0.000000,0.000000
BJxnIxSKDr,2020,Reject,accepted,1.000000,0.000000,0.000000,1.000000,1.000000
BJxvH1BtDS,2020,Reject,unknown,0.000000,0.000000,1.000000,0.000000,0.000000
Bke13pVKPS,2020,Reject,unknown,0.000000,0.000000,1.000000,0.000000,0.000000
BJxlmeBKwS,2020,Reject,unknown,0.000000,0.000000,1.000000,0.000000,0.000000
BJxqohNFPB,2020,Reject,unknown,0.000000,0.000000,1.000000,0.000000,-0.000000
BkeJm6VtPH,2020,Reject,unknown,0.000000,0.000000,1.000000,0.000000,0.000000
BJxyzxrYPH,2020,Reject,unknown,0.000000,0.000000,1.000000,0.000000,0.000000
Bke-6pVKvB,2020,Reject,rejected,0.000000,1.000000,0.000000,1.000000,-1.000000
BJxsrgStvr,2020,Accept (Spotlight),accepted,1.000000,0.000000,0.000000,1.000000,1.000000
BJxg_hVtwH,2020,Accept (Poster),accepted,1.000000,0.000000,0.000000,1.000000,1.000000
BJxkOlSYDH,2020,Accept (Poster),unknown,0.000000,0.000000,1.000000,0.000000,0.000000
BkgNqkHFPr,2020,Reject,unknown,0.000000,0.000000,1.000000,0.000000,0.000000
BJxwPJHFwS,2020,Accept (Poster),unknown,0.000000,0.000000,1.000000,0.000000,0.000000
BJx_JAVKDB,2020,Reject,unknown,0.000000,0.000000,1.000000,0.000000,0.000000
BJxbOlSKPr,2020,Reject,accepted,1.000000,0.000000,0.000000,1.000000,1.000000
BJxYUaVtPB,2020,Reject,unknown,0.000000,0.000000,1.000000,0.000000,0.000000
BJxVT3EKDH,2020,Reject,unknown,0.000000,0.000000,1.000000,0.000000,0.000000
BJxH22EKPS,2020,Accept (Poster),accepted,1.000000,0.000000,0.000000,1.000000,1.000000
BJxt60VtPr,2020,Accept (Poster),unknown,0.000000,0.000000,1.000000,0.000000,0.000000
BJxiqxSYPB,2020,Reject,unknown,0.000000,0.000000,1.000000,0.000000,0.000000
BJxG_0EtDS,2020,Accept (Poster),accepted,1.000000,0.000000,0.000000,1.000000,1.000000
BJxQxeBYwH,2020,Reject,accepted,1.000000,0.000000,0.000000,1.000000,1.000000
BJxt2aVFPr,2020,Reject,unknown,0.000000,0.000000,1.000000,0.000000,0.000000
BJxGan4FPB,2020,Reject,unknown,0.000000,0.000000,1.000000,0.000000,0.000000
BJx7N1SKvB,2020,Reject,accepted,1.000000,0.000000,0.000000,1.000000,1.000000
BJxeHyrKPB,2020,Reject,unknown,0.000000,0.000000,1.000000,0.000000,0.000000
BJx8YnEFPH,2020,Reject,unknown,0.000000,0.000000,1.000000,0.000000,-0.000000
BJxSWeSYPB,2020,Reject,unknown,0.000000,0.000000,1.000000,0.000000,0.000000
BJxVI04YvB,2020,Accept (Poster),unknown,0.000000,0.000000,1.000000,0.000000,0.000000
BJxAHgSYDB,2020,Reject,unknown,0.000000,0.000000,1.000000,0.000000,0.000000
BJxDNxSFDH,2020,Reject,unknown,0.000000,0.000000,1.000000,0.000000,0.000000
BJx8Fh4KPB,2020,Reject,rejected,0.000000,0.999999,0.000001,0.999999,-0.999999
BJx040EFvH,2020,Accept (Poster),accepted,1.000000,0.000000,0.000000,1.000000,1.000000
BJxSI1SKDH,2020,Accept (Spotlight),unknown,0.000000,0.000000,1.000000,0.000000,0.000000
BJxI5gHKDr,2020,Accept (Poster),unknown,0.000000,0.000000,1.000000,0.000000,0.000000
BJlxdCVKDB,2020,Reject,accepted,1.000000,0.000000,0.000000,1.000000,1.000000
BJx3_0VKPB,2020,Reject,unknown,0.000000,0.000000,1.000000,0.000000,0.000000
BJx4rerFwB,2020,Reject,rejected,0.000000,1.000000,0.000000,1.000000,-1.000000
BJx-ZeSKDB,2020,Reject,unknown,0.000000,0.000000,1.000000,0.000000,0.000000
BJleph4KvS,2020,Reject,accepted,1.000000,0.000000,0.000000,1.000000,1.000000
BJxWx0NYPr,2020,Accept (Poster),unknown,0.000000,0.000000,1.000000,0.000000,0.000000
BJluxREKDB,2020,Accept (Poster),unknown,0.000000,0.000000,1.000000,0.000000,0.000000
BJlzm64tDH,2020,Accept (Poster),unknown,0.000000,0.000000,1.000000,0.000000,0.000000
BJlrF24twB,2020,Accept (Talk),accepted,1.000000,0.000000,0.000000,1.000000,1.000000
BJlnmgrFvS,2020,Reject,accepted,1.000000,0.000000,0.000000,1.000000,1.000000
BJlbo6VtDH,2020,Reject,unknown,0.000000,0.000000,1.000000,0.000000,0.000000
BJlisySYPS,2020,Reject,unknown,0.000000,0.000000,1.000000,0.000000,0.000000
BJlrZyrKDB,2020,Reject,unknown,0.000000,0.000000,1.000000,0.000000,0.000000
BJlqYlrtPB,2020,Reject,unknown,0.000000,0.000000,1.000000,0.000000,0.000000
BJlyi64FvB,2020,Reject,unknown,0.000000,0.000000,1.000000,0.000000,0.000000
BJlowyHYPr,2020,Reject,rejected,0.000000,1.000000,0.000000,1.000000,-1.000000
BJlkgaNKvr,2020,Reject,unknown,0.000000,0.000000,1.000000,0.000000,-0.000000
BJlZ5ySKPH,2020,Accept (Poster),accepted,0.999999,0.000000,0.000000,1.000000,0.999999
BJlS634tPr,2020,Accept (Spotlight),accepted,1.000000,0.000000,0.000000,1.000000,1.000000
BJlRs34Fvr,2020,Accept (Spotlight),accepted,1.000000,0.000000,0.000000,1.000000,1.000000
BJlPOlBKDB,2020,Reject,accepted,1.000000,0.000000,0.000000,1.000000,1.000000
BJlQtJSKDB,2020,Accept (Talk),unknown,0.000000,0.000000,1.000000,0.000000,0.000000
BJliakStvH,2020,Accept (Spotlight),unknown,0.000000,0.000000,1.000000,0.000000,0.000000
BJlSPRVFwS,2020,Reject,unknown,0.000000,0.000000,1.000000,0.000000,0.000000
BJlguT4YPr,2020,Accept (Poster),unknown,0.000000,0.000000,1.000000,0.000000,0.000000
BJlaG0VFDH,2020,Reject,unknown,0.000000,0.000000,1.000000,0.000000,0.000000
BJlXgkHYvS,2020,Reject,unknown,0.000000,0.000000,1.000000,0.000000,0.000000
BJlITC4KDB,2020,Reject,accepted,1.000000,0.000000,0.000000,1.000000,1.000000
BJlahxHYDS,2020,Accept (Poster),unknown,0.000000,0.000000,1.000000,0.000000,0.000000
BJlJVCEYDB,2020,Reject,unknown,0.000000,0.000000,1.000000,0.000000,-0.000000
BJlVeyHFwH,2020,Reject,unknown,0.000000,0.000000,1.000000,0.000000,-0.000000
BJlgt2EYwr,2020,Reject,unknown,0.000000,0.000000,1.000000,0.000000,0.000000
BJlPLlrFvH,2020,Reject,unknown,0.000000,0.000000,1.000000,0.000000,0.000000
BJlBSkHtDS,2020,Accept (Poster),accepted,1.000000,0.000000,0.000000,1.000000,1.000000
BJl6t64tvr,2020,Reject,accepted,1.000000,0.000000,0.000000,1.000000,1.000000
BJlA6eBtvH,2020,Reject,accepted,1.000000,0.000000,0.000000,1.000000,1.000000
BJl9ZTVKwB,2020,Reject,unknown,0.000000,0.000000,1.000000,0.000000,0.000000
BJl8ZlHFwr,2020,Reject,unknown,0.000000,0.000000,1.000000,0.000000,0.000000
BJlLdhNFPr,2020,Reject,rejected,0.000000,1.000000,0.000000,1.000000,-1.000000
BJlEEaEFDS,2020,Reject,unknown,0.000000,0.000000,1.000000,0.000000,0.000000
BJl07ySKvS,2020,Accept (Poster),accepted,1.000000,0.000000,0.000000,1.000000,1.000000
BJlOcR4KwS,2020,Reject,unknown,0.000000,0.000000,1.000000,0.000000,0.000000
BJlNs0VYPB,2020,Reject,unknown,0.000000,0.000000,1.000000,0.000000,0.000000
BJl6bANtwH,2020,Accept (Poster),unknown,0.000000,0.000000,1.000000,0.000000,0.000000
BJl7mxBYvB,2020,Reject,unknown,0.000000,0.000000,1.000000,0.000000,0.000000
BJgza6VtPB,2020,Accept (Poster),accepted,0.999994,0.000006,0.000000,1.000000,0.999988
BJl-5pNKDB,2020,Accept (Poster),unknown,0.000000,0.000000,1.000000,0.000000,0.000000
BJgr4kSFDS,2020,Accept (Poster),accepted,1.000000,0.000000,0.000000,1.000000,1.000000
BJlAzTEKwS,2020,Reject,unknown,0.000000,0.000000,1.000000,0.000000,0.000000
BJgyn1BFwS,2020,Reject,unknown,0.000000,0.000000,1.000000,0.000000,0.000000
BJge3TNKwH,2020,Accept (Spotlight),accepted,1.000000,0.000000,0.000000,1.000000,1.000000
BJl4g0NYvB,2020,Reject,unknown,0.000000,0.000000,1.000000,0.000000,0.000000
BJglA3NKwS,2020,Reject,unknown,0.000000,0.000000,1.000000,0.000000,0.000000
BJgnXpVYwS,2020,Accept (Talk),unknown,0.000000,0.000000,1.000000,0.000000,0.000000
BJgxzlSFvr,2020,Reject,unknown,0.000000,0.000000,1.000000,0.000000,0.000000
BJgctpEKwr,2020,Reject,accepted,1.000000,0.000000,0.000000,1.000000,1.000000
BJgdOh4Ywr,2020,Reject,unknown,0.000000,0.000000,1.000000,0.000000,0.000000
BJl2_nVFPB,2020,Accept (Poster),unknown,0.000000,0.000000,1.000000,0.000000,0.000000
BJgqQ6NYvB,2020,Accept (Poster),rejected,0.000000,1.000000,0.000000,1.000000,-1.000000
BJgWbpEtPr,2020,Reject,unknown,0.000000,0.000000,1.000000,0.000000,-0.000000
BJgQ4lSFPH,2020,Accept (Poster),accepted,1.000000,0.000000,0.000000,1.000000,1.000000
BJgZBxBYPB,2020,Reject,unknown,0.000000,0.000000,1.000000,0.000000,0.000000
BJlLvnEtDB,2020,Reject,unknown,0.000000,0.000000,1.000000,0.000000,-0.000000
BJgWE1SFwS,2020,Accept (Poster),unknown,0.000000,0.000000,1.000000,0.000000,-0.000000
BJgRsyBtPB,2020,Reject,unknown,0.000000,0.000000,1.000000,0.000000,0.000000
BJgZGeHFPH,2020,Accept (Poster),unknown,0.000000,0.000000,1.000000,0.000000,0.000000
BJgLpaEtDS,2020,Reject,accepted,1.000000,0.000000,0.000000,1.000000,1.000000
BJgcwh4FwS,2020,Reject,unknown,0.000000,0.000000,1.000000,0.000000,0.000000
BJgd81SYwr,2020,Accept (Poster),unknown,0.000000,0.000000,1.000000,0.000000,0.000000
BJgQfkSYDS,2020,Accept (Poster),accepted,0.999999,0.000000,0.000001,0.999999,0.999999
BJgEd6NYPH,2020,Reject,unknown,0.000000,0.000000,1.000000,0.000000,0.000000
BJgy96EYvr,2020,Accept (Spotlight),unknown,0.000000,0.000000,1.000000,0.000000,0.000000
BJg7x1HFvB,2020,Reject,accepted,1.000000,0.000000,0.000000,1.000000,1.000000
BJgNJgSFPS,2020,Accept (Talk),unknown,0.000000,0.000000,1.000000,0.000000,0.000000
BJg_2JHKvH,2020,Reject,unknown,0.000000,0.000000,1.000000,0.000000,0.000000
BJg4NgBKvH,2020,Accept (Poster),accepted,1.000000,0.000000,0.000000,1.000000,1.000000
BJgAf6Etwr,2020,Reject,unknown,0.000000,0.000000,1.000000,0.000000,0.000000
BJgkbyHKDS,2020,Reject,unknown,0.000000,0.000000,1.000000,0.000000,0.000000
BJg641BKPH,2020,Reject,unknown,0.000000,0.000000,1.000000,0.000000,0.000000
BJg866NFvB,2020,Accept (Spotlight),accepted,1.000000,0.000000,0.000000,1.000000,1.000000
BJgMFxrYPB,2020,Accept (Poster),unknown,0.000000,0.000000,1.000000,0.000000,0.000000
BJg9hTNKPH,2020,Reject,unknown,0.000000,0.000000,1.000000,0.000000,0.000000
BJg1fgBYwH,2020,Reject,unknown,0.000000,0.000000,1.000000,0.000000,0.000000
BJevihVtwB,2020,Reject,unknown,0.000000,0.000000,1.000000,0.000000,0.000000
BJg8_xHtPr,2020,Reject,unknown,0.000000,0.000000,1.000000,0.000000,0.000000
BJewlyStDr,2020,Accept (Poster),rejected,0.000000,1.000000,0.000000,1.000000,-1.000000
BJevJCVYvB,2020,Reject,unknown,0.000000,0.000000,1.000000,0.000000,0.000000
BJes_xStwS,2020,Reject,unknown,0.000000,0.000000,1.000000,0.000000,0.000000
BJexP6VKwH,2020,Reject,unknown,0.000000,0.000000,1.000000,0.000000,0.000000
BJg1f6EFDB,2020,Accept (Poster),unknown,0.000000,0.000000,1.000000,0.000000,-0.000000
BJg15lrKvS,2020,Reject,unknown,0.000000,0.000000,1.000000,0.000000,0.000000
BJeuKnEtDH,2020,Reject,unknown,0.000000,0.000000,1.000000,0.000000,-0.000000
BJena3VtwS,2020,Reject,unknown,0.000000,0.000000,1.000000,0.000000,0.000000
BJeUs3VFPH,2020,Reject,unknown,0.000000,0.000000,1.000000,0.000000,0.000000
BJepq2VtDB,2020,Reject,unknown,0.000000,0.000000,1.000000,0.000000,0.000000
BJedt6VKPS,2020,Reject,unknown,0.000000,0.000000,1.000000,0.000000,0.000000
BJeXaJHKvB,2020,Reject,unknown,0.000000,0.000000,1.000000,0.000000,0.000000
BJg73xHtvr,2020,Reject,unknown,0.000000,0.000000,1.000000,0.000000,0.000000
BJeS62EtwH,2020,Accept (Poster),unknown,0.000000,0.000000,1.000000,0.000000,0.000000
BJerUCEtPB,2020,Reject,unknown,0.000000,0.000000,1.000000,0.000000,0.000000
BJeKh3VYDH,2020,Accept (Spotlight),unknown,0.000000,0.000000,1.000000,0.000000,0.000000
BJeKwTNFvB,2020,Accept (Poster),unknown,0.000000,0.000000,1.000000,0.000000,0.000000
BJeVklHtPr,2020,Reject,unknown,0.000000,0.000000,1.000000,0.000000,0.000000
BJeWVpNtwr,2020,Reject,unknown,0.000000,0.000000,1.000000,0.000000,-0.000000
BJe8pkHFwS,2020,Accept (Poster),accepted,1.000000,0.000000,0.000000,1.000000,1.000000
BJedHRVtPB,2020,Accept (Poster),unknown,0.000000,0.000000,1.000000,0.000000,0.000000
BJeTCAEtDB,2020,Reject,unknown,0.000000,0.000000,1.000000,0.000000,0.000000
BJeGlJStPr,2020,Accept (Poster),unknown,0.000000,0.000000,1.000000,0.000000,-0.000000
BJeB5hVtvB,2020,Accept (Poster),unknown,0.000000,0.000000,1.000000,0.000000,0.000000
BJeguTEKDB,2020,Reject,unknown,0.000000,0.000000,1.000000,0.000000,0.000000
BJepcaEtwB,2020,Reject,unknown,0.000000,0.000000,1.000000,0.000000,0.000000
BJe932EYwS,2020,Reject,accepted,1.000000,0.000000,0.000000,1.000000,1.000000
BJeFQ0NtPS,2020,Reject,unknown,0.000000,0.000000,1.000000,0.000000,0.000000
BJeRykBKDH,2020,Reject,unknown,0.000000,0.000000,1.000000,0.000000,0.000000
BJe-unNYPr,2020,Reject,unknown,0.000000,0.000000,1.000000,0.000000,0.000000
BJe4PyrFvB,2020,Reject,unknown,0.000000,0.000000,1.000000,0.000000,0.000000
BJe4JJBYwS,2020,Reject,unknown,0.000000,0.000000,1.000000,0.000000,-0.000000
BJe1334YDH,2020,Accept (Poster),unknown,0.000000,0.000000,1.000000,0.000000,0.000000
B1xybgSKwB,2020,Reject,accepted,1.000000,0.000000,0.000000,1.000000,1.000000
BJeGZxrFvS,2020,Reject,unknown,0.000000,0.000000,1.000000,0.000000,-0.000000
BJe4oxHYPB,2020,Reject,unknown,0.000000,0.000000,1.000000,0.000000,0.000000
BJe7h34YDS,2020,Reject,unknown,0.000000,0.000000,1.000000,0.000000,0.000000
B1xw9n4Kwr,2020,Reject,accepted,1.000000,0.000000,0.000000,1.000000,1.000000
BJeAHkrYDS,2020,Accept (Talk),unknown,0.000000,0.000000,1.000000,0.000000,0.000000
BJe-91BtvH,2020,Accept (Poster),unknown,0.000000,0.000000,1.000000,0.000000,0.000000
BJeGA6VtPS,2020,Reject,unknown,0.000000,0.000000,1.000000,0.000000,-0.000000
BJe55gBtvH,2020,Accept (Spotlight),unknown,0.000000,0.000000,1.000000,0.000000,0.000000
BJe4V1HFPr,2020,Reject,unknown,0.000000,0.000000,1.000000,0.000000,0.000000
BJe-_CNKPH,2020,Reject,unknown,0.000000,0.000000,1.000000,0.000000,0.000000
B1xv9pEKDS,2020,Reject,unknown,0.000000,0.000000,1.000000,0.000000,0.000000
B1xm3RVtwB,2020,Accept (Spotlight),unknown,0.000000,0.000000,1.000000,0.000000,0.000000
B1xtd1HtPS,2020,Reject,unknown,0.000000,0.000000,1.000000,0.000000,0.000000
B1xxAJHFwS,2020,Reject,unknown,0.000000,0.000000,1.000000,0.000000,0.000000
B1xu6yStPH,2020,Reject,unknown,0.000000,0.000000,1.000000,0.000000,0.000000
B1xeZJHKPB,2020,Reject,accepted,1.000000,0.000000,0.000000,1.000000,1.000000
B1xewR4KvH,2020,Reject,unknown,0.000000,0.000000,1.000000,0.000000,-0.000000
B1xwcyHFDr,2020,Accept (Poster),unknown,0.000000,0.000000,1.000000,0.000000,0.000000
B1xfElrKPr,2020,Reject,unknown,0.000000,0.000000,1.000000,0.000000,0.000000
B1xbTlBKwB,2020,Reject,unknown,0.000000,0.000000,1.000000,0.000000,-0.000000
B1xcLJrYwH,2020,Reject,unknown,0.000000,0.000000,1.000000,0.000000,0.000000
B1xhpa4FvS,2020,Reject,unknown,0.000000,0.000000,1.000000,0.000000,0.000000
B1xoserKPH,2020,Reject,unknown,0.000000,0.000000,1.000000,0.000000,0.000000
B1xGxgSYvH,2020,Reject,unknown,0.000000,0.000000,1.000000,0.000000,-0.000000
B1xRGkHYDS,2020,Reject,unknown,0.000000,0.000000,1.000000,0.000000,-0.000000
B1xgQkrYwS,2020,Reject,unknown,0.000000,0.000000,1.000000,0.000000,0.000000
B1xGGTEtDH,2020,Reject,unknown,0.000000,0.000000,1.000000,0.000000,0.000000
B1xSperKvH,2020,Accept (Poster),unknown,0.000000,0.000000,1.000000,0.000000,0.000000
B1xZD1rtPr,2020,Reject,unknown,0.000000,0.000000,1.000000,0.000000,0.000000
B1x9ITVYDr,2020,Reject,unknown,0.000000,0.000000,1.000000,0.000000,0.000000
B1xpI1BFDS,2020,Reject,unknown,0.000000,0.000000,1.000000,0.000000,0.000000
B1xIj3VYvr,2020,Accept (Poster),unknown,0.000000,0.000000,1.000000,0.000000,0.000000
B1xMEerYvB,2020,Accept (Poster),unknown,0.000000,0.000000,1.000000,0.000000,0.000000
B1x3EgHtwB,2020,Reject,accepted,1.000000,0.000000,0.000000,1.000000,1.000000
B1x1ma4tDr,2020,Accept (Spotlight),accepted,1.000000,0.000000,0.000000,1.000000,1.000000
B1xDq2EFDH,2020,Reject,unknown,0.000000,0.000000,1.000000,0.000000,0.000000
B1x6BTEKwr,2020,Accept (Poster),accepted,1.000000,0.000000,0.000000,1.000000,1.000000
B1x6w0EtwH,2020,Accept (Poster),unknown,0.000000,0.000000,1.000000,0.000000,0.000000
B1xBAA4FwH,2020,Reject,unknown,0.000000,0.000000,1.000000,0.000000,-0.000000
B1xwv1StvS,2020,Reject,unknown,0.000000,0.000000,1.000000,0.000000,0.000000
B1lyZpEYvH,2020,Reject,unknown,0.000000,0.000000,1.000000,0.000000,-0.000000
B1x1MerYPB,2020,Reject,unknown,0.000000,0.000000,1.000000,0.000000,0.000000
B1x62TNtDS,2020,Accept (Poster),unknown,0.000000,0.000000,1.000000,0.000000,0.000000
B1x2eCNFvH,2020,Reject,unknown,0.000000,0.000000,1.000000,0.000000,0.000000
B1lnbRNtwr,2020,Accept (Poster),accepted,1.000000,0.000000,0.000000,1.000000,1.000000
B1lqDertwr,2020,Reject,unknown,0.000000,0.000000,1.000000,0.000000,0.000000
B1xmOgrFPS,2020,Reject,rejected,0.000000,0.999995,0.000005,0.999995,-0.999995
B1lxV6NFPH,2020,Reject,rejected,0.000000,1.000000,0.000000,1.000000,-1.000000
B1lj20NFDS,2020,Accept (Poster),unknown,0.000000,0.000000,1.000000,0.000000,0.000000
B1lda1HtvB,2020,Reject,accepted,1.000000,0.000000,0.000000,1.000000,1.000000
B1liraVYwr,2020,Reject,accepted,0.999997,0.000000,0.000002,0.999997,0.999997
B1lgUkBFwr,2020,Reject,unknown,0.000000,0.000000,1.000000,0.000000,-0.000000
B1ltfgSYwS,2020,Reject,unknown,0.000000,0.000000,1.000000,0.000000,0.000000
B1lsXREYvr,2020,Reject,unknown,0.000000,0.000000,1.000000,0.000000,0.000000
B1x996EKPS,2020,Reject,unknown,0.000000,0.000000,1.000000,0.000000,0.000000
B1x8anVFPr,2020,Reject,unknown,0.000000,0.000000,1.000000,0.000000,0.000000
B1lOraEFPB,2020,Reject,unknown,0.000000,0.000000,1.000000,0.000000,0.000000
B1ldb6NKDr,2020,Reject,unknown,0.000000,0.000000,1.000000,0.000000,0.000000
B1lPaCNtPB,2020,Accept (Spotlight),unknown,0.000000,0.000000,1.000000,0.000000,-0.000000
B1lKDlHtwS,2020,Reject,accepted,1.000000,0.000000,0.000000,1.000000,1.000000
B1lLw6EYwB,2020,Accept (Poster),unknown,0.000000,0.000000,1.000000,0.000000,0.000000
BkgHWkrtPB,2020,Reject,unknown,0.000000,0.000000,1.000000,0.000000,0.000000
B1lFa3EFwB,2020,Reject,unknown,0.000000,0.000000,1.000000,0.000000,0.000000
B1lXfA4Ywr,2020,Reject,unknown,0.000000,0.000000,1.000000,0.000000,0.000000
B1lGU64tDr,2020,Accept (Poster),unknown,0.000000,0.000000,1.000000,0.000000,0.000000
B1lTqgSFDH,2020,Reject,unknown,0.000000,0.000000,1.000000,0.000000,0.000000
B1liIlBKvS,2020,Reject,unknown,0.000000,0.000000,1.000000,0.000000,-0.000000
B1lJzyStvS,2020,Accept (Poster),unknown,0.000000,0.000000,1.000000,0.000000,0.000000
B1lPETVFPS,2020,Reject,unknown,0.000000,0.000000,1.000000,0.000000,0.000000
B1lDoJSYDH,2020,Accept (Poster),unknown,0.000000,0.000000,1.000000,0.000000,0.000000
B1xq264YvH,2020,Reject,unknown,0.000000,0.000000,1.000000,0.000000,0.000000
B1l8L6EtDS,2020,Accept (Poster),unknown,0.000000,0.000000,1.000000,0.000000,0.000000
B1l6nnEtwr,2020,Reject,unknown,0.000000,0.000000,1.000000,0.000000,0.000000
B1xtFpVtvB,2020,Reject,unknown,0.000000,0.000000,1.000000,0.000000,0.000000
B1gskyStwr,2020,Accept (Poster),unknown,0.000000,0.000000,1.000000,0.000000,0.000000
B1lCn64tvS,2020,Reject,unknown,0.000000,0.000000,1.000000,0.000000,0.000000
B1l3M64KwB,2020,Reject,accepted,1.000000,0.000000,0.000000,1.000000,1.000000
B1gjs6EtDr,2020,Reject,accepted,1.000000,0.000000,0.000000,1.000000,1.000000
B1lC62EKwr,2020,Reject,unknown,0.000000,0.000000,1.000000,0.000000,0.000000
B1l4SgHKDH,2020,Accept (Poster),unknown,0.000000,0.000000,1.000000,0.000000,0.000000
B1l6y0VFPr,2020,Accept (Poster),unknown,0.000000,0.000000,1.000000,0.000000,0.000000
B1guLAVFDB,2020,Accept (Poster),unknown,0.000000,0.000000,1.000000,0.000000,0.000000
B1gkpR4FDB,2020,Reject,unknown,0.000000,0.000000,1.000000,0.000000,0.000000
B1l0wp4tvr,2020,Reject,unknown,0.000000,0.000000,1.000000,0.000000,0.000000
B1grSREtDH,2020,Reject,unknown,0.000000,0.000000,1.000000,0.000000,0.000000
B1gi0TEFDB,2020,Reject,unknown,0.000000,0.000000,1.000000,0.000000,0.000000
B1gn-pEKwH,2020,Reject,unknown,0.000000,0.000000,1.000000,0.000000,0.000000
B1gcblSKwB,2020,Reject,unknown,0.000000,0.000000,1.000000,0.000000,0.000000
B1gdkxHFDH,2020,Accept (Spotlight),unknown,0.000000,0.000000,1.000000,0.000000,0.000000
B1gm-a4tDH,2020,Reject,unknown,0.000000,0.000000,1.000000,0.000000,0.000000
B1gZV1HYvS,2020,Accept (Poster),unknown,0.000000,0.000000,1.000000,0.000000,0.000000
B1gd7REFDB,2020,Reject,unknown,0.000000,0.000000,1.000000,0.000000,0.000000
B1gUn24tPr,2020,Reject,unknown,0.000000,0.000000,1.000000,0.000000,-0.000000
B1l1qnEFwH,2020,Reject,unknown,0.000000,0.000000,1.000000,0.000000,0.000000
B1gXWCVtvr,2020,Reject,unknown,0.000000,0.000000,1.000000,0.000000,0.000000
B1g_BT4FvS,2020,Reject,accepted,1.000000,0.000000,0.000000,1.000000,1.000000
B1gXR3NtwS,2020,Reject,unknown,0.000000,0.000000,1.000000,0.000000,0.000000
B1gF56VYPH,2020,Accept (Poster),unknown,0.000000,0.000000,1.000000,0.000000,-0.000000
B1gzLaNYvr,2020,Reject,unknown,0.000000,0.000000,1.000000,0.000000,-0.000000
B1l2bp4YwS,2020,Accept (Poster),unknown,0.000000,0.000000,1.000000,0.000000,0.000000
B1gqipNYwH,2020,Accept (Poster),unknown,0.000000,0.000000,1.000000,0.000000,0.000000
B1gXYR4YDH,2020,Reject,unknown,0.000000,0.000000,1.000000,0.000000,0.000000
B1gX8kBtPr,2020,Accept (Poster),unknown,0.000000,0.000000,1.000000,0.000000,0.000000
B1gR3ANFPS,2020,Reject,unknown,0.000000,0.000000,1.000000,0.000000,0.000000
B1eyO1BFPr,2020,Accept (Poster),accepted,1.000000,0.000000,0.000000,1.000000,1.000000
B1gX8JrYPr,2020,Reject,unknown,0.000000,0.000000,1.000000,0.000000,0.000000
B1gNKxrYPB,2020,Reject,unknown,0.000000,0.000000,1.000000,0.000000,0.000000
B1gHokBKwS,2020,Accept (Poster),unknown,0.000000,0.000000,1.000000,0.000000,0.000000
B1esx6EYvr,2020,Accept (Poster),accepted,1.000000,0.000000,0.000000,1.000000,1.000000
B1em9h4KDS,2020,Reject,unknown,0.000000,0.000000,1.000000,0.000000,0.000000
B1eoyAVFwH,2020,Reject,unknown,0.000000,0.000000,1.000000,0.000000,0.000000
B1esygHFwS,2020,Reject,unknown,0.000000,0.000000,1.000000,0.000000,0.000000
B1eyA3VFwS,2020,Reject,unknown,0.000000,0.000000,1.000000,0.000000,0.000000
B1elqkrKPH,2020,Reject,unknown,0.000000,0.000000,1.000000,0.000000,0.000000
B1evfa4tPB,2020,Accept (Talk),unknown,0.000000,0.000000,1.000000,0.000000,0.000000
B1ecVlrtDr,2020,Reject,unknown,0.000000,0.000000,1.000000,0.000000,0.000000
B1g8VkHFPH,2020,Accept (Poster),unknown,0.000000,0.000000,1.000000,0.000000,0.000000
B1eZYkHYPS,2020,Reject,unknown,0.000000,0.000000,1.000000,0.000000,-0.000000
B1em8TVtPr,2020,Reject,unknown,0.000000,0.000000,1.000000,0.000000,0.000000
B1erJJrYPH,2020,Reject,unknown,0.000000,0.000000,1.000000,0.000000,0.000000
B1eiJyrtDB,2020,Reject,unknown,0.000000,0.000000,1.000000,0.000000,0.000000
B1eWbxStPH,2020,Accept (Spotlight),accepted,1.000000,0.000000,0.000000,1.000000,1.000000
B1g79grKPr,2020,Reject,unknown,0.000000,0.000000,1.000000,0.000000,0.000000
B1eYlgBYPH,2020,Reject,unknown,0.000000,0.000000,1.000000,0.000000,0.000000
B1eX_a4twH,2020,Reject,unknown,0.000000,0.000000,1.000000,0.000000,0.000000
B1eY_pVYvB,2020,Accept (Poster),unknown,0.000000,0.000000,1.000000,0.000000,0.000000
B1eB5xSFvr,2020,Accept (Poster),accepted,1.000000,0.000000,0.000000,1.000000,1.000000
B1g5sA4twr,2020,Accept (Poster),rejected,0.000000,1.000000,0.000000,1.000000,-1.000000
B1elCp4KwH,2020,Accept (Talk),accepted,1.000000,0.000000,0.000000,1.000000,1.000000
B1eCk1StPH,2020,Reject,unknown,0.000000,0.000000,1.000000,0.000000,0.000000
B1eZweHFwr,2020,Reject,unknown,0.000000,0.000000,1.000000,0.000000,0.000000
B1e3OlStPB,2020,Accept (Spotlight),accepted,1.000000,0.000000,0.000000,1.000000,1.000000
B1eP504YDr,2020,Reject,unknown,0.000000,0.000000,1.000000,0.000000,0.000000
B1eibJrtwr,2020,Reject,unknown,0.000000,0.000000,1.000000,0.000000,0.000000
B1eWOJHKvB,2020,Accept (Poster),unknown,0.000000,0.000000,1.000000,0.000000,0.000000
B1eXvyHKwS,2020,Reject,unknown,0.000000,0.000000,1.000000,0.000000,0.000000
B1eQcCEtDB,2020,Reject,unknown,0.000000,0.000000,1.000000,0.000000,0.000000
B1e5TA4FPr,2020,Reject,unknown,0.000000,0.000000,1.000000,0.000000,0.000000
B1e9Y2NYvS,2020,Accept (Spotlight),rejected,0.000000,1.000000,0.000000,1.000000,-1.000000
B1eXygBFPH,2020,Reject,unknown,0.000000,0.000000,1.000000,0.000000,0.000000
B1e-kxSKDH,2020,Accept (Poster),unknown,0.000000,0.000000,1.000000,0.000000,0.000000
B1eBoJStwr,2020,Reject,unknown,0.000000,0.000000,1.000000,0.000000,0.000000
