paper_id,year,author_name
ryzm6BATZ,2018,Michael O. Vertolli
ryzm6BATZ,2018,Jim Davies
ryykVe-0W,2018,Philemon Brakel
ryykVe-0W,2018,Yoshua Bengio
rywHCPkAW,2018,Meire Fortunato
rywHCPkAW,2018,Mohammad Gheshlaghi Azar
rywHCPkAW,2018,Bilal Piot
rywHCPkAW,2018,Jacob Menick
rywHCPkAW,2018,Matteo Hessel
rywHCPkAW,2018,Ian Osband
rywHCPkAW,2018,Alex Graves
rywHCPkAW,2018,Volodymyr Mnih
rywHCPkAW,2018,Remi Munos
rywHCPkAW,2018,Demis Hassabis
rywHCPkAW,2018,Olivier Pietquin
rywHCPkAW,2018,Charles Blundell
rywHCPkAW,2018,Shane Legg
rywDjg-RW,2018,Ashwin Kalyan
rywDjg-RW,2018,Abhishek Mohta
rywDjg-RW,2018,Oleksandr Polozov
rywDjg-RW,2018,Dhruv Batra
rywDjg-RW,2018,Prateek Jain
rywDjg-RW,2018,Sumit Gulwani
ryvxcPeAb,2018,Lei Wu
ryvxcPeAb,2018,Zhanxing Zhu
ryvxcPeAb,2018,Cheng Tai
ryvxcPeAb,2018,Weinan E
ryup8-WCW,2018,Chunyuan Li
ryup8-WCW,2018,Heerad Farkhoor
ryup8-WCW,2018,Rosanne Liu
ryup8-WCW,2018,Jason Yosinski
rytstxWAW,2018,Jie Chen
rytstxWAW,2018,Tengfei Ma
rytstxWAW,2018,Cao Xiao
rytNfI1AZ,2018,Mark D. McDonnell
ryserbZR-,2018,Pierre Courtiol
ryserbZR-,2018,Eric W. Tramel
ryserbZR-,2018,Marc Sanselme
ryserbZR-,2018,Gilles Wainrib
rypT3fb0b,2018,Dejiao Zhang
rypT3fb0b,2018,Haozhu Wang
rypT3fb0b,2018,Mario Figueiredo
rypT3fb0b,2018,Laura Balzano
rylejExC-,2018,Jianfei Chen
rylejExC-,2018,Jun Zhu
rylSzl-R-,2018,Zhiting Hu
rylSzl-R-,2018,Zichao Yang
rylSzl-R-,2018,Ruslan Salakhutdinov
rylSzl-R-,2018,Eric P. Xing
ryk77mbRZ,2018,Adji B. Dieng
ryk77mbRZ,2018,Jaan Altosaar
ryk77mbRZ,2018,Rajesh Ranganath
ryk77mbRZ,2018,David M. Blei
ryjw_eAaZ,2018,Raanan Y. Yehezkel Rohekar
ryjw_eAaZ,2018,Guy Koren
ryjw_eAaZ,2018,Shami Nisimov
ryjw_eAaZ,2018,Gal Novik
ryj38zWRb,2018,Piotr Bojanowski
ryj38zWRb,2018,Armand Joulin
ryj38zWRb,2018,David Lopez-Paz
ryj38zWRb,2018,Arthur Szlam
ryj0790hb,2018,Amir Rosenfeld
ryj0790hb,2018,John K. Tsotsos
ryiAv2xAZ,2018,Kimin Lee
ryiAv2xAZ,2018,Honglak Lee
ryiAv2xAZ,2018,Kibok Lee
ryiAv2xAZ,2018,Jinwoo Shin
ryepFJbA-,2018,Naveen Kodali
ryepFJbA-,2018,James Hays
ryepFJbA-,2018,Jacob Abernethy
ryepFJbA-,2018,Zsolt Kira
rye7IMbAZ,2018,Xuhong LI
rye7IMbAZ,2018,Yves GRANDVALET
rye7IMbAZ,2018,Franck DAVOINE
rydeCEhs-,2018,Andrew Brock
rydeCEhs-,2018,Theo Lim
rydeCEhs-,2018,J.M. Ritchie
rydeCEhs-,2018,Nick Weston
rybDdHe0Z,2018,Venkatesh Elango*
rybDdHe0Z,2018,Aashish N Patel*
rybDdHe0Z,2018,Kai J Miller
rybDdHe0Z,2018,Vikash Gilja
rybAWfx0b,2018,Anuroop Sriram
rybAWfx0b,2018,Heewoo Jun
rybAWfx0b,2018,Sanjeev Satheesh
rybAWfx0b,2018,Adam Coates
ryb83alCZ,2018,Dimitris Kalatzis
ryb83alCZ,2018,Konstantia Kotta
ryb83alCZ,2018,Ilias Kalamaras
ryb83alCZ,2018,Anastasios Vafeiadis
ryb83alCZ,2018,Andrew Rawstron
ryb83alCZ,2018,Dimitris Tzovaras
ryb83alCZ,2018,Kostas Stamatopoulos
ryazCMbR-,2018,Hyeji Kim
ryazCMbR-,2018,Yihan Jiang
ryazCMbR-,2018,Ranvir B. Rana
ryazCMbR-,2018,Sreeram Kannan
ryazCMbR-,2018,Sewoong Oh
ryazCMbR-,2018,Pramod Viswanath
ryacTMZRZ,2018,Divya Shanmugam
ryacTMZRZ,2018,Davis Blalock
ryacTMZRZ,2018,John Guttag
ry_WPG-A-,2018,Andrew Michael Saxe
ry_WPG-A-,2018,Yamini Bansal
ry_WPG-A-,2018,Joel Dapello
ry_WPG-A-,2018,Madhu Advani
ry_WPG-A-,2018,Artemy Kolchinsky
ry_WPG-A-,2018,Brendan Daniel Tracey
ry_WPG-A-,2018,David Daniel Cox
ryZElGZ0Z,2018,Matthew Schlegel
ryZElGZ0Z,2018,Andrew Patterson
ryZElGZ0Z,2018,Adam White
ryZElGZ0Z,2018,Martha White
ryZERzWCZ,2018,Shengjia Zhao
ryZERzWCZ,2018,Jiaming Song
ryZERzWCZ,2018,Stefano Ermon
ryZ8sz-Ab,2018,Keyi Yu
ryZ8sz-Ab,2018,Yang Liu
ryZ8sz-Ab,2018,Alexander G. Schwing
ryZ8sz-Ab,2018,Jian Peng
ryZ3KCy0W,2018,Yuchen Hou
ryZ3KCy0W,2018,Lawrence B. Holder
ryZ283gAZ,2018,Yiping Lu
ryZ283gAZ,2018,Aoxiao Zhong
ryZ283gAZ,2018,Quanzheng Li
ryZ283gAZ,2018,Bin Dong
ryY4RhkCZ,2018,Yoel Zeldes
ryY4RhkCZ,2018,Stavros Theodorakis
ryY4RhkCZ,2018,Efrat Solodnik
ryY4RhkCZ,2018,Aviv Rotman
ryY4RhkCZ,2018,Gil Chamiel
ryY4RhkCZ,2018,Dan Friedman
ryUlhzWCZ,2018,Wen Sun
ryUlhzWCZ,2018,J. Andrew Bagnell
ryUlhzWCZ,2018,Byron Boots
ryTp3f-0-,2018,Evan Zheran Liu
ryTp3f-0-,2018,Kelvin Guu
ryTp3f-0-,2018,Panupong Pasupat
ryTp3f-0-,2018,Tianlin Shi
ryTp3f-0-,2018,Percy Liang
ryRh0bb0Z,2018,Mickael Chen
ryRh0bb0Z,2018,Ludovic Denoyer
ryRh0bb0Z,2018,Thierry Artières
ryQu7f-RZ,2018,Sashank J. Reddi
ryQu7f-RZ,2018,Satyen Kale
ryQu7f-RZ,2018,Sanjiv Kumar
ryOG3fWCW,2018,Daniel Kang
ryOG3fWCW,2018,Karey Shi
ryOG3fWCW,2018,Thao Ngyuen
ryOG3fWCW,2018,Stephanie Mallard
ryOG3fWCW,2018,Peter Bailis
ryOG3fWCW,2018,Matei Zaharia
ryH_bShhW,2018,Mahdi Azarafrooz
ryHM_fbA-,2018,Shunan Zhao
ryHM_fbA-,2018,Chundi Lui
ryHM_fbA-,2018,Maksims Volkovs
ryH20GbRW,2018,Sjoerd van Steenkiste
ryH20GbRW,2018,Michael Chang
ryH20GbRW,2018,Klaus Greff
ryH20GbRW,2018,Jürgen Schmidhuber
ryG6xZ-RZ,2018,Richard Wei
ryG6xZ-RZ,2018,Lane Schwartz
ryG6xZ-RZ,2018,Vikram Adve
ryF-cQ6T-,2018,Ding Liu
ryF-cQ6T-,2018,Shi-Ju Ran
ryF-cQ6T-,2018,Peter Wittek
ryF-cQ6T-,2018,Cheng Peng
ryF-cQ6T-,2018,Raul Blázquez García
ryF-cQ6T-,2018,Gang Su
ryF-cQ6T-,2018,Maciej Lewenstein
ryDNZZZAW,2018,Han Zhao
ryDNZZZAW,2018,Shanghang Zhang
ryDNZZZAW,2018,Guanhang Wu
ryDNZZZAW,2018,Jo\~{a}o  P. Costeira
ryDNZZZAW,2018,Jos\'{e} M. F.  Moura
ryDNZZZAW,2018,Geoffrey J. Gordon
ryCM8zWRb,2018,Balázs Hidasi
ryCM8zWRb,2018,Alexandros Karatzoglou
ryBnUWb0b,2018,William Falcon
ryBnUWb0b,2018,Henning Schulzrinne
ryALZdAT-,2018,Yuhui Yuan
ryALZdAT-,2018,Kuiyuan Yang
ryALZdAT-,2018,Jianyuan Guo
ryALZdAT-,2018,Jingdong Wang
ryALZdAT-,2018,Chao Zhang
ryA-jdlA-,2018,Siddharth Krishna Kumar
ry9tUX_6-,2018,Gintare Karolina Dziugaite
ry9tUX_6-,2018,Daniel M. Roy
ry8dvM-R-,2018,Clemens Rosenbaum
ry8dvM-R-,2018,Tim Klinger
ry8dvM-R-,2018,Matthew Riemer
ry831QWAb,2018,Adams Wei Yu
ry831QWAb,2018,Lei Huang
ry831QWAb,2018,Qihang Lin
ry831QWAb,2018,Ruslan Salakhutdinov
ry831QWAb,2018,Jaime Carbonell
ry80wMW0W,2018,Adam C. Earle
ry80wMW0W,2018,Andrew M. Saxe
ry80wMW0W,2018,Benjamin Rosman
ry6-G_66b,2018,Devendra Singh Chaplot
ry6-G_66b,2018,Emilio Parisotto
ry6-G_66b,2018,Ruslan Salakhutdinov
ry5wc1bCW,2018,Olivier Goudet
ry5wc1bCW,2018,Diviyan Kalainathan
ry5wc1bCW,2018,David Lopez-Paz
ry5wc1bCW,2018,Philippe Caillou
ry5wc1bCW,2018,Isabelle Guyon
ry5wc1bCW,2018,Michèle Sebag
ry4SNTe0-,2018,Dalei Wu
ry4SNTe0-,2018,Xiaohua Liu
ry4S90l0b,2018,Alan Do-Omri
ry4S90l0b,2018,Dalei Wu
ry4S90l0b,2018,Xiaohua Liu
ry1arUgCW,2018,Lior Fox
ry1arUgCW,2018,Leshem Choshen
ry1arUgCW,2018,Yonatan Loewenstein
ry0WOxbRZ,2018,Robin Winter
ry0WOxbRZ,2018,Djork-Arnè Clevert
ry018WZAZ,2018,Yanyao Shen
ry018WZAZ,2018,Hyokun Yun
ry018WZAZ,2018,Zachary C. Lipton
ry018WZAZ,2018,Yakov Kronrod
ry018WZAZ,2018,Animashree Anandkumar
ry-TW-WAb,2018,Jan Achterhold
ry-TW-WAb,2018,Jan Mathias Koehler
ry-TW-WAb,2018,Anke Schmeink
ry-TW-WAb,2018,Tim Genewein
rkxY-sl0W,2018,Xinyun Chen
rkxY-sl0W,2018,Chang Liu
rkxY-sl0W,2018,Dawn Song
rkw-jlb0W,2018,Ehsan Abbasnejad
rkw-jlb0W,2018,Javen Shi
rkw-jlb0W,2018,Anton van den Hengel
rkvDssyRb,2018,Romain Laroche
rkvDssyRb,2018,Mehdi Fatemi
rkvDssyRb,2018,Joshua Romoff
rkvDssyRb,2018,Harm van Seijen
rkrWCJWAW,2018,Corentin Tallec
rkrWCJWAW,2018,Yann Ollivier
rkrC3GbRW,2018,Dave Janz
rkrC3GbRW,2018,Jos van der Westhuizen
rkrC3GbRW,2018,Brooks Paige
rkrC3GbRW,2018,Matt Kusner
rkrC3GbRW,2018,José Miguel Hernández-Lobato
rkr1UDeC-,2018,Rohan Anil
rkr1UDeC-,2018,Gabriel Pereyra
rkr1UDeC-,2018,Alexandre Passos
rkr1UDeC-,2018,Robert Ormandi
rkr1UDeC-,2018,George E. Dahl
rkr1UDeC-,2018,Geoffrey E. Hinton
rkpoTaxA-,2018,Geoff French
rkpoTaxA-,2018,Michal Mackiewicz
rkpoTaxA-,2018,Mark Fisher
rknt2Be0-,2018,Edward Choi
rknt2Be0-,2018,Angeliki Lazaridou
rknt2Be0-,2018,Nando de Freitas
rkmu5b0a-,2018,Quan Hoang
rkmu5b0a-,2018,Tu Dinh Nguyen
rkmu5b0a-,2018,Trung Le
rkmu5b0a-,2018,Dinh Phung
rkmtTJZCb,2018,Nevan Wichers
rkmtTJZCb,2018,Dumitru Erhan
rkmtTJZCb,2018,Honglak Lee
rkmoiMbCb,2018,Chris Hettinger
rkmoiMbCb,2018,Tanner Christensen
rkmoiMbCb,2018,Jeff Humpherys
rkmoiMbCb,2018,Tyler J Jarvis
rkhxwltab,2018,Animesh Karnewar
rkhlb8lCZ,2018,Travis Williams
rkhlb8lCZ,2018,Robert Li
rkhCSO4T-,2018,Biswa Sengupta
rkhCSO4T-,2018,Yu Qian
rkgOLb-0W,2018,Yikang Shen
rkgOLb-0W,2018,Zhouhan Lin
rkgOLb-0W,2018,Chin-wei Huang
rkgOLb-0W,2018,Aaron Courville
rkfbLilAb,2018,Milan Aggarwal
rkfbLilAb,2018,Aarushi Arora
rkfbLilAb,2018,Shagun Sodhani
rkfbLilAb,2018,Balaji Krishnamurthy
rkfOvGbCW,2018,Pablo Sprechmann
rkfOvGbCW,2018,Siddhant M. Jayakumar
rkfOvGbCW,2018,Jack W. Rae
rkfOvGbCW,2018,Alexander Pritzel
rkfOvGbCW,2018,Adria Puigdomenech Badia
rkfOvGbCW,2018,Benigno Uria
rkfOvGbCW,2018,Oriol Vinyals
rkfOvGbCW,2018,Demis Hassabis
rkfOvGbCW,2018,Razvan Pascanu
rkfOvGbCW,2018,Charles Blundell
rkeZRGbRW,2018,Karan Grewal
rkeZRGbRW,2018,R Devon Hjelm
rkeZRGbRW,2018,Yoshua Bengio
rkdU7tCaZ,2018,Ben Krause
rkdU7tCaZ,2018,Emmanuel Kahembwe
rkdU7tCaZ,2018,Iain Murray
rkdU7tCaZ,2018,Steve Renals
rkcya1ZAW,2018,Changyou Chen
rkcya1ZAW,2018,Chunyuan Li
rkcya1ZAW,2018,Liqun Chen
rkcya1ZAW,2018,Wenlin Wang
rkcya1ZAW,2018,Yunchen Pu
rkcya1ZAW,2018,Lawrence Carin
rkc_hGb0Z,2018,Olalekan Ogunmolu
rkcQFMZRb,2018,Johannes Ballé
rkcQFMZRb,2018,David Minnen
rkcQFMZRb,2018,Saurabh Singh
rkcQFMZRb,2018,Sung Jin Hwang
rkcQFMZRb,2018,Nick Johnston
rkaqxm-0b,2018,Nitish Gupta
rkaqxm-0b,2018,Mike Lewis
rkaT3zWCZ,2018,Yi Wu
rkaT3zWCZ,2018,Yuxin Wu
rkaT3zWCZ,2018,Georgia Gkioxari
rkaT3zWCZ,2018,Yuandong Tian
rkZzY-lCb,2018,Luis Armona
rkZzY-lCb,2018,José P. González-Brenes
rkZzY-lCb,2018,Ralph Edezhath
rkZvSe-RZ,2018,Florian Tramèr
rkZvSe-RZ,2018,Alexey Kurakin
rkZvSe-RZ,2018,Nicolas Papernot
rkZvSe-RZ,2018,Ian Goodfellow
rkZvSe-RZ,2018,Dan Boneh
rkZvSe-RZ,2018,Patrick McDaniel
rkZB1XbRZ,2018,Nicolas Papernot
rkZB1XbRZ,2018,Shuang Song
rkZB1XbRZ,2018,Ilya Mironov
rkZB1XbRZ,2018,Ananth Raghunathan
rkZB1XbRZ,2018,Kunal Talwar
rkZB1XbRZ,2018,Ulfar Erlingsson
rkYgAJWCZ,2018,Andrew Kyle Lampinen
rkYgAJWCZ,2018,James Lloyd McClelland
rkYTTf-AZ,2018,Guillaume Lample
rkYTTf-AZ,2018,Alexis Conneau
rkYTTf-AZ,2018,Ludovic Denoyer
rkYTTf-AZ,2018,Marc'Aurelio Ranzato
rkWN3g-AZ,2018,Amelie Royer
rkWN3g-AZ,2018,Konstantinos Bousmalis
rkWN3g-AZ,2018,Stephan Gouws
rkWN3g-AZ,2018,Fred Bertsch
rkWN3g-AZ,2018,Inbar Mosseri
rkWN3g-AZ,2018,Forrester Cole
rkWN3g-AZ,2018,Kevin Murphy
rkTS8lZAb,2018,R Devon Hjelm
rkTS8lZAb,2018,Athul Paul Jacob
rkTS8lZAb,2018,Adam Trischler
rkTS8lZAb,2018,Gerry Che
rkTS8lZAb,2018,Kyunghyun Cho
rkTS8lZAb,2018,Yoshua Bengio
rkTBjG-AZ,2018,Renato Negrinho
rkTBjG-AZ,2018,Geoff Gordon
rkRwGg-0Z,2018,W. James Murdoch
rkRwGg-0Z,2018,Peter J. Liu
rkRwGg-0Z,2018,Bin Yu
rkQu4Wb0Z,2018,Daeyoung Choi
rkQu4Wb0Z,2018,Changho Shin
rkQu4Wb0Z,2018,Hyunghun Cho
rkQu4Wb0Z,2018,Wonjong Rhee
rkQsMCJCb,2018,Nhat M. Nguyen
rkQsMCJCb,2018,Nilanjan Ray
rkQkBnJAb,2018,Tim Salimans
rkQkBnJAb,2018,Han Zhang
rkQkBnJAb,2018,Alec Radford
rkQkBnJAb,2018,Dimitris Metaxas
rkPLzgZAZ,2018,Kevin T. Feigelis
rkPLzgZAZ,2018,Blue Sheffer
rkPLzgZAZ,2018,Daniel L. K. Yamins
rkONG0xAW,2018,Tianchan Guan
rkONG0xAW,2018,Xiaoyang Zeng
rkONG0xAW,2018,Mingoo Seok
rkO3uTkAZ,2018,Youngjin Kim
rkO3uTkAZ,2018,Minjung Kim
rkO3uTkAZ,2018,Gunhee Kim
rkN2Il-RZ,2018,Irina Higgins
rkN2Il-RZ,2018,Nicolas Sonnerat
rkN2Il-RZ,2018,Loic Matthey
rkN2Il-RZ,2018,Arka Pal
rkN2Il-RZ,2018,Christopher P Burgess
rkN2Il-RZ,2018,Matko Bošnjak
rkN2Il-RZ,2018,Murray Shanahan
rkN2Il-RZ,2018,Matthew Botvinick
rkN2Il-RZ,2018,Demis Hassabis
rkN2Il-RZ,2018,Alexander Lerchner
rkMt1bWAZ,2018,Mahito Sugiyama
rkMt1bWAZ,2018,Koji Tsuda
rkMt1bWAZ,2018,Hiroyuki Nakahara
rkLyJl-0-,2018,Shankar Krishnan
rkLyJl-0-,2018,Ying Xiao
rkLyJl-0-,2018,Rif. A. Saurous
rkHywl-A-,2018,Justin Fu
rkHywl-A-,2018,Katie Luo
rkHywl-A-,2018,Sergey Levine
rkHVZWZAZ,2018,Audrunas Gruslys
rkHVZWZAZ,2018,Will Dabney
rkHVZWZAZ,2018,Mohammad Gheshlaghi Azar
rkHVZWZAZ,2018,Bilal Piot
rkHVZWZAZ,2018,Marc Bellemare
rkHVZWZAZ,2018,Remi Munos
rkGZuJb0b,2018,Andrew Hallam
rkGZuJb0b,2018,Edward Grant
rkGZuJb0b,2018,Vid Stojevic
rkGZuJb0b,2018,Simone Severini
rkGZuJb0b,2018,Andrew G. Green
rkEtzzWAb,2018,Gabriel Huang
rkEtzzWAb,2018,Hugo Berard
rkEtzzWAb,2018,Ahmed Touati
rkEtzzWAb,2018,Gauthier Gidel
rkEtzzWAb,2018,Pascal Vincent
rkEtzzWAb,2018,Simon Lacoste-Julien
rkEfPeZRb,2018,Yusuke Tsuzuku
rkEfPeZRb,2018,Hiroto Imachi
rkEfPeZRb,2018,Takuya Akiba
rkA1f3NpZ,2018,Thilo Strauss
rkA1f3NpZ,2018,Markus Hanselmann
rkA1f3NpZ,2018,Andrej Junginger
rkA1f3NpZ,2018,Holger Ulmer
rk9kKMZ0-,2018,Vithursan Thangarasa
rk9kKMZ0-,2018,Graham W. Taylor
rk8wKk-R-,2018,Shaojie Bai
rk8wKk-R-,2018,J. Zico Kolter
rk8wKk-R-,2018,Vladlen Koltun
rk8R_JWRW,2018,Davide Zambrano
rk8R_JWRW,2018,Isabella Pozzi
rk8R_JWRW,2018,Roeland Nusselder
rk8R_JWRW,2018,Sander Bohte
rk6qdGgCZ,2018,Ilya Loshchilov
rk6qdGgCZ,2018,Frank Hutter
rk6cfpRjZ,2018,Wei Wen
rk6cfpRjZ,2018,Yuxiong He
rk6cfpRjZ,2018,Samyam Rajbhandari
rk6cfpRjZ,2018,Minjia Zhang
rk6cfpRjZ,2018,Wenhan Wang
rk6cfpRjZ,2018,Fang Liu
rk6cfpRjZ,2018,Bin Hu
rk6cfpRjZ,2018,Yiran Chen
rk6cfpRjZ,2018,Hai Li
rk6H0ZbRb,2018,Ekin Dogus Cubuk
rk6H0ZbRb,2018,Barret Zoph
rk6H0ZbRb,2018,Samuel Stern Schoenholz
rk6H0ZbRb,2018,Quoc V. Le
rk4Fz2e0b,2018,Renjie Liao
rk4Fz2e0b,2018,Marc Brockschmidt
rk4Fz2e0b,2018,Daniel Tarlow
rk4Fz2e0b,2018,Alexander Gaunt
rk4Fz2e0b,2018,Raquel Urtasun
rk4Fz2e0b,2018,Richard S. Zemel
rk49Mg-CW,2018,Mohammad Babaeizadeh
rk49Mg-CW,2018,Chelsea Finn
rk49Mg-CW,2018,Dumitru Erhan
rk49Mg-CW,2018,Roy H. Campbell
rk49Mg-CW,2018,Sergey Levine
rk3pnae0b,2018,Wenpeng Hu
rk3pnae0b,2018,Bing Liu
rk3pnae0b,2018,Rui Yan
rk3pnae0b,2018,Dongyan Zhao
rk3pnae0b,2018,Jinwen Ma
rk3mjYRp-,2018,Pierre H. Richemond
rk3mjYRp-,2018,Brendan Maginnis
rk3b2qxCW,2018,Vuong Ho Quan
rk3b2qxCW,2018,Yiming Zhang
rk3b2qxCW,2018,Kenny Song
rk3b2qxCW,2018,Xiao-Yue Gong
rk3b2qxCW,2018,Keith W. Ross
rk1FQA0pW,2018,Dufan Wu
rk1FQA0pW,2018,Kyungsang Kim
rk1FQA0pW,2018,Bin Dong
rk1FQA0pW,2018,Quanzheng Li
rk07ZXZRb,2018,Karol Hausman
rk07ZXZRb,2018,Jost Tobias Springenberg
rk07ZXZRb,2018,Ziyu Wang
rk07ZXZRb,2018,Nicolas Heess
rk07ZXZRb,2018,Martin Riedmiller
rJzIBfZAb,2018,Aleksander Madry
rJzIBfZAb,2018,Aleksandar Makelov
rJzIBfZAb,2018,Ludwig Schmidt
rJzIBfZAb,2018,Dimitris Tsipras
rJzIBfZAb,2018,Adrian Vladu
rJwelMbR-,2018,Dibya Ghosh
rJwelMbR-,2018,Avi Singh
rJwelMbR-,2018,Aravind Rajeswaran
rJwelMbR-,2018,Vikash Kumar
rJwelMbR-,2018,Sergey Levine
rJvJXZb0W,2018,Lajanugen Logeswaran
rJvJXZb0W,2018,Honglak Lee
rJv4XWZA-,2018,Aleksei Triastcyn
rJv4XWZA-,2018,Boi Faltings
rJssAZ-0-,2018,Chen Wang
rJssAZ-0-,2018,Xiangyu Chen
rJssAZ-0-,2018,Zelin Ye
rJssAZ-0-,2018,Jialu Wang
rJssAZ-0-,2018,Ziruo Cai
rJssAZ-0-,2018,Shixiang Gu
rJssAZ-0-,2018,Cewu Lu
rJrTwxbCb,2018,Levent Sagun
rJrTwxbCb,2018,Utku Evci
rJrTwxbCb,2018,V. Ugur Guney
rJrTwxbCb,2018,Yann Dauphin
rJrTwxbCb,2018,Leon Bottou
rJr4kfWCb,2018,Allison M Rossetto
rJr4kfWCb,2018,Wenjin Zhou
rJqfKPJ0Z,2018,Boussad ADDAD
rJoXrxZAZ,2018,Yanqi Zhou
rJoXrxZAZ,2018,Wei Ping
rJoXrxZAZ,2018,Sercan Arik
rJoXrxZAZ,2018,Kainan Peng
rJoXrxZAZ,2018,Greg Diamos
rJma2bZCW,2018,Stanisław Jastrzębski
rJma2bZCW,2018,Zac Kenton
rJma2bZCW,2018,Devansh Arpit
rJma2bZCW,2018,Nicolas Ballas
rJma2bZCW,2018,Asja Fischer
rJma2bZCW,2018,Amos Storkey
rJma2bZCW,2018,Yoshua Bengio
rJm7VfZA-,2018,Sergio Valcarcel Macua
rJm7VfZA-,2018,Javier Zazo
rJm7VfZA-,2018,Santiago Zazo
rJlMAAeC-,2018,Da Xiao
rJlMAAeC-,2018,Jo-Yu Liao
rJlMAAeC-,2018,Xingyuan Yuan
rJl63fZRb,2018,Roy Fox
rJl63fZRb,2018,Richard Shin
rJl63fZRb,2018,Sanjay Krishnan
rJl63fZRb,2018,Ken Goldberg
rJl63fZRb,2018,Dawn Song
rJl63fZRb,2018,Ion Stoica
rJl3yM-Ab,2018,Shuohang Wang
rJl3yM-Ab,2018,Mo Yu
rJl3yM-Ab,2018,Jing Jiang
rJl3yM-Ab,2018,Wei Zhang
rJl3yM-Ab,2018,Xiaoxiao Guo
rJl3yM-Ab,2018,Shiyu Chang
rJl3yM-Ab,2018,Zhiguo Wang
rJl3yM-Ab,2018,Tim Klinger
rJl3yM-Ab,2018,Gerald Tesauro
rJl3yM-Ab,2018,Murray Campbell
rJk51gJRb,2018,Chao Gao
rJk51gJRb,2018,Martin Mueller
rJk51gJRb,2018,Ryan Hayward
rJiaRbk0-,2018,Zhuohan Li
rJiaRbk0-,2018,Di He
rJiaRbk0-,2018,Fei Tian
rJiaRbk0-,2018,Wei Chen
rJiaRbk0-,2018,Tao Qin
rJiaRbk0-,2018,Liwei Wang
rJiaRbk0-,2018,Tie-Yan Liu
rJhR_pxCZ,2018,Eleanor Quint
rJhR_pxCZ,2018,Garrett Wirka
rJhR_pxCZ,2018,Jacob Williams
rJhR_pxCZ,2018,Stephen Scott
rJhR_pxCZ,2018,N.V. Vinodchandran
rJg4YGWRb,2018,Kiran K. Thekumparampil
rJg4YGWRb,2018,Sewoong Oh
rJg4YGWRb,2018,Chong Wang
rJg4YGWRb,2018,Li-Jia Li
rJfHoM-C-,2018,Bowen Zhang
rJfHoM-C-,2018,Xifan Zhang
rJfHoM-C-,2018,Fan Cheng
rJfHoM-C-,2018,Deli Zhao
rJe7FW-Cb,2018,Pau Rodríguez
rJe7FW-Cb,2018,Guillem Cucurull
rJe7FW-Cb,2018,Jordi Gonzàlez
rJe7FW-Cb,2018,Josep M. Gonfaus
rJe7FW-Cb,2018,Xavier Roca
rJbs5gbRW,2018,Yin Liu
rJbs5gbRW,2018,Vincent Chen
rJaE2alRW,2018,Mikolaj Binkowski
rJaE2alRW,2018,Gautier Marti
rJaE2alRW,2018,Philippe Donnat
rJa90ceAb,2018,Wei Shen
rJa90ceAb,2018,Rujie Liu
rJYFzMZC-,2018,Antoine Bosselut
rJYFzMZC-,2018,Omer Levy
rJYFzMZC-,2018,Ari Holtzman
rJYFzMZC-,2018,Corin Ennis
rJYFzMZC-,2018,Dieter Fox
rJYFzMZC-,2018,Yejin Choi
rJXMpikCZ,2018,Petar Veličković
rJXMpikCZ,2018,Guillem Cucurull
rJXMpikCZ,2018,Arantxa Casanova
rJXMpikCZ,2018,Adriana Romero
rJXMpikCZ,2018,Pietro Liò
rJXMpikCZ,2018,Yoshua Bengio
rJWrK9lAb,2018,Yasin Yazici
rJWrK9lAb,2018,Kim-Hui Yap
rJWrK9lAb,2018,Stefan Winkler
rJWechg0Z,2018,Pietro Morerio
rJWechg0Z,2018,Jacopo Cavazza
rJWechg0Z,2018,Vittorio Murino
rJVruWZRW,2018,Yong-Ho Yoo
rJVruWZRW,2018,Kook Han
rJVruWZRW,2018,Sanghyun Cho
rJVruWZRW,2018,Kyoung-Chul Koh
rJVruWZRW,2018,Jong-Hwan Kim
rJUYGxbCW,2018,Yang Song
rJUYGxbCW,2018,Taesup Kim
rJUYGxbCW,2018,Sebastian Nowozin
rJUYGxbCW,2018,Stefano Ermon
rJUYGxbCW,2018,Nate Kushman
rJUBryZ0W,2018,Ron Amit
rJUBryZ0W,2018,Ron Meir
rJTutzbA-,2018,Rahul Kidambi
rJTutzbA-,2018,Praneeth Netrapalli
rJTutzbA-,2018,Prateek Jain
rJTutzbA-,2018,Sham M. Kakade
rJTGkKxAZ,2018,Brady Neal
rJTGkKxAZ,2018,Alex Lamb
rJTGkKxAZ,2018,Sherjil Ozair
rJTGkKxAZ,2018,Devon Hjelm
rJTGkKxAZ,2018,Aaron Courville
rJTGkKxAZ,2018,Yoshua Bengio
rJTGkKxAZ,2018,Ioannis Mitliagkas
rJSr0GZR-,2018,Hui-Po Wang
rJSr0GZR-,2018,Wei-Jan Ko
rJSr0GZR-,2018,Wen-Hsiao Peng
rJR2ylbRb,2018,Claire Donnat
rJR2ylbRb,2018,Marinka Zitnik
rJR2ylbRb,2018,David Hallac
rJR2ylbRb,2018,Jure Leskovec
rJQDjk-0b,2018,Corentin Tallec
rJQDjk-0b,2018,Yann Ollivier
rJNpifWAb,2018,Yeming Wen
rJNpifWAb,2018,Paul Vicol
rJNpifWAb,2018,Jimmy Ba
rJNpifWAb,2018,Dustin Tran
rJNpifWAb,2018,Roger Grosse
rJLTTe-0W,2018,Anderson Y. Zhang
rJLTTe-0W,2018,Miao Lu
rJLTTe-0W,2018,Deguang Kong
rJLTTe-0W,2018,Jimmy Yang
rJL6pz-CZ,2018,Marissa Connor
rJL6pz-CZ,2018,Christopher Rozell
rJJzTyWCZ,2018,Qizhe Xie
rJJzTyWCZ,2018,Guokun Lai
rJJzTyWCZ,2018,Zihang Dai
rJJzTyWCZ,2018,Eduard Hovy
rJIgf7bAZ,2018,Matthew J. A. Smith
rJIgf7bAZ,2018,Herke van Hoof
rJIgf7bAZ,2018,Joelle Pineau
rJIN_4lA-,2018,Alexander Peysakhovich
rJIN_4lA-,2018,Adam Lerer
rJHcpW-CW,2018,Xia Xiao
rJHcpW-CW,2018,Sanguthevar Rajasekaran
rJGZq6g0-,2018,Katrina Evtimova
rJGZq6g0-,2018,Andrew Drozdov
rJGZq6g0-,2018,Douwe Kiela
rJGZq6g0-,2018,Kyunghyun Cho
rJGY8GbR-,2018,Greg Yang
rJGY8GbR-,2018,Sam S. Schoenholz
rJFOptp6Z,2018,Chong Wang
rJFOptp6Z,2018,Xipeng Lan
rJFOptp6Z,2018,Yangang Zhang
rJBwoM-Cb,2018,João Sedoc
rJBwoM-Cb,2018,Dean Foster
rJBwoM-Cb,2018,Lyle Ungar
rJBiunlAW,2018,Tao Lei
rJBiunlAW,2018,Yu Zhang
rJBiunlAW,2018,Yoav Artzi
rJ8rHkWRb,2018,Michael Traynor
rJ8rHkWRb,2018,Thomas Trappenberg
rJ7yZ2P6-,2018,JIANXIONG DONG
rJ7yZ2P6-,2018,Jim Huang
rJ7RBNe0-,2018,Dustin Tran
rJ7RBNe0-,2018,Yura Burda
rJ7RBNe0-,2018,Ilya Sutskever
rJ6iJmWCW,2018,Prannay Khosla
rJ6iJmWCW,2018,Preethi Jyothi
rJ6iJmWCW,2018,Vinay P. Namboodiri
rJ6iJmWCW,2018,Mukundhan Srinivasan
rJ695PxRW,2018,Yao-Hung Hubert Tsai
rJ695PxRW,2018,Han Zhao
rJ695PxRW,2018,Nebojsa Jojic
rJ695PxRW,2018,Ruslan Salakhutdinov
rJ5C67-C-,2018,Ankit Sharma
rJ5C67-C-,2018,Shafiq Joty
rJ5C67-C-,2018,Himanshu Kharkwal
rJ5C67-C-,2018,Jaideep Srivastava
rJ4uaX2aW,2018,Boris Ginsburg
rJ4uaX2aW,2018,Igor Gitman
rJ4uaX2aW,2018,Yang You
rJ3fy0k0Z,2018,Fumihiro Sasaki
rJ3fy0k0Z,2018,Atsuo Kawaguchi
rJ33wwxRb,2018,Alon Brutzkus
rJ33wwxRb,2018,Amir Globerson
rJ33wwxRb,2018,Eran Malach
rJ33wwxRb,2018,Shai Shalev-Shwartz
rJ1RPJWAW,2018,Rahul Anand Sharma
rJ1RPJWAW,2018,Navin Goyal
rJ1RPJWAW,2018,Monojit Choudhury
rJ1RPJWAW,2018,Praneeth Netrapalli
r1wEFyWCW,2018,Scott Reed
r1wEFyWCW,2018,Yutian Chen
r1wEFyWCW,2018,Thomas Paine
r1wEFyWCW,2018,Aäron van den Oord
r1wEFyWCW,2018,S. M. Ali Eslami
r1wEFyWCW,2018,Danilo Rezende
r1wEFyWCW,2018,Oriol Vinyals
r1wEFyWCW,2018,Nando de Freitas
r1vuQG-CW,2018,Emiel Hoogeboom
r1vuQG-CW,2018,Jorn W.T. Peters
r1vuQG-CW,2018,Taco S. Cohen
r1vuQG-CW,2018,Max Welling
r1vccClCb,2018,Chin-Chia Michael Yeh
r1vccClCb,2018,Yan Zhu
r1vccClCb,2018,Evangelos E. Papalexakis
r1vccClCb,2018,Abdullah Mueen
r1vccClCb,2018,Eamonn Keogh
r1uOhfb0W,2018,Yichi Zhang
r1uOhfb0W,2018,Zhijian Ou
r1tJKuyRZ,2018,Malte Probst
r1saNM-RW,2018,Cenk Baykal
r1saNM-RW,2018,Murad Tukan
r1saNM-RW,2018,Dan Feldman
r1saNM-RW,2018,Daniela Rus
r1q7n9gAb,2018,Daniel Soudry
r1q7n9gAb,2018,Elad Hoffer
r1q7n9gAb,2018,Mor Shpigel Nacson
r1q7n9gAb,2018,Nathan Srebro
r1pW0WZAW,2018,Robert DiPietro
r1pW0WZAW,2018,Christian Rupprecht
r1pW0WZAW,2018,Nassir Navab
r1pW0WZAW,2018,Gregory D. Hager
r1nzLmWAb,2018,Li Ding
r1nzLmWAb,2018,Chenliang Xu
r1nmx5l0W,2018,Chi-Chun Chuang
r1nmx5l0W,2018,Zheng-Xin Weng
r1nmx5l0W,2018,Shan-Hung Wu
r1lfpfZAb,2018,Ari Holtzman
r1lfpfZAb,2018,Jan Buys
r1lfpfZAb,2018,Maxwell Forbes
r1lfpfZAb,2018,Antoine Bosselut
r1lfpfZAb,2018,Yejin Choi
r1lUOzWCW,2018,Mikołaj Bińkowski
r1lUOzWCW,2018,Danica J. Sutherland
r1lUOzWCW,2018,Michael Arbel
r1lUOzWCW,2018,Arthur Gretton
r1l4eQW0Z,2018,Jiaxin Shi
r1l4eQW0Z,2018,Shengyang Sun
r1l4eQW0Z,2018,Jun Zhu
r1kjEuHpZ,2018,Hongbao Zhang
r1kjEuHpZ,2018,Pengtao Xie
r1kjEuHpZ,2018,Eric Xing
r1kj4ACp-,2018,Guanhua Zheng
r1kj4ACp-,2018,Jitao Sang
r1kj4ACp-,2018,Changsheng Xu
r1kP7vlRb,2018,Joji Toyama
r1kP7vlRb,2018,Yusuke Iwasawa
r1kP7vlRb,2018,Kotaro Nakayama
r1kP7vlRb,2018,Yutaka Matsuo
r1kNDlbCb,2018,Yau-Shian Wang
r1kNDlbCb,2018,Hung-Yi Lee
r1iuQjxCZ,2018,Ari S. Morcos
r1iuQjxCZ,2018,David G.T. Barrett
r1iuQjxCZ,2018,Neil C. Rabinowitz
r1iuQjxCZ,2018,Matthew Botvinick
r1hsJCe0Z,2018,Jacob Devlin
r1hsJCe0Z,2018,Jonathan  Uesato
r1hsJCe0Z,2018,Rishabh Singh
r1hsJCe0Z,2018,Pushmeet Kohli
r1h2DllAW,2018,Wolfgang Roth
r1h2DllAW,2018,Franz Pernkopf
r1gs9JgRZ,2018,Paulius Micikevicius
r1gs9JgRZ,2018,Sharan Narang
r1gs9JgRZ,2018,Jonah Alben
r1gs9JgRZ,2018,Gregory Diamos
r1gs9JgRZ,2018,Erich Elsen
r1gs9JgRZ,2018,David Garcia
r1gs9JgRZ,2018,Boris Ginsburg
r1gs9JgRZ,2018,Michael Houston
r1gs9JgRZ,2018,Oleksii Kuchaiev
r1gs9JgRZ,2018,Ganesh Venkatesh
r1gs9JgRZ,2018,Hao Wu
r1drp-WCZ,2018,Xun Zheng
r1drp-WCZ,2018,Manzil Zaheer
r1drp-WCZ,2018,Amr Ahmed
r1drp-WCZ,2018,Yuan Wang
r1drp-WCZ,2018,Eric P. Xing
r1drp-WCZ,2018,Alex Smola
r1dHXnH6-,2018,Yichen Gong
r1dHXnH6-,2018,Heng Luo
r1dHXnH6-,2018,Jian Zhang
r1cLblgCZ,2018,Timothy Wong
r1cLblgCZ,2018,Zhiyuan Luo
r1ayG7WRZ,2018,Xinlei Xu
r1Zi2Mb0-,2018,Minh-Thang Luong
r1Zi2Mb0-,2018,David Dohan
r1Zi2Mb0-,2018,Adams Wei Yu
r1Zi2Mb0-,2018,Quoc V. Le
r1Zi2Mb0-,2018,Barret Zoph
r1Zi2Mb0-,2018,Vijay Vasudevan
r1ZdKJ-0W,2018,Aleksandar Bojchevski
r1ZdKJ-0W,2018,Stephan Günnemann
r1YqWz-R-,2018,Yi-Lin Tuan
r1YqWz-R-,2018,Hung-yi Lee
r1YUtYx0-,2018,Tom Zahavy
r1YUtYx0-,2018,Bingyi Kang
r1YUtYx0-,2018,Alex Sivak
r1YUtYx0-,2018,Jiashi Feng
r1YUtYx0-,2018,Huan Xu
r1YUtYx0-,2018,Shie Mannor
r1VVsebAZ,2018,Manuel Molano-Mazon
r1VVsebAZ,2018,Arno Onken
r1VVsebAZ,2018,Eugenio Piasini*
r1VVsebAZ,2018,Stefano Panzeri*
r1TA9ZbA-,2018,Arthur Guez
r1TA9ZbA-,2018,Theophane Weber
r1TA9ZbA-,2018,Ioannis Antonoglou
r1TA9ZbA-,2018,Karen Simonyan
r1TA9ZbA-,2018,Oriol Vinyals
r1TA9ZbA-,2018,Daan Wierstra
r1TA9ZbA-,2018,Remi Munos
r1TA9ZbA-,2018,David Silver
r1SuFjkRW,2018,Luke Metz
r1SuFjkRW,2018,Julian Ibarz
r1SuFjkRW,2018,Navdeep Jaitly
r1SuFjkRW,2018,James Davidson
r1SnX5xCb,2018,Jinsung Yoon
r1SnX5xCb,2018,William R. Zame
r1SnX5xCb,2018,Mihaela van der Schaar
r1RQdCg0W,2018,Qixuan Huang
r1RQdCg0W,2018,Anshumali Shrivastava
r1RQdCg0W,2018,Yiqiu Wang
r1RF3ExCb,2018,Junier Oliva
r1RF3ExCb,2018,Avinava Dubey
r1RF3ExCb,2018,Barnabás Póczos
r1RF3ExCb,2018,Eric P. Xing
r1RF3ExCb,2018,Jeff Schneider
r1QZ3zbAZ,2018,Volodymyr Kuleshov
r1QZ3zbAZ,2018,Shantanu Thakoor
r1QZ3zbAZ,2018,Tingfung Lau
r1QZ3zbAZ,2018,Stefano Ermon
r1Oen--RW,2018,Pieter-Jan Kindermans
r1Oen--RW,2018,Sara Hooker
r1Oen--RW,2018,Julius Adebayo
r1Oen--RW,2018,Kristof T. Schütt
r1Oen--RW,2018,Maximilian Alber
r1Oen--RW,2018,Sven Dähne
r1Oen--RW,2018,Dumitru Erhan
r1Oen--RW,2018,Been Kim
r1NYjfbR-,2018,Tomás Angles
r1NYjfbR-,2018,Stéphane Mallat
r1Kr3TyAb,2018,Abhishek Panigrahi
r1Kr3TyAb,2018,Yueru Chen
r1Kr3TyAb,2018,C.-C. Jay Kuo
r1ISxGZRb,2018,Matt Riemer
r1ISxGZRb,2018,Michele Franceschini
r1ISxGZRb,2018,and Tim Klinger
r1HhRfWRZ,2018,Brandon Amos
r1HhRfWRZ,2018,Laurent Dinh
r1HhRfWRZ,2018,Serkan Cabi
r1HhRfWRZ,2018,Thomas Rothörl
r1HhRfWRZ,2018,Sergio Gómez Colmenarejo
r1HhRfWRZ,2018,Alistair Muldal
r1HhRfWRZ,2018,Tom Erez
r1HhRfWRZ,2018,Yuval Tassa
r1HhRfWRZ,2018,Nando de Freitas
r1HhRfWRZ,2018,Misha Denil
r1HNP0eCW,2018,Zhouhao Wang
r1HNP0eCW,2018,Enda Liu
r1HNP0eCW,2018,Hiroki Sakaji
r1HNP0eCW,2018,Tomoki Ito
r1HNP0eCW,2018,Kiyoshi Izumi
r1HNP0eCW,2018,Kota Tsubouchi
r1HNP0eCW,2018,Tatsuo Yamashita
r1Dx7fbCW,2018,Shiv Shankar*
r1Dx7fbCW,2018,Vihari Piratla*
r1Dx7fbCW,2018,Soumen Chakrabarti
r1Dx7fbCW,2018,Siddhartha Chaudhuri
r1Dx7fbCW,2018,Preethi Jyothi
r1Dx7fbCW,2018,Sunita Sarawagi
r1Ddp1-Rb,2018,Hongyi Zhang
r1Ddp1-Rb,2018,Moustapha Cisse
r1Ddp1-Rb,2018,Yann N. Dauphin
r1Ddp1-Rb,2018,David Lopez-Paz
r1DPFCyA-,2018,Matthias Bauer
r1DPFCyA-,2018,Mateo Rojas-Carulla
r1DPFCyA-,2018,Jakub Bartłomiej Świątkowski
r1DPFCyA-,2018,Bernhard Schölkopf
r1DPFCyA-,2018,Richard E. Turner
r1CE9GWR-,2018,Soheil Feizi
r1CE9GWR-,2018,Changho Suh
r1CE9GWR-,2018,Fei Xia
r1CE9GWR-,2018,David Tse
r1BRfhiab,2018,Gil Keren
r1BRfhiab,2018,Sivan Sabato
r1BRfhiab,2018,Björn Schuller
r1AoGNlC-,2018,Daniel A. Abolafia
r1AoGNlC-,2018,Quoc V. Le
r1AoGNlC-,2018,Mohammad Norouzi
r1AMITFaW,2018,Yuanhang Su
r1AMITFaW,2018,Yuzhong Huang
r1AMITFaW,2018,C.-C. Jay Kuo
r17lFgZ0Z,2018,Shikhar Sharma
r17lFgZ0Z,2018,Layla El Asri
r17lFgZ0Z,2018,Hannes Schulz
r17lFgZ0Z,2018,Jeremie Zumer
r17Q6WWA-,2018,Ludovic Trottier
r17Q6WWA-,2018,Philippe Giguère
r17Q6WWA-,2018,Brahim Chaib-draa
r16Vyf-0-,2018,Ashish Vaswani
r16Vyf-0-,2018,Niki Parmar
r16Vyf-0-,2018,Jakob Uszkoreit
r16Vyf-0-,2018,Noam Shazeer
r16Vyf-0-,2018,Lukasz Kaiser
r15kjpHa-,2018,Hangyu Mao
r15kjpHa-,2018,Zhibo Gong
r15kjpHa-,2018,Zhen Xiao
r154_g-Rb,2018,Amy Zhang
r154_g-Rb,2018,Adam Lerer
r154_g-Rb,2018,Sainbayar Sukhbaatar
r154_g-Rb,2018,Rob Fergus
r154_g-Rb,2018,Arthur Szlam
r11Q2SlRW,2018,Yi Zhou
r11Q2SlRW,2018,Zimo Li
r11Q2SlRW,2018,Shuangjiu Xiao
r11Q2SlRW,2018,Chong He
r11Q2SlRW,2018,Zeng Huang
r11Q2SlRW,2018,Hao Li
r111KtCp-,2018,Alasdair Newson
r111KtCp-,2018,Andres Almansa
r111KtCp-,2018,Yann Gousseau
r111KtCp-,2018,Said Ladjal
SyzKd1bCW,2018,Will Grathwohl
SyzKd1bCW,2018,Dami Choi
SyzKd1bCW,2018,Yuhuai Wu
SyzKd1bCW,2018,Geoff Roeder
SyzKd1bCW,2018,David Duvenaud
SyyGPP0TZ,2018,Stephen Merity
SyyGPP0TZ,2018,Nitish Shirish Keskar
SyyGPP0TZ,2018,Richard Socher
SyxCqGbRZ,2018,Joseph Futoma
SyxCqGbRZ,2018,Anthony Lin
SyxCqGbRZ,2018,Mark Sendak
SyxCqGbRZ,2018,Armando Bedoya
SyxCqGbRZ,2018,Meredith Clement
SyxCqGbRZ,2018,Cara O'Brien
SyxCqGbRZ,2018,Katherine Heller
Syx6bz-Ab,2018,Victor Zhong
Syx6bz-Ab,2018,Caiming Xiong
Syx6bz-Ab,2018,Richard Socher
SywXXwJAb,2018,Yoav Levine
SywXXwJAb,2018,David Yakira
SywXXwJAb,2018,Nadav Cohen
SywXXwJAb,2018,Amnon Shashua
SyvCD-b0W,2018,Boyuan Chen
SyvCD-b0W,2018,Warren Mo
SyvCD-b0W,2018,Ishanu Chattopadhyay
SyvCD-b0W,2018,Hod Lipson
SyunbfbAb,2018,Samira Ebrahimi Kahou
SyunbfbAb,2018,Adam Atkinson
SyunbfbAb,2018,Vincent Michalski
SyunbfbAb,2018,Ákos Kádár
SyunbfbAb,2018,Adam Trischler
SyunbfbAb,2018,Yoshua Bengio
SyuWNMZ0W,2018,Maurice Diesendruck
SyuWNMZ0W,2018,Guy W. Cole
SyuWNMZ0W,2018,Sinead Williamson
Syt0r4bRZ,2018,Ning Miao
Syt0r4bRZ,2018,Hengliang Wang
Syt0r4bRZ,2018,Ran Le
Syt0r4bRZ,2018,Chongyang Tao
Syt0r4bRZ,2018,Mingyue Shang
Syt0r4bRZ,2018,Rui Yan
Syt0r4bRZ,2018,Dongyan Zhao
SysEexbRb,2018,Yi Zhou
SysEexbRb,2018,Yingbin Liang
SyrGJYlRZ,2018,Jian Zhang
SyrGJYlRZ,2018,Ioannis Mitliagkas
SyrGJYlRZ,2018,Christopher Re
Syr8Qc1CW,2018,Taihong Xiao
Syr8Qc1CW,2018,Jiapeng Hong
Syr8Qc1CW,2018,Jinwen Ma
SyqShMZRb,2018,Hanjun Dai
SyqShMZRb,2018,Yingtao Tian
SyqShMZRb,2018,Bo Dai
SyqShMZRb,2018,Steven Skiena
SyqShMZRb,2018,Le Song
SyqAPeWAZ,2018,Cem TARHAN
SyqAPeWAZ,2018,Gözde BOZDAĞI AKAR
SyoDInJ0-,2018,Romain Laroche
SyoDInJ0-,2018,Raphael Feraud
SylJ1D1C-,2018,Zichao Long
SylJ1D1C-,2018,Yiping Lu
SylJ1D1C-,2018,Xianzhong Ma
SylJ1D1C-,2018,Bin Dong
Syl3_2JCZ,2018,Callie Federer
Syl3_2JCZ,2018,Joel Zylberberg
SyjsLqxR-,2018,Jan Hendrik Metzen
SyjjD1WRb,2018,Enrico Guiraud
SyjjD1WRb,2018,Jakob Drefs
SyjjD1WRb,2018,Joerg Luecke
Syjha0gAZ,2018,Sean Welleck
Syjha0gAZ,2018,Zixin Yao
Syjha0gAZ,2018,Yu Gai
Syjha0gAZ,2018,Jialin Mao
Syjha0gAZ,2018,Zheng Zhang
Syjha0gAZ,2018,Kyunghyun Cho
Syhr6pxCW,2018,Aayush Bansal
Syhr6pxCW,2018,Yaser Sheikh
Syhr6pxCW,2018,Deva Ramanan
SyhcXjy0Z,2018,Suraj Nandkishor Kothawade
SyhcXjy0Z,2018,Sumit Baburao Tamgale
SyhRVm-Rb,2018,David Held
SyhRVm-Rb,2018,Xinyang Geng
SyhRVm-Rb,2018,Carlos Florensa
SyhRVm-Rb,2018,Pieter Abbeel
SygwwGbRW,2018,Nikolay Savinov
SygwwGbRW,2018,Alexey Dosovitskiy
SygwwGbRW,2018,Vladlen Koltun
Syg-YfWCW,2018,Rajarshi Das
Syg-YfWCW,2018,Shehzaad Dhuliawala
Syg-YfWCW,2018,Manzil Zaheer
Syg-YfWCW,2018,Luke Vilnis
Syg-YfWCW,2018,Ishan Durugkar
Syg-YfWCW,2018,Akshay Krishnamurthy
Syg-YfWCW,2018,Alex Smola
Syg-YfWCW,2018,Andrew McCallum
SyfiiMZA-,2018,Charles Schaff
SyfiiMZA-,2018,David Yunis
SyfiiMZA-,2018,Ayan Chakrabarti
SyfiiMZA-,2018,Matthew R. Walter
SybqeKgA-,2018,Runyao Chen
SybqeKgA-,2018,Kun Wu
SybqeKgA-,2018,Ping Luo
Sy_MK3lAZ,2018,Jiechao Xiong
Sy_MK3lAZ,2018,Qing Wang
Sy_MK3lAZ,2018,Zhuoran Yang
Sy_MK3lAZ,2018,Peng Sun
Sy_MK3lAZ,2018,Yang Zheng
Sy_MK3lAZ,2018,Lei Han
Sy_MK3lAZ,2018,Haobo Fu
Sy_MK3lAZ,2018,Xiangru Lian
Sy_MK3lAZ,2018,Carson Eisenach
Sy_MK3lAZ,2018,Haichuan Yang
Sy_MK3lAZ,2018,Emmanuel Ekwedike
Sy_MK3lAZ,2018,Bei Peng
Sy_MK3lAZ,2018,Haoyue Gao
Sy_MK3lAZ,2018,Tong Zhang
Sy_MK3lAZ,2018,Ji Liu
Sy_MK3lAZ,2018,Han Liu
SyZipzbCb,2018,Gabriel Barth-Maron
SyZipzbCb,2018,Matthew W. Hoffman
SyZipzbCb,2018,David Budden
SyZipzbCb,2018,Will Dabney
SyZipzbCb,2018,Dan Horgan
SyZipzbCb,2018,Dhruva TB
SyZipzbCb,2018,Alistair Muldal
SyZipzbCb,2018,Nicolas Heess
SyZipzbCb,2018,Timothy Lillicrap
SyZI0GWCZ,2018,Wieland Brendel *
SyZI0GWCZ,2018,Jonas Rauber *
SyZI0GWCZ,2018,Matthias Bethge
SyYe6k-CW,2018,Carlos Riquelme
SyYe6k-CW,2018,George Tucker
SyYe6k-CW,2018,Jasper Snoek
SyYYPdg0-,2018,Deniz Oktay
SyYYPdg0-,2018,Carl Vondrick
SyYYPdg0-,2018,Antonio Torralba
SyXNErg0W,2018,Yue Zhao
SyXNErg0W,2018,Deli Zhao
SyXNErg0W,2018,Shaohua Wan
SyXNErg0W,2018,Bo Zhang
SyX0IeWAW,2018,Kevin Frans
SyX0IeWAW,2018,Jonathan Ho
SyX0IeWAW,2018,Xi Chen
SyX0IeWAW,2018,Pieter Abbeel
SyX0IeWAW,2018,John Schulman
SyW4Gjg0W,2018,Giannis Nikolentzos
SyW4Gjg0W,2018,Polykarpos Meladianos
SyW4Gjg0W,2018,Antoine J-P Tixier
SyW4Gjg0W,2018,Konstantinos Skianis
SyW4Gjg0W,2018,Michalis Vazirgiannis
SyVVXngRW,2018,Hae Beom Lee
SyVVXngRW,2018,Eunho Yang
SyVVXngRW,2018,Sung Ju Hwang
SyVOjfbRb,2018,Beidi Chen
SyVOjfbRb,2018,Yingchen Xu
SyVOjfbRb,2018,Anshumali Shrivastava
SyUkxxZ0b,2018,Justin Gilmer
SyUkxxZ0b,2018,Luke Metz
SyUkxxZ0b,2018,Fartash Faghri
SyUkxxZ0b,2018,Sam Schoenholz
SyUkxxZ0b,2018,Maithra Raghu
SyUkxxZ0b,2018,Martin Wattenberg
SyUkxxZ0b,2018,Ian Goodfellow
SySpa-Z0Z,2018,Allen Nie
SySpa-Z0Z,2018,Mihir Mongia
SySpa-Z0Z,2018,James Zou
SySisz-CW,2018,Michel Besserve
SySisz-CW,2018,Dominik Janzing
SySisz-CW,2018,Bernhard Schoelkopf
SySaJ0xCZ,2018,Thomas Elsken
SySaJ0xCZ,2018,Jan Hendrik Metzen
SySaJ0xCZ,2018,Frank Hutter
SyProzZAW,2018,David Rolnick
SyProzZAW,2018,Max Tegmark
SyPMT6gAb,2018,Hang Wu
SyOK1Sg0W,2018,Soroosh Khoram
SyOK1Sg0W,2018,Jing Li
SyMvJrdaW,2018,Ricky Fok
SyMvJrdaW,2018,Aijun An
SyMvJrdaW,2018,Zana Rashidi
SyMvJrdaW,2018,Xiaogang Wang
SyL9u-WA-,2018,Jiong Zhang
SyL9u-WA-,2018,Qi Lei
SyL9u-WA-,2018,Inderjit S. Dhillon
SyKoKWbC-,2018,Chengtao Li
SyKoKWbC-,2018,David Alvarez-Melis
SyKoKWbC-,2018,Keyulu Xu
SyKoKWbC-,2018,Stefanie Jegelka
SyKoKWbC-,2018,Suvrit Sra
SyJS-OgR-,2018,Bo Chang
SyJS-OgR-,2018,Lili Meng
SyJS-OgR-,2018,Eldad Haber
SyJS-OgR-,2018,Frederick Tung
SyJS-OgR-,2018,David Begert
SyJ7ClWCb,2018,Chuan Guo
SyJ7ClWCb,2018,Mayank Rana
SyJ7ClWCb,2018,Moustapha Cisse
SyJ7ClWCb,2018,Laurens van der Maaten
SyGT_6yCZ,2018,David Macêdo
SyGT_6yCZ,2018,Cleber Zanchettin
SyGT_6yCZ,2018,Teresa Ludermir
SyF7Erp6W,2018,Lionel Cordesses
SyF7Erp6W,2018,Omar Bentahar
SyF7Erp6W,2018,Julien Page
SyELrEeAb,2018,Dustin Tran
SyELrEeAb,2018,David M. Blei
SyBBgXWAZ,2018,Eirikur Agustsson
SyBBgXWAZ,2018,Alexander Sage
SyBBgXWAZ,2018,Radu Timofte
SyBBgXWAZ,2018,Luc Van Gool
SyAbZb-0Z,2018,Catherine Wong
SyAbZb-0Z,2018,Andrea Gesmundo
Sy8XvGb0-,2018,Jesse Engel
Sy8XvGb0-,2018,Matthew Hoffman
Sy8XvGb0-,2018,Adam Roberts
Sy5OAyZC-,2018,Dinghan Shen
Sy5OAyZC-,2018,Guoyin Wang
Sy5OAyZC-,2018,Wenlin Wang
Sy5OAyZC-,2018,Martin Renqiang Min
Sy5OAyZC-,2018,Qinliang Su
Sy5OAyZC-,2018,Yizhe Zhang
Sy5OAyZC-,2018,Ricardo Henao
Sy5OAyZC-,2018,Lawrence Carin
Sy4c-3xRW,2018,Hae Beom Lee
Sy4c-3xRW,2018,Juho Lee
Sy4c-3xRW,2018,Eunho Yang
Sy4c-3xRW,2018,Sung Ju Hwang
Sy3fJXbA-,2018,Karim Ahmed
Sy3fJXbA-,2018,Lorenzo Torresani
Sy3XxCx0Z,2018,Qian Chen
Sy3XxCx0Z,2018,Xiaodan Zhu
Sy3XxCx0Z,2018,Zhen-Hua Ling
Sy3XxCx0Z,2018,Diana Inkpen
Sy2ogebAW,2018,Mikel Artetxe
Sy2ogebAW,2018,Gorka Labaka
Sy2ogebAW,2018,Eneko Agirre
Sy2ogebAW,2018,Kyunghyun Cho
Sy21R9JAW,2018,Marco Ancona
Sy21R9JAW,2018,Enea Ceolini
Sy21R9JAW,2018,Cengiz Öztireli
Sy21R9JAW,2018,Markus Gross
Sy1f0e-R-,2018,Gao Huang
Sy1f0e-R-,2018,Yang Yuan
Sy1f0e-R-,2018,Qiantong Xu
Sy1f0e-R-,2018,Chuan Guo
Sy1f0e-R-,2018,Yu Sun
Sy1f0e-R-,2018,Felix Wu
Sy1f0e-R-,2018,Kilian Weinberger
Sy0GnUxCb,2018,Trapit Bansal
Sy0GnUxCb,2018,Jakub Pachocki
Sy0GnUxCb,2018,Szymon Sidor
Sy0GnUxCb,2018,Ilya Sutskever
Sy0GnUxCb,2018,Igor Mordatch
Sy-tszZRZ,2018,Thiago Serra
Sy-tszZRZ,2018,Christian Tjandraatmadja
Sy-tszZRZ,2018,Srikumar Ramalingam
Sy-dQG-Rb,2018,Minjoon Seo
Sy-dQG-Rb,2018,Sewon Min
Sy-dQG-Rb,2018,Ali Farhadi
Sy-dQG-Rb,2018,Hannaneh Hajishirzi
Skz_WfbCZ,2018,Behnam Neyshabur
Skz_WfbCZ,2018,Srinadh Bhojanapalli
Skz_WfbCZ,2018,Nathan Srebro
SkymMAxAb,2018,Songgang Zhao
SkymMAxAb,2018,Xingyuan Yuan
SkymMAxAb,2018,Da Xiao
SkymMAxAb,2018,Jianyuan Zhang
SkymMAxAb,2018,Zhouyuan Li
SkxqZngC-,2018,Xuefei Ning
SkxqZngC-,2018,Yin Zheng
SkxqZngC-,2018,Zhuxi Jiang
SkxqZngC-,2018,Yu Wang
SkxqZngC-,2018,Huazhong Yang
SkxqZngC-,2018,Junzhou Huang
Skx5txzb0W,2018,Ondrej Bajgar
Skx5txzb0W,2018,Rudolf Kadlec
Skx5txzb0W,2018,and Jan Kleindienst
SkwAEQbAb,2018,Asana Neishabouri
SkwAEQbAb,2018,Michel Desmarais
Skw0n-W0Z,2018,Vitchyr Pong*
Skw0n-W0Z,2018,Shixiang Gu*
Skw0n-W0Z,2018,Murtaza Dalal
Skw0n-W0Z,2018,Sergey Levine
Skvd-myR-,2018,Noa Garcia
Skvd-myR-,2018,George Vogiatzis
Sktm4zWRb,2018,Max Pflueger
Sktm4zWRb,2018,Ali Agha
Sktm4zWRb,2018,Gaurav S. Sukhatme
SktLlGbRZ,2018,Judy Hoffman
SktLlGbRZ,2018,Eric Tzeng
SktLlGbRZ,2018,Taesung Park
SktLlGbRZ,2018,Jun-Yan Zhu
SktLlGbRZ,2018,Phillip Isola
SktLlGbRZ,2018,Kate Saenko
SktLlGbRZ,2018,Alyosha Efros
SktLlGbRZ,2018,Trevor Darrell
SksY3deAW,2018,Furong Huang
SksY3deAW,2018,Jordan T. Ash
SksY3deAW,2018,John Langford
SksY3deAW,2018,Robert E. Schapire
SkrHeXbCW,2018,Ludwig Schmidt
SkrHeXbCW,2018,Kunal Talwar
SkqV-XZRZ,2018,Samira Shabanian
SkqV-XZRZ,2018,Devansh Arpit
SkqV-XZRZ,2018,Adam Trischler
SkqV-XZRZ,2018,Yoshua Bengio
Skp1ESxRZ,2018,Xinyun Chen
Skp1ESxRZ,2018,Chang Liu
Skp1ESxRZ,2018,Dawn Song
SknC0bW0-,2018,Jian Wu
SknC0bW0-,2018,Peter I. Frazier
SkmiegW0b,2018,Attila  Szabo
SkmiegW0b,2018,Qiyang  Hu
SkmiegW0b,2018,Tiziano  Portenier
SkmiegW0b,2018,Matthias  Zwicker
SkmiegW0b,2018,Paolo  Favaro
SkmM6M_pW,2018,Mengmi Zhang
SkmM6M_pW,2018,Keng Teck Ma
SkmM6M_pW,2018,Joo Hwee Lim
SkmM6M_pW,2018,Shih-Cheng Yen
SkmM6M_pW,2018,Qi Zhao
SkmM6M_pW,2018,Jiashi Feng
Skk3Jm96W,2018,Bradly Stadie
Skk3Jm96W,2018,Ge Yang
Skk3Jm96W,2018,Rein Houthooft
Skk3Jm96W,2018,Xi Chen
Skk3Jm96W,2018,Yan Duan
Skk3Jm96W,2018,Yuhuai Wu
Skk3Jm96W,2018,Pieter Abbeel
Skk3Jm96W,2018,Ilya Sutskever
Skj8Kag0Z,2018,Abhay Yadav
Skj8Kag0Z,2018,Sohil Shah
Skj8Kag0Z,2018,Zheng Xu
Skj8Kag0Z,2018,David Jacobs
Skj8Kag0Z,2018,Tom Goldstein
SkiCjzNTZ,2018,Ricky Fok
SkiCjzNTZ,2018,Aijun An
SkiCjzNTZ,2018,Xiaogang Wang
SkhQHMW0W,2018,Yujun Lin
SkhQHMW0W,2018,Song Han
SkhQHMW0W,2018,Huizi Mao
SkhQHMW0W,2018,Yu Wang
SkhQHMW0W,2018,Bill Dally
SkffVjUaW,2018,Martin Mundt
SkffVjUaW,2018,Tobias Weis
SkffVjUaW,2018,Kishore Konda
SkffVjUaW,2018,Visvanathan Ramesh
SkfNU2e0Z,2018,Volker Fischer
Skdvd2xAZ,2018,Hippolyt Ritter
Skdvd2xAZ,2018,Aleksandar Botev
Skdvd2xAZ,2018,David Barber
SkaPsfZ0W,2018,Sami Abu-El-Haija
SkaPsfZ0W,2018,Amol Kapoor
SkaPsfZ0W,2018,Bryan Perozzi
SkaPsfZ0W,2018,Joonseok Lee
SkZxCk-0Z,2018,Richard Evans
SkZxCk-0Z,2018,David Saxton
SkZxCk-0Z,2018,David Amos
SkZxCk-0Z,2018,Pushmeet Kohli
SkZxCk-0Z,2018,Edward Grefenstette
SkZ-BnyCW,2018,Hengyuan Hu
SkZ-BnyCW,2018,Ruslan Salakhutdinov
SkYibHlRb,2018,Xiaojun Xu
SkYibHlRb,2018,Chang Liu
SkYibHlRb,2018,Dawn Song
SkYXvCR6W,2018,Wemerson Marinho
SkYXvCR6W,2018,Luis Marti
SkYXvCR6W,2018,Nayat Sanchez-pi
SkYMnLxRW,2018,Karim Ahmed
SkYMnLxRW,2018,Nitish Shirish Keskar
SkYMnLxRW,2018,Richard Socher
SkVqXOxCb,2018,Thomas Unterthiner
SkVqXOxCb,2018,Bernhard Nessler
SkVqXOxCb,2018,Calvin Seward
SkVqXOxCb,2018,Günter Klambauer
SkVqXOxCb,2018,Martin Heusel
SkVqXOxCb,2018,Hubert Ramsauer
SkVqXOxCb,2018,Sepp Hochreiter
SkT5Yg-RZ,2018,Sainbayar Sukhbaatar
SkT5Yg-RZ,2018,Zeming Lin
SkT5Yg-RZ,2018,Ilya Kostrikov
SkT5Yg-RZ,2018,Gabriel Synnaeve
SkT5Yg-RZ,2018,Arthur Szlam
SkT5Yg-RZ,2018,Rob Fergus
SkRsFSRpb,2018,Alessandro Bay
SkRsFSRpb,2018,Biswa Sengupta
SkPoRg10b,2018,Charles H. Martin
SkPoRg10b,2018,Michael W. Mahoney
SkOb1Fl0Z,2018,Martin Schrimpf
SkOb1Fl0Z,2018,Stephen Merity
SkOb1Fl0Z,2018,James Bradbury
SkOb1Fl0Z,2018,Richard Socher
SkNQeiRpb,2018,Oleksii Kuchaiev
SkNQeiRpb,2018,Boris Ginsburg
SkJd_y-Cb,2018,Maja Rudolph
SkJd_y-Cb,2018,Francisco Ruiz
SkJd_y-Cb,2018,David Blei
SkJKHMW0Z,2018,Rasmus Berg Palm
SkJKHMW0Z,2018,Ulrich Paquet
SkJKHMW0Z,2018,Ole Winther
SkHl6MWC-,2018,Zhendong Zhang
SkHl6MWC-,2018,Cheolkon Jung
SkHkeixAW,2018,Jan Kukačka
SkHkeixAW,2018,Vladimir Golkov
SkHkeixAW,2018,Daniel Cremers
SkHDoG-Cb,2018,Kangwook Lee
SkHDoG-Cb,2018,Hoon Kim
SkHDoG-Cb,2018,Changho Suh
SkFvV0yC-,2018,Tao Wei
SkFvV0yC-,2018,Changhu Wang
SkFvV0yC-,2018,Chang Wen Chen
SkFqf0lAZ,2018,Dani Yogatama
SkFqf0lAZ,2018,Yishu Miao
SkFqf0lAZ,2018,Gabor Melis
SkFqf0lAZ,2018,Wang Ling
SkFqf0lAZ,2018,Adhiguna Kuncoro
SkFqf0lAZ,2018,Chris Dyer
SkFqf0lAZ,2018,Phil Blunsom
SkFEGHx0Z,2018,Benjamin J. Meyer
SkFEGHx0Z,2018,Ben Harwood
SkFEGHx0Z,2018,Tom Drummond
SkFAWax0-,2018,Yaniv Taigman
SkFAWax0-,2018,Lior Wolf
SkFAWax0-,2018,Adam Polyak
SkFAWax0-,2018,Eliya Nachmani
SkF2D7g0b,2018,Arjun Nitin Bhagoji
SkF2D7g0b,2018,Warren He
SkF2D7g0b,2018,Bo Li
SkF2D7g0b,2018,Dawn Song
SkERSm-0-,2018,Shiqi Liu
SkERSm-0-,2018,Qian Zhao
SkERSm-0-,2018,Xiangyong Cao
SkERSm-0-,2018,Deyu Meng
SkERSm-0-,2018,Zilu Ma
SkERSm-0-,2018,Tao Yu
SkBcLugC-,2018,Hiroshi Inoue
SkBYYyZRZ,2018,Prajit Ramachandran
SkBYYyZRZ,2018,Barret Zoph
SkBYYyZRZ,2018,Quoc V. Le
SkBHr1WRW,2018,Ruo-Chun Tzeng
SkBHr1WRW,2018,Shan-Hung Wu
SkAK2jg0b,2018,Dario Garcia-Gasulla
SkAK2jg0b,2018,Armand Vilalta
SkAK2jg0b,2018,Ferran Parés
SkAK2jg0b,2018,Jonatan Moreno
SkAK2jg0b,2018,Eduard Ayguadé
SkAK2jg0b,2018,Jesús Labarta
SkAK2jg0b,2018,Ulises Cortés
SkAK2jg0b,2018,Toyotaro Suzumura
SkA-IE06W,2018,Simon S. Du
SkA-IE06W,2018,Jason D. Lee
SkA-IE06W,2018,Yuandong Tian
Sk9yuql0Z,2018,Cihang Xie
Sk9yuql0Z,2018,Jianyu Wang
Sk9yuql0Z,2018,Zhishuai Zhang
Sk9yuql0Z,2018,Zhou Ren
Sk9yuql0Z,2018,Alan Yuille
Sk7cHb-C-,2018,Juan Sebastian Olier
Sk7cHb-C-,2018,Emilia Barakova
Sk7cHb-C-,2018,Matthias Rauterberg
Sk7cHb-C-,2018,Carlo Regazzoni
Sk7KsfW0-,2018,Jaehong Yoon
Sk7KsfW0-,2018,Eunho Yang
Sk7KsfW0-,2018,Jeongtae Lee
Sk7KsfW0-,2018,Sung Ju Hwang
Sk6fD5yCb,2018,Fabrizio Pedersoli
Sk6fD5yCb,2018,George Tzanetakis
Sk6fD5yCb,2018,Andrea Tagliasacchi
Sk4w0A0Tb,2018,Rumen Dangovski
Sk4w0A0Tb,2018,Li Jing
Sk4w0A0Tb,2018,Marin Soljacic
Sk2u1g-0-,2018,Maruan Al-Shedivat
Sk2u1g-0-,2018,Trapit Bansal
Sk2u1g-0-,2018,Yura Burda
Sk2u1g-0-,2018,Ilya Sutskever
Sk2u1g-0-,2018,Igor Mordatch
Sk2u1g-0-,2018,Pieter Abbeel
Sk1NTfZAb,2018,Mert Bülent Sarıyıldız
Sk1NTfZAb,2018,Ramazan Gökberk Cinbiş
Sk1NTfZAb,2018,Erman Ayday
Sk0pHeZAW,2018,Jia Bi
Sk03Yi10Z,2018,Yiping Song
Sk03Yi10Z,2018,Rui Yan
Sk03Yi10Z,2018,Cheng-Te Li
Sk03Yi10Z,2018,Jian-Yun Nie
Sk03Yi10Z,2018,Ming Zhang
Sk03Yi10Z,2018,Dongyan Zhao
SJzmJEq6W,2018,Dimche Kostadinov
SJzmJEq6W,2018,Slava Voloshynovskiy
SJzRZ-WCZ,2018,Georgios Arvanitidis
SJzRZ-WCZ,2018,Lars Kai Hansen
SJzRZ-WCZ,2018,Søren Hauberg
SJzMATlAZ,2018,Sohil Atul Shah
SJzMATlAZ,2018,Vladlen Koltun
SJyfrl-0b,2018,Tiago Pimentel
SJyfrl-0b,2018,Adriano Veloso
SJyfrl-0b,2018,Nivio Ziviani
SJyVzQ-C-,2018,Konrad Zolna
SJyVzQ-C-,2018,Devansh Arpit
SJyVzQ-C-,2018,Dendi Suhubdy
SJyVzQ-C-,2018,Yoshua Bengio
SJyEH91A-,2018,Nicolas Courty
SJyEH91A-,2018,Rémi Flamary
SJyEH91A-,2018,Mélanie Ducoffe
SJxE3jlA-,2018,Ricky Loynd
SJxE3jlA-,2018,Matthew Hausknecht
SJxE3jlA-,2018,Lihong Li
SJxE3jlA-,2018,Li Deng
SJx9GQb0-,2018,Xiang Wei
SJx9GQb0-,2018,Boqing Gong
SJx9GQb0-,2018,Zixia Liu
SJx9GQb0-,2018,Wei Lu
SJx9GQb0-,2018,Liqiang Wang
SJw03ceRW,2018,Adi Hayat
SJw03ceRW,2018,Mark Kliger
SJw03ceRW,2018,Shachar Fleishman
SJw03ceRW,2018,Daniel Cohen-Or
SJvu-GW0b,2018,Shaileshh Bojja Venkatakrishnan
SJvu-GW0b,2018,Mohammad Alizadeh
SJvu-GW0b,2018,Pramod Viswanath
SJvrXqvaZ,2018,Zhaoyuan Gu
SJvrXqvaZ,2018,Zhenzhong Jia
SJvrXqvaZ,2018,Howie Choset
SJu63o10b,2018,Pin Zhang
SJu63o10b,2018,Bibo Shi
SJu63o10b,2018,JundongLiu
SJtfOEn6-,2018,Mohammad Ghasemzadeh
SJtfOEn6-,2018,Mohammad Samragh
SJtfOEn6-,2018,Farinaz Koushanfar
SJtChcgAW,2018,Konstantinos Pitas
SJtChcgAW,2018,Mike Davies
SJtChcgAW,2018,Pierre Vandergheynst
SJn0sLgRb,2018,Hiroshi Inoue
SJme6-ZR-,2018,S Chandra Mouli
SJme6-ZR-,2018,Bruno Ribeiro
SJme6-ZR-,2018,Jennifer Neville
SJmAXkgCb,2018,Denis A. Gudovskiy
SJmAXkgCb,2018,Alec Hodgkinson
SJmAXkgCb,2018,Luca Rigazio
SJlhPMWAW,2018,Martin Simonovsky
SJlhPMWAW,2018,Nikos Komodakis
SJky6Ry0W,2018,Giambattista Parascandolo
SJky6Ry0W,2018,Mateo Rojas Carulla
SJky6Ry0W,2018,Niki Kilbertus
SJky6Ry0W,2018,Bernhard Schoelkopf
SJiHXGWAZ,2018,Yaguang Li
SJiHXGWAZ,2018,Rose Yu
SJiHXGWAZ,2018,Cyrus Shahabi
SJiHXGWAZ,2018,Yan Liu
SJiHOSeR-,2018,julien perez
SJiHOSeR-,2018,Tomi Silander
SJi9WOeRb,2018,Yingzhen Li
SJi9WOeRb,2018,Richard E. Turner
SJgf6Z-0W,2018,Sanjeev Kumar
SJgf6Z-0W,2018,Christian Rupprecht
SJgf6Z-0W,2018,Federico Tombari
SJgf6Z-0W,2018,Gregory D. Hager
SJdCUMZAW,2018,Ivo Popov
SJdCUMZAW,2018,Nicolas Heess
SJdCUMZAW,2018,Timothy P. Lillicrap
SJdCUMZAW,2018,Roland Hafner
SJdCUMZAW,2018,Gabriel Barth-Maron
SJdCUMZAW,2018,Matej Vecerik
SJdCUMZAW,2018,Thomas Lampe
SJdCUMZAW,2018,Tom Erez
SJdCUMZAW,2018,Yuval Tassa
SJdCUMZAW,2018,Martin Riedmiller
SJd0EAy0b,2018,Qiao Liu
SJd0EAy0b,2018,Xiaohui Yang
SJd0EAy0b,2018,Rui Wan
SJd0EAy0b,2018,Shouzhong Tu
SJd0EAy0b,2018,Zufeng Wu
SJcKhk-Ab,2018,Corentin Tallec
SJcKhk-Ab,2018,Yann Ollivier
SJahqJZAW,2018,Behnam Neyshabur
SJahqJZAW,2018,Srinadh Bhojanapalli
SJahqJZAW,2018,Ayan Chakrabarti
SJaP_-xAb,2018,Thorsten Joachims
SJaP_-xAb,2018,Adith Swaminathan
SJaP_-xAb,2018,Maarten de Rijke
SJa9iHgAZ,2018,Stanisław Jastrzebski
SJa9iHgAZ,2018,Devansh Arpit
SJa9iHgAZ,2018,Nicolas Ballas
SJa9iHgAZ,2018,Vikas Verma
SJa9iHgAZ,2018,Tong Che
SJa9iHgAZ,2018,Yoshua Bengio
SJa1Nk10b,2018,Hanzhang Hu
SJa1Nk10b,2018,Debadeepta Dey
SJa1Nk10b,2018,Martial Hebert
SJa1Nk10b,2018,J. Andrew Bagnell
SJZsR7kCZ,2018,Sugandha Doda
SJZsR7kCZ,2018,Vitor Fortes Rey
SJZsR7kCZ,2018,Dr. Nadereh Hatami
SJZsR7kCZ,2018,Prof. Dr. Paul Lukowicz
SJZ2Mf-0-,2018,Daniel Li
SJZ2Mf-0-,2018,Asim Kadav
SJVHY9lCb,2018,Heechang Ryu
SJVHY9lCb,2018,Donghyun Kim
SJVHY9lCb,2018,Hayong Shin
SJUX_MWCZ,2018,David Madras
SJUX_MWCZ,2018,Toniann Pitassi
SJUX_MWCZ,2018,Richard Zemel
SJTB5GZCb,2018,Benjamin Scellier
SJTB5GZCb,2018,Anirudh Goyal
SJTB5GZCb,2018,Jonathan Binas
SJTB5GZCb,2018,Thomas Mesnard
SJTB5GZCb,2018,Yoshua Bengio
SJSVuReCZ,2018,Michael Blot
SJSVuReCZ,2018,Thomas Robert
SJSVuReCZ,2018,Nicolas Thome
SJSVuReCZ,2018,Matthieu Cord
SJQO7UJCW,2018,Wei-Chih Hung
SJQO7UJCW,2018,Yi-Hsuan Tsai
SJQO7UJCW,2018,Yan-Ting Liou
SJQO7UJCW,2018,Yen-Yu Lin
SJQO7UJCW,2018,Ming-Hsuan Yang
SJQHjzZ0-,2018,Daniel Jiwoong Im
SJQHjzZ0-,2018,He Ma
SJQHjzZ0-,2018,Graham W. Taylor
SJQHjzZ0-,2018,Kristin Branson
SJPpHzW0-,2018,Anupam Datta
SJPpHzW0-,2018,Matt Fredrikson
SJPpHzW0-,2018,Klas Leino
SJPpHzW0-,2018,Linyi Li
SJPpHzW0-,2018,Shayak Sen
SJOl4DlCZ,2018,Kosuke Kusano
SJOl4DlCZ,2018,Jun Sakuma
SJLy_SxC-,2018,Hanzhang Hu
SJLy_SxC-,2018,Debadeepta Dey
SJLy_SxC-,2018,Allie Del Giorno
SJLy_SxC-,2018,Martial Hebert
SJLy_SxC-,2018,J. Andrew Bagnell
SJLlmG-AZ,2018,Andrew Jaegle
SJLlmG-AZ,2018,Stephen Phillips
SJLlmG-AZ,2018,Daphne Ippolito
SJLlmG-AZ,2018,Kostas Daniilidis
SJJySbbAZ,2018,Constantinos Daskalakis
SJJySbbAZ,2018,Andrew Ilyas
SJJySbbAZ,2018,Vasilis Syrgkanis
SJJySbbAZ,2018,Haoyang Zeng
SJJinbWRZ,2018,Thanard Kurutach
SJJinbWRZ,2018,Ignasi Clavera
SJJinbWRZ,2018,Yan Duan
SJJinbWRZ,2018,Aviv Tamar
SJJinbWRZ,2018,Pieter Abbeel
SJJQVZW0b,2018,Tianmin Shu
SJJQVZW0b,2018,Caiming Xiong
SJJQVZW0b,2018,Richard Socher
SJICXeWAb,2018,Amit Deshpande
SJICXeWAb,2018,Navin Goyal
SJICXeWAb,2018,Sushrut Karmalkar
SJIA6ZWC-,2018,Jonathan Lorraine
SJIA6ZWC-,2018,David Duvenaud
SJFM0ZWCb,2018,Naveen Sai Madiraju
SJFM0ZWCb,2018,Seid M. Sadat
SJFM0ZWCb,2018,Dimitry Fisher
SJFM0ZWCb,2018,Homa Karimabadi
SJDYgPgCZ,2018,Hanock Kwak
SJDYgPgCZ,2018,Byoung-Tak Zhang
SJDJNzWAZ,2018,Yang Li
SJDJNzWAZ,2018,Nan Du
SJDJNzWAZ,2018,Samy Bengio
SJD8YjCpW,2018,Oscar Chang
SJD8YjCpW,2018,Hod Lipson
SJCq_fZ0Z,2018,Nan Rosemary Ke
SJCq_fZ0Z,2018,Anirudh Goyal
SJCq_fZ0Z,2018,Olexa Bilaniuk
SJCq_fZ0Z,2018,Jonathan Binas
SJCq_fZ0Z,2018,Laurent Charlin
SJCq_fZ0Z,2018,Chris Pal
SJCq_fZ0Z,2018,Yoshua Bengio
SJCPLLpaW,2018,Zhihao Jia
SJCPLLpaW,2018,Sina Lin
SJCPLLpaW,2018,Charles R. Qi
SJCPLLpaW,2018,Alex Aiken
SJA7xfb0b,2018,Youssef Mroueh
SJA7xfb0b,2018,Chun-Liang Li
SJA7xfb0b,2018,Tom Sercu
SJA7xfb0b,2018,Anant Raj
SJA7xfb0b,2018,Yu Cheng
SJ8M9yup-,2018,Devansh Arpit
SJ8M9yup-,2018,Yingbo Zhou
SJ8M9yup-,2018,Hung Q. Ngo
SJ8M9yup-,2018,Nils Napp
SJ8M9yup-,2018,Venu Govindaraju
SJ71VXZAZ,2018,Alec Radford
SJ71VXZAZ,2018,Rafal Jozefowicz
SJ71VXZAZ,2018,Ilya Sutskever
SJ60SbW0b,2018,Christopher Grimm
SJ60SbW0b,2018,Dilip Arumugam
SJ60SbW0b,2018,Siddharth Karamcheti
SJ60SbW0b,2018,David Abel
SJ60SbW0b,2018,Lawson L.S. Wong
SJ60SbW0b,2018,Michael L. Littman
SJ3dBGZ0Z,2018,Daniel Levy
SJ3dBGZ0Z,2018,Danlu Chan
SJ3dBGZ0Z,2018,Stefano Ermon
SJ1nzBeA-,2018,Wasi Uddin Ahmad
SJ1nzBeA-,2018,Kai-Wei Chang
SJ1nzBeA-,2018,Hongning Wang
SJ1fQYlCZ,2018,Melike Nur Mermer
SJ1fQYlCZ,2018,Mehmet Fatih Amasyali
SJ1Xmf-Rb,2018,Ronald Kemker
SJ1Xmf-Rb,2018,Christopher Kanan
SJ19eUg0-,2018,Huishuai Zhang
SJ19eUg0-,2018,Caiming Xiong
SJ19eUg0-,2018,James Bradbury
SJ19eUg0-,2018,Richard Socher
SJ-C6JbRW,2018,Zhilin Yang
SJ-C6JbRW,2018,Saizheng Zhang
SJ-C6JbRW,2018,Jack Urbanek
SJ-C6JbRW,2018,Will Feng
SJ-C6JbRW,2018,Alexander Miller
SJ-C6JbRW,2018,Arthur Szlam
SJ-C6JbRW,2018,Douwe Kiela
SJ-C6JbRW,2018,Jason Weston
S1xDcSR6W,2018,Benjamin Paul Chamberlain
S1xDcSR6W,2018,James R Clough
S1xDcSR6W,2018,Marc Peter Deisenroth
S1vuO-bCW,2018,Benjamin Eysenbach
S1vuO-bCW,2018,Shixiang Gu
S1vuO-bCW,2018,Julian Ibarz
S1vuO-bCW,2018,Sergey Levine
S1viikbCW,2018,Been Kim
S1viikbCW,2018,Justin Gilmer
S1viikbCW,2018,Martin Wattenberg
S1viikbCW,2018,Fernanda Viégas
S1v4N2l0-,2018,Spyros Gidaris
S1v4N2l0-,2018,Praveer Singh
S1v4N2l0-,2018,Nikos Komodakis
S1uxsye0Z,2018,Ke Zhai
S1uxsye0Z,2018,Huan Wang
S1tWRJ-R-,2018,Baruch Epstein
S1tWRJ-R-,2018,Ron Meir
S1tWRJ-R-,2018,Tomer Michaeli
S1sqHMZCb,2018,Tingwu Wang
S1sqHMZCb,2018,Renjie Liao
S1sqHMZCb,2018,Jimmy Ba
S1sqHMZCb,2018,Sanja Fidler
S1sRrN-CW,2018,Jiezhong Qiu
S1sRrN-CW,2018,Hao Ma
S1sRrN-CW,2018,Yuxiao Dong
S1sRrN-CW,2018,Kuansan Wang
S1sRrN-CW,2018,Jie Tang
S1q_Cz-Cb,2018,Matthew Mirman
S1q_Cz-Cb,2018,Dimitar Dimitrov
S1q_Cz-Cb,2018,Pavle Djordjevich
S1q_Cz-Cb,2018,Timon Gehr
S1q_Cz-Cb,2018,Martin Vechev
S1pWFzbAW,2018,Brandon Reagen
S1pWFzbAW,2018,Udit Gupta
S1pWFzbAW,2018,Robert Adolf
S1pWFzbAW,2018,Michael Mitzenmacher
S1pWFzbAW,2018,Alexander Rush
S1pWFzbAW,2018,Gu-Yeon Wei
S1pWFzbAW,2018,David Brooks
S1p31z-Ab,2018,Matthew E Peters
S1p31z-Ab,2018,Mark Neumann
S1p31z-Ab,2018,Mohit Iyyer
S1p31z-Ab,2018,Matt Gardner
S1p31z-Ab,2018,Christopher Clark
S1p31z-Ab,2018,Kenton Lee
S1p31z-Ab,2018,Luke Zettlemoyer
S1nQvfgA-,2018,Chris Donahue
S1nQvfgA-,2018,Zachary C. Lipton
S1nQvfgA-,2018,Akshay Balsubramani
S1nQvfgA-,2018,Julian McAuley
S1m6h21Cb,2018,Marc G. Bellemare
S1m6h21Cb,2018,Ivo Danihelka
S1m6h21Cb,2018,Will Dabney
S1m6h21Cb,2018,Shakir Mohamed
S1m6h21Cb,2018,Balaji Lakshminarayanan
S1m6h21Cb,2018,Stephan Hoyer
S1m6h21Cb,2018,Remi Munos
S1lN69AT-,2018,Michael H. Zhu
S1lN69AT-,2018,Suyog Gupta
S1jBcueAb,2018,Lukasz Kaiser
S1jBcueAb,2018,Aidan N. Gomez
S1jBcueAb,2018,Francois Chollet
S1fduCl0b,2018,Jason Ramapuram
S1fduCl0b,2018,Magda Gregorova
S1fduCl0b,2018,Alexandros Kalousis
S1fcY-Z0-,2018,David Krueger
S1fcY-Z0-,2018,Chin-Wei Huang
S1fcY-Z0-,2018,Riashat Islam
S1fcY-Z0-,2018,Ryan Turner
S1fcY-Z0-,2018,Alexandre Lacoste
S1fcY-Z0-,2018,Aaron Courville
S1fHmlbCW,2018,Francois W. Belletti
S1fHmlbCW,2018,Alexander Ku
S1fHmlbCW,2018,Joseph E. Gonzalez
S1cZsf-RW,2018,Hao Zhang
S1cZsf-RW,2018,Bo Chen
S1cZsf-RW,2018,Dandan Guo
S1cZsf-RW,2018,Mingyuan Zhou
S1Y7OOlRZ,2018,Lisha Li
S1Y7OOlRZ,2018,Kevin Jamieson
S1Y7OOlRZ,2018,Afshin Rostamizadeh
S1Y7OOlRZ,2018,Katya Gonina
S1Y7OOlRZ,2018,Moritz Hardt
S1Y7OOlRZ,2018,Benjamin Recht
S1Y7OOlRZ,2018,Ameet Talwalkar
S1XolQbRW,2018,Antonio Polino
S1XolQbRW,2018,Razvan Pascanu
S1XolQbRW,2018,Dan Alistarh
S1XXq6lRW,2018,Dan Svenstrup
S1XXq6lRW,2018,Jonas Meinertz Hansen
S1XXq6lRW,2018,Ole Winther
S1WRibb0Z,2018,Valentin Khrulkov
S1WRibb0Z,2018,Alexander Novikov
S1WRibb0Z,2018,Ivan Oseledets
S1TgE7WR-,2018,Risi Kondor
S1TgE7WR-,2018,Truong Son Hy
S1TgE7WR-,2018,Horace Pan
S1TgE7WR-,2018,Brandon M. Anderson
S1TgE7WR-,2018,Shubhendu Trivedi
S1Q79heRW,2018,James Henderson
S1PWi_lC-,2018,Po-Chen Hsieh
S1PWi_lC-,2018,Chia-Ping Chen
S1Ow_e-Rb,2018,Yuan Gong
S1Ow_e-Rb,2018,Christian Poellabauer
S1NHaMW0b,2018,Yoshihiro Yamada
S1NHaMW0b,2018,Masakazu Iwamura
S1NHaMW0b,2018,Koichi Kise
S1LXVnxRb,2018,Legrand Joël
S1LXVnxRb,2018,Yannick Toussaint
S1LXVnxRb,2018,Chedy Raïssi
S1LXVnxRb,2018,Adrien Coulet
S1JHhv6TW,2018,Nadav Cohen
S1JHhv6TW,2018,Ronen Tamari
S1JHhv6TW,2018,Amnon Shashua
S1J2ZyZ0Z,2018,Alexander Trott
S1J2ZyZ0Z,2018,Caiming Xiong
S1J2ZyZ0Z,2018,Richard Socher
S1HlA-ZAZ,2018,Yan Wu
S1HlA-ZAZ,2018,Greg Wayne
S1HlA-ZAZ,2018,Alex Graves
S1HlA-ZAZ,2018,Timothy Lillicrap
S1GUgxgCW,2018,Tsung-Hsien Wen
S1GUgxgCW,2018,Minh-Thang Luong
S1GDXzb0b,2018,Subhajit Chaudhury
S1GDXzb0b,2018,Daiki Kimura
S1GDXzb0b,2018,Tadanobu Inoue
S1GDXzb0b,2018,Ryuki Tachibana
S1FQEfZA-,2018,Shibani Santurkar
S1FQEfZA-,2018,Ludwig Schmidt
S1FQEfZA-,2018,Aleksander Madry
S1FFLWWCZ,2018,N dinesh reddy
S1EzRgb0W,2018,Riaan Zoetmulder
S1EzRgb0W,2018,Efstratios Gavves
S1EzRgb0W,2018,Peter O'Connor
S1EwLkW0W,2018,Lukas Balles
S1EwLkW0W,2018,Philipp Hennig
S1Euwz-Rb,2018,Drew A. Hudson
S1Euwz-Rb,2018,Christopher D. Manning
S1EfylZ0Z,2018,Lucas Deecke
S1EfylZ0Z,2018,Robert Vandermeulen
S1EfylZ0Z,2018,Lukas Ruff
S1EfylZ0Z,2018,Stephan Mandt
S1EfylZ0Z,2018,Marius Kloft
S1Dh8Tg0-,2018,Elad Hoffer
S1Dh8Tg0-,2018,Itay Hubara
S1Dh8Tg0-,2018,Daniel Soudry
S1DWPP1A-,2018,Alexandre Péré
S1DWPP1A-,2018,Sébastien Forestier
S1DWPP1A-,2018,Olivier Sigaud
S1DWPP1A-,2018,Pierre-Yves Oudeyer
S1D8MPxA-,2018,Dongsoo Lee
S1D8MPxA-,2018,Daehyun Ahn
S1D8MPxA-,2018,Taesu Kim
S1D8MPxA-,2018,Pierce I. Chuang
S1D8MPxA-,2018,Jae-Joon Kim
S1CChZ-CZ,2018,Christian Buck
S1CChZ-CZ,2018,Jannis Bulian
S1CChZ-CZ,2018,Massimiliano Ciaramita
S1CChZ-CZ,2018,Wojciech Gajewski
S1CChZ-CZ,2018,Andrea Gesmundo
S1CChZ-CZ,2018,Neil Houlsby
S1CChZ-CZ,2018,Wei Wang.
S1Auv-WRZ,2018,Anthreas Antoniou
S1Auv-WRZ,2018,Amos Storkey
S1Auv-WRZ,2018,Harrison Edwards
S1ANxQW0b,2018,Abbas Abdolmaleki
S1ANxQW0b,2018,Jost Tobias Springenberg
S1ANxQW0b,2018,Yuval Tassa
S1ANxQW0b,2018,Remi Munos
S1ANxQW0b,2018,Nicolas Heess
S1ANxQW0b,2018,Martin Riedmiller
S19dR9x0b,2018,Chen Xu
S19dR9x0b,2018,Jianqiang Yao
S19dR9x0b,2018,Zhouchen Lin
S19dR9x0b,2018,Wenwu Ou
S19dR9x0b,2018,Yuanbin Cao
S19dR9x0b,2018,Zhirong Wang
S19dR9x0b,2018,Hongbin Zha
S191YzbRZ,2018,Jack Lanchantin
S191YzbRZ,2018,Arshdeep Sekhon
S191YzbRZ,2018,Ritambhara Singh
S191YzbRZ,2018,Yanjun Qi
S18Su--CW,2018,Jacob Buckman
S18Su--CW,2018,Aurko Roy
S18Su--CW,2018,Colin Raffel
S18Su--CW,2018,Ian Goodfellow
S17mtzbRb,2018,Alexey Romanov
S17mtzbRb,2018,Anna Rumshisky
S16FPMgRZ,2018,Jean Kossaifi
S16FPMgRZ,2018,Zack Chase Lipton
S16FPMgRZ,2018,Aran Khanna
S16FPMgRZ,2018,Tommaso Furlanello
S16FPMgRZ,2018,Anima Anandkumar
S1680_1Rb,2018,Ron Levie
S1680_1Rb,2018,Federico Monti
S1680_1Rb,2018,Xavier Bresson
S1680_1Rb,2018,Michael M. Bronstein
S14EogZAZ,2018,Wenbin Li
S14EogZAZ,2018,Jeannette Bohg
S14EogZAZ,2018,Mario Fritz
S1347ot3b,2018,Adly Templeton
S1347ot3b,2018,Jugal Kalita
HyzbhfWRW,2018,Saumya Jetley
HyzbhfWRW,2018,Nicholas A. Lord
HyzbhfWRW,2018,Namhoon Lee
HyzbhfWRW,2018,Philip H. S. Torr
HyydRMZC-,2018,Chaowei Xiao
HyydRMZC-,2018,Jun-Yan Zhu
HyydRMZC-,2018,Bo Li
HyydRMZC-,2018,Warren He
HyydRMZC-,2018,Mingyan Liu
HyydRMZC-,2018,Dawn Song
HyyP33gAZ,2018,Zhiming Zhou
HyyP33gAZ,2018,Han Cai
HyyP33gAZ,2018,Shu Rong
HyyP33gAZ,2018,Yuxuan Song
HyyP33gAZ,2018,Kan Ren
HyyP33gAZ,2018,Weinan Zhang
HyyP33gAZ,2018,Jun Wang
HyyP33gAZ,2018,Yong Yu
HyxjwgbRZ,2018,Jeremy Bernstein
HyxjwgbRZ,2018,Kamyar Azizzadenesheli
HyxjwgbRZ,2018,Yu-Xiang Wang
HyxjwgbRZ,2018,Anima Anandkumar
HyunpgbR-,2018,Stephan Zheng
HyunpgbR-,2018,Yisong Yue
HytSvlWRZ,2018,Mengying Sun
HytSvlWRZ,2018,Inci M. Baytas
HytSvlWRZ,2018,Zhangyang Wang
HytSvlWRZ,2018,Jiayu Zhou
HyrCWeWCb,2018,Ofir Nachum
HyrCWeWCb,2018,Mohammad Norouzi
HyrCWeWCb,2018,Kelvin Xu
HyrCWeWCb,2018,Dale Schuurmans
HypkN9yRW,2018,Joseph Suarez
HypkN9yRW,2018,Justin Johnson
HypkN9yRW,2018,L. Fei-Fei
Hyp3i2xRb,2018,Yuhuang Hu
Hyp3i2xRb,2018,Adrian Huber
Hyp3i2xRb,2018,Shih-Chii Liu
Hyp-JJJRW,2018,Rey Wiyatno
Hyp-JJJRW,2018,Jeff Orchard
HymuJz-A-,2018,Junkyung Kim
HymuJz-A-,2018,Matthew Ricci
HymuJz-A-,2018,Thomas Serre
Hymt27b0Z,2018,Mohamed Ishmael Belghazi
Hymt27b0Z,2018,Sai Rajeswar
Hymt27b0Z,2018,Aristide Baratin
Hymt27b0Z,2018,Devon Hjelm
Hymt27b0Z,2018,Aaron Courville
HymYLebCb,2018,Kshiteesh Hegde
HymYLebCb,2018,Malik Magdon-Ismail
HymYLebCb,2018,Ram Ramanathan
HymYLebCb,2018,Bishal Thapa
HylgYB3pZ,2018,Takuro Kutsuna
HyjC5yWCW,2018,Chelsea Finn
HyjC5yWCW,2018,Sergey Levine
Hyig0zb0Z,2018,Vitaliy Liptchinsky
Hyig0zb0Z,2018,Gabriel Synnaeve
Hyig0zb0Z,2018,Ronan Collobert
HyiRazbRb,2018,Cheng Tang
HyiRazbRb,2018,Claire Monteleoni
HyiAuyb0b,2018,Artemij Amiranashvili
HyiAuyb0b,2018,Alexey Dosovitskiy
HyiAuyb0b,2018,Vladlen Koltun
HyiAuyb0b,2018,Thomas Brox
Hyg0vbWC-,2018,Peter J. Liu*
Hyg0vbWC-,2018,Mohammad Saleh*
Hyg0vbWC-,2018,Etienne Pot
Hyg0vbWC-,2018,Ben Goodrich
Hyg0vbWC-,2018,Ryan Sepassi
Hyg0vbWC-,2018,Lukasz Kaiser
Hyg0vbWC-,2018,Noam Shazeer
HyfHgI6aW,2018,Arbaaz Khan
HyfHgI6aW,2018,Clark Zhang
HyfHgI6aW,2018,Nikolay Atanasov
HyfHgI6aW,2018,Konstantinos Karydis
HyfHgI6aW,2018,Vijay Kumar
HyfHgI6aW,2018,Daniel D. Lee
HydnA1WCb,2018,Stanislav Fort
Hy_o3x-0b,2018,Lars Maaløe
Hy_o3x-0b,2018,Ole Winther
HyZoi-WRb,2018,Sebastian Nowozin
HyY0Ff-AZ,2018,Pierre H. Richemond
HyY0Ff-AZ,2018,Brendan Maginnis
HyXNCZbCZ,2018,Mohamed Ishmael Belghazi
HyXNCZbCZ,2018,Sai Rajeswar
HyXNCZbCZ,2018,Olivier Mastropietro
HyXNCZbCZ,2018,Negar Rostamzadeh
HyXNCZbCZ,2018,Jovana Mitrovic
HyXNCZbCZ,2018,Aaron Courville
HyXBcYg0b,2018,Xavier Bresson
HyXBcYg0b,2018,Thomas Laurent
HyWrIgW0W,2018,Pratik Chaudhari
HyWrIgW0W,2018,Stefano Soatto
HyUNwulC-,2018,Eric Martin
HyUNwulC-,2018,Chris Cundy
HyTrSegCb,2018,Daniil Polykovskiy
HyTrSegCb,2018,Dmitry Soloviev
HyRnez-RW,2018,Swabha Swayamdipta
HyRnez-RW,2018,Ankur P. Parikh
HyRnez-RW,2018,Tom Kwiatkowski
HyRVBzap-,2018,Taesik Na
HyRVBzap-,2018,Jong Hwan Ko
HyRVBzap-,2018,Saibal Mukhopadhyay
HyPpD0g0Z,2018,Christina Heinze-Deml
HyPpD0g0Z,2018,Nicolai Meinshausen
HyN-ZvlC-,2018,Jiaji Huang
HyN-ZvlC-,2018,Yi Li
HyN-ZvlC-,2018,Wei Ping
HyN-ZvlC-,2018,Sanjeev Satheesh
HyN-ZvlC-,2018,Gregory Diamos
HyMTkQZAb,2018,James Martens
HyMTkQZAb,2018,Jimmy Ba
HyMTkQZAb,2018,Matt Johnson
HyKZyYlRZ,2018,Lukasz Kaiser
HyKZyYlRZ,2018,Aidan N. Gomez
HyKZyYlRZ,2018,Noam Shazeer
HyKZyYlRZ,2018,Ashish Vaswani
HyKZyYlRZ,2018,Niki Parmar
HyKZyYlRZ,2018,Llion Jones
HyKZyYlRZ,2018,Jakob Uszkoreit
HyIFzx-0b,2018,Vincent W.-S. Tseng
HyIFzx-0b,2018,Sourav Bhattachary
HyIFzx-0b,2018,Javier Fernández Marqués
HyIFzx-0b,2018,Milad Alizadeh
HyIFzx-0b,2018,Catherine Tong
HyIFzx-0b,2018,Nicholas Donald Lane
HyI6s40a-,2018,Bita Darvish Rouhani
HyI6s40a-,2018,Mohammad Samragh
HyI6s40a-,2018,Tara Javidi
HyI6s40a-,2018,Farinaz Koushanfar
HyI5ro0pW,2018,Amy Nesky
HyI5ro0pW,2018,Quentin Stout
HyHmGyZCZ,2018,Jakub Dutkiewicz
HyHmGyZCZ,2018,Czesław Jędrzejek
HyH9lbZAW,2018,Wu Lin
HyH9lbZAW,2018,Nicolas Hubacher
HyH9lbZAW,2018,Mohammad Emtiyaz Khan
HyFaiGbCW,2018,Sanjukta Krishnagopal
HyFaiGbCW,2018,Yiannis Aloimonos
HyFaiGbCW,2018,Michelle Girvan
HyEi7bWR-,2018,Kyle Helfrich
HyEi7bWR-,2018,Devin Willmott
HyEi7bWR-,2018,Qiang Ye
HyDMX0l0Z,2018,Sanchit Agrawal
HyDMX0l0Z,2018,Gurneet Singh
HyDMX0l0Z,2018,Mitesh Khapra
HyDAQl-AW,2018,Fabio Pardo
HyDAQl-AW,2018,Arash Tavakoli
HyDAQl-AW,2018,Vitaly Levdik
HyDAQl-AW,2018,Petar Kormushev
HyBbjW-RW,2018,Jesse Dodge
HyBbjW-RW,2018,Kevin Jamieson
HyBbjW-RW,2018,Noah A. Smith
Hy8hkYeRb,2018,Shirin Dora
Hy8hkYeRb,2018,Cyriel Pennartz
Hy8hkYeRb,2018,Sander Bohte
Hy7fDog0b,2018,Ashish Bora
Hy7fDog0b,2018,Eric Price
Hy7fDog0b,2018,Alexandros G. Dimakis
Hy7EPh10W,2018,Mark Kliger
Hy7EPh10W,2018,Shachar Fleishman
Hy6GHpkCW,2018,David Ha
Hy6GHpkCW,2018,Douglas Eck
Hy3MvSlRW,2018,Quentin Grail
Hy3MvSlRW,2018,Julien Perez
Hy1d-ebAb,2018,Yujia Li
Hy1d-ebAb,2018,Oriol Vinyals
Hy1d-ebAb,2018,Chris Dyer
Hy1d-ebAb,2018,Razvan Pascanu
Hy1d-ebAb,2018,Peter Battaglia
HkxF5RgC-,2018,Feiwen Zhu
HkxF5RgC-,2018,Jeff Pool
HkxF5RgC-,2018,Michael Andersch
HkxF5RgC-,2018,Jeremy Appleyard
HkxF5RgC-,2018,Fung Xie
HkwrqtlR-,2018,Pablo M. Olmos
HkwrqtlR-,2018,Briland Hitaj
HkwrqtlR-,2018,Paolo Gasti
HkwrqtlR-,2018,Giuseppe Ateniese
HkwrqtlR-,2018,Fernando Perez-Cruz
HkwZSG-CZ,2018,Zhilin Yang
HkwZSG-CZ,2018,Zihang Dai
HkwZSG-CZ,2018,Ruslan Salakhutdinov
HkwZSG-CZ,2018,William W. Cohen
HkwVAXyCW,2018,Víctor Campos
HkwVAXyCW,2018,Brendan Jou
HkwVAXyCW,2018,Xavier Giró-i-Nieto
HkwVAXyCW,2018,Jordi Torres
HkwVAXyCW,2018,Shih-Fu Chang
HkwBEMWCZ,2018,Emin Orhan
HkwBEMWCZ,2018,Xaq Pitkow
HkuGJ3kCb,2018,Jiaqi Mu
HkuGJ3kCb,2018,Pramod Viswanath
HktXuGb0-,2018,Daiki Kimura
HktXuGb0-,2018,Subhajit Chaudhury
HktXuGb0-,2018,Ryuki Tachibana
HktXuGb0-,2018,Sakyasingha Dasgupta
HktRlUlAZ,2018,Carlos Esteves
HktRlUlAZ,2018,Christine Allen-Blanchette
HktRlUlAZ,2018,Xiaowei Zhou
HktRlUlAZ,2018,Kostas Daniilidis
HktK4BeCZ,2018,Jiachen Yang
HktK4BeCZ,2018,Xiaojing Ye
HktK4BeCZ,2018,Rakshit Trivedi
HktK4BeCZ,2018,Huan Xu
HktK4BeCZ,2018,Hongyuan Zha
HktJec1RZ,2018,Po-Sen Huang
HktJec1RZ,2018,Chong Wang
HktJec1RZ,2018,Sitao Huang
HktJec1RZ,2018,Dengyong Zhou
HktJec1RZ,2018,Li Deng
Hksj2WWAW,2018,Forough Arabshahi
Hksj2WWAW,2018,Sameer Singh
Hksj2WWAW,2018,Animashree Anandkumar
HkpYwMZRb,2018,George Philipp
HkpYwMZRb,2018,Dawn Song
HkpYwMZRb,2018,Jaime G. Carbonell
HkpRBFxRb,2018,Sahil Sharma
HkpRBFxRb,2018,Girish Raguvir J *
HkpRBFxRb,2018,Srivatsan Ramesh *
HkpRBFxRb,2018,Balaraman Ravindran
Hkp3uhxCW,2018,Meire Fortunato
Hkp3uhxCW,2018,Charles Blundell
Hkp3uhxCW,2018,Oriol Vinyals
Hko85plCW,2018,Chung-Cheng Chiu*
Hko85plCW,2018,Colin Raffel*
HknbyQbC-,2018,Chaowei Xiao
HknbyQbC-,2018,Bo Li
HknbyQbC-,2018,Jun-Yan Zhu
HknbyQbC-,2018,Warren He
HknbyQbC-,2018,Mingyan Liu
HknbyQbC-,2018,Dawn Song
Hkn7CBaTW,2018,Pieter-Jan Kindermans
Hkn7CBaTW,2018,Kristof T. Schütt
Hkn7CBaTW,2018,Maximilian Alber
Hkn7CBaTW,2018,Klaus-Robert Müller
Hkn7CBaTW,2018,Dumitru Erhan
Hkn7CBaTW,2018,Been Kim
Hkn7CBaTW,2018,Sven Dähne
HkmaTz-0W,2018,Hao Li
HkmaTz-0W,2018,Zheng Xu
HkmaTz-0W,2018,Gavin Taylor
HkmaTz-0W,2018,Tom Goldstein
HklpCzC6-,2018,Adriana Romero
HklpCzC6-,2018,Michal Drozdzal
HklpCzC6-,2018,Akram Erraqabi
HklpCzC6-,2018,Simon Jégou
HklpCzC6-,2018,Yoshua Bengio
HklZOfW0W,2018,Mikhail Yurochkin
HklZOfW0W,2018,Dung Thai
HklZOfW0W,2018,Hung Hai Bui
HklZOfW0W,2018,XuanLong Nguyen
HkjL6MiTb,2018,Anton Nemchenko
HkjL6MiTb,2018,Kartik Ahuja
HkjL6MiTb,2018,Mihaela Van Der Schaar
HkinqfbAb,2018,Yibo Yang
HkinqfbAb,2018,Nicholas Ruozzi
HkinqfbAb,2018,Vibhav Gogate
Hki-ZlbA-,2018,Nicholas Carlini
Hki-ZlbA-,2018,Guy Katz
Hki-ZlbA-,2018,Clark Barrett
Hki-ZlbA-,2018,David L. Dill
HkgNdt26Z,2018,Vadim Popov
HkgNdt26Z,2018,Mikhail Kudinov
HkgNdt26Z,2018,Irina Piontkovskaya
HkgNdt26Z,2018,Petr Vytovtov
HkgNdt26Z,2018,Alex Nevidomsky
Hkfmn5n6W,2018,Daniel Soudry
Hkfmn5n6W,2018,Elad Hoffer
HkfXMz-Ab,2018,Vijayaraghavan Murali
HkfXMz-Ab,2018,Letao Qi
HkfXMz-Ab,2018,Swarat Chaudhuri
HkfXMz-Ab,2018,Chris Jermaine
HkepKG-Rb,2018,Jingyi Xu
HkepKG-Rb,2018,Zilu Zhang
HkepKG-Rb,2018,Tal Friedman
HkepKG-Rb,2018,Yitao Liang
HkepKG-Rb,2018,Guy Van den Broeck
HkeJVllRW,2018,Chun-Fu (Richard) Chen
HkeJVllRW,2018,Jinwook Oh
HkeJVllRW,2018,Quanfu Fan
HkeJVllRW,2018,Marco Pistoia
HkeJVllRW,2018,Gwo Giun (Chris) Lee
HkcTe-bR-,2018,Daniel Neil
HkcTe-bR-,2018,Marwin Segler
HkcTe-bR-,2018,Laura Guasch
HkcTe-bR-,2018,Mohamed Ahmed
HkcTe-bR-,2018,Dean Plumbley
HkcTe-bR-,2018,Matthew Sellwood
HkcTe-bR-,2018,Nathan Brown
Hkc-TeZ0W,2018,Azalia Mirhoseini
Hkc-TeZ0W,2018,Anna Goldie
Hkc-TeZ0W,2018,Hieu Pham
Hkc-TeZ0W,2018,Benoit Steiner
Hkc-TeZ0W,2018,Quoc V. Le
Hkc-TeZ0W,2018,Jeff Dean
HkbmWqxCZ,2018,Mary Phuong
HkbmWqxCZ,2018,Max Welling
HkbmWqxCZ,2018,Nate Kushman
HkbmWqxCZ,2018,Ryota Tomioka
HkbmWqxCZ,2018,Sebastian Nowozin
Hkbd5xZRb,2018,Taco S. Cohen
Hkbd5xZRb,2018,Mario Geiger
Hkbd5xZRb,2018,Jonas Köhler
Hkbd5xZRb,2018,Max Welling
HkbJTYyAb,2018,Guoqing Zheng
HkbJTYyAb,2018,Yiming Yang
HkbJTYyAb,2018,Jaime Carbonell
HkanP0lRW,2018,William M. Severa
HkanP0lRW,2018,Jerilyn A. Timlin
HkanP0lRW,2018,Suraj Kholwadwala
HkanP0lRW,2018,Conrad D. James
HkanP0lRW,2018,James B. Aimone
Hk__kGbCW,2018,Fei Tian
HkZy-bW0-,2018,Peter O'Connor
HkZy-bW0-,2018,Efstratios Gavves
HkZy-bW0-,2018,Matthias Reisser
HkZy-bW0-,2018,Max Welling
HkXWCMbRW,2018,Robert Torfason
HkXWCMbRW,2018,Fabian Mentzer
HkXWCMbRW,2018,Eirikur Agustsson
HkXWCMbRW,2018,Michael Tschannen
HkXWCMbRW,2018,Radu Timofte
HkXWCMbRW,2018,Luc Van Gool
HkUR_y-RZ,2018,Rémi Leblond
HkUR_y-RZ,2018,Jean-Baptiste Alayrac
HkUR_y-RZ,2018,Anton Osokin
HkUR_y-RZ,2018,Simon Lacoste-Julien
HkTEFfZRb,2018,Angus Galloway
HkTEFfZRb,2018,Graham W. Taylor
HkTEFfZRb,2018,Medhat Moussa
HkPCrEZ0Z,2018,Tong Che
HkPCrEZ0Z,2018,Yuchen Lu
HkPCrEZ0Z,2018,George Tucker
HkPCrEZ0Z,2018,Surya Bhupatiraju
HkPCrEZ0Z,2018,Shane Gu
HkPCrEZ0Z,2018,Sergey Levine
HkPCrEZ0Z,2018,Yoshua Bengio
HkOhuyA6-,2018,Antoine J.-P. Tixier
HkOhuyA6-,2018,Giannis Nikolentzos
HkOhuyA6-,2018,Polykarpos Meladianos
HkOhuyA6-,2018,Michalis Vazirgiannis
HkNGsseC-,2018,Or Sharir
HkNGsseC-,2018,Amnon Shashua
HkMvEOlAb,2018,Ozsel Kilinc
HkMvEOlAb,2018,Ismail Uysal
HkMhoDITb,2018,Anna Levit
HkMhoDITb,2018, Daniel Crawford
HkMhoDITb,2018,Navid Ghadermarzy
HkMhoDITb,2018,Jaspreet S. Oberoi
HkMhoDITb,2018,Ehsan Zahedinejad
HkMhoDITb,2018,Pooya Ronagh
HkMCybx0-,2018,Brad Carlile
HkMCybx0-,2018,Guy Delamarter
HkMCybx0-,2018,Paul Kinney
HkMCybx0-,2018,Akiko Marti
HkMCybx0-,2018,Brian Whitney
HkL7n1-0b,2018,Ilya Tolstikhin
HkL7n1-0b,2018,Olivier Bousquet
HkL7n1-0b,2018,Sylvain Gelly
HkL7n1-0b,2018,Bernhard Schoelkopf
HkJ1rgbCb,2018,Benson Chen
HkJ1rgbCb,2018,Connor Coley
HkJ1rgbCb,2018,Regina Barzilay
HkJ1rgbCb,2018,Tommi Jaakkola
HkGcX--0-,2018,Thomas Lucas
HkGcX--0-,2018,Jakob Verbeek
HkGJUXb0-,2018,Qibin Zhao
HkGJUXb0-,2018,Masashi Sugiyama
HkGJUXb0-,2018,Longhao Yuan
HkGJUXb0-,2018,Andrzej Cichocki
HkCvZXbC-,2018,Yeu-Chern Harn
HkCvZXbC-,2018,Vladimir Jojic
HkCsm6lRb,2018,Ramakrishna Vedantam
HkCsm6lRb,2018,Ian Fischer
HkCsm6lRb,2018,Jonathan Huang
HkCsm6lRb,2018,Kevin Murphy
HkCnm-bAb,2018,Maithra Raghu
HkCnm-bAb,2018,Alex Irpan
HkCnm-bAb,2018,Jacob Andreas
HkCnm-bAb,2018,Robert Kleinberg
HkCnm-bAb,2018,Quoc Le
HkCnm-bAb,2018,Jon Kleinberg
HkAClQgA-,2018,Romain Paulus
HkAClQgA-,2018,Caiming Xiong
HkAClQgA-,2018,Richard Socher
Hk9Xc_lR-,2018,Pengchuan Zhang
Hk9Xc_lR-,2018,Qiang Liu
Hk9Xc_lR-,2018,Dengyong Zhou
Hk9Xc_lR-,2018,Tao Xu
Hk9Xc_lR-,2018,Xiaodong He
Hk99zCeAb,2018,Tero Karras
Hk99zCeAb,2018,Timo Aila
Hk99zCeAb,2018,Samuli Laine
Hk99zCeAb,2018,Jaakko Lehtinen
Hk91SGWR-,2018,Rachit Dubey
Hk91SGWR-,2018,Pulkit Agrawal
Hk91SGWR-,2018,Deepak Pathak
Hk91SGWR-,2018,Thomas L. Griffiths
Hk91SGWR-,2018,Alexei A. Efros
Hk8XMWgRb,2018,Brian Bullins
Hk8XMWgRb,2018,Cyril Zhang
Hk8XMWgRb,2018,Yi Zhang
Hk6kPgZA-,2018,Aman Sinha
Hk6kPgZA-,2018,Hongseok Namkoong
Hk6kPgZA-,2018,John Duchi
Hk6WhagRW,2018,Kris Cao
Hk6WhagRW,2018,Angeliki Lazaridou
Hk6WhagRW,2018,Marc Lanctot
Hk6WhagRW,2018,Joel Z Leibo
Hk6WhagRW,2018,Karl Tuyls
Hk6WhagRW,2018,Stephen Clark
Hk5elxbRW,2018,Leonard Berrada
Hk5elxbRW,2018,Andrew Zisserman
Hk5elxbRW,2018,M. Pawan Kumar
Hk3ddfWRW,2018,Aviv Tamar
Hk3ddfWRW,2018,Khashayar Rohanimanesh
Hk3ddfWRW,2018,Yinlam Chow
Hk3ddfWRW,2018,Chris Vigorito
Hk3ddfWRW,2018,Ben Goodrich
Hk3ddfWRW,2018,Michael Kahane
Hk3ddfWRW,2018,Derik Pridmore
Hk2aImxAb,2018,Gao Huang
Hk2aImxAb,2018,Danlu Chen
Hk2aImxAb,2018,Tianhong Li
Hk2aImxAb,2018,Felix Wu
Hk2aImxAb,2018,Laurens van der Maaten
Hk2aImxAb,2018,Kilian Weinberger
Hk2MHt-3-,2018,Anuvabh Dutt
Hk2MHt-3-,2018,Denis Pellerin
Hk2MHt-3-,2018,Georges Quénot
Hk0wHx-RW,2018,Aleksander Wieczorek*
Hk0wHx-RW,2018,Mario Wieser*
Hk0wHx-RW,2018,Damian Murezzan
Hk0wHx-RW,2018,Volker Roth
Hk-FlMbAZ,2018,Xi Wu
Hk-FlMbAZ,2018,Uyeong Jang
Hk-FlMbAZ,2018,Lingjiao Chen
Hk-FlMbAZ,2018,Somesh Jha
HJzgZ3JCW,2018,Xingyu Liu
HJzgZ3JCW,2018,Jeff Pool
HJzgZ3JCW,2018,Song Han
HJzgZ3JCW,2018,William J. Dally
HJw8fAgA-,2018,Lars Buesing
HJw8fAgA-,2018,Theophane Weber
HJw8fAgA-,2018,Sebastien Racaniere
HJw8fAgA-,2018,S. M. Ali Eslami
HJw8fAgA-,2018,Danilo Rezende
HJw8fAgA-,2018,David Reichert
HJw8fAgA-,2018,Fabio Viola
HJw8fAgA-,2018,Frederic Besse
HJw8fAgA-,2018,Karol Gregor
HJw8fAgA-,2018,Demis Hassabis
HJw8fAgA-,2018,Daan Wierstra
HJvvRoe0W,2018,Bojian Yin
HJvvRoe0W,2018,Marleen Balvert
HJvvRoe0W,2018,Davide Zambrano
HJvvRoe0W,2018,Alexander Schoenhuth
HJvvRoe0W,2018,Sander Bohte
HJtEm4p6Z,2018,Wei Ping
HJtEm4p6Z,2018,Kainan Peng
HJtEm4p6Z,2018,Andrew Gibiansky
HJtEm4p6Z,2018,Sercan O. Arik
HJtEm4p6Z,2018,Ajay Kannan
HJtEm4p6Z,2018,Sharan Narang
HJtEm4p6Z,2018,Jonathan Raiman
HJtEm4p6Z,2018,John Miller
HJsk5-Z0W,2018,José P. González-Brenes
HJsk5-Z0W,2018,Ralph Edezhath
HJsjkMb0Z,2018,Jörn-Henrik Jacobsen
HJsjkMb0Z,2018,Arnold W.M. Smeulders
HJsjkMb0Z,2018,Edouard Oyallon
HJrJpzZRZ,2018,Alex X. Lee
HJrJpzZRZ,2018,Frederik Ebert
HJrJpzZRZ,2018,Richard Zhang
HJrJpzZRZ,2018,Chelsea Finn
HJrJpzZRZ,2018,Pieter Abbeel
HJrJpzZRZ,2018,Sergey Levine
HJr4QJ26W,2018,Andrew Kyle Lampinen
HJr4QJ26W,2018,David So
HJr4QJ26W,2018,Douglas Eck
HJr4QJ26W,2018,Fred Bertsch
HJqUtdOaZ,2018,Mehran Taghipour-Gorjikolaie
HJqUtdOaZ,2018,Seyyed Mohammad Razavi
HJqUtdOaZ,2018,Javad Sadri
HJnQJXbC-,2018,Alexander L. Gaunt
HJnQJXbC-,2018,Matthew A. Johnson
HJnQJXbC-,2018,Alan Lawrence
HJnQJXbC-,2018,Maik Riechert
HJnQJXbC-,2018,Daniel Tarlow
HJnQJXbC-,2018,Ryota Tomioka
HJnQJXbC-,2018,Dimitrios Vytiniotis
HJnQJXbC-,2018,Sam Webster
HJjvxl-Cb,2018,Tuomas Haarnoja
HJjvxl-Cb,2018,Aurick Zhou
HJjvxl-Cb,2018,Pieter Abbeel
HJjvxl-Cb,2018,Sergey Levine
HJjePwx0-,2018,Xuanqing Liu
HJjePwx0-,2018,Jason D. Lee
HJjePwx0-,2018,Cho-Jui Hsieh
HJhIM0xAW,2018,Nishal P Shah
HJhIM0xAW,2018,Sasidhar Madugula
HJhIM0xAW,2018,EJ Chichilnisky
HJhIM0xAW,2018,Yoram Singer
HJhIM0xAW,2018,Jonathon Shlens
HJg1NTGZRZ,2018,Mohamed Amer
HJg1NTGZRZ,2018,Aswin Raghavan
HJg1NTGZRZ,2018,Graham W. Taylor
HJg1NTGZRZ,2018,Sek Chai
HJewuJWCZ,2018,Yang Fan
HJewuJWCZ,2018,Fei Tian
HJewuJWCZ,2018,Tao Qin
HJewuJWCZ,2018,Xiang-Yang Li
HJewuJWCZ,2018,Tie-Yan Liu
HJdXGy1RW,2018,Xiang Zhang
HJdXGy1RW,2018,Nishant Vishwamitra
HJdXGy1RW,2018,Hongxin Hu
HJdXGy1RW,2018,Feng Luo
HJcjQTJ0W,2018,Meng Li
HJcjQTJ0W,2018,Liangzhen Lai
HJcjQTJ0W,2018,Naveen Suda
HJcjQTJ0W,2018,Vikas Chandra
HJcjQTJ0W,2018,David Z. Pan
HJcSzz-CZ,2018,Mengye Ren
HJcSzz-CZ,2018,Eleni Triantafillou
HJcSzz-CZ,2018,Sachin Ravi
HJcSzz-CZ,2018,Jake Snell
HJcSzz-CZ,2018,Kevin Swersky
HJcSzz-CZ,2018,Joshua B. Tenenbaum
HJcSzz-CZ,2018,Hugo Larochelle
HJcSzz-CZ,2018,Richard S. Zemel
HJaDJZ-0W,2018,Sharan Narang
HJaDJZ-0W,2018,Eric Undersander
HJaDJZ-0W,2018,Gregory Diamos
HJ_aoCyRZ,2018,Uri Shaham
HJ_aoCyRZ,2018,Kelly Stanton
HJ_aoCyRZ,2018,Henry Li
HJ_aoCyRZ,2018,Ronen Basri
HJ_aoCyRZ,2018,Boaz Nadler
HJ_aoCyRZ,2018,Yuval Kluger
HJ_X8GupW,2018,Sayantan Dasgupta
HJZiRkZC-,2018,Xiang Zhang
HJZiRkZC-,2018,Yann LeCun
HJYoqzbC-,2018,Patrick H. Chen
HJYoqzbC-,2018,Cho-jui Hsieh
HJYQLb-RW,2018,Jerry Li
HJYQLb-RW,2018,Aleksander Madry
HJYQLb-RW,2018,John Peebles
HJYQLb-RW,2018,Ludwig Schmidt
HJXyS7bRb,2018,Wei Wei
HJXyS7bRb,2018,Quoc V. Le
HJXyS7bRb,2018,Andrew M. Dai
HJXyS7bRb,2018,Li-Jia Li
HJXOfZ-AZ,2018,Ella M. Gale
HJXOfZ-AZ,2018,Nicolas Martin
HJXOfZ-AZ,2018,Jeffrey Bowers
HJWLfGWRb,2018,Geoffrey E Hinton
HJWLfGWRb,2018,Sara Sabour
HJWLfGWRb,2018,Nicholas Frosst
HJWGdbbCW,2018,Yuke Zhu
HJWGdbbCW,2018,Ziyu Wang
HJWGdbbCW,2018,Josh Merel
HJWGdbbCW,2018,Andrei Rusu
HJWGdbbCW,2018,Tom Erez
HJWGdbbCW,2018,Serkan Cabi
HJWGdbbCW,2018,Saran Tunyasuvunakool
HJWGdbbCW,2018,János Kramár
HJWGdbbCW,2018,Raia Hadsell
HJWGdbbCW,2018,Nando de Freitas
HJWGdbbCW,2018,Nicolas Heess
HJUOHGWRb,2018,Maruan Al-Shedivat
HJUOHGWRb,2018,Avinava Dubey
HJUOHGWRb,2018,Eric P. Xing
HJSA_e1AW,2018,Zijun Zhang
HJSA_e1AW,2018,Lin Ma
HJSA_e1AW,2018,Zongpeng Li
HJSA_e1AW,2018,Chuan Wu
HJRV1ZZAW,2018,Felix Wu
HJRV1ZZAW,2018,Ni Lao
HJRV1ZZAW,2018,John Blitzer
HJRV1ZZAW,2018,Guandao Yang
HJRV1ZZAW,2018,Kilian Weinberger
HJPSN3gRW,2018,Abhishek Sinha
HJPSN3gRW,2018,Akilesh B
HJPSN3gRW,2018,Mausoom Sarkar
HJPSN3gRW,2018,Balaji Krishnamurthy
HJOQ7MgAW,2018,Omer Levy
HJOQ7MgAW,2018,Kenton Lee
HJOQ7MgAW,2018,Nicholas FitzGerald
HJOQ7MgAW,2018,Luke Zettlemoyer
HJNMYceCW,2018,Hal Daumé III
HJNMYceCW,2018,John Langford
HJNMYceCW,2018,Amr Sharaf
HJNGGmZ0Z,2018,Pranava Madhyastha
HJNGGmZ0Z,2018,Josiah Wang
HJNGGmZ0Z,2018,Lucia Specia
HJMN-xWC-,2018,Zhourong Chen
HJMN-xWC-,2018,Xiaopeng Li
HJMN-xWC-,2018,Nevin L. Zhang
HJJ23bW0b,2018,Krzysztof Choromanski
HJJ23bW0b,2018,Carlton Downey
HJJ23bW0b,2018,Byron Boots
HJJ0w--0W,2018,Rose Yu
HJJ0w--0W,2018,Stephan Zheng
HJJ0w--0W,2018,Anima Anandkumar
HJJ0w--0W,2018,Yisong Yue
HJIoJWZCZ,2018,Kuniaki Saito
HJIoJWZCZ,2018,Yoshitaka Ushiku
HJIoJWZCZ,2018,Tatsuya Harada
HJIoJWZCZ,2018,Kate Saenko
HJIhGXWCZ,2018,Mikael Henaff
HJIhGXWCZ,2018,Junbo Zhao
HJIhGXWCZ,2018,Yann Lecun
HJGv1Z-AW,2018,Angeliki Lazaridou
HJGv1Z-AW,2018,Karl Moritz Hermann
HJGv1Z-AW,2018,Karl Tuyls
HJGv1Z-AW,2018,Stephen Clark
HJGcNz-0W,2018,Anurag Ranjan
HJGcNz-0W,2018,Timo Bolkart
HJGcNz-0W,2018,Michael J. Black
HJGXzmspb,2018,Shuang Wu
HJGXzmspb,2018,Guoqi Li
HJGXzmspb,2018,Feng Chen
HJGXzmspb,2018,Luping Shi
HJDV5YxCW,2018,Josh Fromm
HJDV5YxCW,2018,Matthai Philipose
HJDV5YxCW,2018,Shwetak Patel
HJDUjKeA-,2018,David Saxton
HJCXZQbAZ,2018,Ben Athiwaratkun
HJCXZQbAZ,2018,Andrew Gordon Wilson
HJC2SzZCW,2018,Roman Novak
HJC2SzZCW,2018,Yasaman Bahri
HJC2SzZCW,2018,Daniel A. Abolafia
HJC2SzZCW,2018,Jeffrey Pennington
HJC2SzZCW,2018,Jascha Sohl-Dickstein
HJBhEMbRb,2018,Farzan Farnia
HJBhEMbRb,2018,Jesse Zhang
HJBhEMbRb,2018,David Tse
HJ94fqApW,2018,Jianbo Ye
HJ94fqApW,2018,Xin Lu
HJ94fqApW,2018,Zhe Lin
HJ94fqApW,2018,James Z. Wang
HJ8W1Q-0Z,2018,Imanol Schlag
HJ8W1Q-0Z,2018,Jürgen Schmidhuber
HJ5AUm-CZ,2018,Luke Hewitt
HJ5AUm-CZ,2018,Andrea Gane
HJ5AUm-CZ,2018,Tommi Jaakkola
HJ5AUm-CZ,2018,Joshua B. Tenenbaum
HJ4YGZ-AW,2018,Qiuyuan Huang
HJ4YGZ-AW,2018,Paul Smolensky
HJ4YGZ-AW,2018,Xiaodong He
HJ4YGZ-AW,2018,Li Deng
HJ4YGZ-AW,2018,Dapeng Wu
HJ4IhxZAb,2018,Kunkun Pang
HJ4IhxZAb,2018,Mingzhi Dong
HJ4IhxZAb,2018,Timothy Hospedales
HJ3d2Ax0-,2018,Yoav Levine
HJ3d2Ax0-,2018,Or Sharir
HJ3d2Ax0-,2018,Amnon Shashua
HJ39YKiTb,2018,Yoichi Ishibashi
HJ39YKiTb,2018,Hisashi Miyamori
HJ1HFlZAb,2018,Timothée Lesort
HJ1HFlZAb,2018,Florian Bordes
HJ1HFlZAb,2018,Jean-Francois Goudou
HJ1HFlZAb,2018,David Filliat
H1zriGeCZ,2018,Elad Hazan
H1zriGeCZ,2018,Adam Klivans
H1zriGeCZ,2018,Yang Yuan
H1xJjlbAZ,2018,Amirata Ghorbani
H1xJjlbAZ,2018,Abubakar Abid
H1xJjlbAZ,2018,James Zou
H1wt9x-RW,2018,Smitha Milli
H1wt9x-RW,2018,Pieter Abbeel
H1wt9x-RW,2018,Igor Mordatch
H1vEXaxA-,2018,Jason Lee
H1vEXaxA-,2018,Kyunghyun Cho
H1vEXaxA-,2018,Jason Weston
H1vEXaxA-,2018,Douwe Kiela
H1vCXOe0b,2018,Hanshu Yan
H1vCXOe0b,2018,Jiashi Feng
H1uR4GZRZ,2018,Guneet S. Dhillon
H1uR4GZRZ,2018,Kamyar Azizzadenesheli
H1uR4GZRZ,2018,Zachary C. Lipton
H1uR4GZRZ,2018,Jeremy D. Bernstein
H1uR4GZRZ,2018,Jean Kossaifi
H1uR4GZRZ,2018,Aran Khanna
H1uR4GZRZ,2018,Animashree Anandkumar
H1uP7ebAW,2018,Li Yao
H1uP7ebAW,2018,Eric Poblenz
H1uP7ebAW,2018,Dmitry Dagunts
H1uP7ebAW,2018,Ben Covington
H1uP7ebAW,2018,Devon Bernard
H1uP7ebAW,2018,Kevin Lyman
H1u8fMW0b,2018,Emmanuel Daucé
H1tSsb-AW,2018,Cathy Wu
H1tSsb-AW,2018,Aravind Rajeswaran
H1tSsb-AW,2018,Yan Duan
H1tSsb-AW,2018,Vikash Kumar
H1tSsb-AW,2018,Alexandre M Bayen
H1tSsb-AW,2018,Sham Kakade
H1tSsb-AW,2018,Igor Mordatch
H1tSsb-AW,2018,Pieter Abbeel
H1srNebAZ,2018,Simon Carbonnelle
H1srNebAZ,2018,Christophe De Vleeschouwer
H1sUHgb0Z,2018,Ashish Khetan
H1sUHgb0Z,2018,Zachary C. Lipton
H1sUHgb0Z,2018,Animashree Anandkumar
H1rRWl-Cb,2018,Alex Alemi
H1rRWl-Cb,2018,Ben Poole
H1rRWl-Cb,2018,Ian Fischer
H1rRWl-Cb,2018,Josh Dillon
H1rRWl-Cb,2018,Rif A. Saurus
H1rRWl-Cb,2018,Kevin Murphy
H1q-TM-AW,2018,Rui Shu
H1q-TM-AW,2018,Hung Bui
H1q-TM-AW,2018,Hirokazu Narui
H1q-TM-AW,2018,Stefano Ermon
H1pri9vTZ,2018,William H. Guss
H1meywxRW,2018,Caiming Xiong
H1meywxRW,2018,Victor Zhong
H1meywxRW,2018,Richard Socher
H1mCp-ZRZ,2018,Hao Liu*
H1mCp-ZRZ,2018,Yihao Feng*
H1mCp-ZRZ,2018,Yi Mao
H1mCp-ZRZ,2018,Dengyong Zhou
H1mCp-ZRZ,2018,Jian Peng
H1mCp-ZRZ,2018,Qiang Liu
H1l8sz-AW,2018,Ari S Benjamin
H1l8sz-AW,2018,Konrad Kording
H1kMMmb0-,2018,Eric Crawford
H1kMMmb0-,2018,Guillaume Rabusseau
H1kMMmb0-,2018,Joelle Pineau
H1kG7GZAW,2018,Abhishek Kumar
H1kG7GZAW,2018,Prasanna Sattigeri
H1kG7GZAW,2018,Avinash Balakrishnan
H1eJxngCW,2018,Amrita Saha
H1eJxngCW,2018,Rahul Aralikatte
H1eJxngCW,2018,Mitesh M. Khapra
H1eJxngCW,2018,Karthik Sankaranarayanan
H1dh6Ax0Z,2018,Gregory Farquhar
H1dh6Ax0Z,2018,Tim Rocktäschel
H1dh6Ax0Z,2018,Maximilian Igl
H1dh6Ax0Z,2018,Shimon Whiteson
H1cWzoxA-,2018,Tao Shen
H1cWzoxA-,2018,Tianyi Zhou
H1cWzoxA-,2018,Guodong Long
H1cWzoxA-,2018,Jing Jiang
H1cWzoxA-,2018,Chengqi Zhang
H1cKvl-Rb,2018,Richard Y. Chen
H1cKvl-Rb,2018,Szymon Sidor
H1cKvl-Rb,2018,Pieter Abbeel
H1cKvl-Rb,2018,John Schulman
H1bhRHeA-,2018,Francois Fagan
H1bhRHeA-,2018,Garud Iyengar
H1bM1fZCW,2018,Zhao Chen
H1bM1fZCW,2018,Vijay Badrinarayanan
H1bM1fZCW,2018,Chen-Yu Lee
H1bM1fZCW,2018,Andrew Rabinovich
H1aIuk-RW,2018,Ozan Sener
H1aIuk-RW,2018,Silvio Savarese
H1a37GWCZ,2018,Taesung Lee
H1a37GWCZ,2018,Youngja Park
H1YynweCb,2018,Cijo Jose
H1YynweCb,2018,Moustapha Cisse
H1YynweCb,2018,Francois Fleuret
H1Yp-j1Cb,2018,Paulina Grnarova
H1Yp-j1Cb,2018,Kfir Y Levy
H1Yp-j1Cb,2018,Aurelien Lucchi
H1Yp-j1Cb,2018,Thomas Hofmann
H1Yp-j1Cb,2018,Andreas Krause
H1Y8hhg0b,2018,Christos Louizos
H1Y8hhg0b,2018,Max Welling
H1Y8hhg0b,2018,Diederik P. Kingma
H1Xw62kRZ,2018,Rudy Bunel
H1Xw62kRZ,2018,Matthew Hausknecht
H1Xw62kRZ,2018,Jacob Devlin
H1Xw62kRZ,2018,Rishabh Singh
H1Xw62kRZ,2018,Pushmeet Kohli
H1Ww66x0-,2018,Keerthiram Murugesan
H1Ww66x0-,2018,Jaime Carbonell
H1WgVz-AZ,2018,Lifu Tu
H1WgVz-AZ,2018,Kevin Gimpel
H1VjBebR-,2018,Tomer Galanti
H1VjBebR-,2018,Lior Wolf
H1VjBebR-,2018,Sagie Benaim
H1VGkIxRZ,2018,Shiyu Liang
H1VGkIxRZ,2018,Yixuan Li
H1VGkIxRZ,2018,R. Srikant
H1U_af-0-,2018,Marina Munkhoeva
H1U_af-0-,2018,Yermek Kapushev
H1U_af-0-,2018,Evgeny Burnaev
H1U_af-0-,2018,Ivan Oseledets
H1UOm4gA-,2018,Haonan Yu
H1UOm4gA-,2018,Haichao Zhang
H1UOm4gA-,2018,Wei Xu
H1T2hmZAb,2018,Chiheb Trabelsi
H1T2hmZAb,2018,Olexa Bilaniuk
H1T2hmZAb,2018,Ying Zhang
H1T2hmZAb,2018,Dmitriy Serdyuk
H1T2hmZAb,2018,Sandeep Subramanian
H1T2hmZAb,2018,Joao Felipe Santos
H1T2hmZAb,2018,Soroush Mehri
H1T2hmZAb,2018,Negar Rostamzadeh
H1T2hmZAb,2018,Yoshua Bengio
H1T2hmZAb,2018,Christopher J Pal
H1OQukZ0-,2018,Damien Vincent
H1OQukZ0-,2018,Sylvain Gelly
H1OQukZ0-,2018,Nicolas Le Roux
H1OQukZ0-,2018,Olivier Bousquet
H1O0KGC6b,2018,Thomas Moreau
H1O0KGC6b,2018,Julien Audiffren
H1Nyf7W0Z,2018,Sotetsu Koyamada
H1Nyf7W0Z,2018,Yuta Kikuchi
H1Nyf7W0Z,2018,Atsunori Kanemura
H1Nyf7W0Z,2018,Shin-ichi Maeda
H1Nyf7W0Z,2018,Shin Ishii
H1NV4agCb,2018,Zhenbin Yan
H1NV4agCb,2018,Jimmy Ren
H1NV4agCb,2018,Stephen Shaoyi Liao
H1NV4agCb,2018,Kai Yang
H1MczcgR-,2018,Yuhuai Wu
H1MczcgR-,2018,Mengye Ren
H1MczcgR-,2018,Renjie Liao
H1MczcgR-,2018,Roger Grosse.
H1LAqMbRW,2018,Yuandong Tian
H1LAqMbRW,2018,Qucheng Gong
H1K6Tb-AZ,2018,Chun-Min Chang
H1K6Tb-AZ,2018,Chia-Ching Lin
H1K6Tb-AZ,2018,Hung-Yi Ou Yang
H1K6Tb-AZ,2018,Chin-Laung Lei
H1K6Tb-AZ,2018,Kuan-Ta Chen
H1I3M7Z0b,2018,Xiaojie Jin
H1I3M7Z0b,2018,Yingzhen Yang
H1I3M7Z0b,2018,Ning Xu
H1I3M7Z0b,2018,Jianchao Yang
H1I3M7Z0b,2018,Jiashi Feng
H1I3M7Z0b,2018,Shuicheng Yan
H1Dy---0Z,2018,Dan Horgan
H1Dy---0Z,2018,John Quan
H1Dy---0Z,2018,David Budden
H1Dy---0Z,2018,Gabriel Barth-Maron
H1Dy---0Z,2018,Matteo Hessel
H1Dy---0Z,2018,Hado van Hasselt
H1Dy---0Z,2018,David Silver
H1DkN7ZCZ,2018,Steven T. Kothen-Hill
H1DkN7ZCZ,2018,Asaf Zviran
H1DkN7ZCZ,2018,Rafael C. Schulman
H1DkN7ZCZ,2018,Sunil Deochand
H1DkN7ZCZ,2018,Federico Gaiti
H1DkN7ZCZ,2018,Dillon Maloney
H1DkN7ZCZ,2018,Kevin Y. Huang
H1DkN7ZCZ,2018,Will Liao
H1DkN7ZCZ,2018,Nicolas Robine
H1DkN7ZCZ,2018,Nathaniel D. Omans
H1DkN7ZCZ,2018,Dan A. Landau
H1DJFybC-,2018,Kevin Ellis
H1DJFybC-,2018,Daniel Ritchie
H1DJFybC-,2018,Armando Solar-Lezama
H1DJFybC-,2018,Joshua B. Tenenbaum
H1DGha1CZ,2018,David Macêdo
H1DGha1CZ,2018,Cleber Zanchettin
H1DGha1CZ,2018,Adriano L. I. Oliveira
H1DGha1CZ,2018,Teresa Ludermir
H1BO9M-0Z,2018,Hu Xu
H1BO9M-0Z,2018,Bing Liu
H1BO9M-0Z,2018,Lei Shu
H1BO9M-0Z,2018,Philip S. Yu
H1BLjgZCb,2018,Zhengli Zhao
H1BLjgZCb,2018,Dheeru Dua
H1BLjgZCb,2018,Sameer Singh
H1BHbmWCZ,2018,Ahmed A Aly
H1BHbmWCZ,2018,Joanne Bechta Dugan
H1A5ztj3b,2018,Leslie N. Smith
H1A5ztj3b,2018,Nicholay Topin
H196sainb,2018,Guillaume Lample
H196sainb,2018,Alexis Conneau
H196sainb,2018,Marc'Aurelio Ranzato
H196sainb,2018,Ludovic Denoyer
H196sainb,2018,Hervé Jégou
H18uzzWAZ,2018,Gil Tabak
H18uzzWAZ,2018,Minjie Fan
H18uzzWAZ,2018,Samuel J. Yang
H18uzzWAZ,2018,Stephan Hoyer
H18uzzWAZ,2018,Geoff Davis
H18WqugAb,2018,Brenden Lake
H18WqugAb,2018,Marco Baroni
H15odZ-C-,2018,Yannic Kilcher
H15odZ-C-,2018,Aurelien Lucchi
H15odZ-C-,2018,Thomas Hofmann
H15RufWAW,2018,Aleksandar Bojchevski
H15RufWAW,2018,Oleksandr Shchur
H15RufWAW,2018,Daniel Zügner
H15RufWAW,2018,Stephan Günnemann
H13WofbAb,2018,Cong Xie
H13WofbAb,2018,Oluwasanmi O. Koyejo
H13WofbAb,2018,Indranil Gupta
H139Q_gAW,2018,Guokun Lai
H139Q_gAW,2018,Hanxiao Liu
H139Q_gAW,2018,Yiming Yang
H135uzZ0-,2018,Dipankar Das
H135uzZ0-,2018,Naveen Mellempudi
H135uzZ0-,2018,Dheevatsa Mudigere
H135uzZ0-,2018,Dhiraj Kalamkar
H135uzZ0-,2018,Sasikanth Avancha
H135uzZ0-,2018,Kunal Banerjee
H135uzZ0-,2018,Srinivas Sridharan
H135uzZ0-,2018,Karthik Vaidyanathan
H135uzZ0-,2018,Bharat Kaul
H135uzZ0-,2018,Evangelos Georganas
H135uzZ0-,2018,Alexander Heinecke
H135uzZ0-,2018,Pradeep Dubey
H135uzZ0-,2018,Jesus Corbal
H135uzZ0-,2018,Nikita Shustrov
H135uzZ0-,2018,Roma Dubtsov
H135uzZ0-,2018,Evarist Fomenko
H135uzZ0-,2018,Vadim Pirogov
H11lAfbCW,2018,William H. Guss
H11lAfbCW,2018,Ruslan Salakhutdinov
H113pWZRb,2018,Jian Du
H113pWZRb,2018,Shanghang Zhang
H113pWZRb,2018,Guanhang Wu
H113pWZRb,2018,José M. F. Moura
H113pWZRb,2018,Soummya Kar
H1-oTz-Cb,2018,Yannic Kilcher
H1-oTz-Cb,2018,Gary Becigneul
H1-oTz-Cb,2018,Thomas Hofmann
H1-nGgWC-,2018,Alexander G. de G. Matthews
H1-nGgWC-,2018,Jiri Hron
H1-nGgWC-,2018,Mark Rowland
H1-nGgWC-,2018,Richard E. Turner
H1-nGgWC-,2018,Zoubin Ghahramani
ByzvHagA-,2018,Mikael Kågebäck
ByzvHagA-,2018,Olof Mogren
ByxLBMZCb,2018,Maher Nouiehed
ByxLBMZCb,2018,Meisam Razaviyayn
BywyFQlAW,2018,Tianyi Zhou
BywyFQlAW,2018,Jeff Bilmes
ByuP8yZRb,2018,Yusuke Iwasawa
ByuP8yZRb,2018,Kotaro Nakayama
ByuP8yZRb,2018,Yutaka Matsuo
ByuI-mW0W,2018,Robert Cornish
ByuI-mW0W,2018,Hongseok Yang
ByuI-mW0W,2018,Frank Wood
Byt3oJ-0W,2018,Gonzalo Mena
Byt3oJ-0W,2018,David Belanger
Byt3oJ-0W,2018,Scott Linderman
Byt3oJ-0W,2018,Jasper Snoek
Bys_NzbC-,2018,Dae Hoon Park
Bys_NzbC-,2018,Chiu Man Ho
Bys_NzbC-,2018,Yi Chang
Bys4ob-Rb,2018,Aditi Raghunathan
Bys4ob-Rb,2018,Jacob Steinhardt
Bys4ob-Rb,2018,Percy Liang
ByrZyglCb,2018,Seyed-Mohsen Moosavi-Dezfooli
ByrZyglCb,2018,Alhussein Fawzi
ByrZyglCb,2018,Omar Fawzi
ByrZyglCb,2018,Pascal Frossard
ByrZyglCb,2018,Stefano Soatto
ByquB-WC-,2018,Jihyung Moon
ByquB-WC-,2018,Hyochang Yang
ByquB-WC-,2018,Sungzoon Cho
ByqFhGZCW,2018,Jihun Hamm
Bym0cU1CZ,2018,Wei Wu
Bym0cU1CZ,2018,Can Xu
Bym0cU1CZ,2018,Yu Wu
Bym0cU1CZ,2018,Zhoujun Li
Byk4My-RZ,2018,Yannic Kilcher
Byk4My-RZ,2018,Aurelien Lucchi
Byk4My-RZ,2018,Thomas Hofmann
Byj54-bAW,2018,Emilio Rafael Balda
Byj54-bAW,2018,Arash Behboodi
Byj54-bAW,2018,Rudolf Mathar
ByhthReRb,2018,Janarthanan Rajendran
ByhthReRb,2018,Jatin Ganhotra
ByhthReRb,2018,Xiaoxiao Guo
ByhthReRb,2018,Mo Yu
ByhthReRb,2018,Satinder Singh
Byht0GbRZ,2018,Yang Liu
Byht0GbRZ,2018,Matt Gardner
BygpQlbA-,2018,Sanjeev Arora
BygpQlbA-,2018,Elad Hazan
BygpQlbA-,2018,Holden Lee
BygpQlbA-,2018,Karan Singh
BygpQlbA-,2018,Cyril Zhang
BygpQlbA-,2018,Yi Zhang
ByeqORgAW,2018,Thomas Frerix
ByeqORgAW,2018,Thomas Möllenhoff
ByeqORgAW,2018,Michael Moeller
ByeqORgAW,2018,Daniel Cremers
BydjJte0-,2018,Seong Joon Oh
BydjJte0-,2018,Max Augustin
BydjJte0-,2018,Mario Fritz
BydjJte0-,2018,Bernt Schiele
BydLzGb0Z,2018,Dmitriy Serdyuk
BydLzGb0Z,2018,Nan Rosemary Ke
BydLzGb0Z,2018,Alessandro Sordoni
BydLzGb0Z,2018,Adam Trischler
BydLzGb0Z,2018,Chris Pal
BydLzGb0Z,2018,Yoshua Bengio
Byd-EfWCb,2018,Vitalii Zhelezniak
Byd-EfWCb,2018,Dan Busbridge
Byd-EfWCb,2018,April Shen
Byd-EfWCb,2018,Samuel L. Smith
Byd-EfWCb,2018,Nils Y. Hammerla
BybQ7zWCb,2018,Shaun Barry
BybQ7zWCb,2018,Youngmoo Kim
ByaQIGg0-,2018,Oliver Hennigh
Bya8fGWAZ,2018,Nantas Nardelli
Bya8fGWAZ,2018,Gabriel Synnaeve
Bya8fGWAZ,2018,Zeming Lin
Bya8fGWAZ,2018,Pushmeet Kohli
Bya8fGWAZ,2018,Nicolas Usunier
ByZmGjkA-,2018,Felix Hill
ByZmGjkA-,2018,Karl Moritz Hermann
ByZmGjkA-,2018,Phil Blunsom
ByZmGjkA-,2018,Stephen Clark
ByYPLJA6W,2018,Connie Kou
ByYPLJA6W,2018,Hwee Kuan Lee
ByYPLJA6W,2018,Teck Khim Ng
ByW5yxgA-,2018,João Sedoc
ByW5yxgA-,2018,Jordan Rodu
ByW5yxgA-,2018,Dean Foster
ByW5yxgA-,2018,Lyle Ungar
ByUEelW0-,2018,Vlad Velici
ByUEelW0-,2018,Adam Prügel-Bennett
BySRH6CpW,2018,Oran Shayer
BySRH6CpW,2018,Dan Levi
BySRH6CpW,2018,Ethan Fetaya
ByS1VpgRZ,2018,Takeru Miyato
ByS1VpgRZ,2018,Masanori Koyama
ByRWCqvT-,2018,Yen-Chang Hsu
ByRWCqvT-,2018,Zhaoyang Lv
ByRWCqvT-,2018,Zsolt Kira
ByQpn1ZA-,2018,William Fedus*
ByQpn1ZA-,2018,Mihaela Rosca*
ByQpn1ZA-,2018,Balaji Lakshminarayanan
ByQpn1ZA-,2018,Andrew M. Dai
ByQpn1ZA-,2018,Shakir Mohamed
ByQpn1ZA-,2018,Ian Goodfellow
ByQZjx-0-,2018,Hieu Pham
ByQZjx-0-,2018,Melody Y. Guan
ByQZjx-0-,2018,Barret Zoph
ByQZjx-0-,2018,Quoc V. Le
ByQZjx-0-,2018,Jeff Dean
ByOnmlWC-,2018,Tanmay Gangwani
ByOnmlWC-,2018,Jian Peng
ByOfBggRZ,2018,Michael Tsang
ByOfBggRZ,2018,Dehua Cheng
ByOfBggRZ,2018,Yan Liu
ByOExmWAb,2018,William Fedus
ByOExmWAb,2018,Ian Goodfellow
ByOExmWAb,2018,Andrew M. Dai
ByL48G-AW,2018,Elman Mansimov
ByL48G-AW,2018,Kyunghyun Cho
ByKWUeWA-,2018,Jinsung Yoon
ByKWUeWA-,2018,James Jordon
ByKWUeWA-,2018,Mihaela van der Schaar
ByJbJwxCW,2018,Sanjay Purushotham
ByJbJwxCW,2018,Zhengping Che
ByJbJwxCW,2018,Bo Jiang
ByJbJwxCW,2018,Tanachat Nilanon
ByJbJwxCW,2018,Yan Liu
ByJWeR1AW,2018,Alex Hernández-García
ByJWeR1AW,2018,Peter König
ByJIWUnpW,2018,Sungyong Seo
ByJIWUnpW,2018,Arash Mohegh
ByJIWUnpW,2018,George Ban-Weiss
ByJIWUnpW,2018,Yan Liu
ByJHuTgA-,2018,Gábor Melis
ByJHuTgA-,2018,Chris Dyer
ByJHuTgA-,2018,Phil Blunsom
ByJDAIe0b,2018,Kenny J. Young
ByJDAIe0b,2018,Shuo Yang
ByJDAIe0b,2018,Richard S. Sutton
ByJ7obb0b,2018,Craig Bakker
ByJ7obb0b,2018,Michael J. Henry
ByJ7obb0b,2018,Nathan O. Hodas
ByED-X-0W,2018,Thanh T. Nguyen
ByED-X-0W,2018,Jaesik Choi
ByCPHrgCW,2018,Anthony Meehan
ByCPHrgCW,2018,Ryan K L Ko
ByCPHrgCW,2018,Geoff Holmes
ByBAl2eAZ,2018,Matthias Plappert
ByBAl2eAZ,2018,Rein Houthooft
ByBAl2eAZ,2018,Prafulla Dhariwal
ByBAl2eAZ,2018,Szymon Sidor
ByBAl2eAZ,2018,Richard Y. Chen
ByBAl2eAZ,2018,Xi Chen
ByBAl2eAZ,2018,Tamim Asfour
ByBAl2eAZ,2018,Pieter Abbeel
ByBAl2eAZ,2018,Marcin Andrychowicz
By9iRkWA-,2018,Rui Liu
By9iRkWA-,2018,Wei Wei
By9iRkWA-,2018,Weiguang Mao
By9iRkWA-,2018,Maria Chikina
By5ugjyCb,2018,Jungwook Choi
By5ugjyCb,2018,Zhuo Wang
By5ugjyCb,2018,Swagath Venkataramani
By5ugjyCb,2018,Pierce I-Jen Chuang
By5ugjyCb,2018,Vijayalakshmi Srinivasan
By5ugjyCb,2018,Kailash Gopalakrishnan
By5SY2gA-,2018,Kushal Chawla
By5SY2gA-,2018,Sopan Khosla
By5SY2gA-,2018,Niyati Chhaya
By5SY2gA-,2018,Kokil Jaidka
By4HsfWAZ,2018,Emmanuel de Bezenac
By4HsfWAZ,2018,Arthur Pajot
By4HsfWAZ,2018,Patrick Gallinari
By3v9k-RZ,2018,Fan Yang
By3v9k-RZ,2018,Jiazhong Nie
By3v9k-RZ,2018,William W. Cohen
By3v9k-RZ,2018,Ni Lao
By3VrbbAb,2018,Po-Wei Wang
By3VrbbAb,2018,J. Zico Kolter
By3VrbbAb,2018,Vijai Mohan
By3VrbbAb,2018,Inderjit S. Dhillon
By0ANxbRW,2018,Soroosh Khoram
By0ANxbRW,2018,Jing Li
By-IifZRW,2018,Sebastian Urban
By-IifZRW,2018,Patrick van der Smagt
By-7dz-AZ,2018,Cian Eastwood
By-7dz-AZ,2018,Christopher K. I. Williams
BkwHObbRZ,2018,Rong Ge
BkwHObbRZ,2018,Jason D. Lee
BkwHObbRZ,2018,Tengyu Ma
BkrsAzWAb,2018,Atilim Gunes Baydin
BkrsAzWAb,2018,Robert Cornish
BkrsAzWAb,2018,David Martinez Rubio
BkrsAzWAb,2018,Mark Schmidt
BkrsAzWAb,2018,Frank Wood
BkrSv0lA-,2018,Lu Hou
BkrSv0lA-,2018,James T. Kwok
BkpiPMbA-,2018,Warren He
BkpiPMbA-,2018,Bo Li
BkpiPMbA-,2018,Dawn Song
BkpXqwUTZ,2018,Aras Dargazany
BkpXqwUTZ,2018,Kunal Mankodiya
BkoXnkWAb,2018,Lars Hiller Eidnes
BkoXnkWAb,2018,Arild Nøkland
BkoCeqgR-,2018,Konrad Groh
Bkl1uWb0Z,2018,Ke Tran
Bkl1uWb0Z,2018,Yonatan Bisk
BkisuzWRW,2018,Deepak Pathak
BkisuzWRW,2018,Parsa Mahmoudieh
BkisuzWRW,2018,Guanghao Luo
BkisuzWRW,2018,Pulkit Agrawal
BkisuzWRW,2018,Dian Chen
BkisuzWRW,2018,Yide Shentu
BkisuzWRW,2018,Evan Shelhamer
BkisuzWRW,2018,Jitendra Malik
BkisuzWRW,2018,Alexei A. Efros
BkisuzWRW,2018,Trevor Darrell
BkiIkBJ0b,2018,Shurjo Banerjee
BkiIkBJ0b,2018,Vikas Dhiman
BkiIkBJ0b,2018,Brent Griffin
BkiIkBJ0b,2018,Jason J. Corso
Bki4EfWCb,2018,Chris Cremer
Bki4EfWCb,2018,Xuechen Li
Bki4EfWCb,2018,David Duvenaud
Bki1Ct1AW,2018,Arezoo Alizadeh
Bki1Ct1AW,2018,Marion Mutter
Bki1Ct1AW,2018,Thomas Münch
Bki1Ct1AW,2018,Arno Onken
Bki1Ct1AW,2018,Stefano Panzeri
BkfEzz-0-,2018,Shohei Ohsawa
BkfEzz-0-,2018,Kei Akuzawa
BkfEzz-0-,2018,Tatsuya Matsushima
BkfEzz-0-,2018,Gustavo Bezerra
BkfEzz-0-,2018,Yusuke Iwasawa
BkfEzz-0-,2018,Hiroshi Kajino
BkfEzz-0-,2018,Seiya Takenaka
BkfEzz-0-,2018,Yutaka Matsuo
BkeqO7x0-,2018,Aidan N. Gomez
BkeqO7x0-,2018,Sicong Huang
BkeqO7x0-,2018,Ivan Zhang
BkeqO7x0-,2018,Bryan M. Li
BkeqO7x0-,2018,Muhammad Osama
BkeqO7x0-,2018,Lukasz Kaiser
BkeC_J-R-,2018,Dmitry Kangin
BkeC_J-R-,2018,Nicolas Pugeault
BkabRiQpb,2018,Alexander Peysakhovich
BkabRiQpb,2018,Adam Lerer
Bk_fs6gA-,2018,Hazem A. A. Nomer
Bk_fs6gA-,2018,Abdallah Aboutahoun
Bk_fs6gA-,2018,Ashraf Elsayed
BkXmYfbAZ,2018,Elliot Meyerson
BkXmYfbAZ,2018,Risto Miikkulainen
BkVsWbbAW,2018,Nitin Kamra
BkVsWbbAW,2018,Umang Gupta
BkVsWbbAW,2018,Yan Liu
BkVf1AeAZ,2018,Xu Sun
BkVf1AeAZ,2018,Bingzhen Wei
BkVf1AeAZ,2018,Xuancheng Ren
BkVf1AeAZ,2018,Shuming Ma
BkUp6GZRW,2018,Bo Dai
BkUp6GZRW,2018,Albert Shaw
BkUp6GZRW,2018,Niao He
BkUp6GZRW,2018,Lihong Li
BkUp6GZRW,2018,Le Song
BkUHlMZ0b,2018,Tsui-Wei Weng*
BkUHlMZ0b,2018,Huan Zhang*
BkUHlMZ0b,2018,Pin-Yu Chen
BkUHlMZ0b,2018,Jinfeng Yi
BkUHlMZ0b,2018,Dong Su
BkUHlMZ0b,2018,Yupeng Gao
BkUHlMZ0b,2018,Cho-Jui Hsieh
BkUHlMZ0b,2018,Luca Daniel
BkUDW_lCb,2018,Chenglong Wang
BkUDW_lCb,2018,Marc Brockschmidt
BkUDW_lCb,2018,Rishabh Singh
BkSDMA36Z,2018,chao qiao
BkSDMA36Z,2018,bo huang
BkSDMA36Z,2018,guocheng niu
BkSDMA36Z,2018,daren li
BkSDMA36Z,2018,daxiang dong
BkSDMA36Z,2018,wei he
BkSDMA36Z,2018,dianhai yu
BkSDMA36Z,2018,hua wu
BkS3fnl0W,2018,Jindong Gu
BkS3fnl0W,2018,Matthias Schubert
BkS3fnl0W,2018,Volker Tresp
BkQqq0gRb,2018,Cuong V. Nguyen
BkQqq0gRb,2018,Yingzhen Li
BkQqq0gRb,2018,Thang D. Bui
BkQqq0gRb,2018,Richard E. Turner
BkQCGzZ0-,2018,Lukasz Kaiser
BkQCGzZ0-,2018,Samy Bengio
BkPrDFgR-,2018,Rudy Bunel
BkPrDFgR-,2018,Ilker Turkaslan
BkPrDFgR-,2018,Philip H.S. Torr
BkPrDFgR-,2018,Pushmeet Kohli
BkPrDFgR-,2018,M. Pawan Kumar
BkN_r2lR-,2018,Yedid Hoshen
BkN_r2lR-,2018,Lior Wolf
BkM3ibZRW,2018,Junbo (Jake) Zhao
BkM3ibZRW,2018,Yoon Kim
BkM3ibZRW,2018,Kelly Zhang
BkM3ibZRW,2018,Alexander M. Rush
BkM3ibZRW,2018,Yann LeCun
BkM27IxR-,2018,Ke Li
BkM27IxR-,2018,Jitendra Malik
BkLhaGZRW,2018,Yanshuai Cao
BkLhaGZRW,2018,Gavin Weiguang Ding
BkLhaGZRW,2018,Kry Yik-Chau Lui
BkLhaGZRW,2018,Ruitong Huang
BkJ3ibb0-,2018,Pouya Samangouei
BkJ3ibb0-,2018,Maya Kabkab
BkJ3ibb0-,2018,Rama Chellappa
BkIkkseAZ,2018,Digvijay Boob
BkIkkseAZ,2018,Guanghui Lan
BkDB51WR-,2018,Kyongmin Yeo
BkDB51WR-,2018,Igor Melnyk
BkDB51WR-,2018,Nam Nguyen
BkDB51WR-,2018,Eun Kyung Lee
BkCV_W-AZ,2018,Peter H. Jin
BkCV_W-AZ,2018,Sergey Levine
BkCV_W-AZ,2018,Kurt Keutzer
BkA7gfZAb,2018,Ben Usman
BkA7gfZAb,2018,Kate Saenko
BkA7gfZAb,2018,Brian Kulis
Bk9zbyZCZ,2018,Emilio Parisotto
Bk9zbyZCZ,2018,Ruslan Salakhutdinov
Bk8ZcAxR-,2018,Marlos C. Machado
Bk8ZcAxR-,2018,Clemens Rosenbaum
Bk8ZcAxR-,2018,Xiaoxiao Guo
Bk8ZcAxR-,2018,Miao Liu
Bk8ZcAxR-,2018,Gerald Tesauro
Bk8ZcAxR-,2018,Murray Campbell
Bk7wvW-C-,2018,Shuai Tang
Bk7wvW-C-,2018,Hailin Jin
Bk7wvW-C-,2018,Chen Fang
Bk7wvW-C-,2018,Zhaowen Wang
Bk7wvW-C-,2018,Virginia R. de Sa
Bk6qQGWRb,2018,Kamyar Azizzadenesheli
Bk6qQGWRb,2018,Emma Brunskill
Bk6qQGWRb,2018,Animashree Anandkumar
Bk346Ok0W,2018,Stefan Braun
Bk346Ok0W,2018,Daniel Neil
Bk346Ok0W,2018,Enea Ceolini
Bk346Ok0W,2018,Jithendar Anumula
Bk346Ok0W,2018,Shih-Chii Liu
Bk-ofQZRb,2018,Ishan Durugkar
Bk-ofQZRb,2018,Peter Stone
BJypUGZ0Z,2018,Bowen Baker*
BJypUGZ0Z,2018,Otkrist Gupta*
BJypUGZ0Z,2018,Ramesh Raskar
BJypUGZ0Z,2018,Nikhil Naik
BJy0fcgRZ,2018,Joshua Peterson
BJy0fcgRZ,2018,Krishan Aghi
BJy0fcgRZ,2018,Jordan Suchow
BJy0fcgRZ,2018,Alexander Ku
BJy0fcgRZ,2018,Tom Griffiths
BJvWjcgAZ,2018,Su Young Lee
BJvWjcgAZ,2018,Sungik Choi
BJvWjcgAZ,2018,Sae-Young Chung
BJvVbCJCb,2018,Sam Coope
BJvVbCJCb,2018,Andrej Zukov-Gregoric
BJvVbCJCb,2018,Yoram Bachrach
BJubPWZRW,2018,Kevin Clark
BJubPWZRW,2018,Thang Luong
BJubPWZRW,2018,Quoc V. Le
BJuWrGW0Z,2018,Ke Wang
BJuWrGW0Z,2018,Rishabh Singh
BJuWrGW0Z,2018,Zhendong Su
BJluxbWC-,2018,Lei Shu
BJluxbWC-,2018,Hu Xu
BJluxbWC-,2018,Bing Liu
BJlrSmbAZ,2018,Mattias Teye
BJlrSmbAZ,2018,Hossein Azizpour
BJlrSmbAZ,2018,Kevin Smith
BJk7Gf-CZ,2018,Chulhee Yun
BJk7Gf-CZ,2018,Suvrit Sra
BJk7Gf-CZ,2018,Ali Jadbabaie
BJk59JZ0b,2018,Voot Tangkaratt
BJk59JZ0b,2018,Abbas Abdolmaleki
BJk59JZ0b,2018,Masashi Sugiyama
BJjquybCW,2018,Quynh Nguyen
BJjquybCW,2018,Matthias Hein
BJjBnN9a-,2018,Vitor Guizilini
BJjBnN9a-,2018,Fabio Ramos
BJj6qGbRW,2018,Victor Garcia Satorras
BJj6qGbRW,2018,Joan Bruna Estrach
BJij4yg0Z,2018,Samuel L. Smith and Quoc V. Le
BJhxcGZCW,2018,Chenwei Zhang
BJhxcGZCW,2018,Yaliang Li
BJhxcGZCW,2018,Nan Du
BJhxcGZCW,2018,Wei Fan
BJhxcGZCW,2018,Philip S. Yu
BJgd7m0xRZ,2018,Prameesha Sandamal Weerasinghe
BJgd7m0xRZ,2018,Tansu Alpcan
BJgd7m0xRZ,2018,Sarah Monazam Erfani
BJgd7m0xRZ,2018,Christopher Leckie
BJgVaG-Ab,2018,Xiao Li
BJgVaG-Ab,2018,Yao Ma
BJgVaG-Ab,2018,Calin Belta
BJgPCveAW,2018,Sourya Dey
BJgPCveAW,2018,Kuan-Wen Huang
BJgPCveAW,2018,Peter A. Beerel
BJgPCveAW,2018,Keith M. Chugg
BJehNfW0-,2018,Sanjeev Arora
BJehNfW0-,2018,Andrej Risteski
BJehNfW0-,2018,Yi Zhang
BJcAWaeCW,2018,Weiyi Liu
BJcAWaeCW,2018,Hal Cooper
BJcAWaeCW,2018,Min-Hwan Oh
BJaU__eCZ,2018,Peiye Zhuang
BJaU__eCZ,2018,Alexander G. Schwing
BJaU__eCZ,2018,Oluwasanmi Koyejo
BJ_wN01C-,2018,Guillaume Bellec
BJ_wN01C-,2018,David Kappel
BJ_wN01C-,2018,Wolfgang Maass
BJ_wN01C-,2018,Robert Legenstein
BJ_UL-k0b,2018,Erin Grant
BJ_UL-k0b,2018,Chelsea Finn
BJ_UL-k0b,2018,Sergey Levine
BJ_UL-k0b,2018,Trevor Darrell
BJ_UL-k0b,2018,Thomas Griffiths
BJ_QxP1AZ,2018,Boyang Deng
BJ_QxP1AZ,2018,Qing Liu
BJ_QxP1AZ,2018,Siyuan Qiao
BJ_QxP1AZ,2018,Alan Yuille
BJRxfZbAW,2018,Conor Durkan
BJRxfZbAW,2018,Amos Storkey
BJRxfZbAW,2018,Harrison Edwards
BJRZzFlRb,2018,Raphael Shu
BJRZzFlRb,2018,Hideki Nakayama
BJQRKzbA-,2018,Hanxiao Liu
BJQRKzbA-,2018,Karen Simonyan
BJQRKzbA-,2018,Oriol Vinyals
BJQRKzbA-,2018,Chrisantha Fernando
BJQRKzbA-,2018,Koray Kavukcuoglu
BJQPG5lR-,2018,Ricardo Pio Monti
BJQPG5lR-,2018,Sina Tootoonian
BJQPG5lR-,2018,Robin Cao
BJOFETxR-,2018,Miltiadis Allamanis
BJOFETxR-,2018,Marc Brockschmidt
BJOFETxR-,2018,Mahmoud Khademi
BJNRFNlRW,2018,Xu Chen
BJNRFNlRW,2018,Jiang Wang
BJNRFNlRW,2018,Hao Ge
BJMuY-gRW,2018,Jean Maillard
BJMuY-gRW,2018,Stephen Clark
BJMuY-gRW,2018,Dani Yogatama
BJLmN8xRW,2018,Bin Yu
BJLmN8xRW,2018,Jie Pan
BJLmN8xRW,2018,Jiaming Hu
BJLmN8xRW,2018,Anderson Nascimento
BJLmN8xRW,2018,Martine De Cock
BJJLHbb0-,2018,Bo Zong
BJJLHbb0-,2018,Qi Song
BJJLHbb0-,2018,Martin Renqiang Min
BJJLHbb0-,2018,Wei Cheng
BJJLHbb0-,2018,Cristian Lumezanu
BJJLHbb0-,2018,Daeki Cho
BJJLHbb0-,2018,Haifeng Chen
BJJ9bz-0-,2018,Yang Gao
BJJ9bz-0-,2018,Huazhe(Harry) Xu
BJJ9bz-0-,2018,Ji Lin
BJJ9bz-0-,2018,Fisher Yu
BJJ9bz-0-,2018,Sergey Levine
BJJ9bz-0-,2018,Trevor Darrell
BJInMmWC-,2018,Charlie Nash
BJInMmWC-,2018,Sebastian Nowozin
BJInMmWC-,2018,Nate Kushman
BJInEZsTb,2018,Panos Achlioptas
BJInEZsTb,2018,Olga Diamanti
BJInEZsTb,2018,Ioannis Mitliagkas
BJInEZsTb,2018,Leonidas Guibas
BJIgi_eCZ,2018,Hsin-Yuan Huang
BJIgi_eCZ,2018,Chenguang Zhu
BJIgi_eCZ,2018,Yelong Shen
BJIgi_eCZ,2018,Weizhu Chen
BJGWO9k0Z,2018,Zohar Ringel
BJGWO9k0Z,2018,Rodrigo Andrade de Bem
BJE-4xW0W,2018,Murat Kocaoglu
BJE-4xW0W,2018,Christopher Snyder
BJE-4xW0W,2018,Alexandros G. Dimakis
BJE-4xW0W,2018,Sriram Vishwanath
BJDH5M-AW,2018,Anish Athalye
BJDH5M-AW,2018,Logan Engstrom
BJDH5M-AW,2018,Andrew Ilyas
BJDH5M-AW,2018,Kevin Kwok
BJDEbngCZ,2018,Maryam Fazel
BJDEbngCZ,2018,Rong Ge
BJDEbngCZ,2018,Sham M. Kakade
BJDEbngCZ,2018,Mehran Mesbahi
BJB7fkWR-,2018,Dino S. Ratcliffe
BJB7fkWR-,2018,Luca Citi
BJB7fkWR-,2018,Sam Devlin
BJB7fkWR-,2018,Udo Kruschwitz
BJ8vJebC-,2018,Yonatan Belinkov
BJ8vJebC-,2018,Yonatan Bisk
BJ8c3f-0b,2018,Tuan Anh Le
BJ8c3f-0b,2018,Maximilian Igl
BJ8c3f-0b,2018,Tom Rainforth
BJ8c3f-0b,2018,Tom Jin
BJ8c3f-0b,2018,Frank Wood
BJ7d0fW0b,2018,Xiaoxiao Guo
BJ7d0fW0b,2018,Shiyu Chang
BJ7d0fW0b,2018,Mo Yu
BJ7d0fW0b,2018,Miao Liu
BJ7d0fW0b,2018,Gerald Tesauro
BJ78bJZCZ,2018,Brendan Maginnis
BJ78bJZCZ,2018,Pierre Richemond
BJ6anzb0Z,2018,Anthony Hu
BJ6anzb0Z,2018,Seth Flaxman
BJ4prNx0W,2018,Richard Shin
BJ4prNx0W,2018,Dawn Song
BJ0hF1Z0b,2018,H. Brendan McMahan
BJ0hF1Z0b,2018,Daniel Ramage
BJ0hF1Z0b,2018,Kunal Talwar
BJ0hF1Z0b,2018,Li Zhang
B1zlp1bRW,2018,Vivien Seguy
B1zlp1bRW,2018,Bharath Bhushan Damodaran
B1zlp1bRW,2018,Remi Flamary
B1zlp1bRW,2018,Nicolas Courty
B1zlp1bRW,2018,Antoine Rolet
B1zlp1bRW,2018,Mathieu Blondel
B1ydPgTpW,2018,Vinci Chow
B1uvH_gC-,2018,Gautam Pai
B1uvH_gC-,2018,Ronen Talmon
B1uvH_gC-,2018,Ron Kimmel
B1twdMCab,2018,Dirk Weissenborn
B1twdMCab,2018,Tomas Kocisky
B1twdMCab,2018,Chris Dyer
B1tExikAW,2018,Antonia Creswell
B1tExikAW,2018,Biswa Sengupta
B1tExikAW,2018,Anil A. Bharath
B1tC-LT6W,2018,Markus Kliegl
B1tC-LT6W,2018,Siddharth Goyal
B1tC-LT6W,2018,Kexin Zhao
B1tC-LT6W,2018,Kavya Srinet
B1tC-LT6W,2018,Mohammad Shoeybi
B1suU-bAW,2018,Kevin Tian
B1suU-bAW,2018,Teng Zhang
B1suU-bAW,2018,James Zou
B1spAqUp-,2018,Hongyang Gao
B1spAqUp-,2018,Hao Yuan
B1spAqUp-,2018,Zhengyang Wang
B1spAqUp-,2018,Shuiwang Ji
B1p461b0W,2018,David Rolnick
B1p461b0W,2018,Andreas Veit
B1p461b0W,2018,Serge Belongie
B1p461b0W,2018,Nir Shavit
B1nxTzbRZ,2018,Gabriel Synnaeve
B1nxTzbRZ,2018,Zeming Lin
B1nxTzbRZ,2018,Jonas Gehring
B1nxTzbRZ,2018,Vasil Khalidov
B1nxTzbRZ,2018,Nicolas Carion
B1nxTzbRZ,2018,Nicolas Usunier
B1nZ1weCZ,2018,Sahil Sharma*
B1nZ1weCZ,2018,Ashutosh Kumar Jha*
B1nZ1weCZ,2018,Parikshit S Hegde
B1nZ1weCZ,2018,Balaraman Ravindran
B1nLkl-0Z,2018,Ofir Nachum
B1nLkl-0Z,2018,Mohammad Norouzi
B1nLkl-0Z,2018,George Tucker
B1nLkl-0Z,2018,Dale Schuurmans
B1n8LexRZ,2018,Daniel Levy
B1n8LexRZ,2018,Matt D. Hoffman
B1n8LexRZ,2018,Jascha Sohl-Dickstein
B1mvVm-C-,2018,Jiayuan Mao
B1mvVm-C-,2018,Honghua Dong
B1mvVm-C-,2018,Joseph J. Lim
B1mSWUxR-,2018,Xuezhe Ma
B1mSWUxR-,2018,Pengcheng Yin
B1mSWUxR-,2018,Jingzhou Liu
B1mSWUxR-,2018,Graham Neubig
B1mSWUxR-,2018,Eduard Hovy
B1mAkPxCZ,2018,jianqi ma
B1mAkPxCZ,2018,hangyu lin
B1mAkPxCZ,2018,yinda zhang
B1mAkPxCZ,2018,yanwei fu
B1mAkPxCZ,2018,xiangyang xue
B1lMMx1CW,2018,Oleg Rybakov
B1lMMx1CW,2018,Vijai Mohan
B1lMMx1CW,2018,Avishkar Misra
B1lMMx1CW,2018,Scott LeGrand
B1lMMx1CW,2018,Rejith Joseph
B1lMMx1CW,2018,Kiuk Chung
B1lMMx1CW,2018,Siddharth Singh
B1lMMx1CW,2018,Qian You
B1lMMx1CW,2018,Eric Nalisnick
B1lMMx1CW,2018,Leo Dirac
B1lMMx1CW,2018,Runfei Luo
B1l8BtlCb,2018,Jiatao Gu
B1l8BtlCb,2018,James Bradbury
B1l8BtlCb,2018,Caiming Xiong
B1l8BtlCb,2018,Victor O.K. Li
B1l8BtlCb,2018,Richard Socher
B1kIr-WRb,2018,Eric Bailey
B1kIr-WRb,2018,Charles Meyer
B1kIr-WRb,2018,Shuchin Aeron
B1jscMbAW,2018,Alex Nowak
B1jscMbAW,2018,David Folqué
B1jscMbAW,2018,Joan Bruna
B1i7ezW0-,2018,Balestriero R.
B1i7ezW0-,2018,Roger V.
B1i7ezW0-,2018,Glotin H.
B1i7ezW0-,2018,Baraniuk R.
B1hcZZ-AW,2018,Anubhav Ashok
B1hcZZ-AW,2018,Nicholas Rhinehart
B1hcZZ-AW,2018,Fares Beainy
B1hcZZ-AW,2018,Kris M. Kitani
B1hYRMbCW,2018,Henning Petzka
B1hYRMbCW,2018,Asja Fischer
B1hYRMbCW,2018,Denis Lukovnikov
B1gJ1L2aW,2018,Xingjun Ma
B1gJ1L2aW,2018,Bo Li
B1gJ1L2aW,2018,Yisen Wang
B1gJ1L2aW,2018,Sarah M. Erfani
B1gJ1L2aW,2018,Sudanthi Wijewickrema
B1gJ1L2aW,2018,Grant Schoenebeck
B1gJ1L2aW,2018,Dawn Song
B1gJ1L2aW,2018,Michael E. Houle
B1gJ1L2aW,2018,James Bailey
B1e5ef-C-,2018,Sanjeev Arora
B1e5ef-C-,2018,Mikhail Khodak
B1e5ef-C-,2018,Nikunj Saunshi
B1e5ef-C-,2018,Kiran Vodrahalli
B1bgpzZAZ,2018,Soham Parikh
B1bgpzZAZ,2018,Ananya Sai
B1bgpzZAZ,2018,Preksha Nema
B1bgpzZAZ,2018,Mitesh M Khapra
B1al7jg0b,2018,Xu He
B1al7jg0b,2018,Herbert Jaeger
B1ae1lZRb,2018,Asit Mishra
B1ae1lZRb,2018,Debbie Marr
B1ZvaaeAZ,2018,Asit Mishra
B1ZvaaeAZ,2018,Eriko Nurvitadhi
B1ZvaaeAZ,2018,Jeffrey J Cook
B1ZvaaeAZ,2018,Debbie Marr
B1ZZTfZAW,2018,Stephanie Hyland
B1ZZTfZAW,2018,Cristóbal Esteban
B1ZZTfZAW,2018,Gunnar Rätsch
B1Z3W-b0W,2018,Joseph Marino
B1Z3W-b0W,2018,Yisong Yue
B1Z3W-b0W,2018,Stephan Mandt
B1Yy1BxCZ,2018,Samuel L. Smith
B1Yy1BxCZ,2018,Pieter-Jan Kindermans
B1Yy1BxCZ,2018,Chris Ying
B1Yy1BxCZ,2018,Quoc V. Le
B1X4DWWRb,2018,Fredrik D. Johansson
B1X4DWWRb,2018,Nathan Kallus
B1X4DWWRb,2018,Uri Shalit
B1X4DWWRb,2018,David Sontag
B1X0mzZCW,2018,Mostafa Dehghani
B1X0mzZCW,2018,Arash Mehrjou
B1X0mzZCW,2018,Stephan Gouws
B1X0mzZCW,2018,Jaap Kamps
B1X0mzZCW,2018,Bernhard Schölkopf
B1QgVti6Z,2018,Pan Zhou
B1QgVti6Z,2018,Jiashi Feng
B1QRgziT-,2018,Takeru Miyato
B1QRgziT-,2018,Toshiki Kataoka
B1QRgziT-,2018,Masanori Koyama
B1QRgziT-,2018,Yuichi Yoshida
B1NOXfWR-,2018,Sungryull Sohn
B1NOXfWR-,2018,Junhyuk Oh
B1NOXfWR-,2018,Honglak Lee
B1NGT8xCZ,2018,Han Zhao
B1NGT8xCZ,2018,Zhenyao Zhu
B1NGT8xCZ,2018,Junjie Hu
B1NGT8xCZ,2018,Adam Coates
B1NGT8xCZ,2018,Geoff Gordon
B1Lc-Gb0Z,2018,Abram L. Friesen
B1Lc-Gb0Z,2018,Pedro Domingos
B1KJJf-R-,2018,Illia Polosukhin
B1KJJf-R-,2018,Alexander Skidanov
B1KFAGWAZ,2018,Xiangyu Kong
B1KFAGWAZ,2018,Fangchen Liu
B1KFAGWAZ,2018,Bo Xin
B1KFAGWAZ,2018,Yizhou Wang
B1J_rgWRW,2018,Raman Arora
B1J_rgWRW,2018,Amitabh Basu
B1J_rgWRW,2018,Poorya Mianjy
B1J_rgWRW,2018,Anirbit Mukherjee
B1IDRdeCW,2018,Alexander G. Anderson
B1IDRdeCW,2018,Cory P. Berg
B1Gi6LeRZ,2018,Yuji Tokozume
B1Gi6LeRZ,2018,Yoshitaka Ushiku
B1Gi6LeRZ,2018,Tatsuya Harada
B1EVwkqTW,2018,Bence Tilk
B1EPYJ-C-,2018,Jakub Konečný
B1EPYJ-C-,2018,H. Brendan McMahan
B1EPYJ-C-,2018,Felix X. Yu
B1EPYJ-C-,2018,Ananda Theertha Suresh
B1EPYJ-C-,2018,Dave Bacon
B1EPYJ-C-,2018,Peter Richtárik
B1EGg7ZCb,2018,Cane Punma
B1EA-M-0Z,2018,Jaehoon Lee
B1EA-M-0Z,2018,Yasaman Bahri
B1EA-M-0Z,2018,Roman Novak
B1EA-M-0Z,2018,Samuel S. Schoenholz
B1EA-M-0Z,2018,Jeffrey Pennington
B1EA-M-0Z,2018,Jascha Sohl-Dickstein
B1DmUzWAW,2018,Nikhil Mishra
B1DmUzWAW,2018,Mostafa Rohaninejad
B1DmUzWAW,2018,Xi Chen
B1DmUzWAW,2018,Pieter Abbeel
B1D6ty-A-,2018,Sneha Kudugunta
B1D6ty-A-,2018,Adepu Shankar
B1D6ty-A-,2018,Surya Chavali
B1D6ty-A-,2018,Vineeth Balasubramanian
B1D6ty-A-,2018,Purushottam Kar
B1CQGfZ0b,2018,Yewen Pu
B1CQGfZ0b,2018,Zachery Miranda
B1CQGfZ0b,2018,Armando Solar-Lezama
B1CQGfZ0b,2018,Leslie Pack Kaelbling
B1CNpYg0-,2018,Dzmitry Bahdanau
B1CNpYg0-,2018,Tom Bosc
B1CNpYg0-,2018,Stanisław Jastrzębski
B1CNpYg0-,2018,Edward Grefenstette
B1CNpYg0-,2018,Pascal Vincent
B1CNpYg0-,2018,Yoshua Bengio
B1CEaMbR-,2018,Elie Aljalbout
B1CEaMbR-,2018,Vladimir Golkov
B1CEaMbR-,2018,Yawar Siddiqui
B1CEaMbR-,2018,Daniel Cremers
B18WgG-CZ,2018,Sandeep Subramanian
B18WgG-CZ,2018,Adam Trischler
B18WgG-CZ,2018,Yoshua Bengio
B18WgG-CZ,2018,Christopher J Pal
B17JTOe0-,2018,Christopher J. Cueva
B17JTOe0-,2018,Xue-Xin Wei
B16yEqkCZ,2018,Zachary C. Lipton
B16yEqkCZ,2018,Kamyar Azizzadenesheli
B16yEqkCZ,2018,Abhishek Kumar
B16yEqkCZ,2018,Lihong Li
B16yEqkCZ,2018,Jianfeng Gao
B16yEqkCZ,2018,Li Deng
B16_iGWCW,2018,Wei Zhang
B16_iGWCW,2018,Qiuyu Chen
B16_iGWCW,2018,Jun Yu
B16_iGWCW,2018,Jianping Fan
B14uJzW0b,2018,Chenwei Wu
B14uJzW0b,2018,Jiajun Luo
B14uJzW0b,2018,Jason D. Lee
B14TlG-RW,2018,Adams Wei Yu
B14TlG-RW,2018,David Dohan
B14TlG-RW,2018,Minh-Thang Luong
B14TlG-RW,2018,Rui Zhao
B14TlG-RW,2018,Kai Chen
B14TlG-RW,2018,Mohammad Norouzi
B14TlG-RW,2018,Quoc V. Le
B13njo1R-,2018,Glen Berseth
B13njo1R-,2018,Cheng Xie
B13njo1R-,2018,Paul Cernek
B13njo1R-,2018,Michiel Van de Panne
B13EC5u6W,2018,Jarrel Seah
B13EC5u6W,2018,Jennifer Tang
B13EC5u6W,2018,Andy Kitchen
B13EC5u6W,2018,Jonathan Seah
B12Js_yRb,2018,Yan Zhang
B12Js_yRb,2018,Jonathon Hare
B12Js_yRb,2018,Adam Prügel-Bennett
ryzfcoR5YQ,2019,Peize Zhao
ryzfcoR5YQ,2019,Danfeng Cai
ryzfcoR5YQ,2019,Shaokun Zhang
ryzfcoR5YQ,2019,Feng Chen
ryzfcoR5YQ,2019,Zhemin Zhang
ryzfcoR5YQ,2019,Cheng Wang
ryzfcoR5YQ,2019,Jonathan Li
ryza73R9tQ,2019,Lijun Wu
ryza73R9tQ,2019,Jinhua Zhu
ryza73R9tQ,2019,Di He
ryza73R9tQ,2019,Fei Gao
ryza73R9tQ,2019,Xu Tan
ryza73R9tQ,2019,Tao Qin
ryza73R9tQ,2019,Tie-Yan Liu
ryzHXnR5Y7,2019,Cody Coleman
ryzHXnR5Y7,2019,Stephen Mussmann
ryzHXnR5Y7,2019,Baharan Mirzasoleiman
ryzHXnR5Y7,2019,Peter Bailis
ryzHXnR5Y7,2019,Percy Liang
ryzHXnR5Y7,2019,Jure Leskovec
ryzHXnR5Y7,2019,Matei Zaharia
ryzECoAcY7,2019,Andrew Levy
ryzECoAcY7,2019,George Konidaris
ryzECoAcY7,2019,Robert Platt
ryzECoAcY7,2019,Kate Saenko
ryxyHnR5tX,2019,Ke Li
ryxyHnR5tX,2019,Jitendra Malik
ryxxCiRqYX,2019,Adel Bibi
ryxxCiRqYX,2019,Bernard Ghanem
ryxxCiRqYX,2019,Vladlen Koltun
ryxxCiRqYX,2019,Rene Ranftl
ryxwJhC9YX,2019,Sangwoo Mo
ryxwJhC9YX,2019,Minsu Cho
ryxwJhC9YX,2019,Jinwoo Shin
ryxsS3A5Km,2019,Xilai Li
ryxsS3A5Km,2019,Yingbo Zhou
ryxsS3A5Km,2019,Tianfu Wu
ryxsS3A5Km,2019,Richard Socher
ryxsS3A5Km,2019,Caiming Xiong
ryxnHhRqFm,2019,Chien-Sheng Wu
ryxnHhRqFm,2019,Richard Socher
ryxnHhRqFm,2019,Caiming Xiong
ryxjH3R5KQ,2019,Xinbang Zhang
ryxjH3R5KQ,2019,Zehao Huang
ryxjH3R5KQ,2019,Naiyan Wang
ryxhynC9KX,2019,Yu Wang
ryxhynC9KX,2019,Fengjuan Gao
ryxhynC9KX,2019,Amin Alipour
ryxhynC9KX,2019,Linzhang Wang
ryxhynC9KX,2019,Xuandong Li
ryxhynC9KX,2019,Zhendong Su
ryxhB3CcK7,2019,Ramakrishna Vedantam
ryxhB3CcK7,2019,Stefan Lee
ryxhB3CcK7,2019,Marcus Rohrbach
ryxhB3CcK7,2019,Dhruv Batra
ryxhB3CcK7,2019,Devi Parikh
ryxepo0cFX,2019,Bo Chang
ryxepo0cFX,2019,Minmin Chen
ryxepo0cFX,2019,Eldad Haber
ryxepo0cFX,2019,Ed H. Chi
ryxeB30cYX,2019,Wonjun Yoon
ryxeB30cYX,2019,Jisuk Park
ryxeB30cYX,2019,Daeshik Kim
ryxaSsActQ,2019,Yingting Wu
ryxaSsActQ,2019,Hai Zhao
ryxaSsActQ,2019,Rui Wang
ryxY73AcK7,2019,Cem Anil
ryxY73AcK7,2019,James Lucas
ryxY73AcK7,2019,Roger B. Grosse
ryxSrhC9KX,2019,Charles Y. Zheng
ryxSrhC9KX,2019,Francisco Pereira
ryxSrhC9KX,2019,Chris I. Baker
ryxSrhC9KX,2019,Martin N. Hebart
ryxOIsA5FQ,2019,Peng Yuankai
ryxMX2R9YQ,2019,Tengfei Ma
ryxMX2R9YQ,2019,Cao Xiao
ryxMX2R9YQ,2019,Junyuan Shang
ryxMX2R9YQ,2019,Jimeng Sun
ryxLG2RcYX,2019,Evan Zheran Liu
ryxLG2RcYX,2019,Ramtin Keramati
ryxLG2RcYX,2019,Sudarshan Seshadri
ryxLG2RcYX,2019,Kelvin Guu
ryxLG2RcYX,2019,Panupong Pasupat
ryxLG2RcYX,2019,Emma Brunskill
ryxLG2RcYX,2019,Percy Liang
ryxHii09KQ,2019,Guy Hacohen
ryxHii09KQ,2019,Daphna Weinshall
ryxDjjCqtQ,2019,Chaochao Lu
ryxDjjCqtQ,2019,José Miguel Hernández Lobato
ryxDUs05KQ,2019,Yi-Lin Sung
ryxDUs05KQ,2019,Sung-Hsien Hsieh
ryxDUs05KQ,2019,Soo-Chang Pei
ryxDUs05KQ,2019,Chun-Shien Lu
ryx3_iAcY7,2019,Dirk Weissenborn
ryx3_iAcY7,2019,Douwe Kiela
ryx3_iAcY7,2019,Jason Weston
ryx3_iAcY7,2019,Kyunghyun Cho
rylxxhRctX,2019,Thomas LUCAS
rylxxhRctX,2019,Konstantin SHMELKOV
rylxxhRctX,2019,Karteek ALAHARI
rylxxhRctX,2019,Cordelia SCHMID
rylxxhRctX,2019,Jakob VERBEEK
rylqooRqK7,2019,Sirui Xie
rylqooRqK7,2019,Hehui Zheng
rylqooRqK7,2019,Chunxiao Liu
rylqooRqK7,2019,Liang Lin
ryljV2A5KX,2019,Insu Jeon
ryljV2A5KX,2019,Wonkwang Lee
ryljV2A5KX,2019,Gunhee Kim
rylhToC5YQ,2019,Eric Chu
rylhToC5YQ,2019,Peter J. Liu
rylbWhC5Ym,2019,Ishan Durugkar
rylbWhC5Ym,2019,Bo Liu
rylbWhC5Ym,2019,Peter Stone
rylWVnR5YQ,2019,Long Sha
rylWVnR5YQ,2019,Jonathan Schwarcz
rylWVnR5YQ,2019,Pengyu Hong
rylV6i09tX,2019,Fuxun Yu
rylV6i09tX,2019,Chenchen Liu
rylV6i09tX,2019,Yanzhi Wang
rylV6i09tX,2019,Xiang Chen
rylV-2C9KQ,2019,Reinhard Heckel
rylV-2C9KQ,2019,Paul Hand
rylNH20qFQ,2019,Yonglong Tian
rylNH20qFQ,2019,Andrew Luo
rylNH20qFQ,2019,Xingyuan Sun
rylNH20qFQ,2019,Kevin Ellis
rylNH20qFQ,2019,William T. Freeman
rylNH20qFQ,2019,Joshua B. Tenenbaum
rylNH20qFQ,2019,Jiajun Wu
rylKB3A9Fm,2019,Charles Packer*
rylKB3A9Fm,2019,Katelyn Gao*
rylKB3A9Fm,2019,Jernej Kos
rylKB3A9Fm,2019,Philipp Krahenbuhl
rylKB3A9Fm,2019,Vladlen Koltun
rylKB3A9Fm,2019,Dawn Song
rylIy3R9K7,2019,Songtao Lu
rylIy3R9K7,2019,Rahul Singh
rylIy3R9K7,2019,Xiangyi Chen
rylIy3R9K7,2019,Yongxin Chen
rylIy3R9K7,2019,Mingyi Hong
rylIAsCqYm,2019,Robert Hannah
rylIAsCqYm,2019,Fei Feng
rylIAsCqYm,2019,Wotao Yin
rylDfnCqF7,2019,Junxian He
rylDfnCqF7,2019,Daniel Spokoyny
rylDfnCqF7,2019,Graham Neubig
rylDfnCqF7,2019,Taylor Berg-Kirkpatrick
ryl8-3AcFX,2019,Wenxuan Zhou
ryl8-3AcFX,2019,Lerrel Pinto
ryl8-3AcFX,2019,Abhinav Gupta
ryl5khRcKm,2019,Elisabeth Rumetshofer
ryl5khRcKm,2019,Markus Hofmarcher
ryl5khRcKm,2019,Clemens Röhrl
ryl5khRcKm,2019,Sepp Hochreiter
ryl5khRcKm,2019,Günter Klambauer
rygunsAqYQ,2019,Ke Li
rygunsAqYQ,2019,Jitendra Malik
rygrBhC5tQ,2019,Youngwoon Lee*
rygrBhC5tQ,2019,Shao-Hua Sun*
rygrBhC5tQ,2019,Sriram Somasundaram
rygrBhC5tQ,2019,Edward S. Hu
rygrBhC5tQ,2019,Joseph J. Lim
rygqqsA9KX,2019,Yao-Hung Hubert Tsai
rygqqsA9KX,2019,Paul Pu Liang
rygqqsA9KX,2019,Amir Zadeh
rygqqsA9KX,2019,Louis-Philippe Morency
rygqqsA9KX,2019,Ruslan Salakhutdinov
rygp3iRcF7,2019,Yang Li
rygp3iRcF7,2019,Lukasz Kaiser
rygp3iRcF7,2019,Samy Bengio
rygp3iRcF7,2019,Si Si
rygo9iR9F7,2019,Shaokai Ye
rygo9iR9F7,2019,Tianyun Zhang
rygo9iR9F7,2019,Kaiqi Zhang
rygo9iR9F7,2019,Jiayu Li
rygo9iR9F7,2019,Kaidi Xu
rygo9iR9F7,2019,Yunfei Yang
rygo9iR9F7,2019,Fuxun Yu
rygo9iR9F7,2019,Jian Tang
rygo9iR9F7,2019,Makan Fardad
rygo9iR9F7,2019,Sijia Liu
rygo9iR9F7,2019,Xiang Chen
rygo9iR9F7,2019,Xue Lin
rygo9iR9F7,2019,Yanzhi Wang
rygnfn0qF7,2019,Ming-Wei Chang
rygnfn0qF7,2019,Kristina Toutanova
rygnfn0qF7,2019,Kenton Lee
rygnfn0qF7,2019,Jacob Devlin
rygkk305YQ,2019,Wei-Ning Hsu
rygkk305YQ,2019,Yu Zhang
rygkk305YQ,2019,Ron J. Weiss
rygkk305YQ,2019,Heiga Zen
rygkk305YQ,2019,Yonghui Wu
rygkk305YQ,2019,Yuxuan Wang
rygkk305YQ,2019,Yuan Cao
rygkk305YQ,2019,Ye Jia
rygkk305YQ,2019,Zhifeng Chen
rygkk305YQ,2019,Jonathan Shen
rygkk305YQ,2019,Patrick Nguyen
rygkk305YQ,2019,Ruoming Pang
rygk9oA9Ym,2019,Nilesh Kulkarni
rygk9oA9Ym,2019,Ishan Misra
rygk9oA9Ym,2019,Shubham Tulsiani
rygk9oA9Ym,2019,Abhinav Gupta
rygjcsR9Y7,2019,Vincent Fortuin
rygjcsR9Y7,2019,Matthias Hüser
rygjcsR9Y7,2019,Francesco Locatello
rygjcsR9Y7,2019,Heiko Strathmann
rygjcsR9Y7,2019,Gunnar Rätsch
rygjN3C9F7,2019,Pradeep Kr. Banerjee
rygjN3C9F7,2019,Guido Montufar
ryggIs0cYQ,2019,Ping Luo
ryggIs0cYQ,2019,Jiamin Ren
ryggIs0cYQ,2019,Zhanglin Peng
ryggIs0cYQ,2019,Ruimao Zhang
ryggIs0cYQ,2019,Jingyu Li
rygZJ2RcF7,2019,Matthew Amodio
rygZJ2RcF7,2019,David van Dijk
rygZJ2RcF7,2019,Ruth Montgomery
rygZJ2RcF7,2019,Guy Wolf
rygZJ2RcF7,2019,Smita Krishnaswamy
rygVV205KQ,2019,Scott Reed
rygVV205KQ,2019,Yusuf Aytar
rygVV205KQ,2019,Ziyu Wang
rygVV205KQ,2019,Tom Paine
rygVV205KQ,2019,Aäron van den Oord
rygVV205KQ,2019,Tobias Pfaff
rygVV205KQ,2019,Sergio Gomez
rygVV205KQ,2019,Alexander Novikov
rygVV205KQ,2019,David Budden
rygVV205KQ,2019,Oriol Vinyals
rygFmh0cKm,2019,Chin-Wei Huang
rygFmh0cKm,2019,Faruk Ahmed
rygFmh0cKm,2019,Kundan Kumar
rygFmh0cKm,2019,Alexandre Lacoste
rygFmh0cKm,2019,Aaron Courville
ryfz73C9KQ,2019,Zhaohan Daniel Guo
ryfz73C9KQ,2019,Mohammad Gheshlaghi Azar
ryfz73C9KQ,2019,Bilal Piot
ryfz73C9KQ,2019,Bernardo Avila Pires
ryfz73C9KQ,2019,Rémi Munos
ryfcCo0ctQ,2019,Zhuoran Yang
ryfcCo0ctQ,2019,Zuyue Fu
ryfcCo0ctQ,2019,Kaiqing Zhang
ryfcCo0ctQ,2019,Zhaoran Wang
ryfaViR9YX,2019,Gaëtan Hadjeres
ryfMLoCqtQ,2019,Andrew K. Lampinen
ryfMLoCqtQ,2019,Surya Ganguli
ryf7ioRqFX,2019,Bhargav Kanuparthi
ryf7ioRqFX,2019,Devansh Arpit
ryf7ioRqFX,2019,Giancarlo Kerg
ryf7ioRqFX,2019,Nan Rosemary Ke
ryf7ioRqFX,2019,Ioannis Mitliagkas
ryf7ioRqFX,2019,Yoshua Bengio
ryf6Fs09YX,2019,Yulai Cong
ryf6Fs09YX,2019,Miaoyun Zhao
ryf6Fs09YX,2019,Ke Bai
ryf6Fs09YX,2019,Lawrence Carin
ryeyti0qKX,2019,Daeyoung Choi
ryeyti0qKX,2019,Wonjong Rhee
ryeyti0qKX,2019,Kyungeun Lee
ryeyti0qKX,2019,Changho Shin
ryewE3R5YX,2019,Chaowei Xiao
ryewE3R5YX,2019,Xinlei Pan
ryewE3R5YX,2019,Warren He
ryewE3R5YX,2019,Bo Li
ryewE3R5YX,2019,Jian Peng
ryewE3R5YX,2019,Mingjie Sun
ryewE3R5YX,2019,Jinfeng Yi
ryewE3R5YX,2019,Mingyan Liu
ryewE3R5YX,2019,Dawn Song.
ryetZ20ctX,2019,Ji Lin
ryetZ20ctX,2019,Chuang Gan
ryetZ20ctX,2019,Song Han
ryepUj0qtX,2019,Bo Kang
ryepUj0qtX,2019,Jefrey Lijffijt
ryepUj0qtX,2019,Tijl De Bie
ryeoxnRqKQ,2019,Yandong Li
ryeoxnRqKQ,2019,Lijun Li
ryeoxnRqKQ,2019,Liqiang Wang
ryeoxnRqKQ,2019,Tong Zhang
ryeoxnRqKQ,2019,Boqing Gong
ryemosC9tm,2019,Pengzhi Huang
ryemosC9tm,2019,Emre Gonultas
ryemosC9tm,2019,Said Medjkouh
ryemosC9tm,2019,Oscar Castaneda
ryemosC9tm,2019,Olav Tirkkonen
ryemosC9tm,2019,Tom Goldstein
ryemosC9tm,2019,Christoph Studer
ryekdoCqF7,2019,Qi Tan
ryekdoCqF7,2019,Pingzhong Tang
ryekdoCqF7,2019,Ke Xu
ryekdoCqF7,2019,Weiran Shen
ryekdoCqF7,2019,Song Zuo
ryeh4jA9F7,2019,Julien Perolet
ryeh4jA9F7,2019,Mateusz Malinowski
ryeh4jA9F7,2019,Bilal Piot
ryeh4jA9F7,2019,Olivier Pietquin
ryeaZhRqFm,2019,Naganand Yadati
ryeaZhRqFm,2019,Vikram Nitin
ryeaZhRqFm,2019,Madhav Nimishakavi
ryeaZhRqFm,2019,Prateek Yadav
ryeaZhRqFm,2019,Anand Louis
ryeaZhRqFm,2019,Partha Talukdar
ryeYHi0ctQ,2019,Sunghoon Im
ryeYHi0ctQ,2019,Hae-Gon Jeon
ryeYHi0ctQ,2019,Stephen Lin
ryeYHi0ctQ,2019,In So Kweon
ryeX-nC9YQ,2019,Zheng Li
ryeX-nC9YQ,2019,Christopher De Sa
ryeOSnAqYm,2019,Richard Shin
ryeOSnAqYm,2019,Neel Kant
ryeOSnAqYm,2019,Kavi Gupta
ryeOSnAqYm,2019,Chris Bender
ryeOSnAqYm,2019,Brandon Trabucco
ryeOSnAqYm,2019,Rishabh Singh
ryeOSnAqYm,2019,Dawn Song
ryeNPi0qKX,2019,Kelly W. Zhang
ryeNPi0qKX,2019,Samuel R. Bowman
ryeAy3AqYm,2019,Matthew Mirman
ryeAy3AqYm,2019,Marc Fischer
ryeAy3AqYm,2019,Martin Vechev
rye7knCqK7,2019,Amanpreet Singh
rye7knCqK7,2019,Tushar Jain
rye7knCqK7,2019,Sainbayar Sukhbaatar
rye7XnRqFm,2019,Fabio Pardo
rye7XnRqFm,2019,Vitaly Levdik
rye7XnRqFm,2019,Petar Kormushev
rye4g3AqFm,2019,Guillermo Valle-Perez
rye4g3AqFm,2019,Chico Q. Camargo
rye4g3AqFm,2019,Ard A. Louis
ryM_IoAqYX,2019,Lu Hou
ryM_IoAqYX,2019,Ruiliang Zhang
ryM_IoAqYX,2019,James T. Kwok
ryMQ5sRqYX,2019,Ya-Ping Hsieh
ryMQ5sRqYX,2019,Chen Liu
ryMQ5sRqYX,2019,Volkan Cevher
ryM07h0cYX,2019,Aijun Bai
ryM07h0cYX,2019,Dongdong Chen
ryM07h0cYX,2019,Gang Hua
ryM07h0cYX,2019,Lu Yuan
ryGvcoA5YX,2019,Wenpeng Hu
ryGvcoA5YX,2019,Zhou Lin
ryGvcoA5YX,2019,Bing Liu
ryGvcoA5YX,2019,Chongyang Tao
ryGvcoA5YX,2019,Zhengwei Tao
ryGvcoA5YX,2019,Jinwen Ma
ryGvcoA5YX,2019,Dongyan Zhao
ryGvcoA5YX,2019,Rui Yan
ryGs6iA5Km,2019,Keyulu Xu*
ryGs6iA5Km,2019,Weihua Hu*
ryGs6iA5Km,2019,Jure Leskovec
ryGs6iA5Km,2019,Stefanie Jegelka
ryGpEiAcFQ,2019,Chang Li
ryGkSo0qYm,2019,Vassilis Kalofolias
ryGkSo0qYm,2019,Nathanaël Perraudin
ryGiYoAqt7,2019,Rajesh Devaraddi
ryGiYoAqt7,2019,G. Srinivasaraghavan
ryGgSsAcFQ,2019,Jesse Johnson
ryGfnoC5KQ,2019,Christopher Roth
ryGfnoC5KQ,2019,Ingmar Kanitscheider
ryGfnoC5KQ,2019,Ila Fiete
ryGDEjCcK7,2019,Aaron Defazio
ryG8UsR5t7,2019,michel moukari
ryG8UsR5t7,2019,loïc simon
ryG8UsR5t7,2019,sylvaine picard
ryG8UsR5t7,2019,frédéric jurie
ryG2Cs09Y7,2019,Chihuang Liu
ryG2Cs09Y7,2019,Joseph JaJa
ryEkcsActX,2019,Pouya Bashivan
ryEkcsActX,2019,Mark Tensen
ryEkcsActX,2019,James J DiCarlo
ryE98iR5tm,2019,James Townsend
ryE98iR5tm,2019,Thomas Bird
ryE98iR5tm,2019,David Barber
rkzjUoAcFX,2019,Yutian Chen
rkzjUoAcFX,2019,Yannis Assael
rkzjUoAcFX,2019,Brendan Shillingford
rkzjUoAcFX,2019,David Budden
rkzjUoAcFX,2019,Scott Reed
rkzjUoAcFX,2019,Heiga Zen
rkzjUoAcFX,2019,Quan Wang
rkzjUoAcFX,2019,Luis C. Cobo
rkzjUoAcFX,2019,Andrew Trask
rkzjUoAcFX,2019,Ben Laurie
rkzjUoAcFX,2019,Caglar Gulcehre
rkzjUoAcFX,2019,Aäron van den Oord
rkzjUoAcFX,2019,Oriol Vinyals
rkzjUoAcFX,2019,Nando de Freitas
rkzfuiA9F7,2019,Christian Simon
rkzfuiA9F7,2019,Piotr Koniusz
rkzfuiA9F7,2019,Mehrtash Harandi
rkzUYjCcFm,2019,Mohammad K. Ebrahimpour
rkzUYjCcFm,2019,David C. Noelle
rkzDIiA5YQ,2019,Nuwan Ferdinand
rkzDIiA5YQ,2019,Haider Al-Lawati
rkzDIiA5YQ,2019,Stark Draper
rkzDIiA5YQ,2019,Matthew Nokleby
rkxwShA9Ym,2019,Kolya Malkin
rkxwShA9Ym,2019,Caleb Robinson
rkxwShA9Ym,2019,Le Hou
rkxwShA9Ym,2019,Rachel Soobitsky
rkxwShA9Ym,2019,Jacob Czawlytko
rkxwShA9Ym,2019,Dimitris Samaras
rkxwShA9Ym,2019,Joel Saltz
rkxwShA9Ym,2019,Lucas Joppa
rkxwShA9Ym,2019,Nebojsa Jojic
rkxw-hAcFQ,2019,Eric Zhan
rkxw-hAcFQ,2019,Stephan Zheng
rkxw-hAcFQ,2019,Yisong Yue
rkxw-hAcFQ,2019,Long Sha
rkxw-hAcFQ,2019,Patrick Lucey
rkxusjRctQ,2019,Dan Rosenbaum
rkxusjRctQ,2019,Frederic Besse
rkxusjRctQ,2019,Fabio Viola
rkxusjRctQ,2019,Danilo J. Rezende
rkxusjRctQ,2019,S. M. Ali Eslami
rkxtl3C5YX,2019,Ravichandra Addanki
rkxtl3C5YX,2019,Mohammad Alizadeh
rkxtl3C5YX,2019,Shaileshh Bojja Venkatakrishnan
rkxtl3C5YX,2019,Devavrat Shah
rkxtl3C5YX,2019,Qiaomin Xie
rkxtl3C5YX,2019,Zhi Xu
rkxt8oC9FQ,2019,Patrick Schwab
rkxt8oC9FQ,2019,Lorenz Linhardt
rkxt8oC9FQ,2019,Walter Karlen
rkxraoRcF7,2019,Adria Ruiz
rkxraoRcF7,2019,Oriol Martinez
rkxraoRcF7,2019,Xavier Binefa
rkxraoRcF7,2019,Jakob Verbeek
rkxoNnC5FQ,2019,Kuan-Hui Lee
rkxoNnC5FQ,2019,German Ros
rkxoNnC5FQ,2019,Jie Li
rkxoNnC5FQ,2019,Adrien Gaidon
rkxn7nR5KX,2019,Mengye Ren
rkxn7nR5KX,2019,Renjie Liao
rkxn7nR5KX,2019,Ethan Fetaya
rkxn7nR5KX,2019,Richard S. Zemel
rkxkHnA5tX,2019,Te-Lin Wu
rkxkHnA5tX,2019,Jaedong Hwang
rkxkHnA5tX,2019,Jingyun Yang
rkxkHnA5tX,2019,Shaofan Lai
rkxkHnA5tX,2019,Carl Vondrick
rkxkHnA5tX,2019,Joseph J. Lim
rkxjnjA5KQ,2019,Shani Gamrian
rkxjnjA5KQ,2019,Yoav Goldberg
rkxhX209FX,2019,Sai Kiran Narayanaswami
rkxhX209FX,2019,Nandan Sudarsanam
rkxhX209FX,2019,Balaraman Ravindran
rkxfjjA5Km,2019,Ying Liu
rkxfjjA5Km,2019,Cheng Zheng
rkxd2oR9Y7,2019,Naman Agarwal
rkxd2oR9Y7,2019,Brian Bullins
rkxd2oR9Y7,2019,Xinyi Chen
rkxd2oR9Y7,2019,Elad Hazan
rkxd2oR9Y7,2019,Karan Singh
rkxd2oR9Y7,2019,Cyril Zhang
rkxd2oR9Y7,2019,Yi Zhang
rkxciiC9tm,2019,Sirui Xie
rkxciiC9tm,2019,Junning Huang
rkxciiC9tm,2019,Lanxin Lei
rkxciiC9tm,2019,Chunxiao Liu
rkxciiC9tm,2019,Zheng Ma
rkxciiC9tm,2019,Wei Zhang
rkxciiC9tm,2019,Liang Lin
rkxacs0qY7,2019,Shengyang Sun
rkxacs0qY7,2019,Guodong Zhang
rkxacs0qY7,2019,Jiaxin Shi
rkxacs0qY7,2019,Roger Grosse
rkxaNjA9Ym,2019,Charbel Sakr
rkxaNjA9Ym,2019,Naresh Shanbhag
rkxQ-nA9FX,2019,Sanjeev Arora
rkxQ-nA9FX,2019,Zhiyuan Li
rkxQ-nA9FX,2019,Kaifeng Lyu
rkxJus0cFX,2019,Jiarui Fang
rkxJus0cFX,2019,Cho-Jui Hsieh
rkx8l3Cctm,2019,Elad Sarafian
rkx8l3Cctm,2019,Aviv Tamar
rkx8l3Cctm,2019,Sarit Kraus
rkx1m2C5YQ,2019,Philipp Becker
rkx1m2C5YQ,2019,Harit Pandya
rkx1m2C5YQ,2019,Gregor H.W. Gebhardt
rkx1m2C5YQ,2019,Cheng Zhao
rkx1m2C5YQ,2019,Gerhard Neumann
rkx0g3R5tX,2019,Ugo Tanielian
rkx0g3R5tX,2019,Flavian vasile
rkx0g3R5tX,2019,Mike Gartrell
rklz9iAcKQ,2019,Petar Veličković
rklz9iAcKQ,2019,William Fedus
rklz9iAcKQ,2019,William L. Hamilton
rklz9iAcKQ,2019,Pietro Liò
rklz9iAcKQ,2019,Yoshua Bengio
rklz9iAcKQ,2019,R Devon Hjelm
rklwwo05Ym,2019,Gábor Melis
rklwwo05Ym,2019,Charles Blundell
rklwwo05Ym,2019,Tomáš Kočiský
rklwwo05Ym,2019,Karl Moritz Hermann
rklwwo05Ym,2019,Chris Dyer
rklwwo05Ym,2019,Phil Blunsom
rkluJ2R9KQ,2019,Weiwei Kong
rkluJ2R9KQ,2019,Christopher Liaw
rkluJ2R9KQ,2019,Aranyak Mehta
rkluJ2R9KQ,2019,D. Sivakumar
rklhb2R9Y7,2019,Konrad Zolna
rklhb2R9Y7,2019,Negar Rostamzadeh
rklhb2R9Y7,2019,Yoshua Bengio
rklhb2R9Y7,2019,Sungjin Ahn
rklhb2R9Y7,2019,Pedro O. Pinheiro
rkle3i09K7,2019,Kimin Lee
rkle3i09K7,2019,Sukmin Yun
rkle3i09K7,2019,Kibok Lee
rkle3i09K7,2019,Honglak Lee
rkle3i09K7,2019,Bo Li
rkle3i09K7,2019,Jinwoo Shin
rklaWn0qK7,2019,Jun-Ting Hsieh
rklaWn0qK7,2019,Shengjia Zhao
rklaWn0qK7,2019,Stephan Eismann
rklaWn0qK7,2019,Lucia Mirabella
rklaWn0qK7,2019,Stefano Ermon
rklXaoAcFX,2019,Nina Miolane
rklXaoAcFX,2019,Johan Mathe
rklXaoAcFX,2019,Claire Donnat
rklXaoAcFX,2019,Mikael Jorda
rklXaoAcFX,2019,Xavier Pennec
rklQas09tm,2019,Mo Yu
rklQas09tm,2019,Shiyu Chang
rklQas09tm,2019,Tommi S Jaakkola
rklEUjR5tm,2019,Haoyi Xiong
rklEUjR5tm,2019,Wenqing Hu
rklEUjR5tm,2019,Zhanxing Zhu
rklEUjR5tm,2019,Xinjian Li
rklEUjR5tm,2019,Yunchao Zhang
rklEUjR5tm,2019,Jun Huan
rkl6As0cF7,2019,Ying Wen
rkl6As0cF7,2019,Yaodong Yang
rkl6As0cF7,2019,Rui Luo
rkl6As0cF7,2019,Jun Wang
rkl6As0cF7,2019,Wei Pan
rkl4M3R5K7,2019,Juan C. Perdomo
rkl4M3R5K7,2019,Yaron Singer
rkl42iA5t7,2019,Xavier Suau
rkl42iA5t7,2019,Luca Zappella
rkl42iA5t7,2019,Nicholas Apostoloff
rkl3-hA5Y7,2019,Jiaming Luo
rkl3-hA5Y7,2019,Yuan Cao
rkl3-hA5Y7,2019,Yonghui Wu
rkgwuiA9F7,2019,Jacek Tabor
rkgwuiA9F7,2019,Szymon Knop
rkgwuiA9F7,2019,Przemysław Spurek
rkgwuiA9F7,2019,Igor Podolak
rkgwuiA9F7,2019,Marcin Mazur
rkgwuiA9F7,2019,Stanisław Jastrzębski
rkgv9oRqtQ,2019,Agustinus Kristiadi
rkgv9oRqtQ,2019,Asja Fischer
rkgsvoA9K7,2019,Weonyoung Joo
rkgsvoA9K7,2019,Wonsung Lee
rkgsvoA9K7,2019,Sungrae Park
rkgsvoA9K7,2019,and Il-Chul Moon
rkgqCiRqKQ,2019,Rohin Shah
rkgqCiRqKQ,2019,Noah Gundotra
rkgqCiRqKQ,2019,Pieter Abbeel
rkgqCiRqKQ,2019,Anca Dragan
rkgpy3C5tX,2019,Sachin Ravi
rkgpy3C5tX,2019,Alex Beatson
rkgpCoRctm,2019,Igor M. Quintanilha
rkgpCoRctm,2019,Roberto de M. E. Filho
rkgpCoRctm,2019,José Lezama
rkgpCoRctm,2019,Mauricio Delbracio
rkgpCoRctm,2019,Leonardo O. Nunes
rkgoyn09KQ,2019,Pankaj Gupta
rkgoyn09KQ,2019,Yatin Chaudhary
rkgoyn09KQ,2019,Florian Buettner
rkgoyn09KQ,2019,Hinrich Schuetze
rkglvsC9Ym,2019,Pengfei Chen
rkglvsC9Ym,2019,Guangyong Chen
rkglvsC9Ym,2019,Shengyu Zhang
rkgfWh0qKX,2019,Trieu H. Trinh
rkgfWh0qKX,2019,Quoc V. Le
rkgd0iA9FQ,2019,Soham De
rkgd0iA9FQ,2019,Anirbit Mukherjee
rkgd0iA9FQ,2019,Enayat Ullah
rkgbwsAcYm,2019,Xingjian Li
rkgbwsAcYm,2019,Haoyi Xiong
rkgbwsAcYm,2019,Hanchao Wang
rkgbwsAcYm,2019,Yuxuan Rao
rkgbwsAcYm,2019,Liping Liu
rkgbwsAcYm,2019,Jun Huan
rkgZ3oR9FX,2019,Panos Achlioptas
rkgZ3oR9FX,2019,Judy E. Fan
rkgZ3oR9FX,2019,Robert X.D. Hawkins
rkgZ3oR9FX,2019,Noah D. Goodman
rkgZ3oR9FX,2019,Leo Guibas
rkgW0oA9FX,2019,Chris Zhang
rkgW0oA9FX,2019,Mengye Ren
rkgW0oA9FX,2019,Raquel Urtasun
rkgT3jRct7,2019,Sang-Woo Lee
rkgT3jRct7,2019,Tong Gao
rkgT3jRct7,2019,Sohee Yang
rkgT3jRct7,2019,Jaejun Yoo
rkgT3jRct7,2019,Jung-Woo Ha
rkgMNnC9YQ,2019,Daby Sow
rkgMNnC9YQ,2019,Mohamed Ghalwash
rkgMNnC9YQ,2019,Zach Shahn
rkgMNnC9YQ,2019,Sanjoy Dey
rkgMNnC9YQ,2019,Moulay Draidia
rkgMNnC9YQ,2019,Li-wei Lehmann
rkgKBhA5Y7,2019,Ben Athiwaratkun
rkgKBhA5Y7,2019,Marc Finzi
rkgKBhA5Y7,2019,Pavel Izmailov
rkgKBhA5Y7,2019,Andrew Gordon Wilson
rkgK3oC5Fm,2019,Apratim Bhattacharyya
rkgK3oC5Fm,2019,Mario Fritz
rkgK3oC5Fm,2019,Bernt Schiele
rkgBHoCqYX,2019,Mohamed El Amine Seddik
rkgBHoCqYX,2019,Mohamed Tamaazousti
rkgBHoCqYX,2019,Romain Couillet
rkg5fh0ctQ,2019,Yaohua Tang
rkg5fh0ctQ,2019,Kaixiang Mo
rkg5fh0ctQ,2019,Qian Xu
rkg5fh0ctQ,2019,Chao Zhang
rkg5fh0ctQ,2019,Qiang Yang
rkevMnRqYQ,2019,Rohin Shah
rkevMnRqYQ,2019,Dmitrii Krasheninnikov
rkevMnRqYQ,2019,Jordan Alexander
rkevMnRqYQ,2019,Pieter Abbeel
rkevMnRqYQ,2019,Anca Dragan
rket4i0qtX,2019,Alexander Kuhnle
rket4i0qtX,2019,Ann Copestake
rkeqCoA5tX,2019,Mohammadreza Soltani
rkeqCoA5tX,2019,Swayambhoo Jain
rkeqCoA5tX,2019,Abhinav V. Sambasivan
rkemqsC9Fm,2019,Luis A. Lastras-Montaño
rke_YiRct7,2019,Chulhee Yun
rke_YiRct7,2019,Suvrit Sra
rke_YiRct7,2019,Ali Jadbabaie
rkeYUsRqKQ,2019,Oluwatobi O. Olabiyi
rkeYUsRqKQ,2019,Anish Khazane
rkeYUsRqKQ,2019,Alan Salimov
rkeYUsRqKQ,2019,Erik T.Mueller
rkeX-3Rqtm,2019,Lukas Nabergall
rkeX-3Rqtm,2019,Justin Toth
rkeX-3Rqtm,2019,Leah Cousins
rkeUrjCcYQ,2019,Linfeng Zhang
rkeUrjCcYQ,2019,Weinan E
rkeUrjCcYQ,2019,Lei Wang
rkeT8iR9Y7,2019,Cheolhyoung Lee
rkeT8iR9Y7,2019,Kyunghyun Cho
rkeT8iR9Y7,2019,Wanmo Kang
rkeSiiA5Fm,2019,Min Liu
rkeSiiA5Fm,2019,Fupin Yao
rkeSiiA5Fm,2019,Chiho Choi
rkeSiiA5Fm,2019,Ayan Sinha
rkeSiiA5Fm,2019,Karthik Ramani
rkeMHjR9Ym,2019,Samet Oymak
rke8ZhCcFQ,2019,Xiaoyun Wang
rke8ZhCcFQ,2019,Joe Eaton
rke8ZhCcFQ,2019,Cho-Jui Hsieh
rke8ZhCcFQ,2019,Felix Wu
rke4HiAcY7,2019,Artemy Kolchinsky
rke4HiAcY7,2019,Brendan D. Tracey
rke4HiAcY7,2019,Steven Van Kuyk
rke41hC5Km,2019,Junyi Li
rke41hC5Km,2019,Xintong Wang
rke41hC5Km,2019,Yaoyang Lin
rke41hC5Km,2019,Arunesh Sinha
rke41hC5Km,2019,Michael P. Wellman
rkVOXhAqY7,2019,Ian Fischer
rkMnHjC5YQ,2019,Simon S. Du
rkMnHjC5YQ,2019,Surbhi Goel
rkMhusC5Y7,2019,Rodrigo Nogueira
rkMhusC5Y7,2019,Jannis Bulian
rkMhusC5Y7,2019,Massimiliano Ciaramita
rkMW1hRqKX,2019,Sara Sabour
rkMW1hRqKX,2019,William Chan
rkMW1hRqKX,2019,Mohammad Norouzi
rkMD73A5FX,2019,Michael Tsang
rkMD73A5FX,2019,Youbang Sun
rkMD73A5FX,2019,Dongxu Ren
rkMD73A5FX,2019,Beibei Xin
rkMD73A5FX,2019,Yan Liu
rkGcYi09Km,2019,Chanakya Malireddy
rkGcYi09Km,2019,Tirth Maniar
rkGcYi09Km,2019,Sajal Maheshwari
rkGcYi09Km,2019,Manish Shrivastava
rkGG6s0qKQ,2019,Karol Kurach
rkGG6s0qKQ,2019,Mario Lucic
rkGG6s0qKQ,2019,Xiaohua Zhai
rkGG6s0qKQ,2019,Marcin Michalski
rkGG6s0qKQ,2019,Sylvain Gelly
rk4Wf30qKQ,2019,Sanghyun Hong
rk4Wf30qKQ,2019,Michael Davinroy
rk4Wf30qKQ,2019,Yigitcan Kaya
rk4Wf30qKQ,2019,Stuart Nevans Locke
rk4Wf30qKQ,2019,Ian Rackow
rk4Wf30qKQ,2019,Kevin Kulda
rk4Wf30qKQ,2019,Dana Dachman-Soled
rk4Wf30qKQ,2019,Tudor Dumitraș
rk4Qso0cKm,2019,Xuanqing Liu
rk4Qso0cKm,2019,Yao Li
rk4Qso0cKm,2019,Chongruo Wu
rk4Qso0cKm,2019,Cho-Jui Hsieh
rJzoujRct7,2019,Zhenxing Liu
rJzoujRct7,2019,Maoyu Hu
rJzoujRct7,2019,Zhangfei Zhang
rJzLciCqKm,2019,Masahiro Kato
rJzLciCqKm,2019,Takeshi Teshima
rJzLciCqKm,2019,Junya Honda
rJxug2R9Km,2019,Amr Sharaf
rJxug2R9Km,2019,Hal Daumé III
rJxpuoCqtQ,2019,Masataro Asai
rJxgknCcK7,2019,Will Grathwohl
rJxgknCcK7,2019,Ricky T. Q. Chen
rJxgknCcK7,2019,Jesse Bettencourt
rJxgknCcK7,2019,Ilya Sutskever
rJxgknCcK7,2019,David Duvenaud
rJxcHnRqYQ,2019,Jeng-Hau Lin
rJxcHnRqYQ,2019,Yunfan Yang
rJxcHnRqYQ,2019,Rajesh K. Gupta
rJxcHnRqYQ,2019,Zhuowen Tu
rJx_b3RqY7,2019,Hanbo Li
rJx_b3RqY7,2019,Yaqing Wang
rJx_b3RqY7,2019,Changyou Chen
rJx_b3RqY7,2019,Jing Gao
rJxXDsCqYX,2019,Lei Yu
rJxXDsCqYX,2019,Cyprien de Masson d'Autume
rJxXDsCqYX,2019,Chris Dyer
rJxXDsCqYX,2019,Phil Blunsom
rJxXDsCqYX,2019,Lingpeng Kong
rJxXDsCqYX,2019,Wang Ling
rJxNAjC5F7,2019,Martin Loncaric
rJxNAjC5F7,2019,Ryan Weber
rJxNAjC5F7,2019,Bowei Liu
rJxMM2C5K7,2019,Afshin Abdi
rJxMM2C5K7,2019,Faramarz Fekri
rJxHsjRqFQ,2019,Caglar Gulcehre
rJxHsjRqFQ,2019,Misha Denil
rJxHsjRqFQ,2019,Mateusz Malinowski
rJxHsjRqFQ,2019,Ali Razavi
rJxHsjRqFQ,2019,Razvan Pascanu
rJxHsjRqFQ,2019,Karl Moritz Hermann
rJxHsjRqFQ,2019,Peter Battaglia
rJxHsjRqFQ,2019,Victor Bapst
rJxHsjRqFQ,2019,David Raposo
rJxHsjRqFQ,2019,Adam Santoro
rJxHsjRqFQ,2019,Nando de Freitas
rJxF73R9tX,2019,Sunil Thulasidasan
rJxF73R9tX,2019,Tanmoy Bhattacharya
rJxF73R9tX,2019,Jeffrey Bilmes
rJxF73R9tX,2019,Gopinath Chennupati
rJxF73R9tX,2019,Jamal Mohd-Yusof
rJlpUiAcYX,2019,Lukas Balles
rJlpUiAcYX,2019,Thomas Fischbacher
rJlnB3C5Ym,2019,Zhuang Liu
rJlnB3C5Ym,2019,Mingjie Sun
rJlnB3C5Ym,2019,Tinghui Zhou
rJlnB3C5Ym,2019,Gao Huang
rJlnB3C5Ym,2019,Trevor Darrell
rJlk6iRqKX,2019,Minhao Cheng
rJlk6iRqKX,2019,Thong Le
rJlk6iRqKX,2019,Pin-Yu Chen
rJlk6iRqKX,2019,Huan Zhang
rJlk6iRqKX,2019,JinFeng Yi
rJlk6iRqKX,2019,Cho-Jui Hsieh
rJliMh09F7,2019,Dingdong Yang
rJliMh09F7,2019,Seunghoon Hong
rJliMh09F7,2019,Yunseok Jang
rJliMh09F7,2019,Tianchen Zhao
rJliMh09F7,2019,Honglak Lee
rJlg1n05YX,2019,Kun Wan
rJlg1n05YX,2019,Boyuan Feng
rJlg1n05YX,2019,Shu Yang
rJlg1n05YX,2019,Yufei Ding
rJleN20qK7,2019,Wesley Chung
rJleN20qK7,2019,Somjit Nath
rJleN20qK7,2019,Ajin Joseph
rJleN20qK7,2019,Martha White
rJlcV2Actm,2019,Lu Liu
rJlcV2Actm,2019,Tianyi Zhou
rJlcV2Actm,2019,Guodong Long
rJlcV2Actm,2019,Jing Jiang
rJlcV2Actm,2019,Chengqi Zhang
rJl_NhR9K7,2019,Jan Stühmer
rJl_NhR9K7,2019,Richard Turner
rJl_NhR9K7,2019,Sebastian Nowozin
rJlWOj0qF7,2019,Tiansi Dong
rJlWOj0qF7,2019,Chrisitan Bauckhage
rJlWOj0qF7,2019,Hailong Jin
rJlWOj0qF7,2019,Juanzi Li
rJlWOj0qF7,2019,Olaf Cremers
rJlWOj0qF7,2019,Daniel Speicher
rJlWOj0qF7,2019,Armin B. Cremers
rJlWOj0qF7,2019,Joerg Zimmermann
rJlRKjActQ,2019,Vikas Verma
rJlRKjActQ,2019,Alex Lamb
rJlRKjActQ,2019,Christopher Beckham
rJlRKjActQ,2019,Amir Najafi
rJlRKjActQ,2019,Aaron Courville
rJlRKjActQ,2019,Ioannis Mitliagkas
rJlRKjActQ,2019,Yoshua Bengio
rJlMBjAcYX,2019,Barratt
rJlMBjAcYX,2019,Shane
rJlMBjAcYX,2019,Sharma
rJlMBjAcYX,2019,Rishi
rJlJ-2CqtX,2019,Steven Bohez
rJlJ-2CqtX,2019,Abbas Abdolmaleki
rJlJ-2CqtX,2019,Michael Neunert
rJlJ-2CqtX,2019,Jonas Buchli
rJlJ-2CqtX,2019,Nicolas Heess
rJlJ-2CqtX,2019,Raia Hadsell
rJlHIo09KQ,2019,Merlin Schüler
rJlHIo09KQ,2019,Hlynur Davíð Hlynsson
rJlHIo09KQ,2019,Laurenz Wiskott
rJlEojAqFm,2019,Andrea Tacchetti
rJlEojAqFm,2019,H. Francis Song
rJlEojAqFm,2019,Pedro A. M. Mediano
rJlEojAqFm,2019,Vinicius Zambaldi
rJlEojAqFm,2019,János Kramár
rJlEojAqFm,2019,Neil C. Rabinowitz
rJlEojAqFm,2019,Thore Graepel
rJlEojAqFm,2019,Matthew Botvinick
rJlEojAqFm,2019,Peter W. Battaglia
rJlDnoA5Y7,2019,Sachin Kumar
rJlDnoA5Y7,2019,Yulia Tsvetkov
rJl8viCqKQ,2019,Alon Brutzkus
rJl8viCqKQ,2019,Oren Elisha
rJl8viCqKQ,2019,Ran Gilad-Bachrach
rJl8FoRcY7,2019,Timo Korthals
rJl8FoRcY7,2019,Marc Hesse
rJl8FoRcY7,2019,Jürgen Leitner
rJl8BhRqF7,2019,Ruairidh M. Battleday
rJl8BhRqF7,2019,Joshua C. Peterson
rJl8BhRqF7,2019,Thomas L. Griffiths
rJl6M2C5Y7,2019,Paul Vicol
rJl6M2C5Y7,2019,Jeffery Z. HaoChen
rJl6M2C5Y7,2019,Roger Grosse
rJl4BsR5KX,2019,Yiming Xu
rJl4BsR5KX,2019,Diego Klabjan
rJl3S2A9t7,2019,Huizhuo Yuan
rJl3S2A9t7,2019,Chris Junchi Li
rJl3S2A9t7,2019,Yuhao Tang
rJl3S2A9t7,2019,Yuren Zhou
rJl2E3AcF7,2019,Shun Liao
rJl2E3AcF7,2019,Ting Chen
rJl2E3AcF7,2019,Tian Lin
rJl2E3AcF7,2019,Chong Wang
rJl2E3AcF7,2019,Dengyong Zhou
rJl0r3R9KX,2019,Kamyar Azizzadenesheli
rJl0r3R9KX,2019,Anqi Liu
rJl0r3R9KX,2019,Fanny Yang
rJl0r3R9KX,2019,Animashree Anandkumar
rJl-b3RcF7,2019,Jonathan Frankle
rJl-b3RcF7,2019,Michael Carbin
rJl-HsR9KX,2019,Daniel Gissin
rJl-HsR9KX,2019,Shai Shalev-Shwartz
rJgz8sA5F7,2019,Jangho Kim
rJgz8sA5F7,2019,Jeesoo Kim
rJgz8sA5F7,2019,Nojun Kwak
rJgvf3RcFQ,2019,Matteo Hessel
rJgvf3RcFQ,2019,Hado van Hasselt
rJgvf3RcFQ,2019,Joseph Modayil
rJgvf3RcFQ,2019,David Silver
rJgfjjC9Ym,2019,Ayan Chakrabarti
rJgfjjC9Ym,2019,Benjamin Moseley
rJgbSn09Ym,2019,Yunzhu Li
rJgbSn09Ym,2019,Jiajun Wu
rJgbSn09Ym,2019,Russ Tedrake
rJgbSn09Ym,2019,Joshua B. Tenenbaum
rJgbSn09Ym,2019,Antonio Torralba
rJg_NjCqtX,2019,Junlang Zhan
rJg_NjCqtX,2019,Hai Zhao
rJgYxn09Fm,2019,Pedro Savarese
rJgYxn09Fm,2019,Michael Maire
rJgTciR9tm,2019,Gaurav Gupta
rJgTciR9tm,2019,Mohamed Ridha Znaidi
rJgTciR9tm,2019,Paul Bogdan
rJgTTjA9tX,2019,Frederic Koehler
rJgTTjA9tX,2019,Andrej Risteski
rJgSV3AqKQ,2019,Akram Erraqabi
rJgSV3AqKQ,2019,Nicolas Le Roux
rJgP7hR5YQ,2019,Yeu-Chern Harn
rJgP7hR5YQ,2019,Zhenghao Chen
rJgP7hR5YQ,2019,Vladimir Jojic
rJgMlhRctm,2019,Jiayuan Mao
rJgMlhRctm,2019,Chuang Gan
rJgMlhRctm,2019,Pushmeet Kohli
rJgMlhRctm,2019,Joshua B. Tenenbaum
rJgMlhRctm,2019,Jiajun Wu
rJg8yhAqKm,2019,Anirudh Goyal
rJg8yhAqKm,2019,Riashat Islam
rJg8yhAqKm,2019,DJ Strouse
rJg8yhAqKm,2019,Zafarali Ahmed
rJg8yhAqKm,2019,Hugo Larochelle
rJg8yhAqKm,2019,Matthew Botvinick
rJg8yhAqKm,2019,Yoshua Bengio
rJg8yhAqKm,2019,Sergey Levine
rJg6ssC5Y7,2019,Frank Schneider
rJg6ssC5Y7,2019,Lukas Balles
rJg6ssC5Y7,2019,Philipp Hennig
rJg4J3CqFm,2019,Charlie Frogner
rJg4J3CqFm,2019,Farzaneh Mirzazadeh
rJg4J3CqFm,2019,Justin Solomon
rJfW5oA5KQ,2019,Yu Bai
rJfW5oA5KQ,2019,Tengyu Ma
rJfW5oA5KQ,2019,Andrej Risteski
rJfUCoR5KX,2019,Milad Alizadeh
rJfUCoR5KX,2019,Javier Fernández-Marqués
rJfUCoR5KX,2019,Nicholas D. Lane
rJfUCoR5KX,2019,Yarin Gal
rJf0BjAqYX,2019,Zehao Huang
rJf0BjAqYX,2019,Naiyan Wang
rJevYoA9Fm,2019,Hanie Sedghi
rJevYoA9Fm,2019,Vineet Gupta
rJevYoA9Fm,2019,Philip M. Long
rJedbn0ctQ,2019,Ziyi Yang
rJedbn0ctQ,2019,Chenguang Zhu
rJedbn0ctQ,2019,Weizhu Chen
rJedV3R5tm,2019,Weili Nie
rJedV3R5tm,2019,Nina Narodytska
rJedV3R5tm,2019,Ankit Patel
rJed6j0cKX,2019,Lynton Ardizzone
rJed6j0cKX,2019,Jakob Kruse
rJed6j0cKX,2019,Carsten Rother
rJed6j0cKX,2019,Ullrich Köthe
rJeZS3RcYm,2019,Chuan Guo
rJeZS3RcYm,2019,Jacob R. Gardner
rJeZS3RcYm,2019,Yurong You
rJeZS3RcYm,2019,Andrew G. Wilson
rJeZS3RcYm,2019,Kilian Q. Weinberger
rJeXCo0cYX,2019,Maxime Chevalier-Boisvert
rJeXCo0cYX,2019,Dzmitry Bahdanau
rJeXCo0cYX,2019,Salem Lahlou
rJeXCo0cYX,2019,Lucas Willems
rJeXCo0cYX,2019,Chitwan Saharia
rJeXCo0cYX,2019,Thien Huu Nguyen
rJeXCo0cYX,2019,Yoshua Bengio
rJeQYjRqYX,2019,Yuxian Qiu
rJeQYjRqYX,2019,Jingwen Leng
rJeQYjRqYX,2019,Yuhao Zhu
rJeQYjRqYX,2019,Quan Chen
rJeQYjRqYX,2019,Chao Li
rJeQYjRqYX,2019,Minyi Guo
rJeEqiC5KQ,2019,Tin Lay Nwe
rJeEqiC5KQ,2019,Shudong Xie
rJeEqiC5KQ,2019,Balaji Nataraj
rJeEqiC5KQ,2019,Yiqun Li
rJeEqiC5KQ,2019,Joo-Hwee Lim
rJe4ShAcF7,2019,Cheng-Zhi Anna Huang
rJe4ShAcF7,2019,Ashish Vaswani
rJe4ShAcF7,2019,Jakob Uszkoreit
rJe4ShAcF7,2019,Ian Simon
rJe4ShAcF7,2019,Curtis Hawthorne
rJe4ShAcF7,2019,Noam Shazeer
rJe4ShAcF7,2019,Andrew M. Dai
rJe4ShAcF7,2019,Matthew D. Hoffman
rJe4ShAcF7,2019,Monica Dinculescu
rJe4ShAcF7,2019,Douglas Eck
rJe1y3CqtX,2019,Felix Berkenkamp
rJe1y3CqtX,2019,Debadeepta Dey
rJe1y3CqtX,2019,Ashish Kapoor
rJe10iC5K7,2019,Zhenjia Xu*
rJe10iC5K7,2019,Zhijian Liu*
rJe10iC5K7,2019,Chen Sun
rJe10iC5K7,2019,Kevin Murphy
rJe10iC5K7,2019,William T. Freeman
rJe10iC5K7,2019,Joshua B. Tenenbaum
rJe10iC5K7,2019,Jiajun Wu
rJVorjCcKQ,2019,Florian Tramer
rJVorjCcKQ,2019,Dan Boneh
rJVoEiCqKQ,2019,S. Hamid Rezatofighi
rJVoEiCqKQ,2019,Roman Kaskman
rJVoEiCqKQ,2019,Farbod T. Motlagh
rJVoEiCqKQ,2019,Qinfeng Shi
rJVoEiCqKQ,2019,Daniel Cremers
rJVoEiCqKQ,2019,Laura Leal-Taixé
rJVoEiCqKQ,2019,Ian Reid
rJNwDjAqYX,2019,Yuri Burda
rJNwDjAqYX,2019,Harri Edwards
rJNwDjAqYX,2019,Deepak Pathak
rJNwDjAqYX,2019,Amos Storkey
rJNwDjAqYX,2019,Trevor Darrell
rJNwDjAqYX,2019,Alexei A. Efros
rJNH6sAqY7,2019,Haoming Jiang
rJNH6sAqY7,2019,Zhehui Chen
rJNH6sAqY7,2019,Minshuo Chen
rJNH6sAqY7,2019,Feng Liu
rJNH6sAqY7,2019,Dingding Wang
rJNH6sAqY7,2019,Tuo Zhao
rJMcdsA5FX,2019,Stanislau Semeniuta
rJMcdsA5FX,2019,Aliaksei Severyn
rJMcdsA5FX,2019,Sylvain Gelly
rJG8asRqKX,2019,Changhee Lee
rJG8asRqKX,2019,Mihaela van der Schaar
rJEyrjRqYX,2019,Nelly Elsayed
rJEyrjRqYX,2019,Anthony S. Maida
rJEyrjRqYX,2019,Magdy Bayoumi
rJEjjoR9K7,2019,Haohan Wang
rJEjjoR9K7,2019,Zexue He
rJEjjoR9K7,2019,Zachary C. Lipton
rJEjjoR9K7,2019,Eric P. Xing
rJ4vlh0qtm,2019,Xiangyu Kong
rJ4vlh0qtm,2019,Jing Li
rJ4vlh0qtm,2019,Bo Xin
rJ4vlh0qtm,2019,Yizhou Wang
rJ4qXnCqFX,2019,Farnood Salehi
rJ4qXnCqFX,2019,Robert Bamler
rJ4qXnCqFX,2019,Stephan Mandt
rJ4km2R5t7,2019,Alex Wang
rJ4km2R5t7,2019,Amanpreet Singh
rJ4km2R5t7,2019,Julian Michael
rJ4km2R5t7,2019,Felix Hill
rJ4km2R5t7,2019,Omer Levy
rJ4km2R5t7,2019,Samuel R. Bowman
r1ztwiCcYQ,2019,Michael Tetelman
r1znKiAcY7,2019,Shengzhong Zhang
r1znKiAcY7,2019,Ziang Zhou
r1znKiAcY7,2019,Zengfeng Huang
r1znKiAcY7,2019,Zhongyu Wei
r1zmVhCqKm,2019,Wanrong Zhu
r1zmVhCqKm,2019,Zhiting Hu
r1zmVhCqKm,2019,Eric P. Xing
r1zOg309tX,2019,Zhiming Zhou
r1zOg309tX,2019,Yuxuan Song
r1zOg309tX,2019,Lantao Yu
r1zOg309tX,2019,Hongwei Wang
r1zOg309tX,2019,Weinan Zhang
r1zOg309tX,2019,Zhihua Zhang
r1zOg309tX,2019,Yong Yu
r1xyx3R9tQ,2019,Nicholas Carlini
r1xyx3R9tQ,2019,Ulfar Erlingsson
r1xyx3R9tQ,2019,Nicolas Papernot
r1xywsC9tQ,2019,Jean-Philippe Bernardy
r1xywsC9tQ,2019,Aleksandre Maskharashvili
r1xwqjRcY7,2019,Yue Jiao
r1xwqjRcY7,2019,Jonathon Hare
r1xwqjRcY7,2019,Adam Prügel-Bennett
r1xwS3RqKQ,2019,MohamadAli Torkamani
r1xwS3RqKQ,2019,Phillip Wallis
r1xwKoR9Y7,2019,Daniel Huang
r1xwKoR9Y7,2019,Prafulla Dhariwal
r1xwKoR9Y7,2019,Dawn Song
r1xwKoR9Y7,2019,Ilya Sutskever
r1xurn0cKQ,2019,R. Lily Hu
r1xurn0cKQ,2019,Caiming Xiong
r1xurn0cKQ,2019,Richard Socher
r1xrb3CqtQ,2019,Yingtao Tian
r1xrb3CqtQ,2019,Jesse Engel
r1xlvi0qYm,2019,Hung Le
r1xlvi0qYm,2019,Truyen Tran
r1xlvi0qYm,2019,Svetha Venkatesh
r1xkIjA9tX,2019,Frank Nielsen
r1xkIjA9tX,2019,Ke Sun
r1xdH3CcKX,2019,Chen Sun
r1xdH3CcKX,2019,Per Karlsson
r1xdH3CcKX,2019,Jiajun Wu
r1xdH3CcKX,2019,Joshua B Tenenbaum
r1xdH3CcKX,2019,Kevin Murphy
r1xYr3C5t7,2019,Jack Lanchantin
r1xYr3C5t7,2019,Arshdeep Sekhon
r1xYr3C5t7,2019,Yanjun Qi
r1xX42R5Fm,2019,Ray Jiang
r1xX42R5Fm,2019,Sven Gowal
r1xX42R5Fm,2019,Yuqiu Qian
r1xX42R5Fm,2019,Timothy Mann
r1xX42R5Fm,2019,Danilo J. Rezende
r1xRW3A9YX,2019,Atsushi Suzuki
r1xRW3A9YX,2019,Yosuke Enokida
r1xRW3A9YX,2019,Kenji Yamanishi
r1xQQhAqKX,2019,Seong Joon Oh
r1xQQhAqKX,2019,Kevin P. Murphy
r1xQQhAqKX,2019,Jiyan Pan
r1xQQhAqKX,2019,Joseph Roth
r1xQQhAqKX,2019,Florian Schroff
r1xQQhAqKX,2019,Andrew C. Gallagher
r1xN5oA5tm,2019,Phi Xuan Nguyen
r1xN5oA5tm,2019,Shafiq Joty
r1xFE3Rqt7,2019,Ting Chen
r1xFE3Rqt7,2019,Ji Lin
r1xFE3Rqt7,2019,Tian Lin
r1xFE3Rqt7,2019,Song Han
r1xFE3Rqt7,2019,Chong Wang
r1xFE3Rqt7,2019,Denny Zhou
r1x4BnCqKX,2019,John Bradshaw
r1x4BnCqKX,2019,Matt J. Kusner
r1x4BnCqKX,2019,Brooks Paige
r1x4BnCqKX,2019,Marwin H. S. Segler
r1x4BnCqKX,2019,José Miguel Hernández-Lobato
r1lyTjAqYX,2019,Steven Kapturowski
r1lyTjAqYX,2019,Georg Ostrovski
r1lyTjAqYX,2019,John Quan
r1lyTjAqYX,2019,Remi Munos
r1lyTjAqYX,2019,Will Dabney
r1luCsCqFm,2019,Benyuan Sun
r1luCsCqFm,2019,Yizhou Wang
r1lrAiA5Ym,2019,Thomas Miconi
r1lrAiA5Ym,2019,Aditya Rawal
r1lrAiA5Ym,2019,Jeff Clune
r1lrAiA5Ym,2019,Kenneth O. Stanley
r1lq1hRqYQ,2019,Justin Fu
r1lq1hRqYQ,2019,Anoop Korattikara
r1lq1hRqYQ,2019,Sergey Levine
r1lq1hRqYQ,2019,Sergio Guadarrama
r1lpx3A9K7,2019,Ruying Bao
r1lpx3A9K7,2019,Sihang Liang
r1lpx3A9K7,2019,Qingcan Wang
r1lohoCqY7,2019,Chen-Yu Hsu
r1lohoCqY7,2019,Piotr Indyk
r1lohoCqY7,2019,Dina Katabi
r1lohoCqY7,2019,Ali Vakilian
r1lgm3C5t7,2019,Hongxiang Chen
r1lgm3C5t7,2019,Leonard Wossnig
r1lgm3C5t7,2019,Hartmut Neven
r1lgm3C5t7,2019,Simone Severini
r1lgm3C5t7,2019,Masoud Mohseni
r1ledo0ctX,2019,Duc Tam Nguyen
r1ledo0ctX,2019,Zhongyu Lou
r1ledo0ctX,2019,Michael Klar
r1ledo0ctX,2019,Thomas Brox
r1laEnA5Ym,2019,Gauthier Gidel
r1laEnA5Ym,2019,Hugo Berard
r1laEnA5Ym,2019,Gaëtan Vignoud
r1laEnA5Ym,2019,Pascal Vincent
r1laEnA5Ym,2019,Simon Lacoste-Julien
r1lYRjC9F7,2019,Curtis Hawthorne
r1lYRjC9F7,2019,Andriy Stasyuk
r1lYRjC9F7,2019,Adam Roberts
r1lYRjC9F7,2019,Ian Simon
r1lYRjC9F7,2019,Cheng-Zhi Anna Huang
r1lYRjC9F7,2019,Sander Dieleman
r1lYRjC9F7,2019,Erich Elsen
r1lYRjC9F7,2019,Jesse Engel
r1lYRjC9F7,2019,Douglas Eck
r1lWUoA9FQ,2019,Ali Shafahi
r1lWUoA9FQ,2019,W. Ronny Huang
r1lWUoA9FQ,2019,Christoph Studer
r1lWUoA9FQ,2019,Soheil Feizi
r1lWUoA9FQ,2019,Tom Goldstein
r1lM_sA5Fm,2019,Tom Hosking
r1lM_sA5Fm,2019,Sebastian Riedel
r1lFIiR9tQ,2019,Mingtian Zhang
r1lFIiR9tQ,2019,Thomas Bird
r1lFIiR9tQ,2019,Raza Habib
r1lFIiR9tQ,2019,Tianlin Xu
r1lFIiR9tQ,2019,David Barber
r1l9Nj09YQ,2019,Armen Aghajanyan
r1l9Nj09YQ,2019,Xia Song
r1l9Nj09YQ,2019,Saurabh Tiwary
r1l73iRqKm,2019,Emily Dinan
r1l73iRqKm,2019,Stephen Roller
r1l73iRqKm,2019,Kurt Shuster
r1l73iRqKm,2019,Angela Fan
r1l73iRqKm,2019,Michael Auli
r1l73iRqKm,2019,Jason Weston
r1l3NiCqY7,2019,Adam M. Oberman
r1l3NiCqY7,2019,Jeff Calder
r1l-e3Cqtm,2019,Jun Han
r1l-e3Cqtm,2019,Salvator Lombardo
r1l-e3Cqtm,2019,Christopher Schroers
r1l-e3Cqtm,2019,Stephan Mandt
r1gnQ20qYX,2019,Tianfan Fu*
r1gnQ20qYX,2019,Tian Gao*
r1gnQ20qYX,2019,Cao Xiao*
r1gnQ20qYX,2019,Tengfei Ma*
r1gnQ20qYX,2019,Jimeng Sun
r1glehC5tQ,2019,Yi Qin
r1glehC5tQ,2019,Ryan Hunt
r1glehC5tQ,2019,Chuan Yue
r1gl7hC5Km,2019,Yunshu Du
r1gl7hC5Km,2019,Wojciech M. Czarnecki
r1gl7hC5Km,2019,Siddhant M. Jayakumar
r1gl7hC5Km,2019,Razvan Pascanu
r1gl7hC5Km,2019,Balaji Lakshminarayanan
r1gkAoA5FQ,2019,Woon Sang Cho
r1gkAoA5FQ,2019,Pengchuan Zhang
r1gkAoA5FQ,2019,Yizhe Zhang
r1gkAoA5FQ,2019,Xiujun Li
r1gkAoA5FQ,2019,Mengdi Wang
r1gkAoA5FQ,2019,Jianfeng Gao
r1ge8sCqFX,2019,Setareh Rafatirad
r1ge8sCqFX,2019,Maryam Heidari
r1gVqsA9tQ,2019,Safwan Hossain
r1gVqsA9tQ,2019,Kiarash Jamali
r1gVqsA9tQ,2019,Yuchen Li
r1gVqsA9tQ,2019,Frank Rudzicz
r1gRCiA5Ym,2019,Shengjie Wang
r1gRCiA5Ym,2019,Tianyi Zhou
r1gRCiA5Ym,2019,Jeff Bilmes
r1gR2sC9FX,2019,Nasim Rahaman
r1gR2sC9FX,2019,Aristide Baratin
r1gR2sC9FX,2019,Devansh Arpit
r1gR2sC9FX,2019,Felix Draxler
r1gR2sC9FX,2019,Min Lin
r1gR2sC9FX,2019,Fred Hamprecht
r1gR2sC9FX,2019,Yoshua Bengio
r1gR2sC9FX,2019,Aaron Courville
r1gOe209t7,2019,Kun Wan
r1gOe209t7,2019,Boyuan Feng
r1gOe209t7,2019,Lingwei Xie
r1gOe209t7,2019,Yufei Ding
r1gNni0qtm,2019,Valentin Khrulkov
r1gNni0qtm,2019,Oleksii Hrinchuk
r1gNni0qtm,2019,Ivan Oseledets
r1gKNs0qYX,2019,Lei Gu
r1gGpjActQ,2019,Zhuohan Li
r1gGpjActQ,2019,Di He
r1gGpjActQ,2019,Fei Tian
r1gGpjActQ,2019,Tao Qin
r1gGpjActQ,2019,Liwei Wang
r1gGpjActQ,2019,Tie-Yan Liu
r1gEqiC9FX,2019,Pierre Stock
r1gEqiC9FX,2019,Benjamin Graham
r1gEqiC9FX,2019,Rémi Gribonval
r1gEqiC9FX,2019,Hervé Jégou
r1g7y2RqYX,2019,Kojin Oshiba
r1g7y2RqYX,2019,Nir Rosenfeld
r1g7y2RqYX,2019,Amir Globerson
r1g5b2RcKm,2019,Wenyuan Zeng
r1g5b2RcKm,2019,Raquel Urtasun
r1g4E3C9t7,2019,Zhuolin Yang
r1g4E3C9t7,2019,Bo Li
r1g4E3C9t7,2019,Pin-Yu Chen
r1g4E3C9t7,2019,Dawn Song
r1g1LoAcFm,2019,Ethan Steinberg
r1g1LoAcFm,2019,Peter J. Liu
r1fiFs09YX,2019,Jialian Li
r1fiFs09YX,2019,Hang Su
r1fiFs09YX,2019,Jun Zhu
r1fWmnR5tm,2019,Xuanyang Zhang
r1fWmnR5tm,2019,Hao liu
r1fWmnR5tm,2019,Zhanxing Zhu
r1fWmnR5tm,2019,Zenglin Xu
r1fO8oC9Y7,2019,Huan Wang
r1fO8oC9Y7,2019,Yuxiang Hu
r1fO8oC9Y7,2019,Li Dong
r1fO8oC9Y7,2019,Feijun Jiang
r1fO8oC9Y7,2019,Zaiqing Nie
r1fE3sAcYQ,2019,Yassine Benyahia*
r1fE3sAcYQ,2019,Kaicheng Yu*
r1fE3sAcYQ,2019,Kamil Bennani-Smires
r1fE3sAcYQ,2019,Martin Jaggi
r1fE3sAcYQ,2019,Anthony Davison
r1fE3sAcYQ,2019,Mathieu Salzmann
r1fE3sAcYQ,2019,Claudiu Musat
r1f78iAcFm,2019,Kien Do
r1f78iAcFm,2019,Truyen Tran
r1f78iAcFm,2019,Svetha Venkatesh
r1f0YiCctm,2019,Marton Havasi
r1f0YiCctm,2019,Robert Peharz
r1f0YiCctm,2019,José Miguel Hernández-Lobato
r1ez_sRcFQ,2019,Jiacang Ho
r1ez_sRcFQ,2019,Dae-Ki Kang
r1exVhActQ,2019,Chih-Kuan Yeh
r1exVhActQ,2019,Ian E.H. Yen
r1exVhActQ,2019,Hong-You Chen
r1exVhActQ,2019,Chun-Pei Yang
r1exVhActQ,2019,Shou-De Lin
r1exVhActQ,2019,Pradeep Ravikumar
r1espiA9YQ,2019,Jianyi Zhang
r1espiA9YQ,2019,Ruiyi Zhang
r1espiA9YQ,2019,Changyou Chen
r1esnoAqt7,2019,Daniel C. Castro
r1esnoAqt7,2019,Jeremy Tan
r1esnoAqt7,2019,Bernhard Kainz
r1esnoAqt7,2019,Ender Konukoglu
r1esnoAqt7,2019,Ben Glocker
r1erRoCqtX,2019,Eliav Buchnik
r1erRoCqtX,2019,Edith Cohen
r1erRoCqtX,2019,Avinatan Hassidim
r1erRoCqtX,2019,Yossi Matias
r1elIi09K7,2019,Mehadi Hassen
r1elIi09K7,2019,Philip K. Chan
r1eiqi09K7,2019,Gary Becigneul
r1eiqi09K7,2019,Octavian-Eugen Ganea
r1efr3C9Ym,2019,Satya Narayan Shukla
r1efr3C9Ym,2019,Benjamin Marlin
r1eVMnA9K7,2019,David Warde-Farley
r1eVMnA9K7,2019,Tom Van de Wiele
r1eVMnA9K7,2019,Tejas Kulkarni
r1eVMnA9K7,2019,Catalin Ionescu
r1eVMnA9K7,2019,Steven Hansen
r1eVMnA9K7,2019,Volodymyr Mnih
r1eO_oCqtQ,2019,Matthew Thornton
r1eO_oCqtQ,2019,Jithendar Anumula
r1eO_oCqtQ,2019,Shih-Chii Liu
r1eJssCqY7,2019,Guolin Ke
r1eJssCqY7,2019,Jia Zhang
r1eJssCqY7,2019,Zhenhui Xu
r1eJssCqY7,2019,Jiang Bian
r1eJssCqY7,2019,Tie-Yan Liu
r1eEG20qKQ,2019,Matthew Mackay
r1eEG20qKQ,2019,Paul Vicol
r1eEG20qKQ,2019,Jonathan Lorraine
r1eEG20qKQ,2019,David Duvenaud
r1eEG20qKQ,2019,Roger Grosse
r1e13s05YX,2019,Alon Jacovi
r1e13s05YX,2019,Guy Hadash
r1e13s05YX,2019,Einat Kermany
r1e13s05YX,2019,Boaz Carmeli
r1e13s05YX,2019,Ofer Lavi
r1e13s05YX,2019,George Kour
r1e13s05YX,2019,Jonathan Berant
r1Vx_oA5YQ,2019,Chong Yu
r1VPNiA5Fm,2019,Dmytro Perekrestenko
r1VPNiA5Fm,2019,Philipp Grohs
r1VPNiA5Fm,2019,Dennis Elbrächter
r1VPNiA5Fm,2019,Helmut Bölcskei
r1V0m3C5YQ,2019,John Thickstun
r1V0m3C5YQ,2019,Zaid Harchaoui
r1V0m3C5YQ,2019,Dean P. Foster
r1V0m3C5YQ,2019,Sham M. Kakade
r1Nb5i05tX,2019,Adar Elad
r1Nb5i05tX,2019,Doron Haviv
r1Nb5i05tX,2019,Yochai Blau
r1Nb5i05tX,2019,Tomer Michaeli
r1NJqsRctX,2019,Raza Habib
r1NJqsRctX,2019,David Barber
r1NDBsAqY7,2019,Kazuya Kawakami
r1NDBsAqY7,2019,Chris Dyer
r1NDBsAqY7,2019,Phil Blunsom
r1My6sR9tX,2019,Kyle Hsu
r1My6sR9tX,2019,Sergey Levine
r1My6sR9tX,2019,Chelsea Finn
r1MxciCcKm,2019,Bowen Tan*
r1MxciCcKm,2019,Zhiting Hu*
r1MxciCcKm,2019,Zichao Yang
r1MxciCcKm,2019,Ruslan Salakhutdinov
r1MxciCcKm,2019,Eric P. Xing
r1MSBjA9Ym,2019,Lu Lu
r1MSBjA9Ym,2019,Yanhui Su
r1MSBjA9Ym,2019,George Em Karniadakis
r1Gsk3R9Fm,2019,Eugene Belilovsky
r1Gsk3R9Fm,2019,Michael Eickenberg
r1Gsk3R9Fm,2019,Edouard Oyallon
r1GkMhAqYm,2019,Nikita Kitaev
r1GkMhAqYm,2019,Jin-Hwa Kim
r1GkMhAqYm,2019,Xinlei Chen
r1GkMhAqYm,2019,Marcus Rohrbach
r1GkMhAqYm,2019,Yuandong Tian
r1GkMhAqYm,2019,Dhruv Batra
r1GkMhAqYm,2019,Devi Parikh
r1GgDj0cKX,2019,Yanwei Fu
r1GgDj0cKX,2019,Shun Zhang
r1GgDj0cKX,2019,Donghao Li
r1GgDj0cKX,2019,Xinwei Sun
r1GgDj0cKX,2019,Xiangyang Xue
r1GgDj0cKX,2019,Yuan Yao
r1GbfhRqF7,2019,Wei-Cheng Chang
r1GbfhRqF7,2019,Chun-Liang Li
r1GbfhRqF7,2019,Yiming Yang
r1GbfhRqF7,2019,Barnabás Póczos
r1GB5jA5tm,2019,Christoph Mayer
r1GB5jA5tm,2019,Radu Timofte
r1GAsjC5Fm,2019,Chih-Yao Ma
r1GAsjC5Fm,2019,Jiasen Lu
r1GAsjC5Fm,2019,Zuxuan Wu
r1GAsjC5Fm,2019,Ghassan AlRegib
r1GAsjC5Fm,2019,Zsolt Kira
r1GAsjC5Fm,2019,Richard Socher
r1GAsjC5Fm,2019,Caiming Xiong
r1E0OsA9tX,2019,Han Zhao
r1E0OsA9tX,2019,Yao-Hung Hubert Tsai
r1E0OsA9tX,2019,Ruslan Salakhutdinov
r1E0OsA9tX,2019,Geoff Gordon
r14EOsCqKX,2019,Akhilesh Gotmare
r14EOsCqKX,2019,Nitish Shirish Keskar
r14EOsCqKX,2019,Caiming Xiong
r14EOsCqKX,2019,Richard Socher
r14Aas09Y7,2019,Chieh Hubert Lin
r14Aas09Y7,2019,Chia-Che Chang
r14Aas09Y7,2019,Yu-Sheng Chen
r14Aas09Y7,2019,Da-Cheng Juan
r14Aas09Y7,2019,Wei Wei
r14Aas09Y7,2019,Hwann-Tzong Chen
SyzrLjA5FQ,2019,Jisoo Jeong
SyzrLjA5FQ,2019,Seungeui Lee
SyzrLjA5FQ,2019,Nojun Kwak
Syzn9i05Ym,2019,Yunfu Song
Syzn9i05Ym,2019,Zhijian Ou
SyzjBiR9t7,2019,Rudrasis Chakraborty
SyzjBiR9t7,2019,Jose Bouza
SyzjBiR9t7,2019,Jonathan Manton
SyzjBiR9t7,2019,Baba C. Vemuri
SyzVb3CcFX,2019,Dinesh Jayaraman
SyzVb3CcFX,2019,Frederik Ebert
SyzVb3CcFX,2019,Alexei Efros
SyzVb3CcFX,2019,Sergey Levine
SyxwW2A5Km,2019,Chen Xu
SyxwW2A5Km,2019,Chengzhen Fu
SyxwW2A5Km,2019,Peng Jiang
SyxwW2A5Km,2019,Wenwu Ou
SyxvSiCcFQ,2019,Abdulah Fawaz
SyxvSiCcFQ,2019,Sebastien Piat
SyxvSiCcFQ,2019,Paul Klein
SyxvSiCcFQ,2019,Peter Mountney
SyxvSiCcFQ,2019,Simone Severini
SyxtJh0qYm,2019,Oleg Ivanov
SyxtJh0qYm,2019,Michael Figurnov
SyxtJh0qYm,2019,Dmitry Vetrov
Syxt5oC5YQ,2019,James Lucas
Syxt5oC5YQ,2019,Shengyang Sun
Syxt5oC5YQ,2019,Richard Zemel
Syxt5oC5YQ,2019,Roger  Grosse
Syxt2jC5FX,2019,Randall Balestriero
Syxt2jC5FX,2019,Richard Baraniuk
SyxnvsAqFm,2019,Parichay Kapoor
SyxnvsAqFm,2019,Dongsoo Lee
SyxnvsAqFm,2019,Byeongwook Kim
SyxnvsAqFm,2019,Saehyung Lee
SyxknjC9KQ,2019,Ranjan Mondal
SyxknjC9KQ,2019,Sanchayan Santra
SyxknjC9KQ,2019,Bhabatosh Chanda
Syxgbh05tQ,2019,Yinlam Chow
Syxgbh05tQ,2019,Ofir Nachum
Syxgbh05tQ,2019,Mohammad Ghavamzadeh
Syxgbh05tQ,2019,Edgar Guzman-Duenez
SyxfEn09Y7,2019,Qi Meng
SyxfEn09Y7,2019,Shuxin Zheng
SyxfEn09Y7,2019,Huishuai Zhang
SyxfEn09Y7,2019,Wei Chen
SyxfEn09Y7,2019,Qiwei Ye
SyxfEn09Y7,2019,Zhi-Ming Ma
SyxfEn09Y7,2019,Nenghai Yu
SyxfEn09Y7,2019,Tie-Yan Liu
SyxaYsAqY7,2019,Bai Li
SyxaYsAqY7,2019,Changyou Chen
SyxaYsAqY7,2019,Wenlin Wang
SyxaYsAqY7,2019,Lawrence Carin
Syx_Ss05tm,2019,Gamaleldin F. Elsayed
Syx_Ss05tm,2019,Ian Goodfellow
Syx_Ss05tm,2019,Jascha Sohl-Dickstein
SyxZOsA9tX,2019,Yujun Li
SyxZOsA9tX,2019,Chengzhuo Ni
SyxZOsA9tX,2019,Guangzeng Xie
SyxZOsA9tX,2019,Wenhao Yang
SyxZOsA9tX,2019,Shuchang Zhou
SyxZOsA9tX,2019,Zhihua Zhang
SyxZJn05YX,2019,Hongyang Li
SyxZJn05YX,2019,Bo Dai
SyxZJn05YX,2019,Shaoshuai Shi
SyxZJn05YX,2019,Wanli Ouyang
SyxZJn05YX,2019,Xiaogang Wang
SyxYEoA5FX,2019,Jens Behrmann
SyxYEoA5FX,2019,Sören Dittmer
SyxYEoA5FX,2019,Pascal Fernsel
SyxYEoA5FX,2019,Peter Maass
SyxXhsAcFQ,2019,Muthuvel Murugan
SyxXhsAcFQ,2019,K Venkata Subrahmanyam
SyxMWh09KX,2019,Xiang Jiang
SyxMWh09KX,2019,Mohammad Havaei
SyxMWh09KX,2019,Gabriel Chartrand
SyxMWh09KX,2019,Hassan Chouaib
SyxMWh09KX,2019,Thomas Vincent
SyxMWh09KX,2019,Andrew Jesson
SyxMWh09KX,2019,Nicolas Chapados
SyxMWh09KX,2019,Stan Matwin
SyxHKjAcYX,2019,Xilun Chen
SyxHKjAcYX,2019,Ahmed Hassan Awadallah
SyxHKjAcYX,2019,Hany Hassan
SyxHKjAcYX,2019,Wei Wang
SyxHKjAcYX,2019,Claire Cardie
SyxAb30cY7,2019,Dimitris Tsipras
SyxAb30cY7,2019,Shibani Santurkar
SyxAb30cY7,2019,Logan Engstrom
SyxAb30cY7,2019,Alexander Turner
SyxAb30cY7,2019,Aleksander Madry
Syx9rnRcYm,2019,Chandan Kumar
Syx9rnRcYm,2019,Subrahmanyam Vaddi
Syx9rnRcYm,2019,Aishwarya Sarkar
Syx72jC9tm,2019,Haggai Maron
Syx72jC9tm,2019,Heli Ben-Hamu
Syx72jC9tm,2019,Nadav Shamir
Syx72jC9tm,2019,Yaron Lipman
Syx5V2CcFm,2019,Zaiyi Chen
Syx5V2CcFm,2019,Zhuoning Yuan
Syx5V2CcFm,2019,Jinfeng Yi
Syx5V2CcFm,2019,Bowen Zhou
Syx5V2CcFm,2019,Enhong Chen
Syx5V2CcFm,2019,Tianbao Yang
Syx4_iCqKQ,2019,Pascal Mettes
Syx4_iCqKQ,2019,Elise van der Pol
Syx4_iCqKQ,2019,Cees G. M. Snoek
Syx0Mh05YQ,2019,Ruiqi Gao
Syx0Mh05YQ,2019,Jianwen Xie
Syx0Mh05YQ,2019,Song-Chun Zhu
Syx0Mh05YQ,2019,Ying Nian Wu
SylU3jC5Y7,2019,Juho Lee
SylU3jC5Y7,2019,Saehoon Kim
SylU3jC5Y7,2019,Jaehong Yoon
SylU3jC5Y7,2019,Hae Beom Lee
SylU3jC5Y7,2019,Eunho Yang
SylU3jC5Y7,2019,Sung Ju Hwang
SylPMnR9Ym,2019,Oleh Rybkin
SylPMnR9Ym,2019,Karl Pertsch
SylPMnR9Ym,2019,Konstantinos G. Derpanis
SylPMnR9Ym,2019,Kostas Daniilidis
SylPMnR9Ym,2019,Andrew Jaegle
SylLYsCcFm,2019,Felix Hill
SylLYsCcFm,2019,Adam Santoro
SylLYsCcFm,2019,David Barrett
SylLYsCcFm,2019,Ari Morcos
SylLYsCcFm,2019,Timothy Lillicrap
SylKoo0cKm,2019,Kedar Dhamdhere
SylKoo0cKm,2019,Mukund Sundararajan
SylKoo0cKm,2019,Qiqi Yan
SylCrnCcFX,2019,Guang-He Lee
SylCrnCcFX,2019,David Alvarez-Melis
SylCrnCcFX,2019,Tommi S. Jaakkola
Syl8Sn0cK7,2019,Xujie Si
Syl8Sn0cK7,2019,Yuan Yang
Syl8Sn0cK7,2019,Hanjun Dai
Syl8Sn0cK7,2019,Mayur Naik
Syl8Sn0cK7,2019,Le Song
Syl7OsRqY7,2019,Victor Zhong
Syl7OsRqY7,2019,Caiming Xiong
Syl7OsRqY7,2019,Nitish Shirish Keskar
Syl7OsRqY7,2019,Richard Socher
Syl6tjAqKX,2019,Andrey Sakryukin
Syl6tjAqKX,2019,Yongkang Wong
Syl6tjAqKX,2019,Mohan S. Kankanhalli
SygxYoC5FX,2019,Xin Luo
SygxYoC5FX,2019,Hankz Hankui Zhuo
Sygx4305KQ,2019,Joao Henriques
Sygx4305KQ,2019,Sebastien Ehrhardt
Sygx4305KQ,2019,Samuel Albanie
Sygx4305KQ,2019,Andrea Vedaldi
SygvZ209F7,2019,Will Xiao
SygvZ209F7,2019,Honglin Chen
SygvZ209F7,2019,Qianli Liao
SygvZ209F7,2019,Tomaso Poggio
SygQvs0cFQ,2019,Lingpeng Kong
SygQvs0cFQ,2019,Gabor Melis
SygQvs0cFQ,2019,Wang Ling
SygQvs0cFQ,2019,Lei Yu
SygQvs0cFQ,2019,Dani Yogatama
SygONjRqKm,2019,Sotirios Chatzis
SygONjRqKm,2019,Kyriacos Tolias
SygONjRqKm,2019,Aristotelis Charalampous
SygLehCqtm,2019,Tristan Bepler
SygLehCqtm,2019,Bonnie Berger
SygK6sA5tX,2019,Feng Gao
SygK6sA5tX,2019,Guy Wolf
SygK6sA5tX,2019,Matthew Hirn
SygJSiA5YQ,2019,Siwei Luo
SygInj05Fm,2019,Hugh Chen
SygInj05Fm,2019,Scott Lundberg
SygInj05Fm,2019,Gabe Erion
SygInj05Fm,2019,Su-In Lee
SygHGnRqK7,2019,Mikhail Yurochkin
SygHGnRqK7,2019,Mayank Agarwal
SygHGnRqK7,2019,Soumya Ghosh
SygHGnRqK7,2019,Kristjan Greenewald
SygHGnRqK7,2019,Nghia Hoang
SygHGnRqK7,2019,Yasaman Khazaeni
SygD-hCcF7,2019,Marc T Law
SygD-hCcF7,2019,Jake Snell
SygD-hCcF7,2019,Amir-massoud Farahmand
SygD-hCcF7,2019,Raquel Urtasun
SygD-hCcF7,2019,Richard S Zemel
Syfz6sC9tQ,2019,Cicero Nogueira dos Santos
Syfz6sC9tQ,2019,Inkit Padhi
Syfz6sC9tQ,2019,Pierre Dognin
Syfz6sC9tQ,2019,Youssef Mroueh
SyfXKoRqFQ,2019,Hwanjun Song
SyfXKoRqFQ,2019,Sundong Kim
SyfXKoRqFQ,2019,Minseok Kim
SyfXKoRqFQ,2019,Jae-Gil Lee
SyfIfnC5Ym,2019,Chuanbiao Song
SyfIfnC5Ym,2019,Kun He
SyfIfnC5Ym,2019,Liwei Wang
SyfIfnC5Ym,2019,John E. Hopcroft
Syf9Q209YQ,2019,Bruno Lecouat
Syf9Q209YQ,2019,Chuan-Sheng Foo
Syf9Q209YQ,2019,Houssam Zenati
Syf9Q209YQ,2019,Vijay Chandrasekhar
SyezvsC5tX,2019,Y. Cooper
Syez3j0cKX,2019,Ameet Deshpande
Syez3j0cKX,2019,Mitesh M.Khapra
SyerAiCqt7,2019,Ishani Chakraborty
Syeil309tX,2019,Myung Seok Shim
Syeil309tX,2019,Peng Li
SyehMhC9Y7,2019,Nicholas Rhinehart
SyehMhC9Y7,2019,Rowan McAllister
SyehMhC9Y7,2019,Sergey Levine
Syeben09FQ,2019,Paulina Grnarova
Syeben09FQ,2019,Kfir Y Levy
Syeben09FQ,2019,Aurelien Lucchi
Syeben09FQ,2019,Nathanael Perraudin
Syeben09FQ,2019,Thomas Hofmann
Syeben09FQ,2019,Andreas Krause
SyeQFiCcF7,2019,James O' Neill
SyeLno09Fm,2019,Kelvin Xu
SyeLno09Fm,2019,Ellis Ratner
SyeLno09Fm,2019,Anca Dragan
SyeLno09Fm,2019,Sergey Levine
SyeLno09Fm,2019,Chelsea Finn
SyeKf30cFQ,2019,Yuandong Tian
SyeBqsRctm,2019,Botty Dimanov
SyeBqsRctm,2019,Mateja Jamnik
Sye7qoC5FQ,2019,Aleksandar Bojchevski
Sye7qoC5FQ,2019,Stephan Günnemann
Sye2doC9tX,2019,Wei-Yang Qu
Sye2doC9tX,2019,Yang Yu
Sye2doC9tX,2019,Tang-Jie Lv
Sye2doC9tX,2019,Ying-Feng Chen
Sye2doC9tX,2019,Chang-Jie Fan
SyVuRiC5K7,2019,Yanbin Liu
SyVuRiC5K7,2019,Juho Lee
SyVuRiC5K7,2019,Minseop Park
SyVuRiC5K7,2019,Saehoon Kim
SyVuRiC5K7,2019,Eunho Yang
SyVuRiC5K7,2019,Sung Ju Hwang
SyVuRiC5K7,2019,Yi Yang
SyVpB2RqFX,2019,Dejiao Zhang
SyVpB2RqFX,2019,Tianchen Zhao
SyVpB2RqFX,2019,Laura Balzano
SyVhg20cK7,2019,David Earl Hostallero
SyVhg20cK7,2019,Daewoo Kim
SyVhg20cK7,2019,Kyunghwan Son
SyVhg20cK7,2019,Yung Yi
SyVU6s05K7,2019,Leonard Berrada
SyVU6s05K7,2019,Andrew Zisserman
SyVU6s05K7,2019,M. Pawan Kumar
SyNvti09KQ,2019,Daniel McDuff
SyNvti09KQ,2019,Ashish Kapoor
SyNbRj09Y7,2019,Glen Berseth
SyNbRj09Y7,2019,Christopher J. Pal
SyNPk2R9K7,2019,Yunchao Liu
SyNPk2R9K7,2019,Zheng Wu
SyNPk2R9K7,2019,Daniel Ritchie
SyNPk2R9K7,2019,William T. Freeman
SyNPk2R9K7,2019,Joshua B. Tenenbaum
SyNPk2R9K7,2019,Jiajun Wu
SyMras0cFQ,2019,Victor Boutin
SyMras0cFQ,2019,Angelo Franciosini
SyMras0cFQ,2019,Laurent Perrinet
SyMhLo0qKQ,2019,Damian Leśniak
SyMhLo0qKQ,2019,Igor Sieradzki
SyMhLo0qKQ,2019,Igor Podolak
SyMWn05F7,2019,Tao Chen
SyMWn05F7,2019,Saurabh Gupta
SyMWn05F7,2019,Abhinav Gupta
SyMDXnCcF7,2019,Greg Yang
SyMDXnCcF7,2019,Jeffrey Pennington
SyMDXnCcF7,2019,Vinay Rao
SyMDXnCcF7,2019,Jascha Sohl-Dickstein
SyMDXnCcF7,2019,Samuel S. Schoenholz
SyGjjsC5tQ,2019,Alistair Letcher
SyGjjsC5tQ,2019,Jakob Foerster
SyGjjsC5tQ,2019,David Balduzzi
SyGjjsC5tQ,2019,Tim Rocktäschel
SyGjjsC5tQ,2019,Shimon Whiteson
SyGjQ30qFX,2019,Yau-Shian Wang
SyGjQ30qFX,2019,Yun-Nung Chen
SyGjQ30qFX,2019,Hung-Yi Lee
SyG4RiR5Ym,2019,Egil Martinsson
SyG4RiR5Ym,2019,Adrian Kim
SyG4RiR5Ym,2019,Jaesung Huh
SyG4RiR5Ym,2019,Jaegul Choo
SyG4RiR5Ym,2019,Jung-Woo Ha
Sy4lojC9tm,2019,Tongzhou Wang
Sy4lojC9tm,2019,Jun-Yan Zhu
Sy4lojC9tm,2019,Antonio Torralba
Sy4lojC9tm,2019,Alexei A. Efros
SkzeJ3A9F7,2019,Deepak Pathak
SkzeJ3A9F7,2019,Dhiraj Gandhi
SkzeJ3A9F7,2019,Abhinav Gupta
SkzK4iC5Ym,2019,Yintai Ma
SkzK4iC5Ym,2019,Diego Klabjan
Skz3Q2CcFX,2019,Piero Molino
Skz3Q2CcFX,2019,Yang Wang
Skz3Q2CcFX,2019,Jiawei Zhang
Skz-3j05tm,2019,Suman Banerjee
Skz-3j05tm,2019,Mitesh M. Khapra
SkxxIs0qY7,2019,Sidi Lu
SkxxIs0qY7,2019,Lantao Yu
SkxxIs0qY7,2019,Siyuan Feng
SkxxIs0qY7,2019,Yaoming Zhu
SkxxIs0qY7,2019,Weinan Zhang
SkxxIs0qY7,2019,Yong Yu
SkxbDsR9Ym,2019,Danushka Bollegala
SkxbDsR9Ym,2019,Huda Hakami
SkxbDsR9Ym,2019,Yuichi Yoshida
SkxbDsR9Ym,2019,Ken-ichi Kawarabayashi
SkxZFoAqtQ,2019,Damien Sileo
SkxZFoAqtQ,2019,Tim Van de Cruys
SkxZFoAqtQ,2019,Camille Pradel
SkxZFoAqtQ,2019,Philippe Muller
SkxYOiCqKX,2019,Shuqian Ye
SkxYOiCqKX,2019,Yanheng Xu
SkxYOiCqKX,2019,Jiechun Liang
SkxYOiCqKX,2019,Hao Xu
SkxYOiCqKX,2019,Shuhong Cai
SkxYOiCqKX,2019,Shixin Liu
SkxYOiCqKX,2019,Xi Zhu
SkxXwo0qYm,2019,Yuchen Qiao
SkxXwo0qYm,2019,Kenjiro Taura
SkxXg2C5FX,2019,Vitalii Zhelezniak
SkxXg2C5FX,2019,Aleksandar Savkov
SkxXg2C5FX,2019,April Shen
SkxXg2C5FX,2019,Francesco Moramarco
SkxXg2C5FX,2019,Jack Flann
SkxXg2C5FX,2019,Nils Y. Hammerla
SkxXCi0qFX,2019,Jonas Rothfuss
SkxXCi0qFX,2019,Dennis Lee
SkxXCi0qFX,2019,Ignasi Clavera
SkxXCi0qFX,2019,Tamim Asfour
SkxXCi0qFX,2019,Pieter Abbeel
SkxJ-309FQ,2019,Katherine Lee
SkxJ-309FQ,2019,Orhan Firat
SkxJ-309FQ,2019,Ashish Agarwal
SkxJ-309FQ,2019,Clara Fannjiang
SkxJ-309FQ,2019,David Sussillo
SkxANsC9tQ,2019,Thomas Bonald
SkxANsC9tQ,2019,Bertrand Charpentier
SklzIjActX,2019,Haihao Shen
SklzIjActX,2019,Jiong Gong
SklzIjActX,2019,Xiaoli Liu
SklzIjActX,2019,Guoming Zhang
SklzIjActX,2019,Ge Jin
SklzIjActX,2019,and Eric Lin
Sklv5iRqYX,2019,Alice Schoenauer-Sebag
Sklv5iRqYX,2019,Louise Heinrich
Sklv5iRqYX,2019,Marc Schoenauer
Sklv5iRqYX,2019,Michele Sebag
Sklv5iRqYX,2019,Lani F. Wu
Sklv5iRqYX,2019,Steve J. Altschuler
Skluy2RcK7,2019,Ella M. Gale
Skluy2RcK7,2019,Anh Nguyen
Skluy2RcK7,2019,Ryan Blything
Skluy2RcK7,2019,Nicholas Martin and Jeffrey S. Bowers
Sklsm20ctX,2019,Hao Liu
Sklsm20ctX,2019,Alexander Trott
Sklsm20ctX,2019,Richard Socher
Sklsm20ctX,2019,Caiming Xiong
SklrrhRqFX,2019,Yilun Du
SklrrhRqFX,2019,Karthik Narasimhan
Sklr9i09KQ,2019,Rui Zhao
Sklr9i09KQ,2019,David Bieber
Sklr9i09KQ,2019,Kevin Swersky
Sklr9i09KQ,2019,Daniel Tarlow
Sklqvo0qt7,2019,Lei Wu
Sklqvo0qt7,2019,Chao Ma
Sklqvo0qt7,2019,Weinan E
SkloDjAqYm,2019,Elke Kirschbaum
SkloDjAqYm,2019,Manuel Haußmann
SkloDjAqYm,2019,Steffen Wolf
SkloDjAqYm,2019,Hannah Sonntag
SkloDjAqYm,2019,Justus Schneider
SkloDjAqYm,2019,Shehabeldin Elzoheiry
SkloDjAqYm,2019,Oliver Kann
SkloDjAqYm,2019,Daniel Durstewitz
SkloDjAqYm,2019,Fred A Hamprecht
SklgHoRqt7,2019,Sen Zhao
SklgHoRqt7,2019,Mahdi Milani Fard
SklgHoRqt7,2019,Maya Gupta
SklckhR5Ym,2019,Siddhartha Brahma
SklcFsAcKX,2019,Reinhard Heckel
SklcFsAcKX,2019,Wen Huang
SklcFsAcKX,2019,Paul Hand
SklcFsAcKX,2019,Vladislav Voroninski
SklXvs0qt7,2019,Rui Zhao
SklXvs0qt7,2019,Volker Tresp
SklVEnR5K7,2019,Richard Zhang
SklR_iCcYm,2019,Santiago Gonzalez
SklR_iCcYm,2019,Joshua Landgraf
SklR_iCcYm,2019,Risto Miikkulainen
SklEEnC5tQ,2019,Shoichiro Yamaguchi
SklEEnC5tQ,2019,Masanori Koyama
Skl6k209Ym,2019,Paresh Malalur
Skl6k209Ym,2019,Tommi Jaakkola
Skl3M20qYQ,2019,Gonzalo Barrientos
Skl3M20qYQ,2019,Sten Sootla
Skh4jRcKQ,2019,Penghang Yin
Skh4jRcKQ,2019,Jiancheng Lyu
Skh4jRcKQ,2019,Shuai Zhang
Skh4jRcKQ,2019,Stanley Osher
Skh4jRcKQ,2019,Yingyong Qi
Skh4jRcKQ,2019,Jack Xin
SkgzYiRqtX,2019,Hao Zhu
SkgzYiRqtX,2019,Yankai Lin
SkgzYiRqtX,2019,Zhiyuan Liu
SkgzYiRqtX,2019,Jie Fu
SkgzYiRqtX,2019,Tat-seng Chua and Maosong Sun
SkguE30ct7,2019,Xinshi Chen
SkguE30ct7,2019,Shuang Li
SkguE30ct7,2019,Hui Li
SkguE30ct7,2019,Shaohua Jiang
SkguE30ct7,2019,Le Song
SkgkJn05YX,2019,Tiange Luo
SkgkJn05YX,2019,Tianle Cai
SkgkJn05YX,2019,Mengxiao Zhang
SkgkJn05YX,2019,Siyu Chen
SkgkJn05YX,2019,Liwei Wang
SkgiX2Aqtm,2019,Jan Jetze Beitler
SkgiX2Aqtm,2019,Ivan Sosnovik
SkgiX2Aqtm,2019,Arnold Smeulders
SkghN205KQ,2019,Amirmohammad Rooshenas
SkghN205KQ,2019,Dongxu Zhang
SkghN205KQ,2019,Gopal Sharma
SkghN205KQ,2019,Andrew McCallum
SkghBoR5FX,2019,Nathan Inkawhich
SkghBoR5FX,2019,Matthew Inkawhich
SkghBoR5FX,2019,Hai Li
SkghBoR5FX,2019,Yiran Chen
Skgge3R9FQ,2019,Mahdieh Abbasi
Skgge3R9FQ,2019,Arezoo Rajabi
Skgge3R9FQ,2019,Azadeh Sadat Mozafari
Skgge3R9FQ,2019,Rakesh B. Bobba
Skgge3R9FQ,2019,Christian Gagné
SkgZNnR5tX,2019,Avraham Ruderman
SkgZNnR5tX,2019,Richard Everett
SkgZNnR5tX,2019,Bristy Sikder
SkgZNnR5tX,2019,Hubert Soyer
SkgZNnR5tX,2019,Jonathan Uesato
SkgZNnR5tX,2019,Ananya Kumar
SkgZNnR5tX,2019,Charlie Beattie
SkgZNnR5tX,2019,Pushmeet Kohli
SkgVRiC9Km,2019,Alex Lamb
SkgVRiC9Km,2019,Jonathan Binas
SkgVRiC9Km,2019,Anirudh Goyal
SkgVRiC9Km,2019,Dmitriy Serdyuk
SkgVRiC9Km,2019,Sandeep Subramanian
SkgVRiC9Km,2019,Ioannis Mitliagkas
SkgVRiC9Km,2019,Yoshua Bengio
SkgToo0qFm,2019,Raphael J. L. Townshend
SkgToo0qFm,2019,Rishi Bedi
SkgToo0qFm,2019,Ron O. Dror
SkgQBn0cF7,2019,Nan Rosemary Ke
SkgQBn0cF7,2019,Amanpreet Singh
SkgQBn0cF7,2019,Ahmed Touati
SkgQBn0cF7,2019,Anirudh Goyal
SkgQBn0cF7,2019,Yoshua Bengio
SkgQBn0cF7,2019,Devi Parikh
SkgQBn0cF7,2019,Dhruv Batra
SkgKzh0cY7,2019,Dina Bashkirova
SkgKzh0cY7,2019,Ben Usman
SkgKzh0cY7,2019,Kate Saenko
SkgEaj05t7,2019,Stanisław Jastrzębski
SkgEaj05t7,2019,Zachary Kenton
SkgEaj05t7,2019,Nicolas Ballas
SkgEaj05t7,2019,Asja Fischer
SkgEaj05t7,2019,Yoshua Bengio
SkgEaj05t7,2019,Amos Storkey
SkgE8sRcK7,2019,Bin Zhou
SkgE8sRcK7,2019,Jiashi Feng
SkgCV205tQ,2019,Ange tato
SkgCV205tQ,2019,Roger nkambou
SkfrvsA9FX,2019,Chen Tessler
SkfrvsA9FX,2019,Daniel J. Mankowitz
SkfrvsA9FX,2019,Shie Mannor
SkfhIo0qtQ,2019,Sameera Ramasinghe
SkfhIo0qtQ,2019,Salman Khan
SkfhIo0qtQ,2019,Nick Barnes
SkfTIj0cKX,2019,Qibing Li
SkfTIj0cKX,2019,Xiaolin Zheng
SkfMWhAqYQ,2019,Wieland Brendel
SkfMWhAqYQ,2019,Matthias Bethge
Skf-oo0qt7,2019,Minshuo Chen
Skf-oo0qt7,2019,Xingguo Li
Skf-oo0qt7,2019,Tuo Zhao
SkenUj0qYm,2019,Ran Tian
SkenUj0qYm,2019,Yash Agrawal
SkenUj0qYm,2019,Kento Watanabe
SkenUj0qYm,2019,Hiroya Takamura
SkelJnRqt7,2019,Tavi Halperin
SkelJnRqt7,2019,Ariel Ephrat
SkelJnRqt7,2019,Yedid Hoshen
Skeke3C5Fm,2019,Xinyi Wang
Skeke3C5Fm,2019,Hieu Pham
Skeke3C5Fm,2019,Philip Arthur
Skeke3C5Fm,2019,Graham Neubig
SkeZisA5t7,2019,Ivan Chelombiev
SkeZisA5t7,2019,Conor Houghton
SkeZisA5t7,2019,Cian O'Donnell
SkeXehR9t7,2019,Kun Xu
SkeXehR9t7,2019,Lingfei Wu
SkeXehR9t7,2019,Zhiguo Wang
SkeXehR9t7,2019,Yansong Feng
SkeXehR9t7,2019,Michael Witbrock
SkeXehR9t7,2019,Vadim Sheinin
SkeVsiAcYm,2019,Yannick Schroecker
SkeVsiAcYm,2019,Mel Vecerik
SkeVsiAcYm,2019,Jon Scholz
SkeUG30cFQ,2019,Alexandre Araujo
SkeUG30cFQ,2019,Benjamin Negrevergne
SkeUG30cFQ,2019,Yann Chevaleyre
SkeUG30cFQ,2019,Jamal Atif
SkeRTsAcYm,2019,Hyeong-Seok Choi
SkeRTsAcYm,2019,Jang-Hyun Kim
SkeRTsAcYm,2019,Jaesung Huh
SkeRTsAcYm,2019,Adrian Kim
SkeRTsAcYm,2019,Jung-Woo Ha
SkeRTsAcYm,2019,Kyogu Lee
SkeQniAqK7,2019,Saavan Patel
SkeQniAqK7,2019,Sayeef Salahuddin
SkeL6sCqK7,2019,Ravid Shwartz-Ziv
SkeL6sCqK7,2019,Amichai Painsky
SkeL6sCqK7,2019,Naftali Tishby
SkeK3s0qKQ,2019,Nikolay Savinov
SkeK3s0qKQ,2019,Anton Raichuk
SkeK3s0qKQ,2019,Damien Vincent
SkeK3s0qKQ,2019,Raphael Marinier
SkeK3s0qKQ,2019,Marc Pollefeys
SkeK3s0qKQ,2019,Timothy Lillicrap
SkeK3s0qKQ,2019,Sylvain Gelly
SkeJ6iR9Km,2019,Francesco Tonolini
SkeJ6iR9Km,2019,Bjorn Sand Jensen
SkeJ6iR9Km,2019,Roderick Murray-Smith
Ske7ToC5Km,2019,Shaileshh Bojja Venkatakrishnan
Ske7ToC5Km,2019,Mohammad Alizadeh
Ske7ToC5Km,2019,Pramod Viswanath
Ske6wiAcKQ,2019,Jiali Yao
Ske6wiAcKQ,2019,Raphael Shu
Ske6wiAcKQ,2019,Xinjian Li
Ske6wiAcKQ,2019,Katsutoshi Ohtsuki
Ske6wiAcKQ,2019,Hideki Nakayama
Ske5r3AqK7,2019,Alexandru Tifrea*
Ske5r3AqK7,2019,Gary Becigneul*
Ske5r3AqK7,2019,Octavian-Eugen Ganea*
Ske25sC9FQ,2019,Amit Deshpande
Ske25sC9FQ,2019,Sandesh Kamath
Ske25sC9FQ,2019,K.V.Subrahmanyam
Ske1-209Y7,2019,Nozomu Yoshinari
Ske1-209Y7,2019,Kento Uchida
Ske1-209Y7,2019,Shota Saito
Ske1-209Y7,2019,Shinichi Shirakawa
Ske1-209Y7,2019,Youhei Akimoto
SkVhlh09tX,2019,Felix Wu
SkVhlh09tX,2019,Angela Fan
SkVhlh09tX,2019,Alexei Baevski
SkVhlh09tX,2019,Yann Dauphin
SkVhlh09tX,2019,Michael Auli
SkVe3iA9Ym,2019,Baoxiang Wang
SkVe3iA9Ym,2019,Tongfang Sun
SkVe3iA9Ym,2019,Xianjun Sam Zheng
SkVRTj0cYQ,2019,Robin C. Geyer
SkVRTj0cYQ,2019,Tassilo J. Klein
SkVRTj0cYQ,2019,Moin Nabi
SkNksoRctQ,2019,Sho Yaida
SkNSehA9FQ,2019,Milan Cvitkovic
SkNSehA9FQ,2019,Badal Singh
SkNSehA9FQ,2019,Anima Anandkumar
SkNSOjR9Y7,2019,Alexander Bartler
SkNSOjR9Y7,2019,Felix Wiewel
SkNSOjR9Y7,2019,Bin Yang
SkNSOjR9Y7,2019,Lukas Mauch
SkMx_iC9K7,2019,Ke Wang
SkMx_iC9K7,2019,Xiaojun Wan
SkMwpiR9Y7,2019,Ari Benjamin
SkMwpiR9Y7,2019,David Rolnick
SkMwpiR9Y7,2019,Konrad Kording
SkMuPjRcKQ,2019,Alexander Shekhovtsov
SkMuPjRcKQ,2019,Boris Flach
SkMQg3C5K7,2019,Sanjeev Arora
SkMQg3C5K7,2019,Nadav Cohen
SkMQg3C5K7,2019,Noah Golowich
SkMQg3C5K7,2019,Wei Hu
SkMON20ctX,2019,Emilio Rafael Balda
SkMON20ctX,2019,Arash Behboodi
SkMON20ctX,2019,Rudolf Mathar
SkGuG2R5tm,2019,Alexandre Sablayrolles
SkGuG2R5tm,2019,Matthijs Douze
SkGuG2R5tm,2019,Cordelia Schmid
SkGuG2R5tm,2019,Hervé Jégou
SkGtjjR5t7,2019,Mayank Bansal
SkGtjjR5t7,2019,Alex Krizhevsky
SkGtjjR5t7,2019,Abhijit Ogale
SkGpW3C5KX,2019,Xu Zhang
SkGpW3C5KX,2019,Felix Xinnan Yu
SkGpW3C5KX,2019,Svebor Karaman
SkGpW3C5KX,2019,Wei Zhang
SkGpW3C5KX,2019,Shih-Fu Chang
SkGT6sRcFX,2019,Jovana Mitrovic
SkGT6sRcFX,2019,Peter Wirnsberger
SkGT6sRcFX,2019,Charles Blundell
SkGT6sRcFX,2019,Dino Sejdinovic
SkGT6sRcFX,2019,Yee Whye Teh
SkGQujR5FX,2019,Ido Hakimi
SkGQujR5FX,2019,Saar Barkai
SkGQujR5FX,2019,Moshe Gabel
SkGQujR5FX,2019,Assaf Schuster
SkGNrnC9FQ,2019,Jay S. Stanley III
SkGNrnC9FQ,2019,Guy Wolf
SkGNrnC9FQ,2019,Smita Krishnaswamy
SkGH2oRcYX,2019,Morgan Funtowicz
SkGH2oRcYX,2019,Tomi Silander
SkGH2oRcYX,2019,Arnaud Sors
SkGH2oRcYX,2019,Julien Perez
SkEqro0ctQ,2019,Chandan Singh
SkEqro0ctQ,2019,W. James Murdoch
SkEqro0ctQ,2019,Bin Yu
SkEYojRqtm,2019,Jun Gao
SkEYojRqtm,2019,Di He
SkEYojRqtm,2019,Xu Tan
SkEYojRqtm,2019,Tao Qin
SkEYojRqtm,2019,Liwei Wang
SkEYojRqtm,2019,Tieyan Liu
SkE6PjC9KX,2019,Hyunjik Kim
SkE6PjC9KX,2019,Andriy Mnih
SkE6PjC9KX,2019,Jonathan Schwarz
SkE6PjC9KX,2019,Marta Garnelo
SkE6PjC9KX,2019,Ali Eslami
SkE6PjC9KX,2019,Dan Rosenbaum
SkE6PjC9KX,2019,Oriol Vinyals
SkE6PjC9KX,2019,Yee Whye Teh
Sk4jFoA9K7,2019,Jan Svoboda
Sk4jFoA9K7,2019,Jonathan Masci
Sk4jFoA9K7,2019,Federico Monti
Sk4jFoA9K7,2019,Michael Bronstein
Sk4jFoA9K7,2019,Leonidas Guibas
SJzwvoCqF7,2019,Xingguo Li
SJzwvoCqF7,2019,Junwei Lu
SJzwvoCqF7,2019,Zhaoran Wang
SJzwvoCqF7,2019,Jarvis Haupt
SJzwvoCqF7,2019,Tuo Zhao
SJzvDjAcK7,2019,Amartya Sanyal
SJzvDjAcK7,2019,Varun Kanade
SJzvDjAcK7,2019,Philip H. Torr
SJzuHiA9tQ,2019,Kevin J Liang
SJzuHiA9tQ,2019,Chunyuan Li
SJzuHiA9tQ,2019,Guoyin Wang
SJzuHiA9tQ,2019,Lawrence Carin
SJzqpj09YQ,2019,David Pfau
SJzqpj09YQ,2019,Stig Petersen
SJzqpj09YQ,2019,Ashish Agarwal
SJzqpj09YQ,2019,David G. T. Barrett
SJzqpj09YQ,2019,Kimberly L. Stachenfeld
SJzYdsAqY7,2019,Jiecao Yu
SJzYdsAqY7,2019,Jongsoo Park
SJzYdsAqY7,2019,Maxim Naumov
SJzSgnRcKX,2019,Ian Tenney
SJzSgnRcKX,2019,Patrick Xia
SJzSgnRcKX,2019,Berlin Chen
SJzSgnRcKX,2019,Alex Wang
SJzSgnRcKX,2019,Adam Poliak
SJzSgnRcKX,2019,R Thomas McCoy
SJzSgnRcKX,2019,Najoung Kim
SJzSgnRcKX,2019,Benjamin Van Durme
SJzSgnRcKX,2019,Samuel R. Bowman
SJzSgnRcKX,2019,Dipanjan Das
SJzSgnRcKX,2019,Ellie Pavlick
SJzR2iRcK7,2019,Yen-Chang Hsu
SJzR2iRcK7,2019,Zhaoyang Lv
SJzR2iRcK7,2019,Joel Schlosser
SJzR2iRcK7,2019,Phillip Odom
SJzR2iRcK7,2019,Zsolt Kira
SJz6MnC5YQ,2019,Xiaojie Guo
SJz6MnC5YQ,2019,Lingfei Wu
SJz6MnC5YQ,2019,Liang Zhao
SJz1x20cFQ,2019,Kenneth Marino
SJz1x20cFQ,2019,Abhinav Gupta
SJz1x20cFQ,2019,Rob Fergus
SJz1x20cFQ,2019,Arthur Szlam
SJxzPsAqFQ,2019,Oluwatobi O. Olabiyi
SJxzPsAqFQ,2019,Alan Salimov
SJxzPsAqFQ,2019,Anish Khazane
SJxzPsAqFQ,2019,Erik T. Mueller
SJxu5iR9KQ,2019,Daewoo Kim
SJxu5iR9KQ,2019,Sangwoo Moon
SJxu5iR9KQ,2019,David Hostallero
SJxu5iR9KQ,2019,Wan Ju Kang
SJxu5iR9KQ,2019,Taeyoung Lee
SJxu5iR9KQ,2019,Kyunghwan Son
SJxu5iR9KQ,2019,Yung Yi
SJxsV2R5FQ,2019,Victoria Xia
SJxsV2R5FQ,2019,Zi Wang
SJxsV2R5FQ,2019,Kelsey Allen
SJxsV2R5FQ,2019,Tom Silver
SJxsV2R5FQ,2019,Leslie Pack Kaelbling
SJxfxnA9K7,2019,Faisal Mahmood
SJxfxnA9K7,2019,Wenhao Xu
SJxfxnA9K7,2019,Nicholas J. Durr
SJxfxnA9K7,2019,Jeremiah W. Johnson
SJxfxnA9K7,2019,Alan Yuille
SJxTroR9F7,2019,Quan Vuong
SJxTroR9F7,2019,Yiming Zhang
SJxTroR9F7,2019,Keith W. Ross
SJxJtiRqt7,2019,Jeonghyun Lyu
SJxJtiRqt7,2019,Takashi Shinozaki
SJxJtiRqt7,2019,Kaoru Amano
SJxFN3RcFX,2019,Nanyang Ye
SJxFN3RcFX,2019,Zhanxing Zhu
SJxCsj0qYX,2019,Hongyang Zhang
SJxCsj0qYX,2019,Susu Xu
SJxCsj0qYX,2019,Jiantao Jiao
SJxCsj0qYX,2019,Pengtao Xie
SJxCsj0qYX,2019,Ruslan Salakhutdinov
SJxCsj0qYX,2019,Eric P. Xing
SJx94o0qYX,2019,Eunhyeok Park
SJx94o0qYX,2019,Dongyoung Kim
SJx94o0qYX,2019,Sungjoo Yoo
SJx94o0qYX,2019,Peter Vajda
SJx63jRqFm,2019,Benjamin Eysenbach
SJx63jRqFm,2019,Abhishek Gupta
SJx63jRqFm,2019,Julian Ibarz
SJx63jRqFm,2019,Sergey Levine
SJx5kn0cK7,2019,Tianyang Zhao
SJx5kn0cK7,2019,Xiaoxuan Ma
SJx5kn0cK7,2019,Honglin Ma
SJx5kn0cK7,2019,Yizhou Wang
SJlt6oA9Fm,2019,Jongheon Jeong
SJlt6oA9Fm,2019,Jinwoo Shin
SJlpM3RqKQ,2019,Sebastian Caldas
SJlpM3RqKQ,2019,Jakub Konečný
SJlpM3RqKQ,2019,Brendan McMahan
SJlpM3RqKQ,2019,Ameet Talwalkar
SJlh2jR9FX,2019,Adji B. Dieng
SJlh2jR9FX,2019,Kyunghyun Cho
SJlh2jR9FX,2019,David M. Blei
SJlh2jR9FX,2019,Yann LeCun
SJlgOjAqYQ,2019,Weikai Qi
SJldZ2RqFX,2019,Florent CHIARONI. Mohamed-Cherif RAHAL. Nicolas HUEBER. Frédéric DUFAUX.
SJl98sR5tX,2019,Tianmin Shu
SJl98sR5tX,2019,Caiming Xiong
SJl98sR5tX,2019,Ying Nian Wu
SJl98sR5tX,2019,Song-Chun Zhu
SJl8gnAqtX,2019,Du Su
SJl8gnAqtX,2019,Ali Yekkehkhany
SJl8gnAqtX,2019,Yi Lu
SJl8gnAqtX,2019,Wenmiao Lu
SJl8J30qFX,2019,Sarah Tan
SJl8J30qFX,2019,Rich Caruana
SJl8J30qFX,2019,Giles Hooker
SJl8J30qFX,2019,Paul Koch
SJl8J30qFX,2019,Albert Gordo
SJl7DsR5YQ,2019,Zoe Papakipos
SJl7DsR5YQ,2019,Jacob Beck
SJl7DsR5YQ,2019,Michael Littman
SJl2ps0qKQ,2019,Haihong Yang
SJl2ps0qKQ,2019,Han Wang
SJl2ps0qKQ,2019,Shuang Guo
SJl2ps0qKQ,2019,Wei Zhang
SJl2ps0qKQ,2019,Huajun Chen
SJl2niR9KQ,2019,Hsueh-Ti Derek Liu
SJl2niR9KQ,2019,Michael Tao
SJl2niR9KQ,2019,Chun-Liang Li
SJl2niR9KQ,2019,Derek Nowrouzezahrai
SJl2niR9KQ,2019,Alec Jacobson
SJgw_sRqFQ,2019,Yasin Yaz{\i}c{\i}
SJgw_sRqFQ,2019,Chuan-Sheng Foo
SJgw_sRqFQ,2019,Stefan Winkler
SJgw_sRqFQ,2019,Kim-Hui Yap
SJgw_sRqFQ,2019,Georgios Piliouras
SJgw_sRqFQ,2019,Vijay Chandrasekhar
SJgsCjCqt7,2019,Jiawei He
SJgsCjCqt7,2019,Yu Gong
SJgsCjCqt7,2019,Joseph Marino
SJgsCjCqt7,2019,Greg Mori
SJgsCjCqt7,2019,Andreas Lehrmann
SJgs1n05YQ,2019,Yi Wu
SJgs1n05YQ,2019,Yuxin Wu
SJgs1n05YQ,2019,Aviv Tamar
SJgs1n05YQ,2019,Stuart Russell
SJgs1n05YQ,2019,Georgia Gkioxari
SJgs1n05YQ,2019,Yuandong Tian
SJgiNo0cKX,2019,Yuetong Du
SJgiNo0cKX,2019,Xiaodong Gu
SJgiNo0cKX,2019,Junqin Liu
SJgiNo0cKX,2019,Liwen He
SJggZnRcFQ,2019,Svetlin Penkov
SJggZnRcFQ,2019,Subramanian Ramamoorthy
SJgTps0qtQ,2019,Siddharth Mysore
SJgTps0qtQ,2019,Robert Platt
SJgTps0qtQ,2019,Kate Saenko
SJgNwi09Km,2019,Xiaopeng Li
SJgNwi09Km,2019,Zhourong Chen
SJgNwi09Km,2019,Leonard K. M. Poon
SJgNwi09Km,2019,Nevin L. Zhang
SJgEl3A5tm,2019,Yang Zhang
SJgEl3A5tm,2019,Hassan Foroosh
SJgEl3A5tm,2019,Philip David
SJgEl3A5tm,2019,Boqing Gong
SJg7IsC5KQ,2019,Yongqiang Cai
SJg7IsC5KQ,2019,Qianxiao Li
SJg7IsC5KQ,2019,Zuowei Shen
SJg6nj09F7,2019,Yu Wang
SJg6nj09F7,2019,Jack W. Stokes
SJg6nj09F7,2019,Mady Marinescu
SJg013C5KX,2019,Ziliang Chen
SJg013C5KX,2019,Keze Wang
SJg013C5KX,2019,Liang Lin
SJfb5jCqKm,2019,Yonatan Geifman
SJfb5jCqKm,2019,Guy Uziel
SJfb5jCqKm,2019,Ran El-Yaniv
SJf_XhCqKm,2019,Jesse Dodge
SJf_XhCqKm,2019,Kevin Jamieson
SJf_XhCqKm,2019,Noah Smith
SJfZKiC5FX,2019,Xiaoshuai Zhang
SJfZKiC5FX,2019,Yiping Lu
SJfZKiC5FX,2019,Jiaying Liu
SJfZKiC5FX,2019,Bin Dong
SJfPFjA9Fm,2019,Yi Chen
SJfPFjA9Fm,2019,Jinglin Chen
SJfPFjA9Fm,2019,Jing Dong
SJfPFjA9Fm,2019,Jian Peng
SJfPFjA9Fm,2019,Zhaoran Wang
SJfHg2A5tQ,2019,Sajad Darabi
SJfHg2A5tQ,2019,Mouloud Belbahri
SJfHg2A5tQ,2019,Matthieu Courbariaux
SJfHg2A5tQ,2019,Vahid Partovi Nia
SJfFTjA5KQ,2019,Murphy Yuezhen Niu
SJfFTjA5KQ,2019,Lior Horesh
SJfFTjA5KQ,2019,Michael O'Keeffe
SJfFTjA5KQ,2019,Isaac Chuang
SJf6BhAqK7,2019,Kelsey R Allen
SJf6BhAqK7,2019,Hanul Shin
SJf6BhAqK7,2019,Evan Shelhamer
SJf6BhAqK7,2019,Josh B. Tenenbaum
SJerEhR5Km,2019,Vighnesh Leonardo Shiv
SJerEhR5Km,2019,Chris Quirk
SJequsCqKQ,2019,Yotam Hechtlinger
SJequsCqKQ,2019,Barnabas Poczos
SJequsCqKQ,2019,Larry Wasserman
SJekyhCctQ,2019,Sumanth Dathathri
SJekyhCctQ,2019,Stephan Zheng
SJekyhCctQ,2019,Yisong Yue
SJekyhCctQ,2019,Richard M. Murray
SJeXSo09FQ,2019,Diego Valsesia
SJeXSo09FQ,2019,Giulia Fracastoro
SJeXSo09FQ,2019,Enrico Magli
SJeUAj05tQ,2019,Parvin Nazari
SJeUAj05tQ,2019,Davoud Ataee Tarzanagh
SJeUAj05tQ,2019,George Michailidis
SJeT_oRcY7,2019,Bernd Illing
SJeT_oRcY7,2019,Wulfram Gerstner
SJeT_oRcY7,2019,Johanni Brea
SJeFNoRcFQ,2019,Charles H. Martin
SJeFNoRcFQ,2019,Michael W. Mahoney
SJe9rh0cFX,2019,Yukun Ding
SJe9rh0cFX,2019,Jinglan Liu
SJe9rh0cFX,2019,Jinjun Xiong
SJe9rh0cFX,2019,Yiyu Shi
SJe8DsR9tm,2019,Yu-Yi Su
SJe8DsR9tm,2019,Yung-Chih Chen
SJe8DsR9tm,2019,Xiang-Xiu Wu
SJe8DsR9tm,2019,Shih-Chieh Chang
SJe3HiC5KX,2019,Mahsa Baktashmotlagh
SJe3HiC5KX,2019,Masoud Faraki
SJe3HiC5KX,2019,Tom Drummond
SJe3HiC5KX,2019,Mathieu Salzmann
SJe2so0qF7,2019,Martin Bertran
SJe2so0qF7,2019,Natalia Martinez
SJe2so0qF7,2019,Afroditi Papadaki
SJe2so0qF7,2019,Qiang Qiu
SJe2so0qF7,2019,Miguel Rodrigues
SJe2so0qF7,2019,Guillermo Sapiro
SJVmjjR9FX,2019,Cheng Zhang
SJVmjjR9FX,2019,Frederick A. Matsen IV
SJNceh0cFX,2019,Sylvain Lamprier
SJNRHiAcYX,2019,Yunhao Tang
SJNRHiAcYX,2019,Shipra Agrawal
SJMnG2C9YX,2019,Takashi Ishida
SJMnG2C9YX,2019,Gang Niu
SJMnG2C9YX,2019,Aditya Krishna Menon
SJMnG2C9YX,2019,Masashi Sugiyama
SJMeTo09YQ,2019,Sahisnu Mazumder
SJMeTo09YQ,2019,Bing Liu
SJMeTo09YQ,2019,Shuai Wang
SJMeTo09YQ,2019,Yingxuan Zhu
SJMeTo09YQ,2019,Xiaotian Yin
SJMeTo09YQ,2019,Lifeng Liu
SJMeTo09YQ,2019,Jian Li
SJMeTo09YQ,2019,Yongbing Huang
SJMZRsC9Y7,2019,Hichem Mezaoui
SJMZRsC9Y7,2019,Isar Nejadgholi
SJMO2iCct7,2019,Daniel Hernandez Diaz
SJMO2iCct7,2019,Antonio Khalil Moretti
SJMO2iCct7,2019,Ziqiang Wei
SJMO2iCct7,2019,Shreya Saxena
SJMO2iCct7,2019,John Cunningham
SJMO2iCct7,2019,Liam Paninski
SJMBM2RqKQ,2019,Sayna Ebrahimi
SJMBM2RqKQ,2019,Mohamed Elhoseiny
SJMBM2RqKQ,2019,Trevor Darrell
SJMBM2RqKQ,2019,Marcus Rohrbach
SJLhxnRqFQ,2019,Andrew Jesson
SJLhxnRqFQ,2019,Cécile Low-Kam
SJLhxnRqFQ,2019,Tanya Nair
SJLhxnRqFQ,2019,Florian Soudan
SJLhxnRqFQ,2019,Florent Chandelier
SJLhxnRqFQ,2019,Nicolas Chapados
SJGyFiRqK7,2019,Yonathan Fiat
SJGyFiRqK7,2019,Eran Malach
SJGyFiRqK7,2019,Shai Shalev-Shwartz
SJGvns0qK7,2019,Gilwoo Lee
SJGvns0qK7,2019,Brian Hou
SJGvns0qK7,2019,Aditya Mandalika
SJGvns0qK7,2019,Jeongseok Lee
SJGvns0qK7,2019,Sanjiban Choudhury
SJGvns0qK7,2019,Siddhartha S. Srinivasa
SJG6G2RqtX,2019,Nantas Nardelli
SJG6G2RqtX,2019,Gabriel Synnaeve
SJG6G2RqtX,2019,Zeming Lin
SJG6G2RqtX,2019,Pushmeet Kohli
SJG6G2RqtX,2019,Philip H. S. Torr
SJG6G2RqtX,2019,Nicolas Usunier
SJG1wjRqFQ,2019,Raphael Shu
SJG1wjRqFQ,2019,Hideki Nakayama
SJ4vTjRqtQ,2019,Norman L. Tasfi
SJ4vTjRqtQ,2019,Miriam Capretz
SJ4Z72Rctm,2019,Jonathan J Hunt
SJ4Z72Rctm,2019,Andre Barreto
SJ4Z72Rctm,2019,Timothy P Lillicrap
SJ4Z72Rctm,2019,Nicolas Heess
S1zz2i0cY7,2019,Johannes Ballé
S1zz2i0cY7,2019,Nick Johnston
S1zz2i0cY7,2019,David Minnen
S1zlmnA5K7,2019,Scott Fujimoto
S1zlmnA5K7,2019,David Meger
S1zlmnA5K7,2019,Doina Precup
S1zk9iRqF7,2019,James Jordon
S1zk9iRqF7,2019,Jinsung Yoon
S1zk9iRqF7,2019,Mihaela van der Schaar
S1z9ehAqYX,2019,Yihao Feng
S1z9ehAqYX,2019,Hao Liu
S1z9ehAqYX,2019,Jian Peng
S1z9ehAqYX,2019,Qiang Liu
S1xzyhR9Y7,2019,Shuai Tang
S1xzyhR9Y7,2019,Virginia R. de Sa
S1xtAjR5tX,2019,Liqun Chen
S1xtAjR5tX,2019,Yizhe Zhang
S1xtAjR5tX,2019,Ruiyi Zhang
S1xtAjR5tX,2019,Chenyang Tao
S1xtAjR5tX,2019,Zhe Gan
S1xtAjR5tX,2019,Haichao Zhang
S1xtAjR5tX,2019,Bai Li
S1xtAjR5tX,2019,Dinghan Shen
S1xtAjR5tX,2019,Changyou Chen
S1xtAjR5tX,2019,Lawrence Carin
S1xq3oR5tQ,2019,Jack Lindsey
S1xq3oR5tQ,2019,Samuel A. Ocko
S1xq3oR5tQ,2019,Surya Ganguli
S1xq3oR5tQ,2019,Stephane Deny
S1xoy3CcYX,2019,Nicolas Ford
S1xoy3CcYX,2019,Justin Gilmer
S1xoy3CcYX,2019,Ekin D. Cubuk
S1xjdoC9Fm,2019,Juan Maroñas
S1xjdoC9Fm,2019,Roberto Paredes
S1xjdoC9Fm,2019,Daniel Ramos
S1xiOjC9F7,2019,Yujia Li
S1xiOjC9F7,2019,Chenjie Gu
S1xiOjC9F7,2019,Thomas Dullien
S1xiOjC9F7,2019,Oriol Vinyals
S1xiOjC9F7,2019,Pushmeet Kohli
S1xcx3C5FX,2019,Stefan Webb
S1xcx3C5FX,2019,Tom Rainforth
S1xcx3C5FX,2019,Yee Whye Teh
S1xcx3C5FX,2019,M. Pawan Kumar
S1xNb2A9YX,2019,Sanjana Srivastava
S1xNb2A9YX,2019,Guy Ben-Yosef
S1xNb2A9YX,2019,Xavier Boix
S1xNEhR9KX,2019,Gavin Weiguang Ding
S1xNEhR9KX,2019,Kry Yik Chau Lui
S1xNEhR9KX,2019,Xiaomeng Jin
S1xNEhR9KX,2019,Luyu Wang
S1xNEhR9KX,2019,Ruitong Huang
S1xLZ2R5KQ,2019,Fangzhou Luo
S1xLZ2R5KQ,2019,Xiaolin Wu
S1xLN3C9YX,2019,Shengcao Cao
S1xLN3C9YX,2019,Xiaofang Wang
S1xLN3C9YX,2019,Kris M. Kitani
S1xBioR5KX,2019,Hesham Mostafa
S1xBioR5KX,2019,Xin Wang
S1x8WnA5Ym,2019,Mohamed Elfeki
S1x8WnA5Ym,2019,Camille Couprie
S1x8WnA5Ym,2019,Mohamed Elhoseiny
S1x4ghC9tQ,2019,Karol Gregor
S1x4ghC9tQ,2019,George Papamakarios
S1x4ghC9tQ,2019,Frederic Besse
S1x4ghC9tQ,2019,Lars Buesing
S1x4ghC9tQ,2019,Theophane Weber
S1x2aiRqFX,2019,Wentao Wang
S1x2aiRqFX,2019,Zhiting Hu
S1x2aiRqFX,2019,Zichao Yang
S1x2aiRqFX,2019,Haoran Shi
S1x2aiRqFX,2019,Eric P. Xing
S1x2Fj0qKQ,2019,Aliaksandr Siarohin
S1x2Fj0qKQ,2019,Enver Sangineto
S1x2Fj0qKQ,2019,Nicu Sebe
S1lwRjR9YX,2019,Ali Ramezani-Kebrya
S1lwRjR9YX,2019,Ashish Khisti
S1lwRjR9YX,2019,and Ben Liang
S1lvm305YQ,2019,Sicong Huang
S1lvm305YQ,2019,Qiyang Li
S1lvm305YQ,2019,Cem Anil
S1lvm305YQ,2019,Xuchan Bao
S1lvm305YQ,2019,Sageev Oore
S1lvm305YQ,2019,Roger B. Grosse
S1lqMn05Ym,2019,Alexandre Galashov
S1lqMn05Ym,2019,Siddhant M. Jayakumar
S1lqMn05Ym,2019,Leonard Hasenclever
S1lqMn05Ym,2019,Dhruva Tirumala
S1lqMn05Ym,2019,Jonathan Schwarz
S1lqMn05Ym,2019,Guillaume Desjardins
S1lqMn05Ym,2019,Wojciech M. Czarnecki
S1lqMn05Ym,2019,Yee Whye Teh
S1lqMn05Ym,2019,Razvan Pascanu
S1lqMn05Ym,2019,Nicolas Heess
S1llBiR5YX,2019,Tomasz Kisielewski
S1llBiR5YX,2019,Damian Leśniak
S1llBiR5YX,2019,Maia Pasek
S1lhbnRqF7,2019,Rajarshi Das
S1lhbnRqF7,2019,Tsendsuren Munkhdalai
S1lhbnRqF7,2019,Xingdi Yuan
S1lhbnRqF7,2019,Adam Trischler
S1lhbnRqF7,2019,Andrew McCallum
S1lg0jAcYm,2019,Mingzhang Yin
S1lg0jAcYm,2019,Mingyuan Zhou
S1lVniC5Y7,2019,Aditya Rawal
S1lVniC5Y7,2019,Jason Liang
S1lVniC5Y7,2019,Risto Miikkulainen
S1lTg3RqYQ,2019,Liqian Ma
S1lTg3RqYQ,2019,Xu Jia
S1lTg3RqYQ,2019,Stamatios Georgoulis
S1lTg3RqYQ,2019,Tinne Tuytelaars
S1lTg3RqYQ,2019,Luc Van Gool
S1lTg3RcFm,2019,Mahsa Ghasemi
S1lTg3RcFm,2019,Ufuk Topcu
S1lTEh09FQ,2019,Elias B Khalil
S1lTEh09FQ,2019,Amrita Gupta
S1lTEh09FQ,2019,Bistra Dilkina
S1lPShAqFm,2019,Newsha Ardalani
S1lPShAqFm,2019,Joel Hestness
S1lPShAqFm,2019,Gregory Diamos
S1lKSjRcY7,2019,Evgeny Andriyash
S1lKSjRcY7,2019,Arash Vahdat
S1lKSjRcY7,2019,Bill Macready
S1lIMn05F7,2019,Huaxia Wang
S1lIMn05F7,2019,Chun-Nam Yu
S1lDV3RcKm,2019,Steven Cheng-Xian Li
S1lDV3RcKm,2019,Bo Jiang
S1lDV3RcKm,2019,Benjamin Marlin
S1grRoR9tQ,2019,Wei Deng
S1grRoR9tQ,2019,Xiao Zhang
S1grRoR9tQ,2019,Faming Liang
S1grRoR9tQ,2019,Guang Lin
S1giro05t7,2019,Zhizhong Li
S1giro05t7,2019,Derek Hoiem
S1giVsRcYm,2019,Marlos C. Machado
S1giVsRcYm,2019,Marc G. Bellemare
S1giVsRcYm,2019,Michael Bowling
S1geJhC9Km,2019,Adrien EHRHARDT
S1geJhC9Km,2019,Vincent VANDEWALLE
S1geJhC9Km,2019,Christophe BIERNACKI
S1geJhC9Km,2019,Philippe HEINRICH
S1gd7nCcF7,2019,Shikun Liu
S1gd7nCcF7,2019,Edward Johns
S1gd7nCcF7,2019,Andrew Davison
S1g_EsActm,2019,Liangbo He
S1g_EsActm,2019,Hao Sun
S1gWz2CcKX,2019,Joseph Suarez
S1gWz2CcKX,2019,Yilun Du
S1gWz2CcKX,2019,Phillip Isola
S1gWz2CcKX,2019,Igor Mordatch
S1gUsoR9YX,2019,Xu Tan
S1gUsoR9YX,2019,Yi Ren
S1gUsoR9YX,2019,Di He
S1gUsoR9YX,2019,Tao Qin
S1gUsoR9YX,2019,Zhou Zhao
S1gUsoR9YX,2019,Tie-Yan Liu
S1gUVjCqKm,2019,Sungyeob Han
S1gUVjCqKm,2019,Daeyoung Kim
S1gUVjCqKm,2019,Jungwoo Lee
S1gQ5sRcFm,2019,Ananya Kumar
S1gQ5sRcFm,2019,S. M. Ali Eslami
S1gQ5sRcFm,2019,Danilo Rezende
S1gQ5sRcFm,2019,Marta Garnelo
S1gQ5sRcFm,2019,Fabio Viola
S1gQ5sRcFm,2019,Edward Lockhart
S1gQ5sRcFm,2019,Murray Shanahan
S1gOpsCctm,2019,Anurag Koul
S1gOpsCctm,2019,Alan Fern
S1gOpsCctm,2019,Sam Greydanus
S1gDCiCqtQ,2019,Jacob Rafati
S1gDCiCqtQ,2019,David Noelle
S1gBz2C9tX,2019,Matthew Schlegel
S1gBz2C9tX,2019,Wesley Chung
S1gBz2C9tX,2019,Daniel Graves
S1gBz2C9tX,2019,Martha White
S1gBgnR9Y7,2019,Markus Hofmarcher
S1gBgnR9Y7,2019,Elisabeth Rumetshofer
S1gBgnR9Y7,2019,Sepp Hochreiter
S1gBgnR9Y7,2019,Günter Klambauer
S1gARiAcFm,2019,Scott Gigante
S1gARiAcFm,2019,David van Dijk
S1gARiAcFm,2019,Kevin R. Moon
S1gARiAcFm,2019,Alexander Strzalkowski
S1gARiAcFm,2019,Katie Ferguson
S1gARiAcFm,2019,Guy Wolf
S1gARiAcFm,2019,Smita Krishnaswamy
S1g9N2A5FX,2019,Tameem Adel
S1g9N2A5FX,2019,Cuong V. Nguyen
S1g9N2A5FX,2019,Richard E. Turner
S1g9N2A5FX,2019,Zoubin Ghahramani
S1g9N2A5FX,2019,Adrian Weller
S1g2V3Cct7,2019,David Rolnick
S1g2V3Cct7,2019,Arun Ahuja
S1g2V3Cct7,2019,Jonathan Schwarz
S1g2V3Cct7,2019,Timothy P. Lillicrap
S1g2V3Cct7,2019,Greg Wayne
S1g2JnRcFX,2019,Sebastian U. Stich
S1fcnoR9K7,2019,Léonard Blier
S1fcnoR9K7,2019,Pierre Wolinski
S1fcnoR9K7,2019,Yann Ollivier
S1fUpoR5FQ,2019,Jerry Ma
S1fUpoR5FQ,2019,Denis Yarats
S1fQSiCcYm,2019,David Berthelot*
S1fQSiCcYm,2019,Colin Raffel*
S1fQSiCcYm,2019,Aurko Roy
S1fQSiCcYm,2019,Ian Goodfellow
S1fDssA5Y7,2019,Jikai Hou
S1fDssA5Y7,2019,Kaixuan Huang
S1fDssA5Y7,2019,Zhihua Zhang
S1ey2sRcYQ,2019,Guy Lorberbom
S1ey2sRcYQ,2019,Tamir Hazan
S1erHoR5t7,2019,Alexia Jolicoeur-Martineau
S1en0sRqKm,2019,Noah Golmant
S1en0sRqKm,2019,Nikita Vemuri
S1en0sRqKm,2019,Zhewei Yao
S1en0sRqKm,2019,Vladimir Feinberg
S1en0sRqKm,2019,Amir Gholami
S1en0sRqKm,2019,Kai Rothauge
S1en0sRqKm,2019,Michael Mahoney
S1en0sRqKm,2019,Joseph Gonzalez
S1ej8o05tm,2019,Christopher Bourez
S1ej8o05tm,2019,Aurelien Coquard
S1ecm2C9K7,2019,Klas Leino
S1ecm2C9K7,2019,Emily Black
S1ecm2C9K7,2019,Matt Fredrikson
S1ecm2C9K7,2019,Shayak Sen
S1ecm2C9K7,2019,Anupam Datta
S1e_ssC5F7,2019,Guangzeng Xie
S1e_ssC5F7,2019,Hao Jin
S1e_ssC5F7,2019,Dachao Lin
S1e_ssC5F7,2019,Zhihua Zhang
S1e_H3AqYQ,2019,Mozhi Zhang
S1e_H3AqYQ,2019,Yoshinari Fujinuma
S1e_H3AqYQ,2019,Jordan Boyd-Graber
S1eYHoC5FX,2019,Hanxiao Liu
S1eYHoC5FX,2019,Karen Simonyan
S1eYHoC5FX,2019,Yiming Yang
S1eX-nA5KX,2019,Hao Zhang
S1eX-nA5KX,2019,Bo Chen
S1eX-nA5KX,2019,Long Tian
S1eX-nA5KX,2019,Zhengjue Wang
S1eX-nA5KX,2019,Mingyuan Zhou
S1eVe2AqKX,2019,Boyuan Feng
S1eVe2AqKX,2019,Kun Wan
S1eVe2AqKX,2019,Shu Yang
S1eVe2AqKX,2019,Yufei Ding
S1eOHo09KX,2019,Mohammad Kachuee
S1eOHo09KX,2019,Orpaz Goldstein
S1eOHo09KX,2019,Kimmo Kärkkäinen
S1eOHo09KX,2019,Sajad Darabi
S1eOHo09KX,2019,Majid Sarrafzadeh
S1eK3i09YQ,2019,Simon S. Du
S1eK3i09YQ,2019,Xiyu Zhai
S1eK3i09YQ,2019,Barnabas Poczos
S1eK3i09YQ,2019,Aarti Singh
S1eFtj0cKQ,2019,Timothée Lesort
S1eFtj0cKQ,2019,Hugo Caselles-Dupré
S1eFtj0cKQ,2019,Michael Garcia-Ortiz
S1eFtj0cKQ,2019,Jean-François Goudou
S1eFtj0cKQ,2019,David Filliat
S1eEmn05tQ,2019,Alexandre Lacoste
S1eEmn05tQ,2019,Boris Oreshkin
S1eEmn05tQ,2019,Wonchang Chung
S1eEmn05tQ,2019,Thomas Boquet
S1eEmn05tQ,2019,Negar Rostamzadeh
S1eEmn05tQ,2019,David Krueger
S1eEdj0cK7,2019,Xintong Li
S1eEdj0cK7,2019,Lemao Liu
S1eEdj0cK7,2019,Guanlin Li
S1eEdj0cK7,2019,Max Meng
S1eEdj0cK7,2019,Shuming Shi
S1eBzhRqK7,2019,Krzysztof Maziarz
S1eBzhRqK7,2019,Andrey Khorlin
S1eBzhRqK7,2019,Quentin de Laroussilhe
S1eBzhRqK7,2019,Andrea Gesmundo
S1eB3sRqtm,2019,Yeming Wen
S1eB3sRqtm,2019,Kevin Luk
S1eB3sRqtm,2019,Maxime Gazeau
S1eB3sRqtm,2019,Guodong Zhang
S1eB3sRqtm,2019,Harris Chan
S1eB3sRqtm,2019,Jimmy Ba
S1VWjiRcKX,2019,Diana Borsa
S1VWjiRcKX,2019,Andre Barreto
S1VWjiRcKX,2019,John Quan
S1VWjiRcKX,2019,Daniel J. Mankowitz
S1VWjiRcKX,2019,Hado van Hasselt
S1VWjiRcKX,2019,Remi Munos
S1VWjiRcKX,2019,David Silver
S1VWjiRcKX,2019,Tom Schaul
S1MeM2RcFm,2019,Huili Chen
S1MeM2RcFm,2019,Bita Darvish Rouhani
S1MeM2RcFm,2019,Farinaz Koushanfar
S1MQ6jCcK7,2019,Sungjoon Choi
S1MQ6jCcK7,2019,Sanghoon Hong
S1MQ6jCcK7,2019,Kyungjae Lee
S1MQ6jCcK7,2019,Sungbin Lim
S1MB-3RcF7,2019,Isabela Albuquerque
S1MB-3RcF7,2019,João Monteiro
S1MB-3RcF7,2019,Thang Doan
S1MB-3RcF7,2019,Breandan Considine
S1MB-3RcF7,2019,Tiago Falk
S1MB-3RcF7,2019,Ioannis Mitliagkas
S1MAriC5F7,2019,Liam Li
S1MAriC5F7,2019,Kevin Jamieson
S1MAriC5F7,2019,Afshin Rostamizadeh
S1MAriC5F7,2019,Ekaterina Gonina
S1MAriC5F7,2019,Moritz Hardt
S1MAriC5F7,2019,Ben Recht
S1MAriC5F7,2019,Ameet Talwalkar
S1M6Z2Cctm,2019,Rui Zhang
S1M6Z2Cctm,2019,Tomas Pfister
S1M6Z2Cctm,2019,Jia Li
S1GkToR5tm,2019,Samaneh Azadi
S1GkToR5tm,2019,Catherine Olsson
S1GkToR5tm,2019,Trevor Darrell
S1GkToR5tm,2019,Ian Goodfellow
S1GkToR5tm,2019,Augustus Odena
S1GcHsAqtm,2019,Raphael Tang
S1GcHsAqtm,2019,Jimmy Lin
S1G_cj05YQ,2019,Quang H. Pham
S1G_cj05YQ,2019,Steven C. H. Hoi
S1EHOsC9tX,2019,Lukas Schott
S1EHOsC9tX,2019,Jonas Rauber
S1EHOsC9tX,2019,Matthias Bethge
S1EHOsC9tX,2019,Wieland Brendel
S1EERs09YQ,2019,Seil Na
S1EERs09YQ,2019,Yo Joong Choe
S1EERs09YQ,2019,Dong-Hyun Lee
S1EERs09YQ,2019,Gunhee Kim
S1E64jC5tm,2019,Thomas Bonald
S1E64jC5tm,2019,Nathan De Lara
S1E3Ko09F7,2019,Jianbo Chen
S1E3Ko09F7,2019,Le Song
S1E3Ko09F7,2019,Martin J. Wainwright
S1E3Ko09F7,2019,Michael I. Jordan
S14h9sCqYm,2019,Meng Qu
S14h9sCqYm,2019,Jian Tang
S14h9sCqYm,2019,Yoshua Bengio
S14g5s09tm,2019,AJ Piergiovanni
S14g5s09tm,2019,Michael S. Ryoo
HyztsoC5Y7,2019,Anusha Nagabandi
HyztsoC5Y7,2019,Ignasi Clavera
HyztsoC5Y7,2019,Simin Liu
HyztsoC5Y7,2019,Ronald S. Fearing
HyztsoC5Y7,2019,Pieter Abbeel
HyztsoC5Y7,2019,Sergey Levine
HyztsoC5Y7,2019,Chelsea Finn
HyzdRiR9Y7,2019,Mostafa Dehghani
HyzdRiR9Y7,2019,Stephan Gouws
HyzdRiR9Y7,2019,Oriol Vinyals
HyzdRiR9Y7,2019,Jakob Uszkoreit
HyzdRiR9Y7,2019,Lukasz Kaiser
HyzMyhCcK7,2019,Yu Bai
HyzMyhCcK7,2019,Yu-Xiang Wang
HyzMyhCcK7,2019,Edo Liberty
HyxzRsR9Y7,2019,Tanmay Gangwani
HyxzRsR9Y7,2019,Qiang Liu
HyxzRsR9Y7,2019,Jian Peng
Hyxu6oAqYX,2019,Jaspreet Sahota
Hyxu6oAqYX,2019,Divya Shanmugam
Hyxu6oAqYX,2019,Janahan Ramanan
Hyxu6oAqYX,2019,Sepehr Eghbali
Hyxu6oAqYX,2019,Marcus Brubaker
Hyxtso0qtX,2019,Zhang-Wei Hong
Hyxtso0qtX,2019,Tsu-Jui Fu
Hyxtso0qtX,2019,Tzu-Yun Shann
Hyxtso0qtX,2019,Yi-Hsiang Chang
Hyxtso0qtX,2019,Chun-Yi Lee
Hyxsl2AqKm,2019,Farzaneh Mahdisoltani
Hyxsl2AqKm,2019,Guillaume Berger
Hyxsl2AqKm,2019,Waseem Gharbieh
Hyxsl2AqKm,2019,David Fleet
Hyxsl2AqKm,2019,Roland Memisevic
HyxpNnRcFX,2019,Erin Grant
HyxpNnRcFX,2019,Ghassen Jerfel
HyxpNnRcFX,2019,Katherine Heller
HyxpNnRcFX,2019,Thomas L. Griffiths
HyxnZh0ct7,2019,Luca Bertinetto
HyxnZh0ct7,2019,Joao F. Henriques
HyxnZh0ct7,2019,Philip Torr
HyxnZh0ct7,2019,Andrea Vedaldi
HyxlHsActm,2019,Dar Gilboa
HyxlHsActm,2019,Sam Buchanan
HyxlHsActm,2019,John Wright
HyxhusA9Fm,2019,Harm de Vries
HyxhusA9Fm,2019,Kurt Shuster
HyxhusA9Fm,2019,Dhruv Batra
HyxhusA9Fm,2019,Devi Parikh
HyxhusA9Fm,2019,Jason Weston
HyxhusA9Fm,2019,Douwe Kiela
HyxUIj09KX,2019,Shuai Li
HyxUIj09KX,2019,Kui Jia
HyxSBh09t7,2019,Dongmian Zou
HyxSBh09t7,2019,Gilad Lerman
HyxPx3R9tm,2019,Xue Bin Peng
HyxPx3R9tm,2019,Angjoo Kanazawa
HyxPx3R9tm,2019,Sam Toyer
HyxPx3R9tm,2019,Pieter Abbeel
HyxPx3R9tm,2019,Sergey Levine
HyxOIoRqFQ,2019,Laurence Aitchison
HyxOIoRqFQ,2019,Vincent Adam
HyxOIoRqFQ,2019,Srinivas C. Turaga
HyxKIiAqYQ,2019,Jooyoung Lee
HyxKIiAqYQ,2019,Seunghyun Cho
HyxKIiAqYQ,2019,Seung-Kwon Beack
HyxGB2AcY7,2019,Jongwook Choi
HyxGB2AcY7,2019,Yijie Guo
HyxGB2AcY7,2019,Marcin Moczulski
HyxGB2AcY7,2019,Junhyuk Oh
HyxGB2AcY7,2019,Neal Wu
HyxGB2AcY7,2019,Mohammad Norouzi
HyxGB2AcY7,2019,Honglak Lee
HyxCxhRcY7,2019,Dan Hendrycks
HyxCxhRcY7,2019,Mantas Mazeika
HyxCxhRcY7,2019,Thomas Dietterich
HyxBpoR5tm,2019,Kevin Roth
HyxBpoR5tm,2019,Aurelien Lucchi
HyxBpoR5tm,2019,Sebastian Nowozin
HyxBpoR5tm,2019,Thomas Hofmann
HyxAfnA5tm,2019,Anusha Nagabandi
HyxAfnA5tm,2019,Chelsea Finn
HyxAfnA5tm,2019,Sergey Levine
Hyx6Bi0qYm,2019,Ali Farshchian
Hyx6Bi0qYm,2019,Juan A. Gallego
Hyx6Bi0qYm,2019,Joseph P. Cohen
Hyx6Bi0qYm,2019,Yoshua Bengio
Hyx6Bi0qYm,2019,Lee E. Miller
Hyx6Bi0qYm,2019,Sara A. Solla
Hyx4knR9Ym,2019,Farzan Farnia
Hyx4knR9Ym,2019,Jesse Zhang
Hyx4knR9Ym,2019,David Tse
HylzTiC5Km,2019,Jacob Menick
HylzTiC5Km,2019,Nal Kalchbrenner
Hylyui09tm,2019,Hyoungseok Kim
Hylyui09tm,2019,Jaekyeom Kim
Hylyui09tm,2019,Yeonwoo Jeong
Hylyui09tm,2019,Sergey Levine
Hylyui09tm,2019,Hyun Oh Song
HylsgnCcFQ,2019,Aravind Sankar
HylsgnCcFQ,2019,Yanhong Wu
HylsgnCcFQ,2019,Liang Gou
HylsgnCcFQ,2019,Wei Zhang
HylsgnCcFQ,2019,Hao Yang
Hyls7h05FQ,2019,Fenfei Guo
Hyls7h05FQ,2019,Mohit Iyyer
Hyls7h05FQ,2019,Leah Findlater
Hyls7h05FQ,2019,Jordan Boyd-Graber
Hylnis0qKX,2019,Jiahong Ouyang
Hylnis0qKX,2019,Guanhua Wang
Hylnis0qKX,2019,Enhao Gong
Hylnis0qKX,2019,Kevin Chen
Hylnis0qKX,2019,John Pauly and Greg Zaharchuk
HyllasActm,2019,Jorge Pessoa
HyllasActm,2019,Helena Aidos
HyllasActm,2019,Pedro Tomás
HyllasActm,2019,Mário A. T. Figueiredo
HyleYiC9FX,2019,Tolgahan Cakaloglu
HyleYiC9FX,2019,Christian Szegedy
HyleYiC9FX,2019,Xiaowei Xu
Hyl_vjC5KQ,2019,Takayuki Osa
Hyl_vjC5KQ,2019,Voot Tangkaratt
Hyl_vjC5KQ,2019,Masashi Sugiyama
HylVB3AqYm,2019,Han Cai
HylVB3AqYm,2019,Ligeng Zhu
HylVB3AqYm,2019,Song Han
HylTXn0qYX,2019,Chulhee Yun
HylTXn0qYX,2019,Suvrit Sra
HylTXn0qYX,2019,Ali Jadbabaie
HylTBhA5tQ,2019,Huan Zhang*
HylTBhA5tQ,2019,Hongge Chen*
HylTBhA5tQ,2019,Zhao Song
HylTBhA5tQ,2019,Duane Boning
HylTBhA5tQ,2019,Inderjit S. Dhillon
HylTBhA5tQ,2019,Cho-Jui Hsieh
HylSk205YQ,2019,Ozsel Kilinc
HylSk205YQ,2019,Giovanni Montana
HylRk2A5FQ,2019,Darwin Danilo Saire Pilco
HylRk2A5FQ,2019,Adín Ramírez Rivera
HylKJhCcKm,2019,Zhenhua Chen
HylKJhCcKm,2019,Chuhua Wang
HylKJhCcKm,2019,Tiancong Zhao
HylKJhCcKm,2019,David Crandall
HylJtiRqYQ,2019,Qiang Sun
HylJtiRqYQ,2019,Bin Wang
HylJtiRqYQ,2019,Zizhou Gu
HylJtiRqYQ,2019,Yanwei Fu
HylDpoActX,2019,Günther Schindler
HylDpoActX,2019,Wolfgang Roth
HylDpoActX,2019,Franz Pernkopf
HylDpoActX,2019,Holger Fröning
Hygxb2CqKm,2019,John Miller
Hygxb2CqKm,2019,Moritz Hardt
Hygvln09K7,2019,zhuoyuan@fb.com
Hygv0sC5F7,2019,Tengyu Xu
Hygv0sC5F7,2019,Yi Zhou
Hygv0sC5F7,2019,Kaiyi Ji
Hygv0sC5F7,2019,Yingbin Liang
HygtHnR5tQ,2019,Eirikur Agustsson
HygtHnR5tQ,2019,Michael Tschannen
HygtHnR5tQ,2019,Fabian Mentzer
HygtHnR5tQ,2019,Radu Timofte
HygtHnR5tQ,2019,Luc van Gool
HygsfnR9Ym,2019,Anirudh Goyal
HygsfnR9Ym,2019,Philemon Brakel
HygsfnR9Ym,2019,William Fedus
HygsfnR9Ym,2019,Soumye Singhal
HygsfnR9Ym,2019,Timothy Lillicrap
HygsfnR9Ym,2019,Sergey Levine
HygsfnR9Ym,2019,Hugo Larochelle
HygsfnR9Ym,2019,Yoshua Bengio
HygqJnCqtm,2019,Uwe Dick
HygqJnCqtm,2019,Maryam Tavakol
HygqJnCqtm,2019,Ulf Brefeld
Hygp1nR9FQ,2019,Neale Ratzlaff
Hygp1nR9FQ,2019,Li Fuxin
Hygn2o0qKX,2019,Vaishnavh Nagarajan
Hygn2o0qKX,2019,Zico Kolter
Hygm8jC9FQ,2019,Masanori Yamada
Hygm8jC9FQ,2019,Kim Heecheol
Hygm8jC9FQ,2019,Kosuke Miyoshi
Hygm8jC9FQ,2019,Hiroshi Yamakawa
HygjqjR9Km,2019,Wei Wang
HygjqjR9Km,2019,Yuan Sun
HygjqjR9Km,2019,Saman Halgamuge
Hyghb2Rct7,2019,Yutong Bai
Hyghb2Rct7,2019,Lingxi Xie
HygcvsAcFX,2019,Shen-Huan Lv
HygcvsAcFX,2019,Lu Wang
HygcvsAcFX,2019,Zhi-Hua Zhou
Hyg_X2C5FX,2019,David Bau
Hyg_X2C5FX,2019,Jun-Yan Zhu
Hyg_X2C5FX,2019,Hendrik Strobelt
Hyg_X2C5FX,2019,Bolei Zhou
Hyg_X2C5FX,2019,Joshua B. Tenenbaum
Hyg_X2C5FX,2019,William T. Freeman
Hyg_X2C5FX,2019,Antonio Torralba
HygYqs0qKX,2019,Jiahuan Zhou
HygYqs0qKX,2019,Nikolaos Karianakis
HygYqs0qKX,2019,Ying Wu
HygYqs0qKX,2019,Gang Hua
HygUOoC5KX,2019,Yingzhen Li
HygUOoC5KX,2019,John Bradshaw
HygUOoC5KX,2019,Yash Sharma
HygTE309t7,2019,Lei Cao
HygTE309t7,2019,Yizhou Yan
HygTE309t7,2019,Samuel Madden
HygTE309t7,2019,Elke Rundensteiner
HygT9oRqFX,2019,Yoichi Yaguchi
HygT9oRqFX,2019,Fumiyuki Shiratani
HygT9oRqFX,2019,Hidekazu Iwaki
HygS7n0cFQ,2019,Ramtin Keramati
HygS7n0cFQ,2019,Jay Whang
HygS7n0cFQ,2019,Patrick Cho
HygS7n0cFQ,2019,Emma Brunskill
HygQro05KX,2019,Yichi Zhou
HygQro05KX,2019,Jun Zhu
HygQBn0cYm,2019,Mikael Henaff
HygQBn0cYm,2019,Alfredo Canziani
HygQBn0cYm,2019,Yann LeCun
HygBZnRctX,2019,Sebastian Flennerhag
HygBZnRctX,2019,Pablo G. Moreno
HygBZnRctX,2019,Neil D. Lawrence
HygBZnRctX,2019,Andreas Damianou
Hyg74h05tX,2019,Jonathan Ho
Hyg74h05tX,2019,Xi Chen
Hyg74h05tX,2019,Aravind Srinivas
Hyg74h05tX,2019,Yan Duan
Hyg74h05tX,2019,Pieter Abbeel
Hyg1Ls0cKQ,2019,Jin-Young Kim
Hyg1Ls0cKQ,2019,Sung-Bae Cho
Hyg1G2AqtQ,2019,Hongzi Mao
Hyg1G2AqtQ,2019,Shaileshh Bojja Venkatakrishnan
Hyg1G2AqtQ,2019,Malte Schwarzkopf
Hyg1G2AqtQ,2019,Mohammad Alizadeh
HyfyN30qt7,2019,Chaim Baskin
HyfyN30qt7,2019,Natan Liss
HyfyN30qt7,2019,Yoav Chai
HyfyN30qt7,2019,Evgenii Zheltonozhskii
HyfyN30qt7,2019,Eli Schwartz
HyfyN30qt7,2019,Raja Girayes
HyfyN30qt7,2019,Avi Mendelson
HyfyN30qt7,2019,Alexander M.Bronstein
Hyfn2jCcKm,2019,Stephen McAleer
Hyfn2jCcKm,2019,Forest Agostinelli
Hyfn2jCcKm,2019,Alexander Shmakov
Hyfn2jCcKm,2019,Pierre Baldi
Hyfg5o0qtm,2019,AJ Piergiovanni
Hyfg5o0qtm,2019,Michael S. Ryoo
Hyffti0ctQ,2019,Wei Gao
Hyffti0ctQ,2019,Yi Wei
Hyffti0ctQ,2019,Quanquan Li
Hyffti0ctQ,2019,Hongwei Qin
Hyffti0ctQ,2019,Wanli Ouyang
Hyffti0ctQ,2019,Junjie Yan
HyexAiA5Fm,2019,Karren D. Yang
HyexAiA5Fm,2019,Caroline Uhler
Hyewf3AqYX,2019,Jinghui Chen
Hyewf3AqYX,2019,Jinfeng Yi
Hyewf3AqYX,2019,Quanquan Gu
HyevnsCqtQ,2019,Qing Yang
HyevnsCqtQ,2019,Wei Wen
HyevnsCqtQ,2019,Zuoguan Wang
HyevnsCqtQ,2019,Yiran Chen
HyevnsCqtQ,2019,Hai Li
HyesW2C9YQ,2019,Hannah Rashkin
HyesW2C9YQ,2019,Eric Michael Smith
HyesW2C9YQ,2019,Margaret Li
HyesW2C9YQ,2019,Y-Lan Boureau
HyefgnCqFm,2019,Ibrahim Ayed
HyefgnCqFm,2019,Emmanuel De Bézenac
HyefgnCqFm,2019,Arthur Pajot
HyefgnCqFm,2019,Patrick Gallinari
Hyed4i05KX,2019,Chihiro Watanabe
HyeVtoRqtQ,2019,Shaojie Bai
HyeVtoRqtQ,2019,J. Zico Kolter
HyeVtoRqtQ,2019,Vladlen Koltun
HyeU1hRcFX,2019,Deepak Mishra
HyeU1hRcFX,2019,Prathosh AP
HyeU1hRcFX,2019,Aravind J
HyeU1hRcFX,2019,Prashant Pandey
HyeU1hRcFX,2019,Santanu Chaudhury
HyeS73ActX,2019,Hussein Sibai
HyeS73ActX,2019,Sayan Mitra
HyePrhR5KX,2019,Rakshit Trivedi
HyePrhR5KX,2019,Mehrdad Farajtabar
HyePrhR5KX,2019,Prasenjeet Biswal
HyePrhR5KX,2019,Hongyuan Zha
HyeGBj09Fm,2019,Lukas Prantl
HyeGBj09Fm,2019,Boris Bonev
HyeGBj09Fm,2019,Nils Thuerey
HyeFAsRctQ,2019,Chongli Qin
HyeFAsRctQ,2019,Krishnamurthy (Dj) Dvijotham
HyeFAsRctQ,2019,Brendan O'Donoghue
HyeFAsRctQ,2019,Rudy Bunel
HyeFAsRctQ,2019,Robert Stanforth
HyeFAsRctQ,2019,Sven Gowal
HyeFAsRctQ,2019,Jonathan Uesato
HyeFAsRctQ,2019,Grzegorz Swirszcz
HyeFAsRctQ,2019,Pushmeet Kohli
Hye9lnCct7,2019,Dibya Ghosh
Hye9lnCct7,2019,Abhishek Gupta
Hye9lnCct7,2019,Sergey Levine
Hye6uoC9tm,2019,Adam C Earle
Hye6uoC9tm,2019,Andrew M Saxe
Hye6uoC9tm,2019,Benjamin Rosman
Hye64hA9tm,2019,Danish Pruthi
Hye64hA9tm,2019,Mansi Gupta
Hye64hA9tm,2019,Nitish Kumar Kulkarni
Hye64hA9tm,2019,Graham Neubig
Hye64hA9tm,2019,Eduard Hovy
Hye-LiR5Y7,2019,Or Litany
Hye-LiR5Y7,2019,Daniel Freedman
HyVxPsC9tm,2019,De-Qin Gao
HyVxPsC9tm,2019,Ping-Chen Tsai
HyVxPsC9tm,2019,Shanq-Jang Ruan
HyVbhi0cYX,2019,Digvijay Boob
HyVbhi0cYX,2019,Santanu S. Dey
HyVbhi0cYX,2019,Guanghui Lan
HyNmRiCqtm,2019,Amir Feghahati
HyNmRiCqtm,2019,Christian R. Shelton
HyNmRiCqtm,2019,Michael J. Pazzani
HyNmRiCqtm,2019,Kevin Tang
HyNbtiR9YX,2019,Vivek Gupta
HyNbtiR9YX,2019,Ankit Kumar Saw
HyNbtiR9YX,2019,Partha Pratim Talukdar
HyNbtiR9YX,2019,Praneeth Netrapalli
HyNA5iRcFQ,2019,Tianxing He
HyNA5iRcFQ,2019,James Glass
HyN-M2Rctm,2019,Lucas Deecke
HyN-M2Rctm,2019,Iain Murray
HyN-M2Rctm,2019,Hakan Bilen
HyMxAi05Km,2019,Zhibing Zhao
HyMxAi05Km,2019,Yingce Xia
HyMxAi05Km,2019,Tao Qin
HyMxAi05Km,2019,Tie-Yan Liu
HyMuaiAqY7,2019,Boli Fang
HyMuaiAqY7,2019,Chuck Jia
HyMuaiAqY7,2019,Miao Jiang
HyMuaiAqY7,2019,Dhawal Chaturvedi
HyMnYiR9Y7,2019,Miaofeng Liu
HyMnYiR9Y7,2019,Yan Song
HyMnYiR9Y7,2019,Hongbin Zou
HyMnYiR9Y7,2019,Tong Zhang
HyMS8iRcK7,2019,Zhangheng Li
HyMS8iRcK7,2019,Jia-Xing Zhong
HyMS8iRcK7,2019,Jingjia Huang
HyMS8iRcK7,2019,Tao Zhang
HyMS8iRcK7,2019,Thomas Li
HyMS8iRcK7,2019,Ge Li
HyMRaoAqKX,2019,Alireza Makhzani
HyMRUiC9YX,2019,Lei Wu
HyMRUiC9YX,2019,Zhanxing Zhu
HyMRUiC9YX,2019,Cheng Tai
HyM8V2A9Km,2019,Yuhuai Wu
HyM8V2A9Km,2019,Harris Chan
HyM8V2A9Km,2019,Jamie Kiros
HyM8V2A9Km,2019,Sanja Fidler
HyM8V2A9Km,2019,Jimmy Ba
HyM7AiA5YX,2019,Hao-Yun Chen
HyM7AiA5YX,2019,Pei-Hsin Wang
HyM7AiA5YX,2019,Chun-Hao Liu
HyM7AiA5YX,2019,Shih-Chieh Chang
HyM7AiA5YX,2019,Jia-Yu Pan
HyM7AiA5YX,2019,Yu-Ting Chen
HyM7AiA5YX,2019,Wei Wei
HyM7AiA5YX,2019,Da-Cheng Juan
HyGySsAct7,2019,Rohan Taori
HyGySsAct7,2019,Amog Kamsetty
HyGySsAct7,2019,Brenton Chu
HyGySsAct7,2019,Nikita Vemuri
HyGhN2A5tm,2019,Yiren Wang
HyGhN2A5tm,2019,Yingce Xia
HyGhN2A5tm,2019,Tianyu He
HyGhN2A5tm,2019,Fei Tian
HyGhN2A5tm,2019,Tao Qin
HyGhN2A5tm,2019,ChengXiang Zhai
HyGhN2A5tm,2019,Tie-Yan Liu
HyGh4sR9YQ,2019,Felipe Petroski Such
HyGh4sR9YQ,2019,Vashisht Madhavan
HyGh4sR9YQ,2019,Edoardo Conti
HyGh4sR9YQ,2019,Joel Lehman
HyGh4sR9YQ,2019,Kenneth O. Stanley
HyGh4sR9YQ,2019,Jeff Clune
HyGcghRct7,2019,Konik Kothari*
HyGcghRct7,2019,Sidharth Gupta*
HyGcghRct7,2019,Maarten v. de Hoop
HyGcghRct7,2019,Ivan Dokmanic
HyGLy2RqtQ,2019,Alon Brutzkus
HyGLy2RqtQ,2019,Amir Globerson
HyGIdiRqtm,2019,Vincent Tjeng
HyGIdiRqtm,2019,Kai Y. Xiao
HyGIdiRqtm,2019,Russ Tedrake
HyGEM3C9KQ,2019,Robert Csordas
HyGEM3C9KQ,2019,Juergen Schmidhuber
HyGDdsCcFQ,2019,Jiaming Song
HyGDdsCcFQ,2019,Tengyu Ma
HyGDdsCcFQ,2019,Michael Auli
HyGDdsCcFQ,2019,Yann Dauphin
HyGBdo0qFm,2019,Jorge Pérez
HyGBdo0qFm,2019,Javier Marinković
HyGBdo0qFm,2019,Pablo Barceló
HyG1_j0cYQ,2019,Bo Han
HyG1_j0cYQ,2019,Gang Niu
HyG1_j0cYQ,2019,Jiangchao Yao
HyG1_j0cYQ,2019,Xingrui Yu
HyG1_j0cYQ,2019,Miao Xu
HyG1_j0cYQ,2019,Ivor Tsang
HyG1_j0cYQ,2019,Masashi Sugiyama
HyEtjoCqFX,2019,Jordi Grau-Moya
HyEtjoCqFX,2019,Felix Leibfried
HyEtjoCqFX,2019,Peter Vrancx
HyEl3o05Fm,2019,Alex X. Lee
HyEl3o05Fm,2019,Richard Zhang
HyEl3o05Fm,2019,Frederik Ebert
HyEl3o05Fm,2019,Pieter Abbeel
HyEl3o05Fm,2019,Chelsea Finn
HyEl3o05Fm,2019,Sergey Levine
Hy4R2oRqKQ,2019,Yaxin Shi
Hy4R2oRqKQ,2019,Donna Xu
Hy4R2oRqKQ,2019,Yuangang Pan
Hy4R2oRqKQ,2019,Ivor Tsang
HkzyX3CcFQ,2019,Siming Yan*
HkzyX3CcFQ,2019,Bowen Xiao*
HkzyX3CcFQ,2019,Yimeng Zhang
HkzyX3CcFQ,2019,Tai Sing Lee
HkzZBi0cFQ,2019,Jun Haeng Lee
HkzZBi0cFQ,2019,Sangwon Ha
HkzZBi0cFQ,2019,Saerom Choi
HkzZBi0cFQ,2019,Won-Jo Lee
HkzZBi0cFQ,2019,Seungwon Lee
HkzSQhCcK7,2019,Emre Aksan
HkzSQhCcK7,2019,Otmar Hilliges
HkzRQhR9YX,2019,Josue Nassar
HkzRQhR9YX,2019,Scott Linderman
HkzRQhR9YX,2019,Monica Bugallo
HkzRQhR9YX,2019,Il Memming Park
HkzOWnActX,2019,Risto Vuorio
HkzOWnActX,2019,Shao-Hua Sun
HkzOWnActX,2019,Hexiang Hu
HkzOWnActX,2019,Joseph J. Lim
HkzNXhC9KQ,2019,Ken Nakanishi
HkzNXhC9KQ,2019,Shin-ichi Maeda
HkzNXhC9KQ,2019,Takeru Miyato
HkzNXhC9KQ,2019,Masanori Koyama
Hkxx3o0qFX,2019,Zeyuan Chen
Hkxx3o0qFX,2019,Shaoliang Nie
Hkxx3o0qFX,2019,Tianfu Wu
Hkxx3o0qFX,2019,Christopher G. Healey
Hkxr1nCcFm,2019,Arthur Guez
Hkxr1nCcFm,2019,Mehdi Mirza
Hkxr1nCcFm,2019,Karol Gregor
Hkxr1nCcFm,2019,Rishabh Kabra
Hkxr1nCcFm,2019,Sébastien Racanière
Hkxr1nCcFm,2019,Théophane Weber
Hkxr1nCcFm,2019,David Raposo
Hkxr1nCcFm,2019,Adam Santoro
Hkxr1nCcFm,2019,Laurent Orseau
Hkxr1nCcFm,2019,Tom Eccles
Hkxr1nCcFm,2019,Greg Wayne
Hkxr1nCcFm,2019,David Silver
Hkxr1nCcFm,2019,Timothy Lillicrap
HkxjYoCqKX,2019,Christos Louizos
HkxjYoCqKX,2019,Matthias Reisser
HkxjYoCqKX,2019,Tijmen Blankevoort
HkxjYoCqKX,2019,Efstratios Gavves
HkxjYoCqKX,2019,Max Welling
Hkxarj09Y7,2019,Alexander Stec
Hkxarj09Y7,2019,Diego Klabjan
Hkxarj09Y7,2019,Jean Utke
HkxaFoC9KQ,2019,Vinicius Zambaldi
HkxaFoC9KQ,2019,David Raposo
HkxaFoC9KQ,2019,Adam Santoro
HkxaFoC9KQ,2019,Victor Bapst
HkxaFoC9KQ,2019,Yujia Li
HkxaFoC9KQ,2019,Igor Babuschkin
HkxaFoC9KQ,2019,Karl Tuyls
HkxaFoC9KQ,2019,David Reichert
HkxaFoC9KQ,2019,Timothy Lillicrap
HkxaFoC9KQ,2019,Edward Lockhart
HkxaFoC9KQ,2019,Murray Shanahan
HkxaFoC9KQ,2019,Victoria Langston
HkxaFoC9KQ,2019,Razvan Pascanu
HkxaFoC9KQ,2019,Matthew Botvinick
HkxaFoC9KQ,2019,Oriol Vinyals
HkxaFoC9KQ,2019,Peter Battaglia
HkxWrsC5FQ,2019,Eran Malach
HkxWrsC5FQ,2019,Shai Shalev-Shwartz
HkxStoC5F7,2019,Jonathan Gordon
HkxStoC5F7,2019,John Bronskill
HkxStoC5F7,2019,Matthias Bauer
HkxStoC5F7,2019,Sebastian Nowozin
HkxStoC5F7,2019,Richard Turner
HkxOoiAcYX,2019,Ziv Goldfeld
HkxOoiAcYX,2019,Ewout van den Berg
HkxOoiAcYX,2019,Kristjan Greenewald
HkxOoiAcYX,2019,Brian Kingsbury
HkxOoiAcYX,2019,Igor Melnyk
HkxOoiAcYX,2019,Nam Nguyen
HkxOoiAcYX,2019,Yury Polyanskiy
HkxMG209K7,2019,Fengze Liu
HkxMG209K7,2019,Yingda Xia
HkxMG209K7,2019,Dong Yang
HkxMG209K7,2019,Alan Yuille
HkxMG209K7,2019,Daguang Xu
HkxLXnAcFQ,2019,Wei-Yu Chen
HkxLXnAcFQ,2019,Yen-Cheng Liu
HkxLXnAcFQ,2019,Zsolt Kira
HkxLXnAcFQ,2019,Yu-Chiang Frank Wang
HkxLXnAcFQ,2019,Jia-Bin Huang
HkxKH2AcFm,2019,Ishaan Gulrajani
HkxKH2AcFm,2019,Colin Raffel
HkxKH2AcFm,2019,Luke Metz
HkxCenR5F7,2019,Qingming Tang
HkxCenR5F7,2019,Mingda Chen
HkxCenR5F7,2019,Weiran Wang
HkxCenR5F7,2019,Karen Livescu
HkxCEhAqtQ,2019,Amirhossein Taghvaei
HkxCEhAqtQ,2019,Prashant G. Mehta
HkxAisC9FQ,2019,Chris Finlay
HkxAisC9FQ,2019,Adam M. Oberman
HkxAisC9FQ,2019,Bilal Abbasi
Hkx-ii05FQ,2019,Uri Patish
Hkx-ii05FQ,2019,Shimon Ullman
HklyMhCqYQ,2019,Ke Li*
HklyMhCqYQ,2019,Shichong Peng*
HklyMhCqYQ,2019,Jitendra Malik
HklnzhR9YQ,2019,Kenta Oono
HklnzhR9YQ,2019,Taiji Suzuki
HkljioCcFQ,2019,Yuan Yuan
HkljioCcFQ,2019,Yueming Lyu
HkljioCcFQ,2019,Xi Shen
HkljioCcFQ,2019,Ivor W. Tsang
HkljioCcFQ,2019,Dit-Yan Yeung
Hklgis0cF7,2019,Saeid Asgari Taghanaki
Hklgis0cF7,2019,Shekoofeh Azizi
Hklgis0cF7,2019,Ghassan Hamarneh
Hklc6oAcFX,2019,Gal Mishne
Hklc6oAcFX,2019,Eric C. Chi
Hklc6oAcFX,2019,Ronald R. Coifman
HklbTjRcKX,2019,Luke Nicholas Darlow
HklbTjRcKX,2019,Amos Storkey
HklY120cYm,2019,Wei Ping
HklY120cYm,2019,Kainan Peng
HklY120cYm,2019,Jitong Chen
HklVTi09tm,2019,Ruoshi Liu
HklVTi09tm,2019,Michael M. Norton
HklVTi09tm,2019,Seth Fraden
HklVTi09tm,2019,Pengyu Hong
HklVMnR5tQ,2019,Tian Guo
HklVMnR5tQ,2019,Tao Lin
HklSf3CqKm,2019,Yu Bai
HklSf3CqKm,2019,Qijia Jiang
HklSf3CqKm,2019,Ju Sun
HklQxnC5tX,2019,Oleksandr Shchur
HklQxnC5tX,2019,Stephan Günnemann
HklKui0ct7,2019,Yuan Xie
HklKui0ct7,2019,Boyi Liu
HklKui0ct7,2019,Qiang Liu
HklKui0ct7,2019,Zhaoran Wang
HklKui0ct7,2019,Yuan Zhou
HklKui0ct7,2019,Jian Peng
HklKWhC5F7,2019,Suhua Lei
HklKWhC5F7,2019,Huan Zhang
HklKWhC5F7,2019,Ke Wang
HklKWhC5F7,2019,Zhendong Su
HklJV3A9Ym,2019,Tomáš Pevný
HklJV3A9Ym,2019,Vojtěch Kovařík
HklAhi09Y7,2019,Ryan Y Benmalek
HklAhi09Y7,2019,Madian Khabsa
HklAhi09Y7,2019,Suma Desu
HklAhi09Y7,2019,Claire Cardie
HklAhi09Y7,2019,Michele Banko
Hkl84iCcFm,2019,Fereshteh Lagzi
Hkl5aoR5tm,2019,Ting Chen
Hkl5aoR5tm,2019,Mario Lucic
Hkl5aoR5tm,2019,Neil Houlsby
Hkl5aoR5tm,2019,Sylvain Gelly
Hkl-di09FQ,2019,Antonin Raffin
Hkl-di09FQ,2019,Ashley Hill
Hkl-di09FQ,2019,René Traoré
Hkl-di09FQ,2019,Timothée Lesort
Hkl-di09FQ,2019,Natalia Díaz-Rodríguez
Hkl-di09FQ,2019,David Filliat
HkgxasA5Ym,2019,Danijar Hafner
HkgxasA5Ym,2019,Dustin Tran
HkgxasA5Ym,2019,Timothy Lillicrap
HkgxasA5Ym,2019,Alex Irpan
HkgxasA5Ym,2019,James Davidson
HkgqFiAcFm,2019,Carson Eisenach
HkgqFiAcFm,2019,Haichuan Yang
HkgqFiAcFm,2019,Ji Liu
HkgqFiAcFm,2019,Han Liu
HkgnpiR9Y7,2019,Duhyeon Bang
HkgnpiR9Y7,2019,Hyunjung Shim
Hkgnii09Ym,2019,Juho Lee
Hkgnii09Ym,2019,Yoonho Lee
Hkgnii09Ym,2019,Jungtaek Kim
Hkgnii09Ym,2019,Adam R. Kosiorek
Hkgnii09Ym,2019,Seungjin Choi
Hkgnii09Ym,2019,Yee Whye Teh
HkgmzhC5F7,2019,Brady Neal
HkgmzhC5F7,2019,Sarthak Mittal
HkgmzhC5F7,2019,Aristide Baratin
HkgmzhC5F7,2019,Vinayak Tantia
HkgmzhC5F7,2019,Matthew Scicluna
HkgmzhC5F7,2019,Simon Lacoste-Julien
HkgmzhC5F7,2019,Ioannis Mitliagkas
HkghV209tm,2019,Jun-Kun Wang
HkghV209tm,2019,Xiaoyun Li
HkghV209tm,2019,Ping Li
HkgYmhR9KX,2019,Fangwei Zhong
HkgYmhR9KX,2019,Peng Sun
HkgYmhR9KX,2019,Wenhan Luo
HkgYmhR9KX,2019,Tingyun Yan
HkgYmhR9KX,2019,Yizhou Wang
HkgTkhRcKQ,2019,Zhiming Zhou*
HkgTkhRcKQ,2019,Qingru Zhang*
HkgTkhRcKQ,2019,Guansong Lu
HkgTkhRcKQ,2019,Hongwei Wang
HkgTkhRcKQ,2019,Weinan Zhang
HkgTkhRcKQ,2019,Yong Yu
HkgSk2A9Y7,2019,Mahmoud Assran
HkgSk2A9Y7,2019,Nicolas Loizou
HkgSk2A9Y7,2019,Nicolas Ballas
HkgSk2A9Y7,2019,Mike Rabbat
HkgSEnA5KQ,2019,John D. Co-Reyes
HkgSEnA5KQ,2019,Abhishek Gupta
HkgSEnA5KQ,2019,Suvansh Sanjeev
HkgSEnA5KQ,2019,Nick Altieri
HkgSEnA5KQ,2019,Jacob Andreas
HkgSEnA5KQ,2019,John DeNero
HkgSEnA5KQ,2019,Pieter Abbeel
HkgSEnA5KQ,2019,Sergey Levine
HkgHk3RctX,2019,Irwan Bello
HkgHk3RctX,2019,Sayali Kulkarni
HkgHk3RctX,2019,Sagar Jain
HkgHk3RctX,2019,Craig Boutilier
HkgHk3RctX,2019,Ed Chi
HkgHk3RctX,2019,Elad Eban
HkgHk3RctX,2019,Xiyang Luo
HkgHk3RctX,2019,Alan Mackey
HkgHk3RctX,2019,Ofer Meshi
HkgEQnRqYQ,2019,Zhiqing Sun
HkgEQnRqYQ,2019,Zhi-Hong Deng
HkgEQnRqYQ,2019,Jian-Yun Nie
HkgEQnRqYQ,2019,Jian Tang
HkgDTiCctQ,2019,Tianhong Li
HkgDTiCctQ,2019,Jianguo Li
HkgDTiCctQ,2019,Zhuang Liu
HkgDTiCctQ,2019,Changshui Zhang
Hkg4W2AcFm,2019,José Lezama
Hkg313AcFX,2019,Kirill Neklyudov
Hkg313AcFX,2019,Dmitry Vetrov
Hkg1csA5Y7,2019,Adrian Wills
Hkg1csA5Y7,2019,Thomas B. Schön
Hkg1csA5Y7,2019,Carl Jidling
Hkg1YiAcK7,2019,Chao Du
Hkg1YiAcK7,2019,Kun Xu
Hkg1YiAcK7,2019,Chongxuan Li
Hkg1YiAcK7,2019,Jun Zhu
Hkg1YiAcK7,2019,Bo Zhang
HkfwpiA9KX,2019,Xiao Li
HkfwpiA9KX,2019,Yao Ma
HkfwpiA9KX,2019,Calin Belta
HkfYOoCcYX,2019,Daehyun Ahn
HkfYOoCcYX,2019,Dongsoo Lee
HkfYOoCcYX,2019,Taesu Kim
HkfYOoCcYX,2019,Jae-Joon Kim
HkfPSh05K7,2019,Rajarshi Das
HkfPSh05K7,2019,Shehzaad Dhuliawala
HkfPSh05K7,2019,Manzil Zaheer
HkfPSh05K7,2019,Andrew McCallum
Hkf2_sC5FX,2019,Arslan Chaudhry
Hkf2_sC5FX,2019,Marc’Aurelio Ranzato
Hkf2_sC5FX,2019,Marcus Rohrbach
Hkf2_sC5FX,2019,Mohamed Elhoseiny
HkezfhA5Y7,2019,Angus Galloway
HkezfhA5Y7,2019,Anna Golubeva
HkezfhA5Y7,2019,Graham W. Taylor
HkezXnA9YX,2019,Dzmitry Bahdanau*
HkezXnA9YX,2019,Shikhar Murty*
HkezXnA9YX,2019,Michael Noukhovitch
HkezXnA9YX,2019,Thien Huu Nguyen
HkezXnA9YX,2019,Harm de Vries
HkezXnA9YX,2019,Aaron Courville
HkeyZhC9F7,2019,Gil Lederman
HkeyZhC9F7,2019,Markus N. Rabe
HkeyZhC9F7,2019,Edward A. Lee
HkeyZhC9F7,2019,Sanjit A. Seshia
HketHo0qFm,2019,Yao Shi
HketHo0qFm,2019,Tian Xia
HketHo0qFm,2019,Guanjun Zhao
HketHo0qFm,2019,Xin Gao
Hkesr205t7,2019,Masahiro Suzuki
Hkesr205t7,2019,Yusuke Iwasawa
Hkesr205t7,2019,Yutaka Matsuo
Hkes0iR9KX,2019,Mostafa Rahmani
Hkes0iR9KX,2019,Ping Li
HkeoOo09YX,2019,Wenbo Gong
HkeoOo09YX,2019,Yingzhen Li
HkeoOo09YX,2019,José Miguel Hernández-Lobato
Hkemdj09YQ,2019,Beomsu Kim
Hkemdj09YQ,2019,Junghoon Seo
Hkemdj09YQ,2019,Jeongyeol Choe
Hkemdj09YQ,2019,Jamyoung Koo
Hkemdj09YQ,2019,Seunghyeon Jeon
Hkemdj09YQ,2019,Taegyun Jeon
HkekMnR5Ym,2019,Jack W Rae
HkekMnR5Ym,2019,Sergey Bartunov
HkekMnR5Ym,2019,Timothy P Lillicrap
HkeWSnR5Y7,2019,Xinyang Zhang
HkeWSnR5Y7,2019,Yifan Huang
HkeWSnR5Y7,2019,Chanh Nguyen
HkeWSnR5Y7,2019,Shouling Ji
HkeWSnR5Y7,2019,Ting Wang
HkeKVh05Fm,2019,Congying Xia
HkeKVh05Fm,2019,Chenwei Zhang
HkeKVh05Fm,2019,Tao Yang
HkeKVh05Fm,2019,Yaliang Li
HkeKVh05Fm,2019,Nan Du
HkeKVh05Fm,2019,Xian Wu
HkeKVh05Fm,2019,Wei Fan
HkeKVh05Fm,2019,Fenglong Ma
HkeKVh05Fm,2019,Philip S. Yu
HkeILsRqFQ,2019,Simon Carbonnelle
HkeILsRqFQ,2019,Christophe De Vleeschouwer
HkeGhoA5FX,2019,Yulun Zhang
HkeGhoA5FX,2019,Kunpeng Li
HkeGhoA5FX,2019,Kai Li
HkeGhoA5FX,2019,Bineng Zhong
HkeGhoA5FX,2019,Yun Fu
Hke8Do0cF7,2019,Łukasz Maziarka
Hke8Do0cF7,2019,Marek Śmieja
Hke8Do0cF7,2019,Aleksandra Nowak
Hke8Do0cF7,2019,Jacek Tabor
Hke8Do0cF7,2019,Łukasz Struski
Hke8Do0cF7,2019,Przemysław Spurek
Hke4l2AcKQ,2019,Xuezhe Ma
Hke4l2AcKQ,2019,Chunting Zhou
Hke4l2AcKQ,2019,Eduard Hovy
Hke20iA9Y7,2019,Walid Krichene
Hke20iA9Y7,2019,Nicolas Mayoraz
Hke20iA9Y7,2019,Steffen Rendle
Hke20iA9Y7,2019,Li Zhang
Hke20iA9Y7,2019,Xinyang Yi
Hke20iA9Y7,2019,Lichan Hong
Hke20iA9Y7,2019,Ed Chi
Hke20iA9Y7,2019,John Anderson
Hke-JhA9Y7,2019,William La Cava
Hke-JhA9Y7,2019,Tilak Raj Singh
Hke-JhA9Y7,2019,James Taggart
Hke-JhA9Y7,2019,Srinivas Suri
Hke-JhA9Y7,2019,Jason H. Moore
HkNGYjR9FX,2019,Arash Ardakani
HkNGYjR9FX,2019,Zhengyun Ji
HkNGYjR9FX,2019,Sean C. Smithson
HkNGYjR9FX,2019,Brett H. Meyer
HkNGYjR9FX,2019,Warren J. Gross
HkNDsiC9KQ,2019,Luke Metz
HkNDsiC9KQ,2019,Niru Maheswaranathan
HkNDsiC9KQ,2019,Brian Cheung
HkNDsiC9KQ,2019,Jascha Sohl-Dickstein
HkMwHsCctm,2019,Daniel Bienstock
HkMwHsCctm,2019,Gonzalo Muñoz
HkMwHsCctm,2019,Sebastian Pokutta
HkMlGnC9KQ,2019,Alberto Bietti*
HkMlGnC9KQ,2019,Grégoire Mialon*
HkMlGnC9KQ,2019,Julien Mairal
HkM3vjCcF7,2019,Chunsheng Guo
HkM3vjCcF7,2019,Wenlong Du
HkM3vjCcF7,2019,Na Ying
HkGzUjR5tQ,2019,Joey Tianyi Zhou
HkGzUjR5tQ,2019,Hao Zhang
HkGzUjR5tQ,2019,Di Jin
HkGzUjR5tQ,2019,Hongyuan Zhu
HkGzUjR5tQ,2019,Rick Siow Mong Goh
HkGzUjR5tQ,2019,Kenneth Kwok
HkGsHj05tQ,2019,Zhaodong Chen
HkGsHj05tQ,2019,Lei Deng
HkGsHj05tQ,2019,Guoqi Li
HkGsHj05tQ,2019,Jiawei Sun
HkGsHj05tQ,2019,Xing Hu
HkGsHj05tQ,2019,Ling Liang
HkGsHj05tQ,2019,YufeiDing
HkGsHj05tQ,2019,Yuan Xie
HkGmDsR9YQ,2019,Jesse Farebrother
HkGmDsR9YQ,2019,Marlos C. Machado
HkGmDsR9YQ,2019,Michael Bowling
HkGTwjCctm,2019,Zahra Ebrahimzadeh
HkGTwjCctm,2019,Min Zheng
HkGTwjCctm,2019,Selcuk Karakas
HkGTwjCctm,2019,Samantha Kleinberg
HkGSniC9FQ,2019,Ming-Chuan Yang
HkGSniC9FQ,2019,Meng Chang Chen
HkGGfhC5Y7,2019,Aurko Roy
HkGGfhC5Y7,2019,Ashish Vaswani
HkGGfhC5Y7,2019,Niki Parmar
HkGGfhC5Y7,2019,Arvind Neelakantan
HkG3e205K7,2019,George Tucker
HkG3e205K7,2019,Dieterich Lawson
HkG3e205K7,2019,Shixiang Gu
HkG3e205K7,2019,Chris J. Maddison
HkElFj0qYQ,2019,Mehdi Jafarnia-Jahromi
HkElFj0qYQ,2019,Tasmin Chowdhury
HkElFj0qYQ,2019,Hsin-Tai Wu
HkElFj0qYQ,2019,Sayandev Mukherjee
Hk4fpoA5Km,2019,Ilya Kostrikov
Hk4fpoA5Km,2019,Kumar Krishna Agrawal
Hk4fpoA5Km,2019,Debidatta Dwibedi
Hk4fpoA5Km,2019,Sergey Levine
Hk4fpoA5Km,2019,Jonathan Tompson
Hk4dFjR5K7,2019,Rima Alaifari
Hk4dFjR5K7,2019,Giovanni S. Alberti
Hk4dFjR5K7,2019,Tandri Gauksson
Hk41X2AqtQ,2019,Dinghan Shen
Hk41X2AqtQ,2019,Asli Celikyilmaz
Hk41X2AqtQ,2019,Yizhe Zhang
Hk41X2AqtQ,2019,Liqun Chen
Hk41X2AqtQ,2019,Xin Wang
Hk41X2AqtQ,2019,Lawrence Carin
HJzLdjR9FX,2019,Dongsoo Lee
HJzLdjR9FX,2019,Parichay Kapoor
HJzLdjR9FX,2019,Byeongwook Kim
HJz6tiCqYm,2019,Dan Hendrycks
HJz6tiCqYm,2019,Thomas Dietterich
HJz05o0qK7,2019,Jacob Andreas
HJxyAjRcFX,2019,Soochan Lee
HJxyAjRcFX,2019,Junsoo Ha
HJxyAjRcFX,2019,Gunhee Kim
HJxwDiActX,2019,Ningyuan Zheng
HJxwDiActX,2019,Yifan Jiang
HJxwDiActX,2019,Dingjiang Huang
HJxwAo09KQ,2019,Luke Metz
HJxwAo09KQ,2019,Niru Maheswaranathan
HJxwAo09KQ,2019,Jeremy Nixon
HJxwAo09KQ,2019,Daniel Freeman
HJxwAo09KQ,2019,Jascha Sohl-dickstein
HJxqMhC5YQ,2019,Hiroshi Seki
HJxqMhC5YQ,2019,Takaaki Hori
HJxqMhC5YQ,2019,Shinji Watanabe
HJxqMhC5YQ,2019,Jonathan Le Roux
HJxqMhC5YQ,2019,John R. Hershey
HJxpDiC5tX,2019,Brendan Shillingford
HJxpDiC5tX,2019,Yannis Assael
HJxpDiC5tX,2019,Matthew W. Hoffman
HJxpDiC5tX,2019,Thomas Paine
HJxpDiC5tX,2019,Cían Hughes
HJxpDiC5tX,2019,Utsav Prabhu
HJxpDiC5tX,2019,Hank Liao
HJxpDiC5tX,2019,Hasim Sak
HJxpDiC5tX,2019,Kanishka Rao
HJxpDiC5tX,2019,Lorrayne Bennett
HJxpDiC5tX,2019,Marie Mulville
HJxpDiC5tX,2019,Ben Coppin
HJxpDiC5tX,2019,Ben Laurie
HJxpDiC5tX,2019,Andrew Senior
HJxpDiC5tX,2019,Nando de Freitas
HJxfm2CqKm,2019,Ksenia Konyushkova
HJxfm2CqKm,2019,Raphael Sznitman
HJxfm2CqKm,2019,Pascal Fua
HJxeWnCcF7,2019,Albert Gu
HJxeWnCcF7,2019,Frederic Sala
HJxeWnCcF7,2019,Beliz Gunel
HJxeWnCcF7,2019,Christopher Ré
HJxdAoCcYX,2019,Xiaojun Xu
HJxdAoCcYX,2019,Yue Yu
HJxdAoCcYX,2019,Bo Li
HJxdAoCcYX,2019,Le Song
HJxdAoCcYX,2019,Chengfeng Liu
HJxdAoCcYX,2019,Carl Gunter
HJxYwiC5tm,2019,Aharon Azulay
HJxYwiC5tm,2019,Yair Weiss
HJxXynC9t7,2019,Xufang Luo
HJxXynC9t7,2019,Qi Meng
HJxXynC9t7,2019,Di He
HJxXynC9t7,2019,Wei Chen
HJxXynC9t7,2019,Yunhong Wang
HJxXynC9t7,2019,Tie-Yan Liu
HJxFrs09YQ,2019,Guoqiang Zhang
HJxFrs09YQ,2019,Kenta Niwa
HJxFrs09YQ,2019,W. Bastiaan Kleijn
HJxB5sRcFQ,2019,Jianan Li
HJxB5sRcFQ,2019,Jimei Yang
HJxB5sRcFQ,2019,Aaron Hertzmann
HJxB5sRcFQ,2019,Jianming Zhang
HJxB5sRcFQ,2019,Tingfa Xu
HJx9EhC9tQ,2019,Michael Janner
HJx9EhC9tQ,2019,Sergey Levine
HJx9EhC9tQ,2019,William T. Freeman
HJx9EhC9tQ,2019,Joshua B. Tenenbaum
HJx9EhC9tQ,2019,Chelsea Finn
HJx9EhC9tQ,2019,Jiajun Wu
HJx7l309Fm,2019,Shariq Iqbal
HJx7l309Fm,2019,Fei Sha
HJx54i05tX,2019,Ping Li
HJx54i05tX,2019,Phan-Minh Nguyen
HJx4KjRqYQ,2019,Yichuan Zhang
HJx4KjRqYQ,2019,José Miguel Hernández-Lobato
HJx4KjRqYQ,2019,Zoubin Ghahramani
HJx38iC5KX,2019,Kei Akuzawa
HJx38iC5KX,2019,Yusuke Iwasawa
HJx38iC5KX,2019,Yutaka Matsuo
HJlt7209Km,2019,Fuchen Liu
HJlt7209Km,2019,Hongwei Shang
HJlt7209Km,2019,Hong Zhang
HJlmhs05tm,2019,Rithesh Kumar
HJlmhs05tm,2019,Anirudh Goyal
HJlmhs05tm,2019,Aaron Courville
HJlmhs05tm,2019,Yoshua Bengio
HJlmHoR5tQ,2019,Ahmed H. Qureshi
HJlmHoR5tQ,2019,Byron Boots
HJlmHoR5tQ,2019,Michael C. Yip
HJlfAo09KX,2019,Haoyu Fu
HJlfAo09KX,2019,Yuejie Chi
HJlfAo09KX,2019,Yingbin Liang
HJldzhA5tQ,2019,Shagun Sodhani
HJldzhA5tQ,2019,Anirudh Goyal
HJldzhA5tQ,2019,Tristan Deleu
HJldzhA5tQ,2019,Yoshua Bengio
HJldzhA5tQ,2019,Jian Tang
HJlYzhR9tm,2019,Hongyin Luo
HJlYzhR9tm,2019,Yichen Li
HJlYzhR9tm,2019,Jie Fu
HJlYzhR9tm,2019,James Glass
HJlY0jA5F7,2019,Shaohui Liu*
HJlY0jA5F7,2019,Yi Wei*
HJlY0jA5F7,2019,Jiwen Lu
HJlY0jA5F7,2019,Jie Zhou
HJlWXhC5Km,2019,catalin ionescu
HJlWXhC5Km,2019,tejas kulkarni
HJlWXhC5Km,2019,aaron van de oord
HJlWXhC5Km,2019,andriy mnih
HJlWXhC5Km,2019,vlad mnih
HJlQfnCqKX,2019,Yiding Jiang
HJlQfnCqKX,2019,Dilip Krishnan
HJlQfnCqKX,2019,Hossein Mobahi
HJlQfnCqKX,2019,Samy Bengio
HJlNpoA5YQ,2019,Yifan Wu
HJlNpoA5YQ,2019,George Tucker
HJlNpoA5YQ,2019,Ofir Nachum
HJlLKjR9FQ,2019,Ping Luo
HJlLKjR9FQ,2019,Xinjiang Wang
HJlLKjR9FQ,2019,Wenqi Shao
HJlLKjR9FQ,2019,Zhanglin Peng
HJlEUoR9Km,2019,Joachim Wabnig
HJl2Ns0qKX,2019,Tim Sainburg
HJl2Ns0qKX,2019,Marvin Thielk
HJl2Ns0qKX,2019,Brad Thielman
HJl2Ns0qKX,2019,Benjamin Migliori
HJl2Ns0qKX,2019,Timothy Gentner
HJl1ujCct7,2019,Shuhui Qu
HJl1ujCct7,2019,Janghwan Lee
HJl1ujCct7,2019,Wei Xiong
HJl1ujCct7,2019,Wonhyouk Jang
HJl1ujCct7,2019,Jie Wang
HJl0jiRqtX,2019,Chao Ma
HJl0jiRqtX,2019,Sebastian Tschiatschek
HJl0jiRqtX,2019,Konstantina Palla
HJl0jiRqtX,2019,Jose Miguel Hernandez Lobato
HJl0jiRqtX,2019,Sebastian Nowozin
HJl0jiRqtX,2019,Cheng Zhang
HJgyAoRqFQ,2019,Michael C. Mozer
HJgyAoRqFQ,2019,Denis Kazakov
HJgyAoRqFQ,2019,Robert V. Lindsey
HJguLo0cKQ,2019,Edward Grefenstette
HJguLo0cKQ,2019,Robert Stanforth
HJguLo0cKQ,2019,Brendan O'Donoghue
HJguLo0cKQ,2019,Jonathan Uesato
HJguLo0cKQ,2019,Grzegorz Swirszcz
HJguLo0cKQ,2019,Pushmeet Kohli
HJglg2A9FX,2019,Yanyao Shen
HJglg2A9FX,2019,Sujay Sanghavi
HJgkx2Aqt7,2019,Nataniel Ruiz
HJgkx2Aqt7,2019,Samuel Schulter
HJgkx2Aqt7,2019,Manmohan Chandraker
HJgeEh09KQ,2019,Gagandeep Singh
HJgeEh09KQ,2019,Timon Gehr
HJgeEh09KQ,2019,Markus Püschel
HJgeEh09KQ,2019,Martin Vechev
HJgd1nAqFX,2019,Sheng Jia
HJgd1nAqFX,2019,Jamie Ryan Kiros
HJgd1nAqFX,2019,Jimmy Ba
HJgZrsC5t7,2019,Yubin Deng
HJgZrsC5t7,2019,Ke Yu
HJgZrsC5t7,2019,Dahua Lin
HJgZrsC5t7,2019,Xiaoou Tang
HJgZrsC5t7,2019,Chen Change Loy
HJgXsjA5tQ,2019,Quynh Nguyen
HJgXsjA5tQ,2019,Mahesh Chandra Mukkamala
HJgXsjA5tQ,2019,Matthias Hein
HJgVisRqtX,2019,Jiawei Zhang
HJgVisRqtX,2019,Limeng Cui
HJgVisRqtX,2019,Fisher B. Gouza
HJgTHnActQ,2019,Wonwoong Cho
HJgTHnActQ,2019,Seunghwan Choi
HJgTHnActQ,2019,Junwoo Park
HJgTHnActQ,2019,David Keetae Park
HJgTHnActQ,2019,Tao Qin
HJgTHnActQ,2019,Jaegul Choo
HJgOl3AqY7,2019,Adrien Bitton
HJgOl3AqY7,2019,Philippe Esling
HJgOl3AqY7,2019,Axel Chemla-Romeu-Santos
HJgODj05KX,2019,Alexandru Onose
HJgODj05KX,2019,Seyed Iman Mossavat
HJgODj05KX,2019,Henk-Jan H. Smilde
HJgJS30qtm,2019,Saneem Ahmed Chemmengath
HJgJS30qtm,2019,Samarth Bharadwaj
HJgJS30qtm,2019,Suranjana Samanta
HJgJS30qtm,2019,Karthik Sankaranarayanan
HJg6e2CcK7,2019,Alexander Turner
HJg6e2CcK7,2019,Dimitris Tsipras
HJg6e2CcK7,2019,Aleksander Madry
HJg3rjA5tQ,2019,David Barber
HJg3rjA5tQ,2019,Mingtian Zhang
HJg3rjA5tQ,2019,Raza Habib
HJg3rjA5tQ,2019,Thomas Bird
HJfxbhR9KQ,2019,Tharun Medini
HJfxbhR9KQ,2019,Anshumali Shrivastava
HJfwJ2A5KX,2019,Cenk Baykal
HJfwJ2A5KX,2019,Lucas Liebenwein
HJfwJ2A5KX,2019,Igor Gilitschenski
HJfwJ2A5KX,2019,Dan Feldman
HJfwJ2A5KX,2019,Daniela Rus
HJflg30qKX,2019,Ziwei Ji
HJflg30qKX,2019,Matus Telgarsky
HJfSEnRqKQ,2019,Peiyun Hu
HJfSEnRqKQ,2019,Zachary C. Lipton
HJfSEnRqKQ,2019,Anima Anandkumar
HJfSEnRqKQ,2019,Deva Ramanan
HJfQrs0qt7,2019,Remi Tachet des Combes
HJfQrs0qt7,2019,Mohammad Pezeshki
HJfQrs0qt7,2019,Samira Shabanian
HJfQrs0qt7,2019,Aaron Courville
HJfQrs0qt7,2019,Yoshua Bengio
HJf9ZhC9FX,2019,Navid Azizan
HJf9ZhC9FX,2019,Babak Hassibi
HJf7ts0cFm,2019,Cheng Wang
HJf7ts0cFm,2019,Mathias Niepert
HJex0o05F7,2019,Tiago Pimentel
HJex0o05F7,2019,Marianne Monteiro
HJex0o05F7,2019,Juliano Viana
HJex0o05F7,2019,Adriano Veloso
HJex0o05F7,2019,Nivio Ziviani
HJeuOiRqKQ,2019,Avraham Ruderman
HJeuOiRqKQ,2019,Neil C. Rabinowitz
HJeuOiRqKQ,2019,Ari S. Morcos
HJeuOiRqKQ,2019,Daniel Zoran
HJeu43ActQ,2019,Sirisha Rambhatla
HJeu43ActQ,2019,Xingguo Li
HJeu43ActQ,2019,Jarvis Haupt
HJerDj05tQ,2019,Mingyang Yi
HJerDj05tQ,2019,Huishuai Zhang
HJerDj05tQ,2019,Wei Chen
HJerDj05tQ,2019,Zhi-ming Ma
HJerDj05tQ,2019,Tie-yan Liu
HJepJh0qKX,2019,Ikki Kishida
HJepJh0qKX,2019,Hideki Nakayama
HJej6jR5Fm,2019,Kate Rakelly*
HJej6jR5Fm,2019,Evan Shelhamer*
HJej6jR5Fm,2019,Trevor Darrell
HJej6jR5Fm,2019,Alexei A. Efros
HJej6jR5Fm,2019,Sergey Levine
HJej3s09Km,2019,Philip M. Long and Hanie Sedghi
HJei-2RcK7,2019,Yuan Li
HJei-2RcK7,2019,Xiaodan Liang
HJei-2RcK7,2019,Zhiting Hu
HJei-2RcK7,2019,Yinbo Chen
HJei-2RcK7,2019,Eric P. Xing
HJehSnCcFX,2019,Hongyuan Mei
HJehSnCcFX,2019,Guanghui Qin
HJehSnCcFX,2019,Jason Eisner
HJedho0qFX,2019,Dhanush Dharmaretnam
HJedho0qFX,2019,Chris Foster
HJedho0qFX,2019,Alona Fyshe
HJeRm3Aqt7,2019,Anton Bakhtin
HJeRm3Aqt7,2019,Arthur Szlam
HJeRm3Aqt7,2019,Marc'Aurelio Ranzato
HJeRkh05Km,2019,Wei Yang
HJeRkh05Km,2019,Xiaolong Wang
HJeRkh05Km,2019,Ali Farhadi
HJeRkh05Km,2019,Abhinav Gupta
HJeRkh05Km,2019,Roozbeh Mottaghi
HJeQbnA5tm,2019,Julius Kunze
HJeQbnA5tm,2019,Louis Kirsch
HJeQbnA5tm,2019,Hippolyt Ritter
HJeQbnA5tm,2019,David Barber
HJeQToAqKQ,2019,Alexander A. Alemi
HJeQToAqKQ,2019,Ian Fischer
HJePy3RcF7,2019,Rong Ge
HJePy3RcF7,2019,Sham M. Kakade
HJePy3RcF7,2019,Rahul Kidambi
HJePy3RcF7,2019,Praneeth Netrapalli
HJePno0cYm,2019,Zihang Dai*
HJePno0cYm,2019,Zhilin Yang*
HJePno0cYm,2019,Yiming Yang
HJePno0cYm,2019,William W. Cohen
HJePno0cYm,2019,Jaime Carbonell
HJePno0cYm,2019,Quoc V. Le
HJePno0cYm,2019,Ruslan Salakhutdinov
HJePRoAct7,2019,Hongyang Gao
HJePRoAct7,2019,Shuiwang Ji
HJeOMhA5K7,2019,Mayukh Das
HJeOMhA5K7,2019,Yang Yu
HJeOMhA5K7,2019,Devendra Singh Dhami
HJeOMhA5K7,2019,Gautam Kunapuli
HJeOMhA5K7,2019,Sriraam Natarajan
HJeNIjA5Y7,2019,Simiao Zuo
HJeNIjA5Y7,2019,Jialin Wu
HJeKCi0qYX,2019,Jiongqian Liang
HJeKCi0qYX,2019,Saket Gurukar
HJeKCi0qYX,2019,Srinivasan Parthasarathy
HJeB0sC9Fm,2019,Edo Collins
HJeB0sC9Fm,2019,Siavash Arjomand Bigdeli
HJeB0sC9Fm,2019,Sabine Süsstrunk
HJeABnCqKQ,2019,Junhyuk Oh
HJeABnCqKQ,2019,Yijie Guo
HJeABnCqKQ,2019,Satinder Singh
HJeABnCqKQ,2019,Honglak Lee
HJe62s09tX,2019,Jean Alaux
HJe62s09tX,2019,Edouard Grave
HJe62s09tX,2019,Marco Cuturi
HJe62s09tX,2019,Armand Joulin
HJe3TsR5K7,2019,Jiezhang Cao
HJe3TsR5K7,2019,Yong Guo
HJe3TsR5K7,2019,Langyuan Mo
HJe3TsR5K7,2019,Peilin Zhao
HJe3TsR5K7,2019,Junzhou Huang
HJe3TsR5K7,2019,Mingkui Tan
HJNJws0cF7,2019,Mai Zhu
HJNJws0cF7,2019,Bo Chang
HJNJws0cF7,2019,Chong Fu
HJMsiiRctX,2019,Fahad Alhasoun
HJMjW3RqtX,2019,Tom Le Paine
HJMjW3RqtX,2019,Sergio Gomez
HJMjW3RqtX,2019,Ziyu Wang
HJMjW3RqtX,2019,Scott Reed
HJMjW3RqtX,2019,Yusuf Aytar
HJMjW3RqtX,2019,Tobias Pfaff
HJMjW3RqtX,2019,Matt Hoffman
HJMjW3RqtX,2019,Gabriel Barth-Maron
HJMjW3RqtX,2019,Serkan Cabi
HJMjW3RqtX,2019,David Budden
HJMjW3RqtX,2019,Nando de Freitas
HJMghjA9YX,2019,Francisco Vargas
HJMghjA9YX,2019,Kamen Brestnichki
HJMghjA9YX,2019,Nils Hammerla
HJMXus0ct7,2019,Xiaodong Jia
HJMXus0ct7,2019,Liang Zhao
HJMXus0ct7,2019,Lian Zhang
HJMXus0ct7,2019,Juncai He
HJMXus0ct7,2019,Jinchao Xu
HJMXTsCqYQ,2019,Ryan-Rhys Griffiths
HJMXTsCqYQ,2019,José Miguel Hernández-Lobato
HJMRvsAcK7,2019,Jiaxi Liu
HJMRvsAcK7,2019,Yidong Zhang
HJMRvsAcK7,2019,Xiaoqing Wang
HJMRvsAcK7,2019,Yuming Deng
HJMRvsAcK7,2019,Xingyu Wu
HJMRvsAcK7,2019,Miaolan Xie
HJMHpjC9Ym,2019,Chun-Fu (Richard) Chen
HJMHpjC9Ym,2019,Quanfu Fan
HJMHpjC9Ym,2019,Neil Mallinar
HJMHpjC9Ym,2019,Tom Sercu
HJMHpjC9Ym,2019,Rogerio Feris
HJMCdsC5tX,2019,Tom Puech
HJMCdsC5tX,2019,Matthieu Boussard
HJMCcjAcYX,2019,Yan Zhang
HJMCcjAcYX,2019,Jonathon Hare
HJMCcjAcYX,2019,Adam Prügel-Bennett
HJMC_iA5tm,2019,Daniel Selsam
HJMC_iA5tm,2019,Matthew Lamm
HJMC_iA5tm,2019,"Benedikt B\""{u}nz"
HJMC_iA5tm,2019,Percy Liang
HJMC_iA5tm,2019,Leonardo de Moura
HJMC_iA5tm,2019,David L. Dill
HJM4rsRqFX,2019,Alexander I. Cowen-Rivers
HJM4rsRqFX,2019,Pasquale Minervini
HJGven05Y7,2019,Antreas Antoniou
HJGven05Y7,2019,Harrison Edwards
HJGven05Y7,2019,Amos Storkey
HJGtFoC5Fm,2019,Colin Wei
HJGtFoC5Fm,2019,Jason Lee
HJGtFoC5Fm,2019,Qiang Liu
HJGtFoC5Fm,2019,Tengyu Ma
HJGkisCcKm,2019,Noam Mor
HJGkisCcKm,2019,Lior Wolf
HJGkisCcKm,2019,Adam Polyak
HJGkisCcKm,2019,Yaniv Taigman
HJGciiR5Y7,2019,ShahRukh Athar
HJGciiR5Y7,2019,Evgeny Burnaev
HJGciiR5Y7,2019,Victor Lempitsky
HJG7m2AcF7,2019,Sidak Pal Singh
HJG7m2AcF7,2019,Andreas Hug
HJG7m2AcF7,2019,Aymeric Dieuleveut
HJG7m2AcF7,2019,Martin Jaggi
HJG1Uo09Fm,2019,Rosen Kralev
HJG1Uo09Fm,2019,Russell Mendonca
HJG1Uo09Fm,2019,Alvin Zhang
HJG1Uo09Fm,2019,Tianhe Yu
HJG1Uo09Fm,2019,Abhishek Gupta
HJG1Uo09Fm,2019,Pieter Abbeel
HJG1Uo09Fm,2019,Sergey Levine
HJG1Uo09Fm,2019,Chelsea Finn
HJG0ojCcFm,2019,Yoram Bachrach
HJG0ojCcFm,2019,Richard Everett
HJG0ojCcFm,2019,Edward Hughes
HJG0ojCcFm,2019,Angeliki Lazaridou
HJG0ojCcFm,2019,Joel Leibo
HJG0ojCcFm,2019,Marc Lanctot
HJG0ojCcFm,2019,Mike Johanson
HJG0ojCcFm,2019,Wojtek Czarnecki
HJG0ojCcFm,2019,Thore Graepel
HJE6X305Fm,2019,Brady Zhou
HJE6X305Fm,2019,Philipp Krähenbühl
H1zxjsCqKQ,2019,Yu Gai
H1zxjsCqKQ,2019,Zheng Zhang
H1zxjsCqKQ,2019,Kyunghyun Cho
H1ziPjC5Fm,2019,Jose Oramas
H1ziPjC5Fm,2019,Kaili Wang
H1ziPjC5Fm,2019,Tinne Tuytelaars
H1zeHnA9KX,2019,Joshua J. Michalenko
H1zeHnA9KX,2019,Ameesh Shah
H1zeHnA9KX,2019,Abhinav Verma
H1zeHnA9KX,2019,Richard G. Baraniuk
H1zeHnA9KX,2019,Swarat Chaudhuri
H1zeHnA9KX,2019,Ankit B. Patel
H1z_Z2A5tX,2019,Doron Haviv
H1z_Z2A5tX,2019,Alexander Rivkind
H1z_Z2A5tX,2019,Omri Barak
H1z-PsR5KX,2019,Anthony Bau
H1z-PsR5KX,2019,Yonatan Belinkov
H1z-PsR5KX,2019,Hassan Sajjad
H1z-PsR5KX,2019,Nadir Durrani
H1z-PsR5KX,2019,Fahim Dalvi
H1z-PsR5KX,2019,James Glass
H1xwNhCcYm,2019,Eric Nalisnick
H1xwNhCcYm,2019,Akihiro Matsukawa
H1xwNhCcYm,2019,Yee Whye Teh
H1xwNhCcYm,2019,Dilan Gorur
H1xwNhCcYm,2019,Balaji Lakshminarayanan
H1xsSjC9Ym,2019,Dzmitry Bahdanau
H1xsSjC9Ym,2019,Felix Hill
H1xsSjC9Ym,2019,Jan Leike
H1xsSjC9Ym,2019,Edward Hughes
H1xsSjC9Ym,2019,Arian Hosseini
H1xsSjC9Ym,2019,Pushmeet Kohli
H1xsSjC9Ym,2019,Edward Grefenstette
H1xpe2C5Km,2019,Tao Sun
H1xpe2C5Km,2019,Zhewei Wang
H1xpe2C5Km,2019,C. D. Smith
H1xpe2C5Km,2019,Jundong Liu
H1xmqiAqFm,2019,Ryuichiro Hataya
H1xmqiAqFm,2019,Hideki Nakayama
H1xk8jAqKQ,2019,Cinjon Resnick
H1xk8jAqKQ,2019,Roberta Raileanu
H1xk8jAqKQ,2019,Sanyam Kapoor
H1xk8jAqKQ,2019,Alexander Peysakhovich
H1xk8jAqKQ,2019,Kyunghyun Cho
H1xk8jAqKQ,2019,Joan Bruna
H1xipsA5K7,2019,Rong Ge
H1xipsA5K7,2019,Rohith Kuditipudi
H1xipsA5K7,2019,Zhize Li
H1xipsA5K7,2019,Xiang Wang
H1xaJn05FQ,2019,Soheil Kolouri
H1xaJn05FQ,2019,Phillip E. Pope
H1xaJn05FQ,2019,Charles E. Martin
H1xaJn05FQ,2019,Gustavo K. Rohde
H1xSNiRcF7,2019,Xiang Li
H1xSNiRcF7,2019,Luke Vilnis
H1xSNiRcF7,2019,Dongxu Zhang
H1xSNiRcF7,2019,Michael Boratko
H1xSNiRcF7,2019,Andrew McCallum
H1xQVn09FX,2019,Jesse Engel
H1xQVn09FX,2019,Kumar Krishna Agrawal
H1xQVn09FX,2019,Shuo Chen
H1xQVn09FX,2019,Ishaan Gulrajani
H1xQVn09FX,2019,Chris Donahue
H1xQVn09FX,2019,Adam Roberts
H1xQSjCqFQ,2019,Andrea Zunino
H1xQSjCqFQ,2019,Sarah Adel Bargal
H1xQSjCqFQ,2019,Pietro Morerio
H1xQSjCqFQ,2019,Jianming Zhang
H1xQSjCqFQ,2019,Stan Sclaroff
H1xQSjCqFQ,2019,Vittorio Murino
H1xEwsR9FX,2019,Marvin Teichmann
H1xEwsR9FX,2019,Roberto Cipolla
H1xEtoRqtQ,2019,Miljan Martic
H1xEtoRqtQ,2019,Jan Leike
H1xEtoRqtQ,2019,Andrew Trask
H1xEtoRqtQ,2019,Matteo Hessel
H1xEtoRqtQ,2019,Shane Legg
H1xEtoRqtQ,2019,Pushmeet Kohli
H1xD9sR5Fm,2019,Huan Zhang
H1xD9sR5Fm,2019,Hai Zhao
H1xAH2RqK7,2019,Chong Huang
H1xAH2RqK7,2019,Xiao Chen
H1xAH2RqK7,2019,Peter Kairouz
H1xAH2RqK7,2019,Lalitha Sankar
H1xAH2RqK7,2019,Ram Rajagopal
H1x3SnAcYQ,2019,Jingkai Mao
H1x3SnAcYQ,2019,Jakob Foerster
H1x3SnAcYQ,2019,Tim Rocktäschel
H1x3SnAcYQ,2019,Gregory Farquhar
H1x3SnAcYQ,2019,Maruan Al-Shedivat
H1x3SnAcYQ,2019,Shimon Whiteson
H1x1noAqKX,2019,Petra Bevandić
H1x1noAqKX,2019,Siniša Šegvić
H1x1noAqKX,2019,Ivan Krešo
H1x1noAqKX,2019,Marin Oršić
H1x-x309tm,2019,Xiangyi Chen
H1x-x309tm,2019,Sijia Liu
H1x-x309tm,2019,Ruoyu Sun
H1x-x309tm,2019,Mingyi Hong
H1lug3R5FX,2019,Marc Khoury
H1lug3R5FX,2019,Dylan Hadfield-Menell
H1ltQ3R9KQ,2019,Ishita Dasgupta
H1ltQ3R9KQ,2019,Jane Wang
H1ltQ3R9KQ,2019,Silvia Chiappa
H1ltQ3R9KQ,2019,Jovana Mitrovic
H1ltQ3R9KQ,2019,Pedro Ortega
H1ltQ3R9KQ,2019,David Raposo
H1ltQ3R9KQ,2019,Edward Hughes
H1ltQ3R9KQ,2019,Peter Battaglia
H1ltQ3R9KQ,2019,Matthew Botvinick
H1ltQ3R9KQ,2019,Zeb Kurth-Nelson
H1lqZhRcFm,2019,Lior Wolf
H1lqZhRcFm,2019,Sagie Benaim
H1lqZhRcFm,2019,Tomer Galanti
H1lo3sC9KX,2019,Roman Talyansky
H1lo3sC9KX,2019,Pavel Kisilev
H1lo3sC9KX,2019,Zach Melamed
H1lo3sC9KX,2019,Natan Peterfreund
H1lo3sC9KX,2019,Uri Verner
H1lnJ2Rqt7,2019,Zhewei Yao
H1lnJ2Rqt7,2019,Amir Gholami
H1lnJ2Rqt7,2019,Kurt Keutzer
H1lnJ2Rqt7,2019,Michael Mahoney
H1ldNoC9tX,2019,Yu-Guan Hsieh
H1ldNoC9tX,2019,Gang Niu
H1ldNoC9tX,2019,Masashi Sugiyama
H1lUOsA9Fm,2019,Florin Schimbinschi
H1lUOsA9Fm,2019,Christian Walder
H1lUOsA9Fm,2019,Sarah Erfani
H1lUOsA9Fm,2019,James Bailey
H1lS8oA5YQ,2019,Satoshi Hara
H1lS8oA5YQ,2019,Koichi Ikeno
H1lS8oA5YQ,2019,Tasuku Soma
H1lS8oA5YQ,2019,Takanori Maehara
H1lPUiRcYQ,2019,Qianxiao Li
H1lPUiRcYQ,2019,Bo Lin
H1lPUiRcYQ,2019,Weiqing Ren
H1lJws05K7,2019,Soufiane Hayou
H1lJws05K7,2019,Arnaud Doucet
H1lJws05K7,2019,Judith Rousseau
H1lJJnR5Ym,2019,Yuri Burda
H1lJJnR5Ym,2019,Harrison Edwards
H1lJJnR5Ym,2019,Amos Storkey
H1lJJnR5Ym,2019,Oleg Klimov
H1lIzhC9FX,2019,Oleksiy Ostapenko
H1lIzhC9FX,2019,Mihai Puscas
H1lIzhC9FX,2019,Tassilo Klein
H1lIzhC9FX,2019,Moin Nabi
H1lGHsA9KX,2019,Seong Jin Cho
H1lGHsA9KX,2019,Sunghun Kang
H1lGHsA9KX,2019,Chang D. Yoo
H1lFZnR5YX,2019,Wenbo Zhao
H1lFZnR5YX,2019,Shahan Ali Memon
H1lFZnR5YX,2019,Bhiksha Raj
H1lFZnR5YX,2019,Rita Singh
H1lC8o0cKX,2019,Alban Laflaquière
H1lC8o0cKX,2019,Michael Garcia Ortiz
H1lADsCcFQ,2019,Shufei Zhang
H1lADsCcFQ,2019,Kaizhu Huang
H1lADsCcFQ,2019,Rui Zhang
H1lADsCcFQ,2019,Amir Hussain
H1l7bnR5Ym,2019,Hao He
H1l7bnR5Ym,2019,Hao Wang
H1l7bnR5Ym,2019,Guang-He Lee
H1l7bnR5Ym,2019,Yonglong Tian
H1l-SjA5t7,2019,Nat Dilokthanakul
H1l-SjA5t7,2019,Nick Pawlowski
H1l-SjA5t7,2019,Murray Shanahan
H1gupiC5KQ,2019,Daniel Elliott
H1gupiC5KQ,2019,Charles Anderson
H1gsz30cKX,2019,Hongyi Zhang
H1gsz30cKX,2019,Yann N. Dauphin
H1gsz30cKX,2019,Tengyu Ma
H1goBoR9F7,2019,Liu Liu
H1goBoR9F7,2019,Lei Deng
H1goBoR9F7,2019,Xing Hu
H1goBoR9F7,2019,Maohua Zhu
H1goBoR9F7,2019,Guoqi Li
H1goBoR9F7,2019,Yufei Ding
H1goBoR9F7,2019,Yuan Xie
H1glKiCqtm,2019,Ben Trevett
H1glKiCqtm,2019,Donald Reay
H1glKiCqtm,2019,N. K. Taylor
H1gh_sC9tm,2019,Andrey Malinin
H1gh_sC9tm,2019,Mark Gales
H1gfOiAqYm,2019,Xinyun Chen
H1gfOiAqYm,2019,Chang Liu
H1gfOiAqYm,2019,Dawn Song
H1gZV30qKQ,2019,Xingchao Liu
H1gZV30qKQ,2019,Tongzhou Mu
H1gZV30qKQ,2019,Hao Su
H1gTEj09FX,2019,Xiuyuan Cheng
H1gTEj09FX,2019,Qiang Qiu
H1gTEj09FX,2019,Robert Calderbank
H1gTEj09FX,2019,Guillermo Sapiro
H1gRM2A5YX,2019,Ying Ma
H1gRM2A5YX,2019,Jose Principe
H1gR5iR5FX,2019,David Saxton
H1gR5iR5FX,2019,Edward Grefenstette
H1gR5iR5FX,2019,Felix Hill
H1gR5iR5FX,2019,Pushmeet Kohli
H1gNHs05FX,2019,Jeremy C. Weiss
H1gMCsAqY7,2019,Jiahui Yu
H1gMCsAqY7,2019,Linjie Yang
H1gMCsAqY7,2019,Ning Xu
H1gMCsAqY7,2019,Jianchao Yang
H1gMCsAqY7,2019,Thomas Huang
H1gL-2A9Ym,2019,Johannes Gasteiger
H1gL-2A9Ym,2019,Aleksandar Bojchevski
H1gL-2A9Ym,2019,Stephan Günnemann
H1gKYo09tX,2019,Uri Alon
H1gKYo09tX,2019,Shaked Brody
H1gKYo09tX,2019,Omer Levy
H1gKYo09tX,2019,Eran Yahav
H1gFuiA9KX,2019,Matthias Leimeister
H1gFuiA9KX,2019,Benjamin J. Wilson
H1gDgn0qY7,2019,Ke Li*
H1gDgn0qY7,2019,Tianhao Zhang*
H1gDgn0qY7,2019,Jitendra Malik
H1g6osRcFQ,2019,Wenhao Yu
H1g6osRcFQ,2019,C. Karen Liu
H1g6osRcFQ,2019,Greg Turk
H1g4k309F7,2019,Pierre Dognin*
H1g4k309F7,2019,Igor Melnyk*
H1g4k309F7,2019,Youssef Mroueh*
H1g4k309F7,2019,Jarret Ross*
H1g4k309F7,2019,Cicero Dos Santos*
H1g4k309F7,2019,Tom Sercu*
H1g2NhC5KQ,2019,Guillaume Lample
H1g2NhC5KQ,2019,Sandeep Subramanian
H1g2NhC5KQ,2019,Eric Smith
H1g2NhC5KQ,2019,Ludovic Denoyer
H1g2NhC5KQ,2019,Marc'Aurelio Ranzato
H1g2NhC5KQ,2019,Y-Lan Boureau
H1g0piA9tQ,2019,Ian Goodfellow
H1g0piA9tQ,2019,Yao Qin
H1g0piA9tQ,2019,David Berthelot
H1g0Z3A9Fm,2019,Zhengdao Chen
H1g0Z3A9Fm,2019,Lisha Li
H1g0Z3A9Fm,2019,Joan Bruna
H1fsUiRcKQ,2019,Dongha Kim
H1fsUiRcKQ,2019,Yongchan Choi
H1fsUiRcKQ,2019,Jae-Joon Han
H1fsUiRcKQ,2019,Changkyu Choi
H1fsUiRcKQ,2019,Yongdai Kim
H1fevoAcKX,2019,Ke Xu
H1fevoAcKX,2019,Xiaoyun Wang
H1fevoAcKX,2019,Qun Jia
H1fevoAcKX,2019,Jianjing An
H1fevoAcKX,2019,Dong Wang
H1faSn0qY7,2019,Marc Fischer
H1faSn0qY7,2019,Mislav Balunovic
H1faSn0qY7,2019,Dana Drachsler-Cohen
H1faSn0qY7,2019,Timon Gehr
H1faSn0qY7,2019,Ce Zhang
H1faSn0qY7,2019,Martin Vechev
H1fU8iAqKX,2019,Alexander S. Ecker
H1fU8iAqKX,2019,Fabian H. Sinz
H1fU8iAqKX,2019,Emmanouil Froudarakis
H1fU8iAqKX,2019,Paul G. Fahey
H1fU8iAqKX,2019,Santiago A. Cadena
H1fU8iAqKX,2019,Edgar Y. Walker
H1fU8iAqKX,2019,Erick Cobos
H1fU8iAqKX,2019,Jacob Reimer
H1fU8iAqKX,2019,Andreas S. Tolias
H1fU8iAqKX,2019,Matthias Bethge
H1fF0iR9KX,2019,Renata Khasanova
H1fF0iR9KX,2019,Pascal Frossard
H1f7S3C9YQ,2019,Chenwei Zhang
H1f7S3C9YQ,2019,Yaliang Li
H1f7S3C9YQ,2019,Nan Du
H1f7S3C9YQ,2019,Wei Fan
H1f7S3C9YQ,2019,Philip S. Yu
H1ewdiR5tQ,2019,Bingbing Xu
H1ewdiR5tQ,2019,Huawei Shen
H1ewdiR5tQ,2019,Qi Cao
H1ewdiR5tQ,2019,Yunqi Qiu
H1ewdiR5tQ,2019,Xueqi Cheng
H1ersoRqtm,2019,Patrick Fernandes
H1ersoRqtm,2019,Miltiadis Allamanis
H1ersoRqtm,2019,Marc Brockschmidt
H1eqviAqYX,2019,Bowen Wu
H1eqviAqYX,2019,Nan Jiang
H1eqviAqYX,2019,Zhifeng Gao
H1eqviAqYX,2019,Zongsheng Wang
H1eqviAqYX,2019,Suke Li
H1eqviAqYX,2019,Wenge Rong
H1eqviAqYX,2019,Baoxun Wang
H1eqjiCctX,2019,Abraham Frandsen
H1eqjiCctX,2019,Rong Ge
H1emus0qF7,2019,Ofir Nachum
H1emus0qF7,2019,Shixiang Gu
H1emus0qF7,2019,Honglak Lee
H1emus0qF7,2019,Sergey Levine
H1eiZnAqKm,2019,Ian D. Jordan
H1eiZnAqKm,2019,Piotr Aleksander Sokol
H1eiZnAqKm,2019,Il Memming Park
H1edIiA9KQ,2019,Tobias Hinz
H1edIiA9KQ,2019,Stefan Heinrich
H1edIiA9KQ,2019,Stefan Wermter
H1ecDoR5Y7,2019,Cheolhyeong Kim
H1ecDoR5Y7,2019,Seungtae Park
H1ecDoR5Y7,2019,Hyung Ju Hwang
H1ebTsActm,2019,Taiji Suzuki
H1eadi0cFQ,2019,Yannic Kilcher
H1eadi0cFQ,2019,Gary Bécigneul
H1eadi0cFQ,2019,Thomas Hofmann
H1eSS3CcKX,2019,Aditya Grover
H1eSS3CcKX,2019,Eric Wang
H1eSS3CcKX,2019,Aaron Zweig
H1eSS3CcKX,2019,Stefano Ermon
H1eRBoC9FX,2019,Abhishek Gupta
H1eRBoC9FX,2019,Benjamin Eysenbach
H1eRBoC9FX,2019,Chelsea Finn
H1eRBoC9FX,2019,Sergey Levine
H1eMBn09Km,2019,Abhinav Jauhri
H1eMBn09Km,2019,Brad Stocks
H1eMBn09Km,2019,Jian Hui Li
H1eMBn09Km,2019,Koichi Yamada
H1eMBn09Km,2019,John Paul Shen
H1eH4n09KX,2019,Sung Kim
H1eH4n09KX,2019,Visvesh Sathe
H1e8wsCqYX,2019,Carlos Eduardo Rosar Kos Lassance
H1e8wsCqYX,2019,Vincent Gripon
H1e8wsCqYX,2019,Antonio Ortega
H1e6ij0cKQ,2019,Saeed Najafi
H1e6ij0cKQ,2019,Colin Cherry
H1e6ij0cKQ,2019,Greg Kondrak
H1e572A5tQ,2019,Abhishek Das
H1e572A5tQ,2019,Theophile Gervet
H1e572A5tQ,2019,Joshua Romoff
H1e572A5tQ,2019,Dhruv Batra
H1e572A5tQ,2019,Devi Parikh
H1e572A5tQ,2019,Mike Rabbat
H1e572A5tQ,2019,Joelle Pineau
H1e0-30qKm,2019,Gökhan Yildirim
H1e0-30qKm,2019,Nikolay Jetchev
H1e0-30qKm,2019,Urs Bergmann
H1V4QhAqYQ,2019,Elad Hoffer
H1V4QhAqYQ,2019,Itay Hubara
H1V4QhAqYQ,2019,Niv Giladi
H1V4QhAqYQ,2019,Daniel Soudry
H1MzKs05F7,2019,Carl-Johann Simon-Gabriel
H1MzKs05F7,2019,Yann Ollivier
H1MzKs05F7,2019,Léon Bottou
H1MzKs05F7,2019,Bernhard Schölkopf
H1MzKs05F7,2019,David Lopez-Paz
H1MgjoR9tQ,2019,Florian Mai
H1MgjoR9tQ,2019,Lukas Galke
H1MgjoR9tQ,2019,Ansgar Scherp
H1MW72AcK7,2019,Yize Chen
H1MW72AcK7,2019,Yuanyuan Shi
H1MW72AcK7,2019,Baosen Zhang
H1MBuiAqtX,2019,Daniel J. Mankowitz
H1MBuiAqtX,2019,Augustin Žídek
H1MBuiAqtX,2019,André Barreto
H1MBuiAqtX,2019,Dan Horgan
H1MBuiAqtX,2019,Matteo Hessel
H1MBuiAqtX,2019,John Quan
H1MBuiAqtX,2019,Junhyuk Oh
H1MBuiAqtX,2019,Hado van Hasselt
H1MBuiAqtX,2019,David Silver
H1MBuiAqtX,2019,Tom Schaul
H1M7soActX,2019,Zhanxing Zhu
H1M7soActX,2019,Jingfeng Wu
H1M7soActX,2019,Bing Yu
H1M7soActX,2019,Lei Wu
H1M7soActX,2019,Jinwen Ma
H1Gfx3Rqtm,2019,Yuning Mao
H1Gfx3Rqtm,2019,Jingjing Tian
H1Gfx3Rqtm,2019,Jiawei Han
H1Gfx3Rqtm,2019,Xiang Ren
H1GaLiAcY7,2019,Hanze Dong
H1GaLiAcY7,2019,Yanwei Fu
H1GaLiAcY7,2019,Leonid Sigal
H1GaLiAcY7,2019,SungJu Hwang
H1GaLiAcY7,2019,Yu-Gang Jiang
H1GaLiAcY7,2019,Xiangyang Xue
H1GLm2R9Km,2019,Shiyu Duan
H1GLm2R9Km,2019,Shujian Yu
H1GLm2R9Km,2019,Yunmei Chen
H1GLm2R9Km,2019,Jose Principe
H1ERcs09KQ,2019,Su-Jin Shin
H1ERcs09KQ,2019,Kyungwoo Song
H1ERcs09KQ,2019,Il-Chul Moon
ByzcS3AcYX,2019,Shuang Ma
ByzcS3AcYX,2019,Daniel Mcduff
ByzcS3AcYX,2019,Yale Song
Byxz4n09tQ,2019,Ruishan Liu
Byxz4n09tQ,2019,Nicolo Fusi
Byxz4n09tQ,2019,Lester Mackey
Byxr73R5FQ,2019,Manan Tomar*
Byxr73R5FQ,2019,Rahul Ramesh*
Byxr73R5FQ,2019,Balaraman Ravindran
Byxpfh0cFm,2019,Michael Kuchnik
Byxpfh0cFm,2019,Virginia Smith
ByxmXnA9FQ,2019,Wenhu Chen
ByxmXnA9FQ,2019,Yilin Shen
ByxmXnA9FQ,2019,William Wang
ByxmXnA9FQ,2019,Hongxia Jin
ByxkijC5FQ,2019,Bastian Rieck
ByxkijC5FQ,2019,Matteo Togninalli
ByxkijC5FQ,2019,Christian Bock
ByxkijC5FQ,2019,Michael Moor
ByxkijC5FQ,2019,Max Horn
ByxkijC5FQ,2019,Thomas Gumbsch
ByxkijC5FQ,2019,Karsten Borgwardt
ByxkCj09Fm,2019,Eliyahu Sason
ByxkCj09Fm,2019,Koby Crammer
ByxZdj09tX,2019,Brown Wang
ByxZX20qFQ,2019,Alexei Baevski
ByxZX20qFQ,2019,Michael Auli
ByxPYjC5KQ,2019,Hoang Thanh-Tung
ByxPYjC5KQ,2019,Truyen Tran
ByxPYjC5KQ,2019,Svetha Venkatesh
ByxLl309Ym,2019,Ga Wu
ByxLl309Ym,2019,Justin Domke
ByxLl309Ym,2019,Scott Sanner
ByxHb3R5tX,2019,Chen Ma
ByxHb3R5tX,2019,Dylan R. Ashley
ByxHb3R5tX,2019,Junfeng Wen
ByxHb3R5tX,2019,Yoshua Bengio
ByxGSsR9FQ,2019,Haifeng Qian
ByxGSsR9FQ,2019,Mark N. Wegman
ByxF-nAqYX,2019,Guillaume DOQUET
ByxF-nAqYX,2019,Michèle SEBAG
ByxBFsRqYm,2019,Wouter Kool
ByxBFsRqYm,2019,Herke van Hoof
ByxBFsRqYm,2019,Max Welling
ByxAcjCqt7,2019,Chun-Liang Li
ByxAcjCqt7,2019,Manzil Zaheer
ByxAcjCqt7,2019,Yang Zhang
ByxAcjCqt7,2019,Barnabás Póczos
ByxAcjCqt7,2019,Ruslan Salakhutdinov
ByxAOoR5K7,2019,Rachel A. Lerch
ByxAOoR5K7,2019,Chris R. Sims
Byx93sC9tm,2019,Remus Pop
Byx93sC9tm,2019,Patric Fulop
Byx83s09Km,2019,Nikolay Nikolov
Byx83s09Km,2019,Johannes Kirschner
Byx83s09Km,2019,Felix Berkenkamp
Byx83s09Km,2019,Andreas Krause
Byx7LjRcYm,2019,Wensong Chan
Byx7LjRcYm,2019,Zhiqiang Tian
Byx7LjRcYm,2019,Xuguang Lan
Byx1VnR9K7,2019,Xiaoyu Lu
Byx1VnR9K7,2019,Jan Stuehmer
Byx1VnR9K7,2019,Katja Hofmann
ByloJ20qtm,2019,Marko Vasic
ByloJ20qtm,2019,Aditya Kanade
ByloJ20qtm,2019,Petros Maniatis
ByloJ20qtm,2019,David Bieber
ByloJ20qtm,2019,Rishabh Singh
ByloIiCqYQ,2019,Tue Le
ByloIiCqYQ,2019,Tuan Nguyen
ByloIiCqYQ,2019,Trung Le
ByloIiCqYQ,2019,Dinh Phung
ByloIiCqYQ,2019,Paul Montague
ByloIiCqYQ,2019,Olivier De Vel
ByloIiCqYQ,2019,Lizhen Qu
Bylnx209YX,2019,Daniel Zügner
Bylnx209YX,2019,Stephan Günnemann
Bylmkh05KX,2019,Chih-Kuan Yeh
Bylmkh05KX,2019,Jianshu Chen
Bylmkh05KX,2019,Chengzhu Yu
Bylmkh05KX,2019,Dong Yu
BylkG20qYm,2019,Paul Michel
BylkG20qYm,2019,Graham Neubig
BylkG20qYm,2019,Xian Li
BylkG20qYm,2019,Juan Miguel Pino
ByleB2CcKm,2019,Karan Goel
ByleB2CcKm,2019,Emma Brunskill
Byldr3RqKX,2019,Michel Besserve
Byldr3RqKX,2019,Remy Sun
Byldr3RqKX,2019,Bernhard Schoelkopf
ByldlhAqYQ,2019,Wanyun Cui
ByldlhAqYQ,2019,Guangyu Zheng
ByldlhAqYQ,2019,Zhiqiang Shen
ByldlhAqYQ,2019,Sihang Jiang
ByldlhAqYQ,2019,Wei Wang
BylctiCctX,2019,Fabian Fuchs
BylctiCctX,2019,Oliver Groth
BylctiCctX,2019,Adam Kosiorek
BylctiCctX,2019,Alex Bewley
BylctiCctX,2019,Markus Wulfmeier
BylctiCctX,2019,Andrea Vedaldi
BylctiCctX,2019,Ingmar Posner
Byl_ciRcY7,2019,Yifei HUANG
Byl_ciRcY7,2019,Yuan YAO
Byl_ciRcY7,2019,Weizhi ZHU
BylRVjC9K7,2019,Xingyu Zhou
BylRVjC9K7,2019,Tengyu Ma
BylRVjC9K7,2019,Huahong Zhang
BylQV305YQ,2019,Wei Dai
BylQV305YQ,2019,Yi Zhou
BylQV305YQ,2019,Nanqing Dong
BylQV305YQ,2019,Hao Zhang
BylQV305YQ,2019,Eric Xing
BylIciRcYQ,2019,Yi Zhou
BylIciRcYQ,2019,Junjie Yang
BylIciRcYQ,2019,Huishuai Zhang
BylIciRcYQ,2019,Yingbin Liang
BylIciRcYQ,2019,Vahid Tarokh
BylE1205Fm,2019,Ori Press
BylE1205Fm,2019,Tomer Galanti
BylE1205Fm,2019,Sagie Benaim
BylE1205Fm,2019,Lior Wolf
BylBr3C9K7,2019,Haichuan Yang
BylBr3C9K7,2019,Yuhao Zhu
BylBr3C9K7,2019,Ji Liu
BylBns0qtX,2019,Alina Kloss
BylBns0qtX,2019,Jeannette Bohg
BylBfnRqFm,2019,Luisa M Zintgraf
BylBfnRqFm,2019,Kyriacos Shiarlis
BylBfnRqFm,2019,Vitaly Kurin
BylBfnRqFm,2019,Katja Hofmann
BylBfnRqFm,2019,Shimon Whiteson
Byl8BnRcYm,2019,Zhang Xinyi
Byl8BnRcYm,2019,Lihui Chen
BygrtoC9Km,2019,Chunrui Han
BygrtoC9Km,2019,Shiguang Shan
BygrtoC9Km,2019,Meina Kan
BygrtoC9Km,2019,Shuzhe Wu
BygrtoC9Km,2019,Xilin Chen
Bygre3R9Fm,2019,Rim Assouel
Bygre3R9Fm,2019,Mohamed Ahmed
Bygre3R9Fm,2019,Marwin Segler
Bygre3R9Fm,2019,Amir Saffari
Bygre3R9Fm,2019,Yoshua Bengio
BygqBiRcFQ,2019,Fernando Gama
BygqBiRcFQ,2019,Alejandro Ribeiro
BygqBiRcFQ,2019,Joan Bruna
BygmRoA9YQ,2019,Taesik Na
BygmRoA9YQ,2019,Minah Lee
BygmRoA9YQ,2019,Burhan A. Mudassar
BygmRoA9YQ,2019,Priyabrata Saha
BygmRoA9YQ,2019,Jong Hwan Ko
BygmRoA9YQ,2019,Saibal Mukhopadhyay
ByghKiC5YX,2019,Puyudi Yang
ByghKiC5YX,2019,Jianbo Chen
ByghKiC5YX,2019,Cho-Jui Hsieh
ByghKiC5YX,2019,Jane-Ling Wang
ByghKiC5YX,2019,Michael I. Jordan
Bygh9j09KX,2019,Robert Geirhos
Bygh9j09KX,2019,Patricia Rubisch
Bygh9j09KX,2019,Claudio Michaelis
Bygh9j09KX,2019,Matthias Bethge
Bygh9j09KX,2019,Felix A. Wichmann
Bygh9j09KX,2019,Wieland Brendel
BygfghAcYX,2019,Behnam Neyshabur
BygfghAcYX,2019,Zhiyuan Li
BygfghAcYX,2019,Srinadh Bhojanapalli
BygfghAcYX,2019,Yann LeCun
BygfghAcYX,2019,Nathan Srebro
BygRNn0qYX,2019,Shupeng Gui
BygRNn0qYX,2019,Xiangliang Zhang
BygRNn0qYX,2019,Shuang Qiu
BygRNn0qYX,2019,Mingrui Wu
BygRNn0qYX,2019,Jieping Ye
BygRNn0qYX,2019,Ji Liu
BygREjC9YQ,2019,Laurence Aitchison
BygNqoR9tm,2019,Giorgio Patrini
BygNqoR9tm,2019,Marcello Carioni
BygNqoR9tm,2019,Patrick Forré
BygNqoR9tm,2019,Samarth Bhargav
BygNqoR9tm,2019,Max Welling
BygNqoR9tm,2019,Rianne van den Berg
BygNqoR9tm,2019,Tim Genewein
BygNqoR9tm,2019,Frank Nielsen
BygMAiRqK7,2019,Yogesh Balaji
BygMAiRqK7,2019,Hamed Hasani
BygMAiRqK7,2019,Rama Chellappa
BygMAiRqK7,2019,Soheil Feizi
BygIV2CcKm,2019,Donghoon Lee
BygIV2CcKm,2019,Chang D. Yoo
BygGNnCqKQ,2019,Anubhav Ashok
BygANjA5FX,2019,Abduallah Mohamed
BygANjA5FX,2019,Xinrui Hua
BygANjA5FX,2019,Xianda Zhou
BygANjA5FX,2019,Christian Claudel
BygANhA9tQ,2019,Xiao Zhang
BygANhA9tQ,2019,David Evans
Byg5QhR5FQ,2019,Karel Chvalovský
Byg3y3C9Km,2019,John Ingraham
Byg3y3C9Km,2019,Adam Riesselman
Byg3y3C9Km,2019,Chris Sander
Byg3y3C9Km,2019,Debora Marks
Byg0DsCqYQ,2019,Grigorios G. Chrysos
Byg0DsCqYQ,2019,Jean Kossaifi
Byg0DsCqYQ,2019,Stefanos Zafeiriou
ByfyHh05tQ,2019,Frederic Runge
ByfyHh05tQ,2019,Danny Stoll
ByfyHh05tQ,2019,Stefan Falkner
ByfyHh05tQ,2019,Frank Hutter
ByftGnR9KX,2019,Hsin-Yuan Huang
ByftGnR9KX,2019,Eunsol Choi
ByftGnR9KX,2019,Wen-tau Yih
ByfbnsA9Km,2019,Kamil Nar
ByfbnsA9Km,2019,Orhan Ocal
ByfbnsA9Km,2019,S. Shankar Sastry
ByfbnsA9Km,2019,Kannan Ramchandran
ByfXe2C5tm,2019,Leon Weber
ByfXe2C5tm,2019,Pasquale Minervini
ByfXe2C5tm,2019,Ulf Leser
ByfXe2C5tm,2019,Tim Rocktäschel
Byf5-30qFX,2019,Meng Fang
Byf5-30qFX,2019,Cheng Zhou
Byf5-30qFX,2019,Bei Shi
Byf5-30qFX,2019,Boqing Gong
Byf5-30qFX,2019,Jia Xu
Byf5-30qFX,2019,Tong Zhang
ByezgnA5tm,2019,Dong Xu
ByezgnA5tm,2019,Eleanor Quint
ByezgnA5tm,2019,Zeynep Hakguder
ByezgnA5tm,2019,Haluk Dogan
ByezgnA5tm,2019,Stephen Scott
ByezgnA5tm,2019,Matthew Dwyer
Byey7n05FQ,2019,Kendall Lowrey
Byey7n05FQ,2019,Aravind Rajeswaran
Byey7n05FQ,2019,Sham Kakade
Byey7n05FQ,2019,Emanuel Todorov
Byey7n05FQ,2019,Igor Mordatch
ByetGn0cYX,2019,Alexandre Piche
ByetGn0cYX,2019,Valentin Thomas
ByetGn0cYX,2019,Cyril Ibrahim
ByetGn0cYX,2019,Yoshua Bengio
ByetGn0cYX,2019,Chris Pal
ByecAoAqK7,2019,Lierni Sestorain
ByecAoAqK7,2019,Massimiliano Ciaramita
ByecAoAqK7,2019,Christian Buck
ByecAoAqK7,2019,Thomas Hofmann
ByeZ5jC5YQ,2019,James Jordon
ByeZ5jC5YQ,2019,Jinsung Yoon
ByeZ5jC5YQ,2019,Mihaela van der Schaar
ByeWdiR5Ym,2019,Julio Cesar Zamora
ByeWdiR5Ym,2019,Jesus Adan Cruz Vargas
ByeWdiR5Ym,2019,Omesh Tickoo
ByeTHsAqtX,2019,Guy Gur-Ari
ByeTHsAqtX,2019,Daniel A. Roberts
ByeTHsAqtX,2019,Ethan Dyer
ByeSdsC9Km,2019,Tiago Ramalho
ByeSdsC9Km,2019,Marta Garnelo
ByePUo05K7,2019,Gaurav Malhotra
ByePUo05K7,2019,Jeffrey Bowers
ByeNFoRcK7,2019,Dan Zhang
ByeNFoRcK7,2019,Anna Khoreva
ByeMB3Act7,2019,Patrick Chen
ByeMB3Act7,2019,Si Si
ByeMB3Act7,2019,Sanjiv Kumar
ByeMB3Act7,2019,Yang Li
ByeMB3Act7,2019,Cho-Jui Hsieh
ByeLmn0qtX,2019,Hirono Okamoto
ByeLmn0qtX,2019,Shohei Ohsawa
ByeLmn0qtX,2019,Itto Higuchi
ByeLmn0qtX,2019,Haruka Murakami
ByeLmn0qtX,2019,Mizuki Sango
ByeLmn0qtX,2019,Zhenghang Cui
ByeLmn0qtX,2019,Masahiro Suzuki
ByeLmn0qtX,2019,Hiroshi Kajino
ByeLmn0qtX,2019,Yutaka Matsuo
ByeLBj0qFQ,2019,Kevin Frans
ByeLBj0qFQ,2019,Chin-Yi Cheng
ByeDojRcYQ,2019,Arbaaz Khan
ByeDojRcYQ,2019,Clark Zhang
ByeDojRcYQ,2019,Vijay Kumar
ByeDojRcYQ,2019,Alejandro Ribeiro
Bye9LiR9YX,2019,Guido Novati
Bye9LiR9YX,2019,Petros Koumoutsakos
Bye5SiAqKX,2019,Xi-Lin Li
Bye5OiR5F7,2019,Alex Tong Lin
Bye5OiR5F7,2019,Wuchen Li
Bye5OiR5F7,2019,Stanley Osher
Bye5OiR5F7,2019,Guido Montufar
ByN7Yo05YX,2019,Ryutaro Tanno
ByN7Yo05YX,2019,Kai Arulkumaran
ByN7Yo05YX,2019,Daniel C. Alexander
ByN7Yo05YX,2019,Antonio Criminisi
ByN7Yo05YX,2019,Aditya Nori
ByMVTsR5KQ,2019,Chris Donahue
ByMVTsR5KQ,2019,Julian McAuley
ByMVTsR5KQ,2019,Miller Puckette
ByMHvs0cFQ,2019,Titouan Parcollet
ByMHvs0cFQ,2019,Mirco Ravanelli
ByMHvs0cFQ,2019,Mohamed Morchid
ByMHvs0cFQ,2019,Georges Linarès
ByMHvs0cFQ,2019,Chiheb Trabelsi
ByMHvs0cFQ,2019,Renato De Mori
ByMHvs0cFQ,2019,Yoshua Bengio
ByME42AqK7,2019,Thomas Elsken
ByME42AqK7,2019,Jan Hendrik Metzen
ByME42AqK7,2019,Frank Hutter
ByGuynAct7,2019,Andrei Atanov
ByGuynAct7,2019,Arsenii Ashukha
ByGuynAct7,2019,Kirill Struminsky
ByGuynAct7,2019,Dmitriy Vetrov
ByGuynAct7,2019,Max Welling
ByGq7hRqKX,2019,Devendra Singh Chaplot
ByGq7hRqKX,2019,Lisa Lee
ByGq7hRqKX,2019,Ruslan Salakhutdinov
ByGq7hRqKX,2019,Devi Parikh
ByGq7hRqKX,2019,Dhruv Batra
ByG_3s09KX,2019,Pablo Samuel Castro
ByG_3s09KX,2019,Subhodeep Moitra
ByG_3s09KX,2019,Carles Gelada
ByG_3s09KX,2019,Saurabh Kumar
ByG_3s09KX,2019,Marc G. Bellemare
ByGVui0ctm,2019,Gido M. van de Ven
ByGVui0ctm,2019,Andreas S. Tolias
ByGUFsAqYm,2019,Adityanarayanan Radhakrishnan
ByGUFsAqYm,2019,Caroline Uhler
ByGUFsAqYm,2019,Mikhail Belkin
ByGOuo0cYm,2019,Doyen Sahoo
ByGOuo0cYm,2019,Hung Le
ByGOuo0cYm,2019,Chenghao Liu
ByGOuo0cYm,2019,Steven C. H. Hoi
ByEtPiAcY7,2019,Simon Odense
ByEtPiAcY7,2019,Artur d'Avila Garcez
By41BjA9YQ,2019,Stanley J. Osher
By41BjA9YQ,2019,Bao Wang
By41BjA9YQ,2019,Penghang Yin
By41BjA9YQ,2019,Xiyang Luo
By41BjA9YQ,2019,Minh Pham
By41BjA9YQ,2019,Alex T. Lin
By40DoAqtX,2019,Pingbo Pan
By40DoAqtX,2019,Yan Yan
By40DoAqtX,2019,Tianbao Yang
By40DoAqtX,2019,Yi Yang
BkzeUiRcY7,2019,Tianmin Shu
BkzeUiRcY7,2019,Yuandong Tian
BkxkH30cFm,2019,Guangxiang Zhu
BkxkH30cFm,2019,Jianhao Wang
BkxkH30cFm,2019,ZhiZhou Ren
BkxkH30cFm,2019,Chongjie Zhang
BkxgbhCqtQ,2019,Bastiaan S. Veeling
BkxgbhCqtQ,2019,Rianne van den Berg
BkxgbhCqtQ,2019,Max Welling
Bkxdqj0cFQ,2019,Oliver Goldstein
Bkxbrn0cYX,2019,Rahaf Aljundi
Bkxbrn0cYX,2019,Marcus Rohrbach
Bkxbrn0cYX,2019,Tinne Tuytelaars
Bkx_Dj09tQ,2019,Jumpei Ukita
BkxWJnC9tX,2019,Prajit Ramachandran
BkxWJnC9tX,2019,Quoc V. Le
BkxSHsC5FQ,2019,Yu Li
BkxSHsC5FQ,2019,Zhongxiao Li
BkxSHsC5FQ,2019,Lizhong Ding
BkxSHsC5FQ,2019,Yijie Pan
BkxSHsC5FQ,2019,Chao Huang
BkxSHsC5FQ,2019,Yuhui Hu
BkxSHsC5FQ,2019,Wei Chen
BkxSHsC5FQ,2019,Xin Gao
BkxAUjRqY7,2019,Yajie Bao
BkxAUjRqY7,2019,Yang Li
BkxAUjRqY7,2019,Shao-Lun Huang
BkxAUjRqY7,2019,Lin Zhang
BkxAUjRqY7,2019,Amir R. Zamir
BkxAUjRqY7,2019,Leonidas J. Guibas
Bkx8OiRcYX,2019,Anand Avati
Bkx8OiRcYX,2019,Tony Duan
Bkx8OiRcYX,2019,Sharon Zhou
Bkx8OiRcYX,2019,Kenneth Jung
Bkx8OiRcYX,2019,Nigam Shah
Bkx8OiRcYX,2019,Andrew Ng
Bkx0RjA9tX,2019,Mike Lewis
Bkx0RjA9tX,2019,Angela Fan
Bklzkh0qFm,2019,Dan Busbridge
Bklzkh0qFm,2019,Dane Sherburn
Bklzkh0qFm,2019,Pietro Cavallo
Bklzkh0qFm,2019,Nils Y. Hammerla
BkltNhC9FX,2019,Shiv Shankar
BkltNhC9FX,2019,Sunita Sarawagi
Bklr3j0cKX,2019,R Devon Hjelm
Bklr3j0cKX,2019,Alex Fedorov
Bklr3j0cKX,2019,Samuel Lavoie-Marchildon
Bklr3j0cKX,2019,Karan Grewal
Bklr3j0cKX,2019,Phil Bachman
Bklr3j0cKX,2019,Adam Trischler
Bklr3j0cKX,2019,Yoshua Bengio
BklpOo09tQ,2019,Ting-Jui Chang
BklpOo09tQ,2019,Yukun He
BklpOo09tQ,2019,Peng Li
BkloRs0qK7,2019,B. Pfülb
BkloRs0qK7,2019,A. Gepperth
BklhAj09K7,2019,Kihyuk Sohn
BklhAj09K7,2019,Wenling Shang
BklhAj09K7,2019,Xiang Yu
BklhAj09K7,2019,Manmohan Chandraker
Bklfsi0cKm,2019,Adrià Garriga-Alonso
Bklfsi0cKm,2019,Carl Edward Rasmussen
Bklfsi0cKm,2019,Laurence Aitchison
BklUAoAcY7,2019,Siddhartha Brahma
BklMjsRqY7,2019,Charbel Sakr
BklMjsRqY7,2019,Naigang Wang
BklMjsRqY7,2019,Chia-Yu Chen
BklMjsRqY7,2019,Jungwook Choi
BklMjsRqY7,2019,Ankur Agrawal
BklMjsRqY7,2019,Naresh Shanbhag
BklMjsRqY7,2019,Kailash Gopalakrishnan
BklMYjC9FQ,2019,Goncalo Mordido
BklMYjC9FQ,2019,Haojin Yang
BklMYjC9FQ,2019,Christoph Meinel
BklKFo09YX,2019,Łukasz Maziarka
BklKFo09YX,2019,Agnieszka Pocha
BklKFo09YX,2019,Jan Kaczmarczyk
BklKFo09YX,2019,Michał Warchoł
BklHpjCqKm,2019,Michael Lutter
BklHpjCqKm,2019,Christian Ritter
BklHpjCqKm,2019,Jan Peters
BklCusRct7,2019,Eirikur Agustsson
BklCusRct7,2019,Alexander Sage
BklCusRct7,2019,Radu Timofte
BklCusRct7,2019,Luc Van Gool
BklAEsR5t7,2019,Eran Goldman
BklAEsR5t7,2019,Jacob Goldberger
BklACjAqFm,2019,David Janz
BklACjAqFm,2019,Jiri Hron
BklACjAqFm,2019,José Miguel Hernández-Lobato
BklACjAqFm,2019,Katja Hofmann
BklACjAqFm,2019,Sebastian Tschiatschek
Bkl87h09FX,2019,Samuel R. Bowman
Bkl87h09FX,2019,Ellie Pavlick
Bkl87h09FX,2019,Edouard Grave
Bkl87h09FX,2019,Benjamin Van Durme
Bkl87h09FX,2019,Alex Wang
Bkl87h09FX,2019,Jan Hula
Bkl87h09FX,2019,Patrick Xia
Bkl87h09FX,2019,Raghavendra Pappagari
Bkl87h09FX,2019,R. Thomas McCoy
Bkl87h09FX,2019,Roma Patel
Bkl87h09FX,2019,Najoung Kim
Bkl87h09FX,2019,Ian Tenney
Bkl87h09FX,2019,Yinghui Huang
Bkl87h09FX,2019,Katherin Yu
Bkl87h09FX,2019,Shuning Jin
Bkl87h09FX,2019,Berlin Chen
Bkl2SjCcKQ,2019,Rafael Valle
Bkl2SjCcKQ,2019,Wilson Cai
Bkl2SjCcKQ,2019,Anish P. Doshi
Bkl-43C9FQ,2019,Chiyu Max Jiang
Bkl-43C9FQ,2019,Jingwei Huang
Bkl-43C9FQ,2019,Karthik Kashinath
Bkl-43C9FQ,2019,Prabhat
Bkl-43C9FQ,2019,Philip Marcus
Bkl-43C9FQ,2019,Matthias Niessner
BkgzniCqY7,2019,Kaidi Xu
BkgzniCqY7,2019,Sijia Liu
BkgzniCqY7,2019,Pu Zhao
BkgzniCqY7,2019,Pin-Yu Chen
BkgzniCqY7,2019,Huan Zhang
BkgzniCqY7,2019,Quanfu Fan
BkgzniCqY7,2019,Deniz Erdogmus
BkgzniCqY7,2019,Yanzhi Wang
BkgzniCqY7,2019,Xue Lin
BkgtDsCcKQ,2019,Ziyu Wang
BkgtDsCcKQ,2019,Tongzheng Ren
BkgtDsCcKQ,2019,Jun Zhu
BkgtDsCcKQ,2019,Bo Zhang
BkgosiRcKm,2019,Roman Föll
BkgosiRcKm,2019,Bernard Haasdonk
BkgosiRcKm,2019,Markus Hanselmann
BkgosiRcKm,2019,Holger Ulmer
BkgiM20cYX,2019,Hsin-Wei Yu
BkgiM20cYX,2019,Po-Yu Wu
BkgiM20cYX,2019,Chih-An Tsao
BkgiM20cYX,2019,You-An Shen
BkgiM20cYX,2019,Shih-Hsuan Lin
BkgiM20cYX,2019,Zhang-Wei Hong
BkgiM20cYX,2019,Yi-Hsiang Chang
BkgiM20cYX,2019,Chun-Yi Lee
BkgYIiAcFQ,2019,Nicholas I.H. Kuo
BkgYIiAcFQ,2019,Mehrtash T. Harandi
BkgYIiAcFQ,2019,Hanna Suominen
BkgYIiAcFQ,2019,Nicolas Fourrier
BkgYIiAcFQ,2019,Christian Walder
BkgYIiAcFQ,2019,Gabriela Ferraro
BkgWHnR5tm,2019,Tingwu Wang
BkgWHnR5tm,2019,Yuhao Zhou
BkgWHnR5tm,2019,Sanja Fidler
BkgWHnR5tm,2019,Jimmy Ba
BkgVx3A9Km,2019,Ehsan Amid
BkgVx3A9Km,2019,Manfred K. Warmuth
BkgPajAcY7,2019,John Wieting
BkgPajAcY7,2019,Douwe Kiela
BkgGmh09FQ,2019,Royson Lee
BkgGmh09FQ,2019,Nic Lane
BkgGmh09FQ,2019,Marko Stankovic
BkgGmh09FQ,2019,Sourav Bhattacharya
BkgFqiAqFX,2019,Surbhi Goel
BkgFqiAqFX,2019,Rina Panigrahy
BkgBvsC9FQ,2019,Xiaodong Gu
BkgBvsC9FQ,2019,Kyunghyun Cho
BkgBvsC9FQ,2019,Jung-Woo Ha
BkgBvsC9FQ,2019,Sunghun Kim
Bkg93jC5YX,2019,Barun Patra
Bkg93jC5YX,2019,Joel Ruben Antony Moniz
Bkg93jC5YX,2019,Sarthak Garg
Bkg93jC5YX,2019,Matthew R Gormley
Bkg93jC5YX,2019,Graham Neubig
Bkg8jjC9KQ,2019,Panayotis Mertikopoulos
Bkg8jjC9KQ,2019,Bruno Lecouat
Bkg8jjC9KQ,2019,Houssam Zenati
Bkg8jjC9KQ,2019,Chuan-Sheng Foo
Bkg8jjC9KQ,2019,Vijay Chandrasekhar
Bkg8jjC9KQ,2019,Georgios Piliouras
Bkg6RiCqY7,2019,Ilya Loshchilov
Bkg6RiCqY7,2019,Frank Hutter
Bkg5aoAqKm,2019,Shulong Tan
Bkg5aoAqKm,2019,Zhixin Zhou
Bkg5aoAqKm,2019,Zhaozhuo Xu
Bkg5aoAqKm,2019,Ping Li
Bkg3g2R9FX,2019,Liangchen Luo
Bkg3g2R9FX,2019,Yuanhao Xiong
Bkg3g2R9FX,2019,Yan Liu
Bkg3g2R9FX,2019,Xu Sun
Bkg2viA5FQ,2019,Paulo Rauber
Bkg2viA5FQ,2019,Avinash Ummadisingu
Bkg2viA5FQ,2019,Filipe Mutz
Bkg2viA5FQ,2019,Jürgen Schmidhuber
BkfxKj09Km,2019,Artur Souza
BkfxKj09Km,2019,Leonardo B. Oliveira
BkfxKj09Km,2019,Sabine Hollatz
BkfxKj09Km,2019,Matt Feldman
BkfxKj09Km,2019,Kunle Olukotun
BkfxKj09Km,2019,James M. Holton
BkfxKj09Km,2019,Aina E. Cohen
BkfxKj09Km,2019,Luigi Nardi
BkfhZnC9t7,2019,Xinjian Li
BkfhZnC9t7,2019,Siddharth Dalmia
BkfhZnC9t7,2019,David R. Mortensen
BkfhZnC9t7,2019,Florian Metze
BkfhZnC9t7,2019,Alan W Black
BkfbpsAcF7,2019,Joern-Henrik Jacobsen
BkfbpsAcF7,2019,Jens Behrmann
BkfbpsAcF7,2019,Richard Zemel
BkfbpsAcF7,2019,Matthias Bethge
BkfPnoActQ,2019,Tobias Pohlen
BkfPnoActQ,2019,Bilal Piot
BkfPnoActQ,2019,Todd Hester
BkfPnoActQ,2019,Mohammad Gheshlaghi Azar
BkfPnoActQ,2019,Dan Horgan
BkfPnoActQ,2019,David Budden
BkfPnoActQ,2019,Gabriel Barth-Maron
BkfPnoActQ,2019,Hado van Hasselt
BkfPnoActQ,2019,John Quan
BkfPnoActQ,2019,Mel Večerík
BkfPnoActQ,2019,Matteo Hessel
BkfPnoActQ,2019,Rémi Munos
BkfPnoActQ,2019,Olivier Pietquin
Bkf1tjR9KQ,2019,Guillaume Michel
Bkf1tjR9KQ,2019,Mohammed Amine Alaoui
Bkf1tjR9KQ,2019,Alice Lebois
Bkf1tjR9KQ,2019,Amal Feriani
Bkf1tjR9KQ,2019,Mehdi Felhi
BkewX2C9tX,2019,Arjun Nitin Bhagoji
BkewX2C9tX,2019,Supriyo Chakraborty
BkewX2C9tX,2019,Seraphin Calo
BkewX2C9tX,2019,Prateek Mittal
Bkeuz20cYm,2019,Hui Li
Bkeuz20cYm,2019,Kailiang Hu
Bkeuz20cYm,2019,Zhibang Ge
Bkeuz20cYm,2019,Tao Jiang
Bkeuz20cYm,2019,Yuan Qi
Bkeuz20cYm,2019,Le Song
BkesJ3R9YX,2019,Lili Meng
BkesJ3R9YX,2019,Bo Zhao
BkesJ3R9YX,2019,Bo Chang
BkesJ3R9YX,2019,Gao Huang
BkesJ3R9YX,2019,Frederick Tung
BkesJ3R9YX,2019,Leonid Sigal
BkesGnCcFX,2019,Vikas Dhiman
BkesGnCcFX,2019,Shurjo Banerjee
BkesGnCcFX,2019,Jeffrey M Siskind
BkesGnCcFX,2019,Jason J Corso
BkedznAqKQ,2019,Renjie Liao
BkedznAqKQ,2019,Zhizhen Zhao
BkedznAqKQ,2019,Raquel Urtasun
BkedznAqKQ,2019,Richard Zemel
BkedwoC5t7,2019,David McAllester
BkedwoC5t7,2019,Karl Stratos
BkeUasA5YQ,2019,Animesh Koratana*
BkeUasA5YQ,2019,Daniel Kang*
BkeUasA5YQ,2019,Peter Bailis
BkeUasA5YQ,2019,Matei Zaharia
BkeU5j0ctQ,2019,Pourchot
BkeU5j0ctQ,2019,Sigaud
BkeStsCcKQ,2019,Alessandro Achille
BkeStsCcKQ,2019,Matteo Rovere
BkeStsCcKQ,2019,Stefano Soatto
BkeK-nRcFX,2019,George Philipp
BkeK-nRcFX,2019,Jaime G. Carbonell
BkeDEoCctQ,2019,Christopher Stanton
BkeDEoCctQ,2019,Jeff Clune
Bke96sC5tm,2019,Marvin Zhang*
Bke96sC5tm,2019,Sharad Vikram*
Bke96sC5tm,2019,Laura Smith
Bke96sC5tm,2019,Pieter Abbeel
Bke96sC5tm,2019,Matthew Johnson
Bke96sC5tm,2019,Sergey Levine
Bke4KsA5FX,2019,Marc Brockschmidt
Bke4KsA5FX,2019,Miltiadis Allamanis
Bke4KsA5FX,2019,Alexander L. Gaunt
Bke4KsA5FX,2019,Oleksandr Polozov
Bke0rjR5F7,2019,Heinrich Jiang
Bke0rjR5F7,2019,Yifan Wu
Bke0rjR5F7,2019,Ofir Nachum
BkVVOi0cFX,2019,Haozhe Ji
BkVVOi0cFX,2019,Yankai Lin
BkVVOi0cFX,2019,Zhiyuan Liu
BkVVOi0cFX,2019,Maosong Sun
BkNUFjR5KQ,2019,Yiqun Duan
BkN5UoAqF7,2019,Fumihiro Sasaki
BkN5UoAqF7,2019,Tetsuya Yohira
BkN5UoAqF7,2019,Atsuo Kawaguchi
BkMq0oRqFQ,2019,Yi Liu
BkMn9jAcYQ,2019,Jason Lee
BkMn9jAcYQ,2019,Kyunghyun Cho
BkMn9jAcYQ,2019,Douwe Kiela
BkMiWhR5K7,2019,Andrew Ilyas
BkMiWhR5K7,2019,Logan Engstrom
BkMiWhR5K7,2019,Aleksander Madry
BkMXkhA5Fm,2019,Pavel Solovev
BkMXkhA5Fm,2019,Vladimir Aliev
BkMXkhA5Fm,2019,Pavel Ostyakov
BkMXkhA5Fm,2019,Gleb Sterkin
BkMXkhA5Fm,2019,Elizaveta Logacheva
BkMXkhA5Fm,2019,Stepan Troeshestov
BkMXkhA5Fm,2019,Roman Suvorov
BkMXkhA5Fm,2019,Anton Mashikhin
BkMXkhA5Fm,2019,Oleg Khomenko
BkMXkhA5Fm,2019,Sergey I. Nikolenko
BkMWx309FX,2019,Jingkang Wang
BkMWx309FX,2019,Yang Liu
BkMWx309FX,2019,Bo Li
BkGiPoC5FX,2019,Donghyeon Han
BkGiPoC5FX,2019,Hoi-jun Yoo
BkG8sjR5Km,2019,Siqi Liu
BkG8sjR5Km,2019,Guy Lever
BkG8sjR5Km,2019,Josh Merel
BkG8sjR5Km,2019,Saran Tunyasuvunakool
BkG8sjR5Km,2019,Nicolas Heess
BkG8sjR5Km,2019,Thore Graepel
BkG5SjR5YQ,2019,Makoto Yamada
BkG5SjR5YQ,2019,Denny Wu
BkG5SjR5YQ,2019,Yao-Hung Hubert Tsai
BkG5SjR5YQ,2019,Hirofumi Ohta
BkG5SjR5YQ,2019,Ruslan Salakhutdinov
BkG5SjR5YQ,2019,Ichiro Takeuchi
BkG5SjR5YQ,2019,Kenji Fukumizu
BkE8NjCqYm,2019,Eldan Cohen
BkE8NjCqYm,2019,J. Christopher Beck
BJzuKiC9KX,2019,Tuan Anh Le
BJzuKiC9KX,2019,Adam R. Kosiorek
BJzuKiC9KX,2019,N. Siddharth
BJzuKiC9KX,2019,Yee Whye Teh
BJzuKiC9KX,2019,Frank Wood
BJzmzn0ctX,2019,Pasquale Minervini
BJzmzn0ctX,2019,Matko Bosnjak
BJzmzn0ctX,2019,Tim Rocktäschel
BJzmzn0ctX,2019,Edward Grefenstette
BJzmzn0ctX,2019,Sebastian Riedel
BJzbG20cFQ,2019,Arturo Deza
BJzbG20cFQ,2019,Aditya Jonnalagadda
BJzbG20cFQ,2019,Miguel P. Eckstein
BJxvEh0cFQ,2019,Pramod Kaushik Mudrakarta
BJxvEh0cFQ,2019,Mark Sandler
BJxvEh0cFQ,2019,Andrey Zhmoginov
BJxvEh0cFQ,2019,Andrew Howard
BJxssoA5KX,2019,Senthil Purushwalkam
BJxssoA5KX,2019,Abhinav Gupta
BJxssoA5KX,2019,Danny Kaufman
BJxssoA5KX,2019,Bryan Russell
BJxmXhRcK7,2019,Xinqi Chen
BJxmXhRcK7,2019,Ming Hou
BJxmXhRcK7,2019,Guoxu Zhou
BJxmXhRcK7,2019,Qibin Zhao
BJxhijAcY7,2019,Jeremy Bernstein
BJxhijAcY7,2019,Jiawei Zhao
BJxhijAcY7,2019,Kamyar Azizzadenesheli
BJxhijAcY7,2019,Anima Anandkumar
BJxh2j0qYm,2019,Xitong Gao
BJxh2j0qYm,2019,Yiren Zhao
BJxh2j0qYm,2019,Łukasz Dudziak
BJxh2j0qYm,2019,Robert Mullins
BJxh2j0qYm,2019,Cheng-zhong Xu
BJxgz2R9t7,2019,Saeed Amizadeh
BJxgz2R9t7,2019,Sergiy Matusevych
BJxgz2R9t7,2019,Markus Weimer
BJxbYoC9FQ,2019,Konrad Zolna
BJxbYoC9FQ,2019,Krzysztof J. Geras
BJxbYoC9FQ,2019,Kyunghyun Cho
BJxYEsAqY7,2019,SeongUk Park
BJxYEsAqY7,2019,Nojun Kwak
BJxRVnC5Fm,2019,Utku Evci
BJxRVnC5Fm,2019,Nicolas Le Roux
BJxRVnC5Fm,2019,Pablo Castro
BJxRVnC5Fm,2019,Leon Bottou
BJxPk2A9Km,2019,Hyunwoo Jung
BJxPk2A9Km,2019,Moonsu Han
BJxPk2A9Km,2019,Minki Kang
BJxPk2A9Km,2019,Sungju Hwang
BJxOHs0cKm,2019,Huan Wang
BJxOHs0cKm,2019,Nitish Shirish Keskar
BJxOHs0cKm,2019,Caiming Xiong
BJxOHs0cKm,2019,Richard Socher
BJxLH2AcYX,2019,Behnam Gholami
BJxLH2AcYX,2019,Pritish Sahu
BJxLH2AcYX,2019,Ognjen (Oggi) Rudovic
BJxLH2AcYX,2019,Konstantinos Bousmalis
BJxLH2AcYX,2019,Vladimir Pavlovic
BJx9f305t7,2019,Leygonie Jacob*
BJx9f305t7,2019,Jennifer She*
BJx9f305t7,2019,Amjad Almahairi
BJx9f305t7,2019,Sai Rajeswar
BJx9f305t7,2019,Aaron Courville
BJx1SsAcYQ,2019,Jeffrey L. McKinstry
BJx1SsAcYQ,2019,Steven K. Esser
BJx1SsAcYQ,2019,Rathinakumar Appuswamy
BJx1SsAcYQ,2019,Deepika Bablani
BJx1SsAcYQ,2019,John V. Arthur
BJx1SsAcYQ,2019,Izzet B. Yildiz
BJx1SsAcYQ,2019,Dharmendra S. Modha
BJx0sjC5FX,2019,R. Thomas McCoy
BJx0sjC5FX,2019,Tal Linzen
BJx0sjC5FX,2019,Ewan Dunbar
BJx0sjC5FX,2019,Paul Smolensky
BJlyznAcFm,2019,Ian Fox
BJlyznAcFm,2019,Jenna Wiens
BJlxm30cKm,2019,Mariya Toneva*
BJlxm30cKm,2019,Alessandro Sordoni*
BJlxm30cKm,2019,Remi Tachet des Combes*
BJlxm30cKm,2019,Adam Trischler
BJlxm30cKm,2019,Yoshua Bengio
BJlxm30cKm,2019,Geoffrey J. Gordon
BJluy2RcFm,2019,Ryan L. Murphy
BJluy2RcFm,2019,Balasubramaniam Srinivasan
BJluy2RcFm,2019,Vinayak Rao
BJluy2RcFm,2019,Bruno Ribeiro
BJlpCsC5Km,2019,Nicholas Rhinehart
BJlpCsC5Km,2019,Anqi Liu
BJlpCsC5Km,2019,Kihyuk Sohn
BJlpCsC5Km,2019,Paul Vernaza
BJll6o09tm,2019,Jinghui Chen
BJll6o09tm,2019,Quanquan Gu
BJlgNh0qKQ,2019,Caio Corro
BJlgNh0qKQ,2019,Ivan Titov
BJleciCcKQ,2019,Wonyong Sung
BJleciCcKQ,2019,Lukas Lee
BJleciCcKQ,2019,Jinwhan Park
BJlc6iA5YX,2019,Jisung Hwang
BJlc6iA5YX,2019,Younghoon Kim
BJlc6iA5YX,2019,Sanghyuk Chun
BJlc6iA5YX,2019,Jaejun Yoo
BJlc6iA5YX,2019,Ji-Hoon Kim
BJlc6iA5YX,2019,Dongyoon Han
BJlc6iA5YX,2019,Jung-Woo Ha
BJl_VnR9Km,2019,Jielin Qiu
BJl_VnR9Km,2019,Ge Huang
BJl_VnR9Km,2019,Tai Sing Lee
BJlXUsR5KQ,2019,Giuseppe Marra
BJlXUsR5KQ,2019,Dario Zanca
BJlXUsR5KQ,2019,Alessandro Betti
BJlXUsR5KQ,2019,Marco Gori
BJlVhsA5KX,2019,Chiu Man Ho
BJlVhsA5KX,2019,Dae Hoon Park
BJlVhsA5KX,2019,Wei Yang
BJlVhsA5KX,2019,Yi Chang
BJlSHsAcK7,2019,Shixian Wen
BJlSHsAcK7,2019,Laurent Itti
BJlMcjC5K7,2019,Davide Nunes
BJlMcjC5K7,2019,Luis Antunes
BJl6TjRcY7,2019,Josh Merel
BJl6TjRcY7,2019,Leonard Hasenclever
BJl6TjRcY7,2019,Alexandre Galashov
BJl6TjRcY7,2019,Arun Ahuja
BJl6TjRcY7,2019,Vu Pham
BJl6TjRcY7,2019,Greg Wayne
BJl6TjRcY7,2019,Yee Whye Teh
BJl6TjRcY7,2019,Nicolas Heess
BJl6AjC5F7,2019,Pengcheng Yin
BJl6AjC5F7,2019,Graham Neubig
BJl6AjC5F7,2019,Miltiadis Allamanis
BJl6AjC5F7,2019,Marc Brockschmidt
BJl6AjC5F7,2019,Alexander L. Gaunt
BJl65sA9tm,2019,Voot Tangkaratt
BJl65sA9tm,2019,Masashi Sugiyama
BJl4f2A5tQ,2019,Kamyar Azizzadenesheli
BJl4f2A5tQ,2019,Brandon Yang
BJl4f2A5tQ,2019,Weitang Liu
BJl4f2A5tQ,2019,Emma Brunskill
BJl4f2A5tQ,2019,Zachary Lipton
BJl4f2A5tQ,2019,Animashree Anandkumar
BJgy-n0cK7,2019,Samvit Jain
BJgy-n0cK7,2019,Joseph Gonzalez
BJgvg30ctX,2019,Tianchen Zhao
BJgvg30ctX,2019,Dejiao Zhang
BJgvg30ctX,2019,Zeyu Sun
BJgvg30ctX,2019,Honglak Lee
BJgsN3R9Km,2019,Samyam Rajbhandari
BJgsN3R9Km,2019,Harsh Shrivastava
BJgsN3R9Km,2019,Yuxiong He
BJgqqsAct7,2019,Wenda Zhou
BJgqqsAct7,2019,Victor Veitch
BJgqqsAct7,2019,Morgane Austern
BJgqqsAct7,2019,Ryan P. Adams
BJgqqsAct7,2019,Peter Orbanz
BJgolhR9Km,2019,Luca de Alfaro
BJgnmhA5KQ,2019,Tianxiao Shen
BJgnmhA5KQ,2019,Myle Ott
BJgnmhA5KQ,2019,Michael Auli
BJgnmhA5KQ,2019,Marc’Aurelio Ranzato
BJgklhAcK7,2019,Andrei A. Rusu
BJgklhAcK7,2019,Dushyant Rao
BJgklhAcK7,2019,Jakub Sygnowski
BJgklhAcK7,2019,Oriol Vinyals
BJgklhAcK7,2019,Razvan Pascanu
BJgklhAcK7,2019,Simon Osindero
BJgklhAcK7,2019,Raia Hadsell
BJgbzhC5Ym,2019,Kristy Choi
BJgbzhC5Ym,2019,Kedar Tatwawadi
BJgbzhC5Ym,2019,Tsachy Weissman
BJgbzhC5Ym,2019,Stefano Ermon
BJg_roAcK7,2019,Jinsung Yoon
BJg_roAcK7,2019,James Jordon
BJg_roAcK7,2019,Mihaela van der Schaar
BJgYl205tQ,2019,Sukarna Barua
BJgYl205tQ,2019,Xingjun Ma
BJgYl205tQ,2019,Sarah Monazam Erfani
BJgYl205tQ,2019,Michael Houle
BJgYl205tQ,2019,James Bailey
BJgTZ3C5FX,2019,Akihiro Iohara
BJgTZ3C5FX,2019,Takahito Ogawa
BJgTZ3C5FX,2019,Toshiyuki Tanaka
BJgRDjR9tQ,2019,Chao GAO
BJgRDjR9tQ,2019,jiyi LIU
BJgRDjR9tQ,2019,Yuan YAO
BJgRDjR9tQ,2019,Weizhi ZHU
BJgQB20qFQ,2019,Xinyun Chen
BJgQB20qFQ,2019,Yuandong Tian
BJgLg3R9KQ,2019,Drew Linsley
BJgLg3R9KQ,2019,Dan Shiebler
BJgLg3R9KQ,2019,Sven Eberhardt
BJgLg3R9KQ,2019,Thomas Serre
BJgK6iA5KX,2019,Haowen Xu
BJgK6iA5KX,2019,Hao Zhang
BJgK6iA5KX,2019,Zhiting Hu
BJgK6iA5KX,2019,Xiaodan Liang
BJgK6iA5KX,2019,Ruslan Salakhutdinov
BJgK6iA5KX,2019,Eric Xing
BJgGhiR5KX,2019,Muthuraman Chidambaram
BJgGhiR5KX,2019,Yinfei Yang
BJgGhiR5KX,2019,Daniel Cer
BJgGhiR5KX,2019,Steve Yuan
BJgGhiR5KX,2019,Yun-Hsuan Sung
BJgGhiR5KX,2019,Brian Strope
BJgGhiR5KX,2019,Ray Kurzweil
BJgEjiRqYX,2019,Sjoerd van Steenkiste
BJgEjiRqYX,2019,Karol Kurach
BJgEjiRqYX,2019,Sylvain Gelly
BJg9DoR9t7,2019,Peng Cao*
BJg9DoR9t7,2019,Yilun Xu*
BJg9DoR9t7,2019,Yuqing Kong
BJg9DoR9t7,2019,Yizhou  Wang
BJg4Z3RqF7,2019,Arthur Pajot
BJg4Z3RqF7,2019,Emmanuel de Bezenac
BJg4Z3RqF7,2019,Patrick Gallinari
BJfvknCqFQ,2019,Logan Engstrom
BJfvknCqFQ,2019,Brandon Tran
BJfvknCqFQ,2019,Dimitris Tsipras
BJfvknCqFQ,2019,Ludwig Schmidt
BJfvknCqFQ,2019,Aleksander Madry
BJfvAoC9YQ,2019,Hariharan Ravishankar
BJfvAoC9YQ,2019,Rahul Venkataramani
BJfvAoC9YQ,2019,Saihareesh Anamandra
BJfvAoC9YQ,2019,Prasad Sudhakar
BJfguoAcFm,2019,Hadi Ghauch
BJfguoAcFm,2019,Hossein S. Ghadikolaei
BJfguoAcFm,2019,Mikael Skoglund
BJfguoAcFm,2019,Carlo Fischione
BJf_YjCqYX,2019,Daniel McDuff
BJf_YjCqYX,2019,Roger Cheng
BJf_YjCqYX,2019,Ashish Kapoor
BJfYvo09Y7,2019,Josh Merel
BJfYvo09Y7,2019,Arun Ahuja
BJfYvo09Y7,2019,Vu Pham
BJfYvo09Y7,2019,Saran Tunyasuvunakool
BJfYvo09Y7,2019,Siqi Liu
BJfYvo09Y7,2019,Dhruva Tirumala
BJfYvo09Y7,2019,Nicolas Heess
BJfYvo09Y7,2019,Greg Wayne
BJfRpoA9YX,2019,Antonia Creswell
BJfRpoA9YX,2019,Yumnah Mohamied
BJfRpoA9YX,2019,Biswa Sengupta
BJfRpoA9YX,2019,Anil Bharath
BJfOXnActQ,2019,Xiang Jiang
BJfOXnActQ,2019,Mohammad Havaei
BJfOXnActQ,2019,Farshid Varno
BJfOXnActQ,2019,Gabriel Chartrand
BJfOXnActQ,2019,Nicolas Chapados
BJfOXnActQ,2019,Stan Matwin
BJfIVjAcKm,2019,Kai Y. Xiao
BJfIVjAcKm,2019,Vincent Tjeng
BJfIVjAcKm,2019,Nur Muhammad (Mahi) Shafiullah
BJfIVjAcKm,2019,Aleksander Madry
BJesDsA9t7,2019,Sicong Liu
BJesDsA9t7,2019,Anshumali Shrivastava
BJesDsA9t7,2019,Junzhao Du
BJesDsA9t7,2019,Lin Zhong
BJemQ209FQ,2019,Izzeddin Gur
BJemQ209FQ,2019,Ulrich Rueckert
BJemQ209FQ,2019,Aleksandra Faust
BJemQ209FQ,2019,Dilek Hakkani-Tur
BJej72AqF7,2019,Zichao Wang
BJej72AqF7,2019,Randall Balestriero
BJej72AqF7,2019,Richard Baraniuk
BJeem3C9F7,2019,Sai Rajeswar
BJeem3C9F7,2019,Fahim Mannan
BJeem3C9F7,2019,Florian Golemo
BJeem3C9F7,2019,David Vazquez
BJeem3C9F7,2019,Derek Nowrouzezahrai
BJeem3C9F7,2019,Aaron Courville
BJeapjA5FX,2019,Robert M. Taylor
BJeapjA5FX,2019,Yusong Tan
BJeY6sR9KX,2019,Jonas Kubilius
BJeY6sR9KX,2019,Martin Schrimpf
BJeY6sR9KX,2019,Ha Hong
BJeY6sR9KX,2019,Najib J. Majaj
BJeY6sR9KX,2019,Rishi Rajalingham
BJeY6sR9KX,2019,Elias B. Issa
BJeY6sR9KX,2019,Kohitij Kar
BJeY6sR9KX,2019,Pouya Bashivan
BJeY6sR9KX,2019,Jonathan Prescott-Roy
BJeY6sR9KX,2019,Kailyn Schmidt
BJeY6sR9KX,2019,Aran Nayebi
BJeY6sR9KX,2019,Daniel Bear
BJeY6sR9KX,2019,Daniel L. K. Yamins
BJeY6sR9KX,2019,James J. DiCarlo
BJeWUs05KQ,2019,Mohit Sharma
BJeWUs05KQ,2019,Arjun Sharma
BJeWUs05KQ,2019,Nicholas Rhinehart
BJeWUs05KQ,2019,Kris M. Kitani
BJeWOi09FQ,2019,Cosmin I. Bercea
BJeWOi09FQ,2019,Olivier Pauly
BJeWOi09FQ,2019,Andreas K. Maier
BJeWOi09FQ,2019,Florin C. Ghesu
BJeRg205Fm,2019,Peter Sadowski
BJeRg205Fm,2019,Pierre Baldi
BJeOioA9Y7,2019,Iou-Jen Liu
BJeOioA9Y7,2019,Jian Peng
BJeOioA9Y7,2019,Alexander Schwing
BJe1hsCcYQ,2019,Marc T Law
BJe1hsCcYQ,2019,Jake Snell
BJe1hsCcYQ,2019,Richard S Zemel
BJe1E2R5KX,2019,Yuping Luo
BJe1E2R5KX,2019,Huazhe Xu
BJe1E2R5KX,2019,Yuanzhi Li
BJe1E2R5KX,2019,Yuandong Tian
BJe1E2R5KX,2019,Trevor Darrell
BJe1E2R5KX,2019,Tengyu Ma
BJe0Gn0cY7,2019,Ali Razavi
BJe0Gn0cY7,2019,Aaron van den Oord
BJe0Gn0cY7,2019,Ben Poole
BJe0Gn0cY7,2019,Oriol Vinyals
BJe-Sn0ctm,2019,Jakub Bednarek
BJe-Sn0ctm,2019,Karol Piaskowski
BJe-Sn0ctm,2019,Krzysztof Krawiec
BJe-DsC5Fm,2019,Sijia Liu
BJe-DsC5Fm,2019,Pin-Yu Chen
BJe-DsC5Fm,2019,Xiangyi Chen
BJe-DsC5Fm,2019,Mingyi Hong
BJWfW2C9Y7,2019,Jun Li
BJWfW2C9Y7,2019,Hongfu Liu
BJWfW2C9Y7,2019,Bineng Zhong
BJWfW2C9Y7,2019,Yue Wu
BJWfW2C9Y7,2019,Yun Fu
BJMvBjC5YQ,2019,Jianwei Feng
BJMvBjC5YQ,2019,Dong Huang
BJGjOi09t7,2019,Steven Squires
BJGjOi09t7,2019,Adam Prugel-Bennett
BJGjOi09t7,2019,Mahesan Niranjan
BJGfCjA5FX,2019,Aibek Alanov
BJGfCjA5FX,2019,Max Kochurov
BJGfCjA5FX,2019,Daniil Yashkov
BJGfCjA5FX,2019,Dmitry Vetrov
BJG__i0qF7,2019,Tiago Ramalho
BJG__i0qF7,2019,Tomas Kocisky‎
BJG__i0qF7,2019,Frederic Besse
BJG__i0qF7,2019,S. M. Ali Eslami
BJG__i0qF7,2019,Gabor Melis
BJG__i0qF7,2019,Fabio Viola
BJG__i0qF7,2019,Phil Blunsom
BJG__i0qF7,2019,Karl Moritz Hermann
BJGVX3CqYm,2019,Bichen Wu
BJGVX3CqYm,2019,Yanghan Wang
BJGVX3CqYm,2019,Peizhao Zhang
BJGVX3CqYm,2019,Yuandong Tian
BJGVX3CqYm,2019,Peter Vajda
BJGVX3CqYm,2019,Kurt Keutzer
BJG0voC9YQ,2019,Lars Buesing
BJG0voC9YQ,2019,Theophane Weber
BJG0voC9YQ,2019,Yori Zwols
BJG0voC9YQ,2019,Nicolas Heess
BJG0voC9YQ,2019,Sebastien Racaniere
BJG0voC9YQ,2019,Arthur Guez
BJG0voC9YQ,2019,Jean-Baptiste Lespiau
BJEOOsCqKm,2019,Michael Grunwald
BJEOOsCqKm,2019,Matthias Hermann
BJEOOsCqKm,2019,Fabian Freiberg
BJEOOsCqKm,2019,Matthias O. Franz
BJ4BVhRcYX,2019,Zhuwei Qin
BJ4BVhRcYX,2019,Fuxun Yu
BJ4BVhRcYX,2019,Chenchen Liu
BJ4BVhRcYX,2019,Xiang Chen
BJ4AFsRcFQ,2019,Minseong Kim
BJ4AFsRcFQ,2019,Hyun-Chul Choi
B1zMDjAqKQ,2019,Pablo Barros
B1zMDjAqKQ,2019,German I. Parisi
B1zMDjAqKQ,2019,Manfred Eppe
B1zMDjAqKQ,2019,Stefan Wermter
B1xsqj09Fm,2019,Andrew Brock
B1xsqj09Fm,2019,Jeff Donahue
B1xsqj09Fm,2019,Karen Simonyan
B1xnPsA5KX,2019,Zhenwen Dai
B1xnPsA5KX,2019,Eric Meissner
B1xnPsA5KX,2019,Neil D. Lawrence
B1xhQhRcK7,2019,Jonathan Uesato*
B1xhQhRcK7,2019,Ananya Kumar*
B1xhQhRcK7,2019,Csaba Szepesvari*
B1xhQhRcK7,2019,Tom Erez
B1xhQhRcK7,2019,Avraham Ruderman
B1xhQhRcK7,2019,Keith Anderson
B1xhQhRcK7,2019,Krishnamurthy (Dj) Dvijotham
B1xhQhRcK7,2019,Nicolas Heess
B1xhQhRcK7,2019,Pushmeet Kohli
B1xf9jAqFQ,2019,Christian Hansen
B1xf9jAqFQ,2019,Casper Hansen
B1xf9jAqFQ,2019,Stephen Alstrup
B1xf9jAqFQ,2019,Jakob Grue Simonsen
B1xf9jAqFQ,2019,Christina Lioma
B1xeyhCctQ,2019,Shengjie Wang
B1xeyhCctQ,2019,Tianyi Zhou
B1xeyhCctQ,2019,Jeff Bilmes
B1xY-hRctX,2019,Honghua Dong
B1xY-hRctX,2019,Jiayuan Mao
B1xY-hRctX,2019,Tian Lin
B1xY-hRctX,2019,Chong Wang
B1xY-hRctX,2019,Lihong Li
B1xY-hRctX,2019,Denny Zhou
B1xWcj0qYm,2019,Nan Lu
B1xWcj0qYm,2019,Gang Niu
B1xWcj0qYm,2019,Aditya Krishna Menon
B1xWcj0qYm,2019,Masashi Sugiyama
B1xVTjCqKQ,2019,Ali Mousavi
B1xVTjCqKQ,2019,Gautam Dasarathy
B1xVTjCqKQ,2019,Richard G. Baraniuk
B1xU4nAqK7,2019,Kurtland Chua
B1xU4nAqK7,2019,Rowan McAllister
B1xU4nAqK7,2019,Roberto Calandra
B1xU4nAqK7,2019,Sergey Levine
B1xOYoA5tQ,2019,Donghyun Kim
B1xOYoA5tQ,2019,Sarah Adel Bargal
B1xOYoA5tQ,2019,Jianming Zhang
B1xOYoA5tQ,2019,Stan Sclaroff
B1xJAsA5F7,2019,Wengong Jin
B1xJAsA5F7,2019,Kevin Yang
B1xJAsA5F7,2019,Regina Barzilay
B1xJAsA5F7,2019,Tommi Jaakkola
B1xFxh0cKX,2019,Niru Maheswaranathan
B1xFxh0cKX,2019,Luke Metz
B1xFxh0cKX,2019,George Tucker
B1xFxh0cKX,2019,Dami Choi
B1xFxh0cKX,2019,Jascha Sohl-Dickstein
B1xFhiC9Y7,2019,Yi-Hsuan Tsai
B1xFhiC9Y7,2019,Kihyuk Sohn
B1xFhiC9Y7,2019,Samuel Schulter
B1xFhiC9Y7,2019,Manmohan Chandraker
B1xFVhActm,2019,Viresh Ranjan
B1xFVhActm,2019,Heeyoung Kwon
B1xFVhActm,2019,Niranjan Balasubramanian
B1xFVhActm,2019,Minh Hoai
B1x9siCcYQ,2019,Swati Rallapalli
B1x9siCcYQ,2019,Liang Ma
B1x9siCcYQ,2019,Mudhakar Srivatsa
B1x9siCcYQ,2019,Ananthram Swami
B1x9siCcYQ,2019,Heesung Kwon
B1x9siCcYQ,2019,Graham Bent
B1x9siCcYQ,2019,Christopher Simpkin
B1x5KiCcFX,2019,Masaaki Imaizumi
B1x5KiCcFX,2019,Kenji Fukumizu
B1x33sC9KQ,2019,Ron Banner
B1x33sC9KQ,2019,Yury Nahshan
B1x33sC9KQ,2019,Elad Hoffer
B1x33sC9KQ,2019,Daniel Soudry
B1x0enCcK7,2019,Mihai Andries
B1x0enCcK7,2019,Atabak Dehban
B1x0enCcK7,2019,Jose Santos-Victor
B1x-LjAcKX,2019,Hojung Lee
B1x-LjAcKX,2019,Jong-Seok Lee
B1lz-3Rct7,2019,Guodong Zhang
B1lz-3Rct7,2019,Chaoqi Wang
B1lz-3Rct7,2019,Bowen Xu
B1lz-3Rct7,2019,Roger Grosse
B1lxH20qtX,2019,Deepak Pathak
B1lxH20qtX,2019,Chris Lu
B1lxH20qtX,2019,Trevor Darrell
B1lxH20qtX,2019,Philip Isola
B1lxH20qtX,2019,Alexei A. Efros
B1lx42A9Ym,2019,Nhat Ho
B1lx42A9Ym,2019,Tan Nguyen
B1lx42A9Ym,2019,Ankit B. Patel
B1lx42A9Ym,2019,Anima Anandkumar
B1lx42A9Ym,2019,Michael I. Jordan
B1lx42A9Ym,2019,Richard G. Baraniuk
B1lwSsC5KX,2019,Alexandre Sablayrolles
B1lwSsC5KX,2019,Matthijs Douze
B1lwSsC5KX,2019,Cordelia Schmid
B1lwSsC5KX,2019,Hervé Jégou
B1lnzn0ctQ,2019,Jialin Liu
B1lnzn0ctQ,2019,Xiaohan Chen
B1lnzn0ctQ,2019,Zhangyang Wang
B1lnzn0ctQ,2019,Wotao Yin
B1lnjo05Km,2019,Alexander Tong
B1lnjo05Km,2019,David van Dijk
B1lnjo05Km,2019,Jay Stanley
B1lnjo05Km,2019,Guy Wolf
B1lnjo05Km,2019,Smita Krishnaswamy
B1lfHhR9tm,2019,Bryan McCann
B1lfHhR9tm,2019,Nitish Shirish Keskar
B1lfHhR9tm,2019,Caiming Xiong
B1lfHhR9tm,2019,Richard Socher
B1lXGnRctX,2019,Mayur Mudigonda
B1lXGnRctX,2019,Blake Tickell
B1lXGnRctX,2019,Pulkit Agrawal
B1lKtjA9FQ,2019,Konrad Groh
B1lKS2AqtX,2019,Yunbo Wang
B1lKS2AqtX,2019,Lu Jiang
B1lKS2AqtX,2019,Ming-Hsuan Yang
B1lKS2AqtX,2019,Li-Jia Li
B1lKS2AqtX,2019,Mingsheng Long
B1lKS2AqtX,2019,Li Fei-Fei
B1lG42C9Km,2019,Natasha Jaques
B1lG42C9Km,2019,Angeliki Lazaridou
B1lG42C9Km,2019,Edward Hughes
B1lG42C9Km,2019,Caglar Gulcehre
B1lG42C9Km,2019,Pedro A. Ortega
B1lG42C9Km,2019,DJ Strouse
B1lG42C9Km,2019,Joel Z. Leibo
B1lG42C9Km,2019,Nando de Freitas
B1l9qsA5KQ,2019,Yuangang Pan
B1l9qsA5KQ,2019,Avinash K Singh
B1l9qsA5KQ,2019,Ivor W. Tsang
B1l9qsA5KQ,2019,Chin-teng Lin
B1l8iiA9tQ,2019,Siavash Golkar
B1l8iiA9tQ,2019,Kyle Cranmer
B1l6qiR5F7,2019,Yikang Shen
B1l6qiR5F7,2019,Shawn Tan
B1l6qiR5F7,2019,Alessandro Sordoni
B1l6qiR5F7,2019,Aaron Courville
B1l6e3RcF7,2019,Chen Xing
B1l6e3RcF7,2019,Devansh Arpit
B1l6e3RcF7,2019,Christos Tsirigotis
B1l6e3RcF7,2019,Yoshua Bengio
B1l1b205KX,2019,Wayne Wu
B1l1b205KX,2019,Kaidi Cao
B1l1b205KX,2019,Cheng Li
B1l1b205KX,2019,Chen Qian
B1l1b205KX,2019,Chen Change Loy
B1l08oAct7,2019,Anqi Wu
B1l08oAct7,2019,Sebastian Nowozin
B1l08oAct7,2019,Edward Meeds
B1l08oAct7,2019,Richard E. Turner
B1l08oAct7,2019,José Miguel Hernández-Lobato
B1l08oAct7,2019,Alexander L. Gaunt
B1gstsCqt7,2019,Tsung-Han Lin
B1gstsCqt7,2019,Ping Tak Peter Tang
B1ggosR9Ym,2019,Nicholas Roberts
B1ggosR9Ym,2019,Poornav S. Purushothama
B1ggosR9Ym,2019,Vishal T. Vasudevan
B1ggosR9Ym,2019,Siddarth Ravichandran
B1ggosR9Ym,2019,Chen Zhang
B1ggosR9Ym,2019,William H. Gerwick
B1ggosR9Ym,2019,Garrison W. Cottrell
B1gabhRcYX,2019,Chengzhou Tang
B1gabhRcYX,2019,Ping Tan
B1gTShAct7,2019,Matthew Riemer
B1gTShAct7,2019,Ignacio Cases
B1gTShAct7,2019,Robert Ajemian
B1gTShAct7,2019,Miao Liu
B1gTShAct7,2019,Irina Rish
B1gTShAct7,2019,Yuhai Tu
B1gTShAct7,2019,and Gerald Tesauro
B1gJOoRcYQ,2019,Alex Mott
B1gJOoRcYQ,2019,Daniel Zoran
B1gJOoRcYQ,2019,Mike Chrzanowski
B1gJOoRcYQ,2019,Daan Wierstra
B1gJOoRcYQ,2019,Danilo J. Rezende
B1gIf305Ym,2019,Zhichao Lu
B1gIf305Ym,2019,Ian Whalen
B1gIf305Ym,2019,Vishnu Boddeti
B1gIf305Ym,2019,Yashesh Dhebar
B1gIf305Ym,2019,Kalyanmoy Deb
B1gIf305Ym,2019,Erik Goodman
B1gIf305Ym,2019,Wolfgang Banzhaf
B1gHjoRqYQ,2019,Yang Zhang
B1gHjoRqYQ,2019,Shiyu Chang
B1gHjoRqYQ,2019,Mo Yu
B1gHjoRqYQ,2019,Kaizhi Qian
B1g30j0qF7,2019,Roman Novak
B1g30j0qF7,2019,Lechao Xiao
B1g30j0qF7,2019,Yasaman Bahri
B1g30j0qF7,2019,Jaehoon Lee
B1g30j0qF7,2019,Greg Yang
B1g30j0qF7,2019,Jiri Hron
B1g30j0qF7,2019,Daniel A. Abolafia
B1g30j0qF7,2019,Jeffrey Pennington
B1g30j0qF7,2019,Jascha Sohl-dickstein
B1g29oAqtm,2019,William Whitney
B1g29oAqtm,2019,Rob Fergus
B1g-X3RqKm,2019,Joel Hestness
B1g-X3RqKm,2019,Sharan Narang
B1g-X3RqKm,2019,Newsha Ardalani
B1g-X3RqKm,2019,Heewoo Jun
B1g-X3RqKm,2019,Hassan Kianinejad
B1g-X3RqKm,2019,Md. Mostofa Ali Patwary
B1g-X3RqKm,2019,Yang Yang
B1g-X3RqKm,2019,Yanqi Zhou
B1g-X3RqKm,2019,Gregory Diamos
B1g-X3RqKm,2019,Kenneth Church
B1fysiAqK7,2019,Jorn W.T. Peters
B1fysiAqK7,2019,Tim Genewein
B1fysiAqK7,2019,Max Welling
B1fpDsAqt7,2019,Seung Wook Kim
B1fpDsAqt7,2019,Makarand Tapaswi
B1fpDsAqt7,2019,Sanja Fidler
B1ffQnRcKX,2019,Michael Chang
B1ffQnRcKX,2019,Abhishek Gupta
B1ffQnRcKX,2019,Sergey Levine
B1ffQnRcKX,2019,Thomas L. Griffiths
B1fbosCcYm,2019,Ethan Harris
B1fbosCcYm,2019,Mahesan Niranjan
B1fbosCcYm,2019,Jonathon Hare
B1fPYj0qt7,2019,Jun Qi
B1fPYj0qt7,2019,Chin-Hui Lee
B1fPYj0qt7,2019,Javier Tejedor
B1fA3oActQ,2019,Guoshuai Zhao
B1fA3oActQ,2019,Jun Li
B1fA3oActQ,2019,Lu Wang
B1fA3oActQ,2019,Xueming Qian
B1fA3oActQ,2019,Yun Fu
B1exrnCcF7,2019,Yandong Wen
B1exrnCcF7,2019,Mahmoud Al Ismail
B1exrnCcF7,2019,Weiyang Liu
B1exrnCcF7,2019,Bhiksha Raj
B1exrnCcF7,2019,Rita Singh
B1excoAqKQ,2019,Siddharth Reddy
B1excoAqKQ,2019,Anca D. Dragan
B1excoAqKQ,2019,Sergey Levine
B1euhoAcKX,2019,Zelda Mariet
B1euhoAcKX,2019,Jasper Snoek
B1euhoAcKX,2019,Yaniv Ovadia
B1ethsR9Ym,2019,Chad Atalla
B1ethsR9Ym,2019,Bartholomew Tam
B1ethsR9Ym,2019,Amanda Song
B1ethsR9Ym,2019,Gary Cottrell
B1epooR5FX,2019,Victor Carbune
B1epooR5FX,2019,Thierry Coppey
B1epooR5FX,2019,Alexander Daryin
B1epooR5FX,2019,Thomas Deselaers
B1epooR5FX,2019,Nikhil Sarda
B1epooR5FX,2019,Jay Yagnik
B1edvs05Y7,2019,Felix Sattler
B1edvs05Y7,2019,Simon Wiedemann
B1edvs05Y7,2019,Klaus-Robert Müller
B1edvs05Y7,2019,Wojciech Samek
B1eZRiC9YX,2019,Yarin Gal
B1eZRiC9YX,2019,Lewis Smith
B1eXbn05t7,2019,Karl Ridgeway
B1eXbn05t7,2019,Michael C. Mozer
B1eSg3C9Ym,2019,Mingwei Wei
B1eSg3C9Ym,2019,James Stokes
B1eSg3C9Ym,2019,David J Schwab
B1ePui0ctQ,2019,Kuan Wang
B1ePui0ctQ,2019,Hao Zhao
B1ePui0ctQ,2019,Anbang Yao
B1ePui0ctQ,2019,Aojun Zhou
B1ePui0ctQ,2019,Dawei Sun
B1ePui0ctQ,2019,Yurong Chen
B1eO9oA5Km,2019,Wenpeng Hu
B1eO9oA5Km,2019,Zhengwei Tao
B1eO9oA5Km,2019,Zhanxing Zhu
B1eO9oA5Km,2019,Bing Liu
B1eO9oA5Km,2019,Zhou Lin
B1eO9oA5Km,2019,Jinwen Ma
B1eO9oA5Km,2019,Dongyan Zhao
B1eO9oA5Km,2019,Rui Yan
B1eKk2CcKm,2019,Assya Trofimov
B1eKk2CcKm,2019,Francis Dutil
B1eKk2CcKm,2019,Claude Perreault
B1eKk2CcKm,2019,Sebastien Lemieux
B1eKk2CcKm,2019,Yoshua Bengio
B1eKk2CcKm,2019,Joseph Paul Cohen
B1eEKi0qYQ,2019,Whiyoung Jung
B1eEKi0qYQ,2019,Giseung Park
B1eEKi0qYQ,2019,Youngchul Sung
B1eCCoR5tm,2019,Jin Sean Lim
B1eCCoR5tm,2019,Robert John Durrant
B1e9csRcFm,2019,Yihan Gao
B1e9csRcFm,2019,Chao Zhang
B1e9csRcFm,2019,Jian Peng
B1e9csRcFm,2019,Aditya Parameswaran
B1e9W3AqFX,2019,Pengfei Liu
B1e9W3AqFX,2019,Xuanjing Huang
B1e8CsRctX,2019,Hyunsun Choi
B1e8CsRctX,2019,Eric Jang
B1e7hs05Km,2019,Kamyar Azizzadenesheli
B1e7hs05Km,2019,Animashree Anandkumar
B1e4wo09K7,2019,Ilya Feige
B1e0X3C9tQ,2019,Bin Dai
B1e0X3C9tQ,2019,David Wipf
B1e0KsRcYQ,2019,Pierre jacob
B1e0KsRcYQ,2019,David Picard
B1e0KsRcYQ,2019,Aymeric Histace
B1e0KsRcYQ,2019,Edouard Klein
B1VZqjAcYX,2019,Namhoon Lee
B1VZqjAcYX,2019,Thalaiyasingam Ajanthan
B1VZqjAcYX,2019,Philip Torr
B1VWtsA5tQ,2019,Perttu Hämäläinen
B1VWtsA5tQ,2019,Amin Babadi
B1VWtsA5tQ,2019,Xiaoxiao Ma
B1VWtsA5tQ,2019,Jaakko Lehtinen
B1MhpiRqFm,2019,Ling Pan
B1MhpiRqFm,2019,Qingpeng Cai
B1MhpiRqFm,2019,Qi Meng
B1MhpiRqFm,2019,Wei Chen
B1MhpiRqFm,2019,Tie-Yan Liu
B1MbDj0ctQ,2019,Philip Becker-Ehmck
B1MbDj0ctQ,2019,Jan Peters
B1MbDj0ctQ,2019,Patrick van der Smagt
B1MXz20cYQ,2019,Chun-Hao Chang
B1MXz20cYQ,2019,Elliot Creager
B1MXz20cYQ,2019,Anna Goldenberg
B1MXz20cYQ,2019,David Duvenaud
B1MX5j0cFX,2019,Amit Deshpande
B1MX5j0cFX,2019,Sandesh Kamath
B1MX5j0cFX,2019,K V Subrahmanyam
B1MUroRct7,2019,Ning Zhang
B1MUroRct7,2019,Qiang Wu
B1MIBs05F7,2019,Aaron Defazio
B1MB5oRqtQ,2019,Dmitry Kangin
B1MB5oRqtQ,2019,Nicolas Pugeault
B1MAJhR5YX,2019,Thiago Serra
B1MAJhR5YX,2019,Srikumar Ramalingam
B1M9FjC5FQ,2019,Sangchul Hahn
B1M9FjC5FQ,2019,Heeyoul Choi
B1GSBsRcFX,2019,Wei Zhu
B1GSBsRcFX,2019,Qiang Qiu
B1GSBsRcFX,2019,Bao Wang
B1GSBsRcFX,2019,Jianfeng Lu
B1GSBsRcFX,2019,Guillermo Sapiro
B1GSBsRcFX,2019,Ingrid Daubechies
B1GMDsR5tm,2019,Peter O'Connor
B1GMDsR5tm,2019,Efstratios Gavves
B1GMDsR5tm,2019,Max Welling
B1GIQhCcYm,2019,Samuel Lavoie-Marchildon
B1GIQhCcYm,2019,Sebastien Lachapelle
B1GIQhCcYm,2019,Mikołaj Bińkowski
B1GIQhCcYm,2019,Aaron Courville
B1GIQhCcYm,2019,Yoshua Bengio
B1GIQhCcYm,2019,R Devon Hjelm
B1GIB3A9YX,2019,Honghua Dong
B1GIB3A9YX,2019,Jiayuan Mao
B1GIB3A9YX,2019,Xinyue Cui
B1GIB3A9YX,2019,Lihong Li
B1GHJ3R9tQ,2019,Neale Ratzlaff
B1GHJ3R9tQ,2019,Li  Fuxin
B1GAUs0cKQ,2019,Kirill Neklyudov
B1GAUs0cKQ,2019,Dmitry Molchanov
B1GAUs0cKQ,2019,Arsenii Ashukha
B1GAUs0cKQ,2019,Dmitry Vetrov
B1G9doA9F7,2019,Ehsan Hosseini-Asl
B1G9doA9F7,2019,Yingbo Zhou
B1G9doA9F7,2019,Caiming Xiong
B1G9doA9F7,2019,Richard Socher
B1G5ViAqFm,2019,Chiyu Max Jiang
B1G5ViAqFm,2019,Dequan Wang
B1G5ViAqFm,2019,Jingwei Huang
B1G5ViAqFm,2019,Philip Marcus
B1G5ViAqFm,2019,Matthias Niessner
B1EjKsRqtQ,2019,Zehao Dou
B1EjKsRqtQ,2019,Zhihua Zhang
B14rPj0qY7,2019,Zhihao LI
B14rPj0qY7,2019,Toshiyuki MOTOYOSHI
B14rPj0qY7,2019,Kazuma SASAKI
B14rPj0qY7,2019,Tetsuya OGATA
B14rPj0qY7,2019,Shigeki SUGANO
B14ejsA5YQ,2019,Tailin Wu
B14ejsA5YQ,2019,Thomas Breuel
B14ejsA5YQ,2019,Jan Kautz
