paper_id,team_size,first_author_h_index,max_h_index,mean_h_index,top_institution_flag,industry_flag,us_team_flag
B12Js_yRb,3,7.0,35.0,23.333333333333332,0,0,0
B12QlQWRW,3,26.0,55.0,45.0,1,0,1
B13EC5u6W,1,20.0,20.0,20.0,0,0,1
B13njo1R-,4,20.0,49.0,20.5,0,0,0
B14TlG-RW,7,19.0,121.0,41.142857142857146,1,1,1
B14uJzW0b,3,14.0,41.0,19.0,1,0,1
B16yEqkCZ,6,45.0,91.0,47.166666666666664,1,1,1
B17JTOe0-,2,11.0,14.0,12.5,1,0,1
B18WgG-CZ,4,30.0,185.0,70.5,0,0,0
B1CEaMbR-,3,7.0,13.0,10.0,0,0,0
B1CNpYg0-,6,26.0,185.0,53.0,0,0,1
B1DmUzWAW,4,10.0,125.0,37.25,1,0,1
B1EA-M-0Z,6,14.0,50.0,28.166666666666668,1,1,1
B1EGg7ZCb,1,1.0,1.0,1.0,0,0,0
B1EVwkqTW,1,1.0,1.0,1.0,0,0,0
B1G5ViAqFm,5,9.0,61.0,28.8,0,0,0
B1G9doA9F7,4,18.0,78.0,48.0,0,0,1
B1GAUs0cKQ,4,7.0,26.0,13.5,0,0,0
B1GHJ3R9tQ,2,4.0,38.0,21.0,0,0,0
B1GIB3A9YX,4,6.0,32.0,13.5,1,0,1
B1GMDsR5tm,3,37.0,86.0,53.333333333333336,0,0,0
B1GSBsRcFX,6,11.0,106.0,41.333333333333336,1,0,1
B1Gi6LeRZ,3,5.0,46.0,25.333333333333332,0,0,0
B1IDRdeCW,2,8.0,8.0,5.0,0,0,0
B1KFAGWAZ,4,6.0,51.0,19.75,0,0,0
B1KJJf-R-,2,10.0,10.0,7.0,1,1,1
B1Lc-Gb0Z,2,9.0,83.0,46.0,0,0,0
B1MAJhR5YX,2,9.0,18.0,13.5,1,1,1
B1MB5oRqtQ,2,12.0,23.0,17.5,0,0,0
B1MIBs05F7,2,17.0,69.0,43.0,0,0,0
B1MX5j0cFX,3,17.0,17.0,10.0,0,0,0
B1MXz20cYQ,4,15.0,48.0,29.5,0,0,0
B1MbDj0ctQ,3,5.0,81.0,41.666666666666664,0,0,0
B1MhpiRqFm,5,9.0,76.0,27.0,0,0,1
B1NGT8xCZ,5,20.0,51.0,29.8,1,0,1
B1NOXfWR-,3,6.0,84.0,37.666666666666664,1,1,0
B1O3OgbRW,6,13.0,138.0,46.833333333333336,1,1,1
B1QRgziT-,4,17.0,27.0,18.25,0,0,0
B1QgVti6Z,2,29.0,111.0,70.0,0,0,0
B1VWtsA5tQ,4,32.0,41.0,23.25,1,1,0
B1VZqjAcYX,3,17.0,89.0,39.666666666666664,1,0,1
B1X0mzZCW,5,34.0,140.0,46.0,1,1,1
B1X4DWWRb,4,28.0,51.0,34.75,1,0,1
B1Yy1BxCZ,4,32.0,121.0,46.75,1,1,1
B1ZZTfZAW,3,40.0,89.0,47.333333333333336,0,0,0
B1ZvaaeAZ,4,40.0,40.0,26.0,0,0,1
B1ae1lZRb,2,40.0,40.0,28.5,0,0,1
B1al7jg0b,2,13.0,26.0,19.5,0,0,1
B1bgpzZAZ,4,5.0,28.0,12.0,0,0,0
B1e-kxSKDH,5,6.0,54.0,15.2,1,0,1
B1e0KsRcYQ,4,26.0,26.0,19.25,0,0,0
B1e0X3C9tQ,2,10.0,38.0,24.0,1,1,1
B1e3OlStPB,4,12.0,16.0,7.75,1,0,0
B1e4wo09K7,1,10.0,10.0,10.0,0,0,0
B1e5ef-C-,4,80.0,80.0,28.75,1,1,1
B1e7hs05Km,3,30.0,30.0,30.0,1,1,1
B1e8CsRctX,2,5.0,19.0,12.0,1,1,1
B1e9Y2NYvS,4,11.0,111.0,42.25,0,0,0
B1e9csRcFm,4,7.0,52.0,31.75,1,0,1
B1eB5xSFvr,7,32.0,94.0,32.714285714285715,1,0,1
B1eBoJStwr,5,6.0,48.0,31.8,0,0,0
B1eCCoR5tm,2,1.0,14.0,7.5,0,0,0
B1eCk1StPH,4,5.0,33.0,22.25,0,0,1
B1eP504YDr,7,3.0,76.0,39.0,1,1,1
B1ePui0ctQ,6,17.0,38.0,18.666666666666668,0,0,0
B1eQcCEtDB,6,38.0,70.0,38.0,1,0,1
B1eWOJHKvB,3,7.0,24.0,16.333333333333332,1,1,0
B1eWbxStPH,3,9.0,51.0,21.333333333333332,0,0,0
B1eX_a4twH,4,1.0,32.0,11.25,0,0,0
B1eXbn05t7,2,8.0,52.0,30.0,0,0,0
B1eXygBFPH,5,31.0,70.0,45.6,0,0,1
B1eY_pVYvB,4,11.0,81.0,39.25,1,0,0
B1eYlgBYPH,3,10.0,24.0,12.0,0,0,0
B1eZweHFwr,3,54.0,54.0,38.0,0,0,1
B1ecVlrtDr,3,7.0,119.0,46.0,0,0,1
B1edvs05Y7,4,11.0,111.0,46.5,0,0,0
B1eiJyrtDB,2,8.0,11.0,9.5,0,0,0
B1eibJrtwr,2,6.0,33.0,19.5,1,0,1
B1elCp4KwH,3,20.0,66.0,39.333333333333336,1,1,1
B1em8TVtPr,4,8.0,21.0,9.5,0,0,1
B1em9h4KDS,5,9.0,62.0,18.6,1,1,1
B1eoyAVFwH,5,13.0,49.0,27.2,0,0,0
B1erJJrYPH,6,2.0,54.0,26.666666666666668,0,0,1
B1esx6EYvr,3,19.0,92.0,48.0,1,0,0
B1ethsR9Ym,4,4.0,53.0,16.25,0,0,1
B1euhoAcKX,3,11.0,36.0,17.666666666666668,0,0,1
B1evfa4tPB,2,3.0,33.0,18.0,0,0,0
B1exrnCcF7,5,18.0,47.0,24.8,1,0,1
B1eyA3VFwS,4,9.0,36.0,23.333333333333332,0,0,0
B1eyO1BFPr,4,15.0,45.0,23.75,0,0,1
B1fA3oActQ,5,25.0,85.0,42.6,0,0,1
B1fbosCcYm,3,4.0,34.0,22.0,0,0,0
B1ffQnRcKX,4,11.0,112.0,62.75,1,0,1
B1fpDsAqt7,3,64.0,81.0,55.0,1,1,0
B1fysiAqK7,2,6.0,86.0,46.0,0,0,0
B1g29oAqtm,2,8.0,76.0,42.0,1,1,1
B1g30j0qF7,9,19.0,50.0,20.555555555555557,1,1,1
B1g8VkHFPH,7,70.0,70.0,29.857142857142858,1,1,1
B1gF56VYPH,2,7.0,38.0,22.5,0,0,0
B1gJ1L2aW,9,32.0,119.0,39.55555555555556,1,0,1
B1gJOoRcYQ,5,50.0,50.0,33.6,1,1,1
B1gTShAct7,7,15.0,53.0,26.571428571428573,0,0,1
B1gX8kBtPr,3,6.0,54.0,22.333333333333332,0,0,0
B1gXWCVtvr,7,41.0,41.0,21.0,1,1,1
B1gXYR4YDH,5,19.0,45.0,22.8,0,0,0
B1gZV1HYvS,7,12.0,78.0,32.42857142857143,1,1,0
B1gabhRcYX,2,12.0,59.0,35.5,0,0,0
B1gcblSKwB,4,2.0,56.0,26.0,0,0,0
B1gdkxHFDH,3,13.0,17.0,12.333333333333334,0,0,0
B1ggosR9Ym,7,15.0,97.0,27.857142857142858,0,0,1
B1gi0TEFDB,4,23.0,53.0,36.0,1,1,0
B1gjs6EtDr,4,15.0,35.0,20.75,1,1,1
B1gqipNYwH,2,4.0,40.0,22.0,1,1,1
B1grSREtDH,4,10.0,64.0,24.25,1,0,1
B1gskyStwr,3,6.0,11.0,8.666666666666666,1,0,0
B1gstsCqt7,2,24.0,44.0,34.0,0,0,0
B1guLAVFDB,3,10.0,46.0,25.333333333333332,1,1,1
B1gzLaNYvr,4,13.0,56.0,29.75,0,0,0
B1hYRMbCW,3,6.0,32.0,13.0,0,0,0
B1hcZZ-AW,4,2.0,62.0,23.0,0,0,0
B1kIr-WRb,3,1.0,25.0,16.0,0,0,1
B1l08oAct7,6,16.0,49.0,30.0,1,1,0
B1l1qnEFwH,3,28.0,37.0,28.0,0,0,1
B1l2bp4YwS,1,21.0,21.0,21.0,0,0,1
B1l4SgHKDH,5,21.0,43.0,26.75,1,0,1
B1l5m6VFwr,6,6.0,44.0,20.0,0,0,0
B1l6qiR5F7,4,19.0,78.0,36.0,1,1,0
B1l6y0VFPr,5,44.0,82.0,56.4,1,0,1
B1l8BtlCb,5,47.0,78.0,53.4,0,0,1
B1l8L6EtDS,5,20.0,83.0,47.6,0,0,1
B1l8iiA9tQ,2,11.0,151.0,81.0,0,0,0
B1lCn64tvS,4,11.0,52.0,29.5,1,0,0
B1lDoJSYDH,4,12.0,92.0,43.5,0,0,0
B1lFa3EFwB,3,16.0,47.0,23.333333333333332,0,0,0
B1lG42C9Km,8,26.0,59.0,30.25,1,1,1
B1lGU64tDr,5,25.0,48.0,28.0,0,0,0
B1lJzyStvS,5,10.0,92.0,40.8,1,0,1
B1lKS2AqtX,6,17.0,137.0,52.666666666666664,1,0,1
B1lOraEFPB,2,0.0,12.0,6.0,0,0,0
B1lPETVFPS,6,5.0,49.0,23.833333333333332,1,0,1
B1lTqgSFDH,4,0.0,37.0,12.0,1,0,1
B1lXfA4Ywr,4,5.0,50.0,27.75,1,1,1
B1lda1HtvB,4,8.0,73.0,28.75,0,0,1
B1ldb6NKDr,5,20.0,32.0,20.2,0,0,1
B1lfHhR9tm,4,20.0,78.0,47.75,0,0,1
B1liraVYwr,6,15.0,32.0,21.5,0,0,0
B1lj20NFDS,4,7.0,72.0,33.0,0,0,1
B1lnbRNtwr,4,21.0,50.0,37.0,1,1,1
B1lnzn0ctQ,4,7.0,144.0,60.75,0,0,1
B1lqDertwr,4,10.0,139.0,50.5,0,0,0
B1lsXREYvr,3,33.0,33.0,22.0,1,0,1
B1ltfgSYwS,4,10.0,58.0,22.0,0,0,0
B1lwSsC5KX,4,14.0,113.0,55.5,1,1,1
B1lxH20qtX,5,30.0,139.0,69.2,1,0,1
B1lz-3Rct7,4,15.0,34.0,16.75,0,0,1
B1mSWUxR-,5,26.0,96.0,46.6,1,0,1
B1mvVm-C-,3,15.0,27.0,16.0,1,0,1
B1n8LexRZ,3,32.0,50.0,38.333333333333336,1,0,1
B1nLkl-0Z,4,30.0,51.0,40.5,1,1,1
B1nZ1weCZ,4,10.0,37.0,13.75,0,0,0
B1nxTzbRZ,8,35.0,35.0,16.5,0,0,1
B1p461b0W,4,21.0,102.0,51.0,1,1,1
B1spAqUp-,4,22.0,57.0,26.25,1,0,1
B1tC-LT6W,5,6.0,23.0,13.0,0,0,0
B1twdMCab,3,18.0,69.0,35.333333333333336,1,1,1
B1uvH_gC-,3,5.0,72.0,36.0,0,0,1
B1x-LjAcKX,2,5.0,5.0,3.0,0,0,0
B1x1MerYPB,7,41.0,69.0,25.285714285714285,1,1,0
B1x1ma4tDr,4,29.0,64.0,35.0,0,0,0
B1x2eCNFvH,4,15.0,37.0,14.25,0,0,0
B1x33sC9KQ,4,18.0,37.0,19.5,1,1,0
B1x3EgHtwB,3,5.0,60.0,34.666666666666664,0,0,0
B1x5KiCcFX,2,11.0,44.0,27.5,0,0,0
B1x62TNtDS,2,32.0,65.0,48.5,1,0,1
B1x6BTEKwr,3,20.0,155.0,62.666666666666664,0,0,0
B1x6w0EtwH,2,18.0,24.0,21.0,0,0,1
B1x8anVFPr,10,5.0,76.0,25.1,1,0,1
B1x996EKPS,3,11.0,62.0,27.333333333333332,1,1,0
B1x9ITVYDr,2,3.0,9.0,6.0,0,0,1
B1x9siCcYQ,7,15.0,46.0,20.428571428571427,0,0,1
B1xDq2EFDH,4,5.0,67.0,25.5,0,0,0
B1xFVhActm,4,8.0,30.0,22.5,0,0,1
B1xFxh0cKX,5,21.0,50.0,26.0,0,0,1
B1xGGTEtDH,2,12.0,40.0,26.0,0,0,0
B1xGxgSYvH,5,3.0,6.0,4.0,0,0,0
B1xIj3VYvr,3,7.0,66.0,32.0,0,0,0
B1xMEerYvB,8,25.0,51.0,28.571428571428573,1,1,1
B1xOYoA5tQ,4,23.0,70.0,40.25,0,0,1
B1xSperKvH,4,17.0,102.0,45.0,0,0,1
B1xVTjCqKQ,3,5.0,99.0,40.666666666666664,0,0,1
B1xWcj0qYm,4,23.0,73.0,49.75,0,0,0
B1xY-hRctX,6,6.0,43.0,21.666666666666668,1,1,1
B1xZD1rtPr,3,9.0,53.0,23.333333333333332,1,0,1
B1xcLJrYwH,3,0.0,53.0,22.666666666666668,0,0,0
B1xewR4KvH,5,3.0,48.0,14.2,1,0,1
B1xeyhCctQ,3,15.0,51.0,34.0,1,0,1
B1xf9jAqFQ,5,23.0,24.0,22.0,0,0,0
B1xfElrKPr,6,10.0,91.0,47.833333333333336,1,1,1
B1xgQkrYwS,2,54.0,54.0,31.5,0,0,0
B1xhQhRcK7,10,22.0,101.0,34.333333333333336,1,1,1
B1xhpa4FvS,4,7.0,30.0,13.75,0,0,0
B1xm3RVtwB,2,12.0,30.0,21.0,0,0,0
B1xmOgrFPS,3,15.0,86.0,40.333333333333336,0,0,1
B1xnPsA5KX,3,22.0,63.0,28.666666666666668,1,0,0
B1xq264YvH,4,9.0,55.0,26.5,0,0,1
B1xsqj09Fm,3,29.0,59.0,42.333333333333336,1,1,1
B1xtFpVtvB,4,4.0,20.0,13.5,0,0,0
B1xtd1HtPS,6,6.0,120.0,43.166666666666664,1,1,1
B1xu6yStPH,1,1.0,1.0,1.0,0,0,0
B1xv9pEKDS,7,19.0,76.0,36.285714285714285,0,0,1
B1xwcyHFDr,5,8.0,49.0,22.6,0,0,0
B1xxAJHFwS,2,43.0,52.0,47.5,0,0,1
B1xybgSKwB,4,8.0,38.0,20.75,1,1,1
B1ydPgTpW,1,4.0,4.0,4.0,0,0,0
B1zMDjAqKQ,4,23.0,43.0,23.25,1,1,0
BJ0hF1Z0b,4,36.0,51.0,33.25,0,1,1
BJ4BVhRcYX,5,11.0,19.0,12.2,0,0,1
BJ6anzb0Z,2,,,,0,0,0
BJ78bJZCZ,2,3.0,5.0,4.0,1,0,0
BJ8c3f-0b,5,9.0,32.0,14.0,1,1,0
BJ8vJebC-,2,38.0,38.0,35.0,1,0,1
BJDH5M-AW,4,12.0,25.0,16.5,0,0,0
BJE-4xW0W,4,11.0,53.0,27.5,0,0,1
BJEOOsCqKm,4,19.0,35.0,20.0,0,0,1
BJG0voC9YQ,7,24.0,56.0,25.285714285714285,1,1,0
BJGVX3CqYm,6,31.0,85.0,35.0,0,0,1
BJGWO9k0Z,2,15.0,15.0,11.5,0,0,0
BJGfCjA5FX,4,6.0,26.0,9.5,0,0,0
BJGjOi09t7,3,6.0,35.0,25.0,0,0,0
BJIgi_eCZ,4,31.0,52.0,34.75,0,0,1
BJInEZsTb,4,12.0,120.0,42.0,1,0,1
BJInMmWC-,3,10.0,49.0,27.0,1,1,0
BJJ9bz-0-,6,17.0,139.0,59.166666666666664,1,1,0
BJJLHbb0-,7,20.0,31.0,19.428571428571427,0,0,1
BJLmN8xRW,5,17.0,41.0,19.8,1,0,1
BJMuY-gRW,3,15.0,65.0,38.666666666666664,0,0,0
BJMvBjC5YQ,2,4.0,4.0,2.5,0,0,0
BJNRFNlRW,3,60.0,60.0,32.666666666666664,0,0,0
BJOFETxR-,3,30.0,31.0,24.666666666666668,0,0,1
BJQPG5lR-,3,14.0,14.0,9.0,1,0,0
BJQRKzbA-,5,20.0,93.0,54.0,0,0,0
BJRZzFlRb,2,9.0,26.0,17.5,0,0,1
BJWfW2C9Y7,5,52.0,85.0,44.2,0,0,1
BJ_QxP1AZ,4,12.0,131.0,69.25,0,0,1
BJ_UL-k0b,5,10.0,139.0,85.0,1,0,1
BJ_wN01C-,4,15.0,63.0,31.0,0,0,0
BJaU__eCZ,3,6.0,49.0,29.0,1,0,1
BJe-91BtvH,4,11.0,62.0,27.75,0,0,0
BJe-Sn0ctm,3,7.0,29.0,12.666666666666666,0,0,0
BJe-_CNKPH,4,15.0,29.0,20.5,0,0,0
BJe-unNYPr,2,6.0,22.0,14.0,0,0,0
BJe0Gn0cY7,4,13.0,93.0,45.25,0,0,1
BJe1334YDH,3,2.0,25.0,15.666666666666666,0,0,0
BJe1E2R5KX,6,10.0,139.0,44.833333333333336,1,0,1
BJe1hsCcYQ,3,11.0,66.0,28.333333333333332,1,1,1
BJe4JJBYwS,3,6.0,105.0,60.0,0,0,0
BJe4V1HFPr,2,7.0,70.0,38.5,0,0,1
BJe4oxHYPB,3,9.0,34.0,24.666666666666668,0,0,1
BJe55gBtvH,4,9.0,51.0,20.5,0,0,1
BJe7h34YDS,4,7.0,66.0,31.25,1,0,0
BJe8pkHFwS,5,13.0,62.0,25.8,0,0,1
BJeAHkrYDS,6,9.0,83.0,31.0,1,1,1
BJeB5hVtvB,4,15.0,38.0,31.25,0,0,0
BJeGA6VtPS,3,21.0,76.0,35.0,0,0,1
BJeGZxrFvS,2,12.0,80.0,46.0,1,0,1
BJeGlJStPr,5,10.0,133.0,36.4,1,0,1
BJeKh3VYDH,4,45.0,45.0,38.0,0,0,0
BJeKwTNFvB,3,5.0,67.0,35.666666666666664,0,0,0
BJeOioA9Y7,3,8.0,49.0,34.333333333333336,0,0,1
BJeRg205Fm,2,21.0,21.0,11.0,0,0,1
BJeRykBKDH,5,7.0,72.0,30.4,1,1,1
BJeS62EtwH,5,8.0,16.0,12.333333333333334,0,0,0
BJeTCAEtDB,8,6.0,37.0,14.375,0,0,1
BJeUs3VFPH,2,48.0,48.0,34.5,0,0,0
BJeVklHtPr,2,22.0,32.0,27.0,1,0,1
BJeWOi09FQ,4,9.0,55.0,24.0,0,0,0
BJeWUs05KQ,4,5.0,62.0,24.25,0,0,1
BJeWVpNtwr,4,12.0,47.0,27.5,1,0,1
BJeXaJHKvB,4,6.0,41.0,21.0,0,0,1
BJeY6sR9KX,14,23.0,61.0,21.785714285714285,1,0,1
BJe_z1HFPr,4,12.0,76.0,42.75,0,0,0
BJedHRVtPB,8,13.0,76.0,31.75,1,1,1
BJedt6VKPS,2,17.0,69.0,43.0,0,0,0
BJeem3C9F7,6,9.0,78.0,29.166666666666668,0,0,1
BJeguTEKDB,4,9.0,40.0,22.5,1,0,0
BJej72AqF7,3,9.0,99.0,40.333333333333336,0,0,1
BJena3VtwS,17,35.0,52.0,28.058823529411764,1,1,1
BJepcaEtwB,4,12.0,54.0,27.25,1,0,0
BJepq2VtDB,10,28.0,62.0,24.1,1,1,1
BJesDsA9t7,4,12.0,57.0,28.5,0,0,1
BJes_xStwS,3,25.0,25.0,19.666666666666668,0,0,0
BJevJCVYvB,3,8.0,164.0,68.33333333333333,1,0,0
BJfIVjAcKm,4,8.0,44.0,16.25,1,0,1
BJfOXnActQ,6,13.0,48.0,19.666666666666668,0,0,0
BJfYvo09Y7,8,28.0,56.0,22.875,1,1,1
BJf_YjCqYX,3,50.0,50.0,42.0,1,1,1
BJfguoAcFm,4,9.0,44.0,31.0,0,0,0
BJg15lrKvS,5,29.0,52.0,29.6,0,0,1
BJg1f6EFDB,6,20.0,107.0,40.5,1,0,0
BJg1fgBYwH,5,8.0,46.0,18.4,0,0,1
BJg4NgBKvH,4,28.0,44.0,30.5,0,0,0
BJg4Z3RqF7,3,5.0,11.0,8.0,0,0,0
BJg641BKPH,3,10.0,34.0,16.666666666666668,1,0,0
BJg73xHtvr,3,18.0,19.0,16.0,0,0,0
BJg7x1HFvB,4,9.0,59.0,37.75,0,0,1
BJg866NFvB,4,16.0,69.0,31.25,1,0,0
BJg9DoR9t7,4,28.0,51.0,24.75,0,0,1
BJg9hTNKPH,3,19.0,35.0,28.0,1,1,1
BJgAf6Etwr,5,10.0,78.0,40.2,0,0,1
BJgEd6NYPH,3,9.0,28.0,18.333333333333332,1,0,1
BJgEjiRqYX,3,15.0,41.0,23.666666666666668,1,1,1
BJgGhiR5KX,7,5.0,32.0,19.428571428571427,1,1,1
BJgLg3R9KQ,4,14.0,97.0,30.75,1,1,1
BJgLpaEtDS,1,2.0,2.0,2.0,1,0,0
BJgMFxrYPB,4,4.0,79.0,32.0,1,0,1
BJgPCveAW,4,,,,0,0,0
BJgQ4lSFPH,8,21.0,59.0,20.625,0,0,0
BJgQfkSYDS,4,11.0,29.0,21.666666666666668,0,0,1
BJgRsyBtPB,1,25.0,25.0,25.0,0,0,0
BJgTZ3C5FX,3,3.0,23.0,9.666666666666666,0,0,0
BJgVaG-Ab,3,20.0,56.0,35.666666666666664,0,0,1
BJgWE1SFwS,1,7.0,7.0,7.0,0,0,0
BJgWbpEtPr,1,13.0,13.0,13.0,0,0,0
BJgYl205tQ,5,8.0,53.0,30.0,0,0,1
BJgZGeHFPH,4,8.0,72.0,38.5,1,1,1
BJg_2JHKvH,4,23.0,41.0,21.5,1,0,1
BJg_roAcK7,3,32.0,69.0,37.333333333333336,1,1,1
BJgctpEKwr,2,7.0,15.0,11.0,0,0,0
BJgcwh4FwS,8,13.0,58.0,14.25,1,1,1
BJgd7m0xRZ,5,51.0,52.0,29.4,0,0,0
BJgd81SYwr,4,19.0,34.0,20.25,0,0,0
BJge3TNKwH,4,23.0,23.0,17.5,0,0,1
BJgkbyHKDS,5,26.0,26.0,12.0,0,0,1
BJgklhAcK7,7,18.0,93.0,37.285714285714285,1,1,1
BJgnXpVYwS,4,19.0,60.0,35.25,1,0,1
BJgolhR9Km,1,47.0,47.0,47.0,0,0,1
BJgqQ6NYvB,6,26.0,62.0,24.166666666666668,0,0,0
BJgqqsAct7,5,8.0,55.0,19.4,1,0,1
BJgr4kSFDS,3,21.0,21.0,21.0,0,0,0
BJgsN3R9Km,3,20.0,36.0,21.333333333333332,0,0,1
BJgy-n0cK7,2,5.0,60.0,32.5,0,0,0
BJgy96EYvr,4,9.0,39.0,23.75,0,0,1
BJgza6VtPB,6,55.0,67.0,38.5,1,1,0
BJij4yg0Z,2,32.0,121.0,76.5,0,0,0
BJj6qGbRW,2,2.0,36.0,19.0,0,0,1
BJjquybCW,2,9.0,56.0,32.5,0,0,0
BJk59JZ0b,3,12.0,70.0,33.666666666666664,1,1,0
BJk7Gf-CZ,3,14.0,60.0,39.333333333333336,1,0,1
BJl-5pNKDB,7,12.0,51.0,23.285714285714285,0,0,0
BJl07ySKvS,3,4.0,54.0,24.333333333333332,0,0,0
BJl2_nVFPB,5,28.0,164.0,61.4,1,0,1
BJl4f2A5tQ,5,30.0,45.0,30.4,1,1,1
BJl4g0NYvB,4,16.0,137.0,73.25,0,0,1
BJl6AjC5F7,5,25.0,65.0,34.6,1,1,1
BJl6TjRcY7,8,28.0,57.0,28.375,1,1,1
BJl6bANtwH,3,12.0,12.0,7.0,0,0,0
BJl6t64tvr,5,15.0,47.0,22.2,0,0,1
BJl7mxBYvB,6,8.0,43.0,18.666666666666668,0,0,1
BJl9PRVKDS,7,4.0,16.0,6.142857142857143,1,1,1
BJl9ZTVKwB,3,9.0,73.0,38.666666666666664,1,1,1
BJlAzTEKwS,6,12.0,67.0,25.0,0,0,1
BJlBSkHtDS,3,16.0,54.0,28.666666666666668,0,0,0
BJlEEaEFDS,3,26.0,29.0,23.0,0,0,0
BJlITC4KDB,1,22.0,22.0,22.0,0,0,0
BJlLdhNFPr,5,9.0,97.0,34.2,0,0,1
BJlNs0VYPB,7,23.0,29.0,13.285714285714286,0,0,1
BJlPOlBKDB,4,6.0,43.0,16.5,0,0,1
BJlRs34Fvr,5,10.0,53.0,34.6,1,0,1
BJlS634tPr,7,17.0,89.0,46.714285714285715,1,1,1
BJlSPRVFwS,4,17.0,30.0,16.75,0,0,1
BJlXgkHYvS,2,6.0,28.0,17.0,0,0,0
BJlZ5ySKPH,4,18.0,18.0,9.5,0,0,0
BJlaG0VFDH,7,26.0,58.0,15.285714285714286,0,0,1
BJlahxHYDS,5,13.0,43.0,28.2,1,1,0
BJlbo6VtDH,4,12.0,13.0,12.5,0,0,1
BJlc6iA5YX,7,6.0,32.0,21.714285714285715,0,0,1
BJleph4KvS,6,20.0,44.0,23.666666666666668,0,0,0
BJlgNh0qKQ,2,6.0,44.0,25.0,0,0,0
BJlgt2EYwr,6,7.0,89.0,34.5,1,1,0
BJlguT4YPr,4,78.0,78.0,33.75,1,0,1
BJliakStvH,2,6.0,87.0,46.5,1,0,1
BJlisySYPS,4,13.0,71.0,42.75,0,0,0
BJlkgaNKvr,3,17.0,53.0,26.0,0,0,1
BJlnmgrFvS,6,22.0,64.0,29.833333333333332,0,0,1
BJlowyHYPr,4,21.0,44.0,33.0,1,1,0
BJlpCsC5Km,4,17.0,41.0,23.0,0,0,0
BJlrF24twB,3,3.0,30.0,13.0,0,0,0
BJlrSmbAZ,3,2.0,43.0,22.666666666666668,0,0,0
BJluxREKDB,4,5.0,79.0,41.25,1,1,1
BJluxbWC-,3,82.0,82.0,59.0,0,0,0
BJluy2RcFm,4,5.0,26.0,14.25,0,0,1
BJlxdCVKDB,6,8.0,50.0,18.666666666666668,0,0,1
BJlxm30cKm,6,14.0,185.0,55.5,1,1,1
BJlzm64tDH,4,22.0,38.0,26.75,1,0,1
BJuWrGW0Z,3,14.0,67.0,39.0,1,0,0
BJubPWZRW,3,26.0,121.0,53.333333333333336,0,0,1
BJvWjcgAZ,3,5.0,25.0,11.666666666666666,0,0,0
BJx040EFvH,3,18.0,53.0,25.333333333333332,1,0,1
BJx1SsAcYQ,7,15.0,47.0,20.285714285714285,0,0,0
BJx7N1SKvB,3,17.0,31.0,17.666666666666668,1,1,1
BJx8Fh4KPB,3,32.0,38.0,35.333333333333336,1,1,1
BJx8YnEFPH,3,32.0,38.0,35.333333333333336,1,1,1
BJx9f305t7,5,1.0,78.0,21.2,0,0,0
BJxDNxSFDH,3,5.0,40.0,18.0,0,0,0
BJxG_0EtDS,6,14.0,41.0,24.5,1,1,1
BJxH22EKPS,3,6.0,66.0,28.666666666666668,0,0,0
BJxI5gHKDr,4,11.0,26.0,13.0,0,0,0
BJxLH2AcYX,5,6.0,41.0,20.0,1,1,1
BJxOHs0cKm,4,40.0,78.0,52.75,0,0,1
BJxPk2A9Km,4,13.0,34.0,14.0,0,0,1
BJxRVnC5Fm,4,11.0,69.0,28.25,0,0,0
BJxSI1SKDH,3,10.0,34.0,20.666666666666668,1,0,1
BJxSWeSYPB,6,8.0,98.0,38.333333333333336,0,0,0
BJxVI04YvB,4,18.0,61.0,32.5,0,0,1
BJxVT3EKDH,3,3.0,41.0,18.666666666666668,0,0,0
BJxWx0NYPr,4,24.0,37.0,18.75,0,0,1
BJx_JAVKDB,4,25.0,38.0,27.25,1,1,1
BJxbYoC9FQ,3,14.0,64.0,34.0,0,0,1
BJxg_hVtwH,2,13.0,57.0,35.0,1,0,1
BJxh2j0qYm,5,13.0,71.0,27.2,1,0,0
BJxhijAcY7,4,6.0,57.0,24.75,1,1,1
BJxiqxSYPB,2,18.0,54.0,36.0,1,0,1
BJxkOlSYDH,5,10.0,122.0,37.4,0,0,0
BJxnIxSKDr,7,25.0,112.0,41.142857142857146,1,0,1
BJxqohNFPB,2,4.0,4.0,2.5,0,0,0
BJxsrgStvr,9,16.0,99.0,32.55555555555556,0,0,1
BJxssoA5KX,4,11.0,72.0,37.25,0,0,1
BJxt2aVFPr,6,7.0,65.0,34.333333333333336,1,0,1
BJxt60VtPr,6,15.0,49.0,22.5,1,0,1
BJxvEh0cFQ,4,7.0,73.0,30.0,0,0,1
BJxwPJHFwS,5,12.0,68.0,46.0,0,0,1
BJy0fcgRZ,5,18.0,100.0,32.0,1,0,1
BJypUGZ0Z,4,13.0,82.0,34.75,1,0,1
BJzmzn0ctX,5,20.0,59.0,32.4,0,0,0
BJzuKiC9KX,5,9.0,57.0,24.8,1,1,0
Bk-ofQZRb,1,1.0,1.0,1.0,0,0,0
Bk6qQGWRb,3,30.0,30.0,30.0,1,1,1
Bk7wvW-C-,5,11.0,70.0,42.4,0,0,1
Bk8ZcAxR-,6,17.0,46.0,25.666666666666668,0,0,1
Bk9zbyZCZ,2,16.0,90.0,53.0,0,0,0
BkA7gfZAb,3,10.0,75.0,40.0,1,1,1
BkCV_W-AZ,3,7.0,112.0,68.0,0,0,1
BkG5SjR5YQ,6,47.0,90.0,42.166666666666664,0,0,0
BkG8sjR5Km,6,18.0,56.0,31.333333333333332,1,1,1
BkGiPoC5FX,2,23.0,59.0,41.0,0,0,0
BkJ3ibb0-,3,10.0,117.0,44.333333333333336,1,1,1
BkLhaGZRW,4,13.0,13.0,9.75,0,0,0
BkM27IxR-,2,43.0,144.0,93.5,1,0,1
BkM3ibZRW,5,,119.0,55.75,0,0,1
BkMWx309FX,3,52.0,107.0,62.0,1,0,0
BkMiWhR5K7,3,25.0,44.0,31.333333333333332,0,0,0
BkMn9jAcYQ,3,22.0,48.0,33.333333333333336,1,0,1
BkN5UoAqF7,3,5.0,5.0,4.0,0,0,0
BkN_r2lR-,2,18.0,62.0,40.0,0,0,0
BkPrDFgR-,5,15.0,101.0,43.4,1,1,1
BkQCGzZ0-,2,31.0,82.0,56.5,1,1,1
BkQqq0gRb,4,13.0,43.0,25.75,0,0,0
BkSDMA36Z,8,3.0,53.0,14.625,1,1,1
BkUDW_lCb,3,20.0,36.0,29.0,0,0,0
BkUHlMZ0b,8,17.0,68.0,36.375,1,0,1
BkUp6GZRW,5,40.0,53.0,32.0,0,0,0
BkVf1AeAZ,4,50.0,50.0,29.0,1,1,0
BkVsWbbAW,3,9.0,120.0,47.666666666666664,0,0,0
BkXmYfbAZ,2,16.0,53.0,34.5,0,0,1
BkabRiQpb,2,18.0,26.0,22.0,1,1,1
Bke-6pVKvB,5,14.0,41.0,19.0,1,0,0
Bke02gHYwB,5,15.0,76.0,27.8,0,0,0
Bke4KsA5FX,4,31.0,31.0,25.5,1,1,0
Bke61krFvS,1,16.0,16.0,16.0,0,0,0
Bke6vTVYwH,5,13.0,113.0,46.0,1,1,1
Bke8764twr,7,45.0,137.0,71.85714285714286,1,0,1
Bke89JBtvB,3,21.0,86.0,41.333333333333336,0,0,0
Bke8UR4FPB,2,9.0,92.0,50.5,1,0,1
Bke96sC5tm,6,11.0,125.0,50.0,1,1,1
BkeDEoCctQ,2,2.0,48.0,25.0,0,0,0
BkeDGJBKvB,7,13.0,52.0,16.0,1,1,1
BkeGPJrtwB,3,1.0,1.0,1.0,0,0,0
BkeHt34Fwr,2,2.0,43.0,22.5,0,0,0
BkeJm6VtPH,3,11.0,131.0,48.666666666666664,0,0,1
BkeK-nRcFX,2,6.0,63.0,34.5,0,0,0
BkeMXR4KvS,4,0.0,23.0,11.25,1,0,1
BkeOp6EKDH,2,9.0,60.0,34.5,0,0,0
BkePHaVKwS,3,15.0,46.0,22.0,0,0,0
BkePneStwH,2,4.0,17.0,10.5,0,0,0
BkeU5j0ctQ,2,6.0,31.0,18.5,0,0,0
BkeUasA5YQ,4,3.0,65.0,31.75,1,0,1
BkeWw6VFwr,4,22.0,50.0,30.0,0,0,1
BkeYSlrYwH,3,11.0,20.0,13.666666666666666,0,0,1
Bke_DertPB,1,2.0,2.0,2.0,0,0,0
BkeaEyBYDB,4,12.0,28.0,17.25,0,0,1
BkeaxAEKvB,6,16.0,46.0,16.166666666666668,1,1,1
BkedwoC5t7,2,55.0,55.0,38.5,0,0,0
BkedznAqKQ,4,35.0,107.0,56.75,1,1,1
Bkeeca4Kvr,3,6.0,15.0,9.333333333333334,1,0,1
Bkel1krKPS,4,3.0,47.0,18.25,0,0,0
BkepbpNFwr,6,9.0,39.0,20.666666666666668,0,0,0
BkeqATVYwr,2,7.0,18.0,12.5,0,0,0
BkeqO7x0-,6,14.0,31.0,14.2,1,1,1
Bkeuz20cYm,6,24.0,67.0,31.833333333333332,0,0,0
BkevoJSYPB,1,5.0,5.0,5.0,0,0,0
BkewX2C9tX,4,18.0,43.0,27.5,0,0,0
BkexaxBKPB,3,2.0,39.0,18.666666666666668,0,0,1
Bkf1tjR9KQ,5,6.0,8.0,4.4,0,0,0
Bkf4XgrKvS,2,32.0,60.0,46.0,0,0,0
BkfPnoActQ,13,6.0,38.0,19.615384615384617,1,1,1
BkfbpsAcF7,4,17.0,66.0,40.25,1,1,1
BkfhZnC9t7,5,13.0,59.0,30.0,1,0,1
BkfxKj09Km,8,8.0,64.0,24.875,1,0,1
Bkg0u3Etwr,4,5.0,22.0,12.0,1,0,0
Bkg3g2R9FX,4,6.0,18.0,13.0,1,1,1
Bkg75aVKDH,3,7.0,60.0,37.333333333333336,0,0,0
Bkg8jjC9KQ,6,27.0,41.0,23.666666666666668,0,0,0
Bkg93jC5YX,5,8.0,65.0,20.8,1,0,1
BkgBvsC9FQ,4,21.0,35.0,22.5,0,0,0
BkgCv1HYvB,5,6.0,57.0,25.4,0,0,1
BkgF4kSFPB,5,4.0,125.0,33.4,1,0,1
BkgMbCVFvr,7,27.0,66.0,20.857142857142858,1,0,1
BkgNqkHFPr,7,28.0,90.0,41.0,1,0,1
BkgPajAcY7,2,23.0,48.0,35.5,1,1,1
BkgStySKPB,3,27.0,46.0,36.666666666666664,1,1,1
BkgTwRNtPB,5,5.0,30.0,17.6,0,0,0
BkgVx3A9Km,2,9.0,60.0,34.5,0,0,0
BkgWHnR5tm,4,11.0,81.0,36.0,1,1,1
BkgWahEFvr,4,,23.0,23.0,0,0,0
BkgXHTNtvS,3,6.0,15.0,10.0,0,0,0
BkgXT24tDS,3,30.0,30.0,19.666666666666668,0,0,0
BkgYIiAcFQ,6,6.0,44.0,20.0,0,0,0
BkgYPREtPr,4,13.0,69.0,24.0,0,0,0
BkgZxpVFvH,3,18.0,60.0,29.333333333333332,0,0,1
Bkga90VKDB,5,6.0,15.0,6.4,1,1,0
BkgeQ1BYwS,4,4.0,38.0,18.0,0,0,0
BkggGREKvS,5,11.0,38.0,18.2,0,0,0
BkghKgStPH,2,16.0,16.0,10.5,0,0,0
BkglSTNFDB,4,5.0,46.0,19.25,1,0,1
BkgnhTEtDS,6,21.0,120.0,34.166666666666664,0,0,1
Bkgq9ANKvB,2,21.0,21.0,16.5,0,0,0
BkgqExrYvS,6,7.0,30.0,12.0,0,0,1
BkgqL0EtPH,7,15.0,185.0,46.142857142857146,0,0,0
BkgrBgSYDS,8,18.0,31.0,13.857142857142858,1,0,1
BkgtDsCcKQ,4,23.0,66.0,33.5,1,0,1
Bkgwp3NtDH,5,22.0,33.0,26.25,0,0,1
BkgzMCVtPB,4,1.0,40.0,16.0,0,0,0
BkgzniCqY7,9,26.0,61.0,39.55555555555556,1,1,1
BkgzqRVFDr,4,5.0,38.0,13.25,0,0,0
Bki1Ct1AW,5,2.0,74.0,23.0,0,0,0
Bki4EfWCb,3,3.0,44.0,21.333333333333332,0,0,0
BkisuzWRW,10,30.0,144.0,54.22222222222222,1,0,1
Bkl-43C9FQ,6,9.0,61.0,31.4,0,0,0
Bkl086VYvH,4,9.0,39.0,15.75,0,0,0
Bkl1uWb0Z,2,32.0,32.0,21.5,1,0,1
Bkl2SjCcKQ,3,27.0,27.0,10.333333333333334,0,0,0
Bkl5kxrKDr,15,37.0,64.0,29.933333333333334,1,1,1
Bkl7bREtDr,6,39.0,39.0,23.833333333333332,0,0,0
Bkl8YR4YDB,7,19.0,65.0,25.142857142857142,0,0,1
BklACjAqFm,6,41.0,75.0,37.0,1,1,0
BklC2RNKDS,9,10.0,101.0,27.666666666666668,1,1,1
BklDO1HYPS,5,32.0,32.0,22.0,0,0,1
BklEF3VFPB,4,45.0,119.0,59.25,0,0,0
BklEFpEYwS,5,8.0,112.0,51.2,0,0,1
BklHF6VtPB,1,17.0,17.0,17.0,0,0,0
BklHpjCqKm,3,6.0,81.0,41.666666666666664,0,0,0
BklIxyHKDr,1,19.0,19.0,19.0,0,0,0
BklKFo09YX,5,8.0,19.0,11.0,0,0,0
BklMYjC9FQ,3,5.0,48.0,18.333333333333332,0,0,0
BklRFpVKPH,7,22.0,77.0,40.714285714285715,1,1,1
BklSv34KvB,4,20.0,30.0,17.5,0,0,0
BklUAoAcY7,1,13.0,13.0,13.0,0,0,0
Bklfsi0cKm,3,8.0,52.0,26.333333333333332,1,0,0
BklhAj09K7,4,41.0,49.0,31.0,0,0,1
BkloRs0qK7,2,8.0,18.0,13.0,0,0,0
BklpOo09tQ,3,6.0,41.0,17.666666666666668,0,0,0
Bklr3j0cKX,7,19.0,185.0,36.857142857142854,0,0,1
BkltNhC9FX,2,5.0,47.0,26.0,0,0,0
Bklzkh0qFm,4,6.0,25.0,9.5,0,0,0
BkoXnkWAb,2,3.0,5.0,4.0,0,0,0
BkpXqwUTZ,1,3.0,3.0,3.0,0,0,1
BkpiPMbA-,3,10.0,119.0,52.0,1,0,1
BkrSv0lA-,2,13.0,63.0,38.0,0,0,0
BkrsAzWAb,5,18.0,32.0,18.6,1,0,0
BkwHObbRZ,3,25.0,41.0,34.666666666666664,1,0,1
Bkx8OiRcYX,6,12.0,126.0,47.0,1,0,1
BkxAUjRqY7,6,15.0,120.0,36.0,1,0,1
BkxRRkSKwr,5,15.0,61.0,34.4,0,0,0
BkxSHsC5FQ,8,10.0,73.0,28.75,0,0,0
BkxSmlBFvr,3,8.0,31.0,16.333333333333332,0,0,0
BkxWJnC9tX,2,14.0,121.0,67.5,1,1,1
BkxX30EFPS,5,58.0,185.0,69.2,0,0,0
BkxXe0Etwr,5,3.0,62.0,21.8,1,1,1
Bkx_Dj09tQ,1,5.0,5.0,5.0,0,0,0
Bkxbrn0cYX,3,17.0,69.0,47.666666666666664,0,0,0
BkxdqA4tvB,4,28.0,56.0,31.25,0,0,0
Bkxdqj0cFQ,1,3.0,3.0,3.0,0,0,0
Bkxe2AVtPS,6,6.0,23.0,9.333333333333334,1,0,1
BkxfaTVFwH,4,11.0,35.0,20.75,1,1,1
BkxgbhCqtQ,3,15.0,86.0,41.0,1,1,0
BkxoglrtvH,4,54.0,54.0,17.0,0,0,0
Bkxonh4Ywr,2,30.0,30.0,21.0,0,0,0
BkxpMTEtPB,7,8.0,45.0,23.0,0,0,1
BkxthxHYvr,3,5.0,29.0,18.333333333333332,0,0,0
Bkxv90EKPB,5,10.0,29.0,17.6,0,0,1
By-7dz-AZ,2,5.0,60.0,32.5,0,0,0
By3VrbbAb,4,9.0,80.0,37.25,1,1,1
By3v9k-RZ,4,16.0,78.0,31.75,1,0,1
By41BjA9YQ,7,121.0,121.0,33.833333333333336,1,0,1
By5ugjyCb,6,25.0,33.0,21.0,1,1,1
By9iRkWA-,4,12.0,36.0,26.25,1,0,1
ByBAl2eAZ,9,10.0,125.0,36.77777777777778,1,1,1
ByCPHrgCW,3,10.0,54.0,30.333333333333332,0,0,0
ByGOuo0cYm,4,20.0,86.0,38.0,1,0,1
ByGUFsAqYm,3,11.0,36.0,25.333333333333332,0,0,1
ByGVui0ctm,2,12.0,63.0,37.5,0,0,1
ByG_3s09KX,5,21.0,32.0,16.6,1,1,1
ByGq7hRqKX,5,23.0,90.0,51.2,0,0,1
ByGuynAct7,5,6.0,86.0,26.4,0,0,0
ByJDAIe0b,3,6.0,67.0,30.333333333333332,0,0,0
ByJHuTgA-,3,7.0,69.0,40.666666666666664,0,0,0
ByJIWUnpW,4,8.0,120.0,46.0,1,1,1
ByJWeR1AW,2,9.0,79.0,44.0,0,0,0
ByKWUeWA-,3,32.0,69.0,38.333333333333336,1,1,1
ByL48G-AW,2,12.0,64.0,38.0,0,0,1
ByME42AqK7,3,16.0,72.0,36.666666666666664,0,0,0
ByMHvs0cFQ,7,16.0,185.0,41.57142857142857,1,0,0
ByMVTsR5KQ,3,18.0,62.0,33.0,1,0,1
ByN7Yo05YX,5,25.0,94.0,47.0,1,1,1
ByOfBggRZ,3,21.0,120.0,50.333333333333336,0,0,1
ByOnmlWC-,2,6.0,46.0,26.0,1,1,1
ByOoMSgRW,9,9.0,46.0,19.88888888888889,0,0,0
ByQZjx-0-,5,28.0,121.0,46.6,1,1,1
ByQpn1ZA-,6,24.0,64.0,31.666666666666668,0,0,1
ByRWCqvT-,3,18.0,37.0,23.0,0,0,1
ByS1VpgRZ,2,17.0,21.0,19.0,0,0,0
BySRH6CpW,3,2.0,19.0,12.333333333333334,0,0,0
ByW5yxgA-,4,21.0,89.0,42.0,1,0,1
ByZmGjkA-,4,38.0,65.0,38.5,1,1,0
BybQ7zWCb,2,2.0,29.0,15.5,0,0,0
Byd-EfWCb,5,6.0,32.0,14.8,0,0,0
BydLzGb0Z,6,16.0,185.0,53.333333333333336,1,1,1
BydjJte0-,3,26.0,124.0,69.33333333333333,1,0,0
Bye4iaEFwr,1,4.0,4.0,4.0,0,0,0
Bye5SiAqKX,1,5.0,5.0,5.0,0,0,0
Bye6weHFvB,6,19.0,125.0,49.166666666666664,1,0,1
Bye9LiR9YX,2,14.0,77.0,45.5,1,1,1
ByeDl1BYvH,3,15.0,15.0,9.333333333333334,0,0,0
ByeDojRcYQ,4,7.0,68.0,38.25,0,0,1
ByeGzlrKwH,1,34.0,34.0,34.0,0,0,0
ByeL1R4FvS,5,14.0,121.0,58.4,1,1,1
ByeLBj0qFQ,2,6.0,17.0,11.5,0,0,0
ByeMB3Act7,5,5.0,68.0,36.4,0,0,1
ByeMPlHKPH,5,18.0,59.0,38.2,0,0,1
ByeNFoRcK7,2,66.0,66.0,42.5,0,0,0
ByeNra4FDB,2,5.0,25.0,15.0,0,0,0
ByePEC4KDS,2,3.0,85.0,44.0,0,0,1
ByePUo05K7,2,15.0,42.0,28.5,0,0,1
ByeSYa4KPS,2,15.0,83.0,49.0,1,0,1
ByeSdsC9Km,2,10.0,14.0,12.0,0,0,0
ByeTHsAqtX,3,18.0,23.0,18.333333333333332,1,1,1
ByeUBANtvB,3,10.0,74.0,28.666666666666668,0,0,1
ByeVWkBYPH,4,9.0,144.0,44.0,0,0,1
ByeWogStDS,4,7.0,125.0,38.0,1,0,1
ByeZ5jC5YQ,3,11.0,69.0,37.333333333333336,1,1,1
ByeaXeBFvH,10,17.0,83.0,31.0,1,1,1
ByecAoAqK7,4,1.0,115.0,41.0,0,0,0
Byekm0VtwS,3,29.0,75.0,59.0,0,0,0
ByeqORgAW,4,7.0,99.0,33.0,0,0,0
ByeqyxBKvS,3,6.0,7.0,6.333333333333333,0,0,1
Byes0TNFDS,3,18.0,78.0,55.0,0,0,1
ByetGn0cYX,5,9.0,31.0,13.0,0,0,0
ByexElSYDr,4,10.0,24.0,19.25,1,0,1
Byey7n05FQ,5,9.0,67.0,36.6,1,1,1
Byf5-30qFX,6,28.0,55.0,30.5,0,0,1
ByfXe2C5tm,4,11.0,48.0,28.0,0,0,0
ByfbnsA9Km,4,6.0,82.0,42.75,1,0,1
ByftGnR9KX,3,31.0,60.0,39.0,0,0,1
Byg-wJSYDS,11,10.0,107.0,19.09090909090909,1,1,1
Byg0DsCqYQ,3,13.0,70.0,34.666666666666664,1,1,1
Byg1v1HKDB,9,29.0,76.0,29.0,1,1,1
Byg3y3C9Km,4,22.0,192.0,72.75,0,0,1
Byg5KyHYwr,6,13.0,84.0,41.166666666666664,1,0,1
Byg5flHFDr,3,3.0,48.0,22.0,0,0,0
Byg9A24tvB,6,25.0,66.0,32.166666666666664,1,0,0
Byg9bxrtwS,8,15.0,55.0,23.375,1,1,1
BygANhA9tQ,2,38.0,59.0,48.5,0,0,0
BygANjA5FX,4,9.0,25.0,11.5,0,0,1
BygFVAEKDH,3,19.0,65.0,43.666666666666664,1,0,1
BygIV2CcKm,2,20.0,37.0,28.5,0,0,0
BygIjTNtPr,3,14.0,73.0,39.333333333333336,0,0,1
BygKZkBtDH,3,18.0,18.0,15.666666666666666,0,0,0
BygMAiRqK7,4,16.0,117.0,46.0,0,0,1
BygNAa4YPH,5,16.0,66.0,20.8,1,1,1
BygNqoR9tm,8,13.0,86.0,25.75,1,1,1
BygPO2VKPH,4,15.0,73.0,28.75,0,0,1
BygPq6VFvS,3,10.0,50.0,21.666666666666668,0,0,1
BygREjC9YQ,1,19.0,19.0,19.0,0,0,0
BygRNn0qYX,6,8.0,104.0,43.666666666666664,0,0,1
BygSP6Vtvr,3,17.0,53.0,24.666666666666668,1,0,0
BygSXCNFDB,10,29.0,43.0,17.4,0,0,1
BygSZAVKvr,5,18.0,34.0,25.2,0,0,1
BygY4grYDr,1,13.0,13.0,13.0,0,0,0
Byg_vREtvB,3,5.0,32.0,18.0,0,0,1
BygacxrFwS,3,13.0,37.0,28.0,0,0,1
BygdyxHFDS,4,12.0,65.0,44.5,1,0,1
BygfghAcYX,5,35.0,119.0,52.0,0,0,1
BygfrANKvB,4,18.0,92.0,52.25,1,0,1
ByggpyrFPS,2,11.0,39.0,25.0,0,0,0
Bygh9j09KX,6,19.0,66.0,29.166666666666668,1,1,1
ByghKiC5YX,5,5.0,163.0,57.8,0,0,1
BygkQeHKwB,4,6.0,39.0,23.25,0,0,0
Bygka64KPH,5,16.0,102.0,44.25,0,0,0
ByglLlHFDS,3,5.0,43.0,18.0,0,0,0
BygmRoA9YQ,6,17.0,46.0,18.166666666666668,0,0,1
BygpQlbA-,6,80.0,80.0,30.0,0,0,1
BygqBiRcFQ,3,19.0,61.0,38.666666666666664,0,0,1
Bygre3R9Fm,5,2.0,185.0,55.4,1,0,0
BygrtoC9Km,5,10.0,93.0,48.2,0,0,0
BygzbyHFvB,6,29.0,59.0,35.333333333333336,0,0,1
Byj54-bAW,3,6.0,33.0,18.666666666666668,0,0,0
Byl28eBtwH,4,2.0,41.0,21.0,0,0,0
Byl5NREFDr,5,15.0,48.0,27.0,1,1,1
Byl8BnRcYm,2,7.0,36.0,21.5,0,0,0
Byl8hhNYPS,7,29.0,43.0,33.0,0,0,0
BylA_C4tPr,4,15.0,45.0,20.25,0,0,1
BylBns0qtX,2,5.0,34.0,19.5,1,0,1
BylBr3C9K7,3,18.0,33.0,25.333333333333332,0,0,0
BylE1205Fm,4,4.0,62.0,22.75,0,0,1
BylEqnVFDB,5,12.0,38.0,21.0,0,0,1
BylIciRcYQ,5,25.0,63.0,30.8,1,0,1
BylJUTEKvB,5,13.0,67.0,38.6,0,0,1
BylKL1SKvr,4,28.0,163.0,85.25,1,0,1
BylKwnEYvS,3,12.0,76.0,46.333333333333336,1,0,1
BylNoaVYPS,2,9.0,21.0,15.0,0,0,0
BylPSkHKvB,6,16.0,91.0,42.166666666666664,1,1,1
BylQSxHFwr,7,13.0,131.0,37.666666666666664,1,1,1
BylQV305YQ,5,15.0,97.0,34.6,0,0,1
BylRkAEKDH,2,36.0,38.0,37.0,0,0,0
BylT8RNKPH,2,8.0,23.0,15.5,0,0,0
BylUMxSFwS,8,3.0,54.0,20.375,1,1,1
BylVcTNtDS,2,11.0,26.0,18.5,0,0,1
BylWYC4KwH,6,16.0,47.0,35.833333333333336,1,1,1
BylXi3NKvS,4,2.0,41.0,14.0,0,0,0
Byla224KPr,3,11.0,25.0,15.333333333333334,0,0,1
BylaUTNtPS,7,25.0,185.0,73.42857142857143,1,0,1
BylalAEtvB,6,5.0,77.0,22.0,0,0,1
BylctiCctX,7,9.0,92.0,28.285714285714285,1,1,1
ByldlhAqYQ,5,8.0,66.0,20.2,0,0,0
Byldr3RqKX,3,2.0,16.0,8.0,1,0,0
ByleB2CcKm,2,12.0,43.0,27.5,0,0,0
BylfTySYvB,3,90.0,90.0,42.666666666666664,0,0,1
Bylh2krYPr,11,32.0,65.0,20.181818181818183,1,1,1
ByljMaNKwB,3,8.0,64.0,41.0,0,0,0
Bylkd0EFwr,4,7.0,85.0,34.333333333333336,1,0,1
BylldxBYwH,6,4.0,87.0,23.166666666666668,1,0,0
Bylmkh05KX,4,16.0,84.0,39.0,0,0,1
Bylnx209YX,2,16.0,51.0,33.5,0,0,0
ByloIiCqYQ,7,14.0,45.0,18.285714285714285,0,0,1
ByloJ20qtm,5,8.0,41.0,20.8,1,1,1
Bylp62EKDH,2,7.0,40.0,23.5,0,0,0
Bylthp4Yvr,4,29.0,67.0,39.75,0,0,0
Bylx-TNKvH,2,9.0,41.0,25.0,0,0,0
BylyV1BtDB,5,9.0,30.0,18.4,0,0,1
Bym0cU1CZ,4,30.0,51.0,35.25,0,0,1
ByqFhGZCW,2,20.0,20.0,20.0,0,0,1
ByquB-WC-,3,5.0,40.0,16.333333333333332,0,0,0
ByrZyglCb,5,22.0,69.0,39.4,1,1,1
Bys4ob-Rb,3,22.0,86.0,48.333333333333336,1,0,1
Byt3oJ-0W,4,15.0,36.0,27.0,1,0,1
ByuI-mW0W,3,8.0,43.0,27.666666666666668,0,0,0
ByuP8yZRb,3,16.0,47.0,23.0,0,0,0
BywyFQlAW,2,36.0,51.0,43.5,0,0,1
Byx0iAEYPH,3,2.0,7.0,3.0,0,0,1
Byx4NkrtDS,2,14.0,23.0,18.5,0,0,0
Byx5R0NKPr,5,6.0,43.0,19.0,0,0,1
Byx83s09Km,4,12.0,84.0,31.75,1,0,0
Byx91R4twB,3,17.0,59.0,38.333333333333336,1,1,1
Byx9p2EtDH,3,,,,0,0,0
ByxAOoR5K7,2,4.0,15.0,9.5,0,0,1
ByxAcjCqt7,5,47.0,90.0,43.8,1,1,1
ByxBFsRqYm,3,13.0,86.0,41.0,0,0,1
ByxGSsR9FQ,2,21.0,28.0,24.5,1,1,1
ByxGkySKwH,2,5.0,56.0,30.5,0,0,0
ByxHJeBYDB,3,12.0,31.0,16.333333333333332,1,1,1
ByxHb3R5tX,4,14.0,185.0,53.0,0,0,0
ByxJjlHKwr,4,4.0,15.0,10.75,0,0,0
ByxKo04tvr,3,7.0,33.0,23.666666666666668,0,0,1
ByxLl309Ym,3,11.0,40.0,21.333333333333332,0,0,0
ByxPYjC5KQ,3,5.0,61.0,33.666666666666664,0,0,0
ByxQB1BKwH,3,20.0,72.0,37.0,1,0,0
ByxT7TNFvH,5,22.0,34.0,24.6,0,0,0
ByxXZpVtPB,3,7.0,99.0,53.0,0,0,0
ByxY8CNtvr,6,36.0,52.0,27.5,0,0,1
ByxZX20qFQ,2,28.0,52.0,40.0,0,0,1
ByxZdj09tX,1,0.0,0.0,0.0,0,0,0
Byx_YAVYPH,3,14.0,81.0,34.666666666666664,1,0,1
ByxaUgrFvH,5,54.0,54.0,34.0,0,0,0
ByxdUySKvS,4,11.0,33.0,20.75,0,0,0
ByxduJBtPB,5,16.0,86.0,38.0,1,0,1
ByxkijC5FQ,7,27.0,27.0,27.0,0,0,0
ByxloeHFPS,5,6.0,42.0,25.4,1,0,1
ByxmXnA9FQ,4,33.0,65.0,39.25,0,0,0
Byxpfh0cFm,2,9.0,24.0,16.5,1,0,1
Byxr73R5FQ,3,4.0,37.0,15.0,0,0,0
ByxtC2VtPB,3,25.0,66.0,41.666666666666664,1,0,0
ByxtHCVKwB,4,18.0,77.0,24.75,0,0,1
Byxv2pEKPH,3,3.0,26.0,12.0,1,0,1
ByxxgCEYDS,2,34.0,47.0,40.5,0,0,1
Byxz4n09tQ,3,2.0,27.0,16.666666666666668,1,1,1
ByzcS3AcYX,3,11.0,50.0,31.0,1,1,1
ByzvHagA-,2,9.0,12.0,10.5,0,0,1
H1-nGgWC-,5,16.0,99.0,48.2,1,1,0
H113pWZRb,5,16.0,77.0,37.8,1,0,1
H11lAfbCW,2,7.0,90.0,48.5,0,0,0
H135uzZ0-,17,15.0,61.0,16.352941176470587,1,1,1
H13WofbAb,3,17.0,44.0,31.0,1,0,1
H15RufWAW,4,20.0,51.0,24.25,1,1,1
H15odZ-C-,3,7.0,115.0,50.0,0,0,0
H18WqugAb,2,25.0,59.0,42.0,1,0,1
H18uzzWAZ,5,2.0,31.0,13.8,1,1,1
H196sainb,5,29.0,55.0,40.0,0,0,1
H1BLjgZCb,3,9.0,68.0,30.0,0,0,0
H1BO9M-0Z,4,27.0,168.0,74.25,0,0,1
H1DGha1CZ,4,11.0,34.0,22.25,0,0,0
H1DJFybC-,4,20.0,115.0,50.0,1,0,1
H1DkN7ZCZ,11,5.0,46.0,14.363636363636363,1,1,1
H1Dy---0Z,7,12.0,77.0,27.571428571428573,1,1,0
H1GaLiAcY7,6,12.0,79.0,48.833333333333336,0,0,0
H1Gfx3Rqtm,4,23.0,147.0,55.25,1,1,0
H1I3M7Z0b,6,27.0,144.0,98.33333333333333,0,0,0
H1K6Tb-AZ,5,10.0,38.0,20.2,0,0,1
H1LAqMbRW,2,35.0,35.0,21.5,0,0,0
H1MBuiAqtX,10,22.0,77.0,27.6,1,1,1
H1MOqeHYvB,3,10.0,58.0,30.0,0,0,0
H1MW72AcK7,3,23.0,41.0,29.0,1,0,1
H1MczcgR-,4,26.0,35.0,29.75,1,1,1
H1MgjoR9tQ,3,8.0,25.0,14.0,0,0,0
H1MzKs05F7,5,10.0,140.0,54.8,1,0,0
H1Nyf7W0Z,1,4.0,4.0,4.0,0,0,0
H1T2hmZAb,10,6.0,185.0,37.9,1,1,1
H1UOm4gA-,3,18.0,18.0,15.333333333333334,0,0,0
H1U_af-0-,4,6.0,41.0,20.75,0,0,0
H1V4QhAqYQ,6,16.0,37.0,18.0,1,1,0
H1VGkIxRZ,3,15.0,79.0,44.333333333333336,0,0,1
H1VjBebR-,3,11.0,62.0,29.0,0,0,1
H1WgVz-AZ,2,13.0,42.0,27.5,0,0,0
H1Ww66x0-,2,11.0,63.0,37.0,0,0,0
H1Xw62kRZ,5,15.0,101.0,40.2,1,1,1
H1Yp-j1Cb,5,7.0,115.0,50.4,1,0,0
H1YynweCb,3,7.0,41.0,16.333333333333332,0,0,0
H1aIuk-RW,2,19.0,95.0,57.0,0,0,1
H1bM1fZCW,4,20.0,22.0,20.75,0,0,1
H1bhRHeA-,2,5.0,29.0,17.0,0,0,1
H1cKvl-Rb,4,11.0,125.0,46.75,1,0,1
H1cWzoxA-,5,32.0,70.0,44.2,0,0,1
H1dh6Ax0Z,4,17.0,52.0,28.75,1,1,0
H1e-X64FDB,4,4.0,30.0,12.75,1,1,1
H1e0-30qKm,3,8.0,11.0,10.0,0,0,1
H1e0Wp4KvH,6,18.0,60.0,26.5,1,1,1
H1e31AEYwB,4,19.0,19.0,13.0,1,1,1
H1e3HlSFDr,6,11.0,113.0,39.5,0,0,1
H1e552VKPr,3,10.0,29.0,14.0,0,0,0
H1e572A5tQ,7,32.0,68.0,41.42857142857143,1,0,1
H1e5GJBtDr,4,24.0,33.0,26.5,1,1,1
H1e6ij0cKQ,3,22.0,42.0,31.333333333333332,0,0,0
H1eA7AEtvS,6,24.0,50.0,28.666666666666668,1,1,1
H1eCw3EKvH,4,15.0,22.0,11.75,0,0,0
H1eD7REtPr,4,9.0,36.0,14.5,0,0,1
H1eF3kStPS,6,20.0,137.0,48.333333333333336,1,0,1
H1eH4n09KX,2,6.0,20.0,13.0,0,0,1
H1eH9hNtwr,3,7.0,22.0,16.0,0,0,1
H1eJAANtvr,9,12.0,127.0,58.77777777777778,1,0,1
H1eJxngCW,4,19.0,30.0,21.5,0,0,0
H1eKT1SFvH,6,54.0,79.0,34.666666666666664,0,0,0
H1eMBn09Km,5,5.0,37.0,15.4,1,0,1
H1eNleBYwr,4,32.0,85.0,43.75,0,0,1
H1eRBoC9FX,4,28.0,112.0,55.75,1,0,1
H1eRI04KPB,3,28.0,125.0,69.66666666666667,1,0,1
H1eRYxHYPB,3,11.0,22.0,13.0,0,0,0
H1eSS3CcKX,4,26.0,26.0,15.5,0,0,1
H1eWGREFvB,3,64.0,64.0,27.0,0,0,1
H1eY00VFDB,5,11.0,31.0,13.4,1,1,1
H1e_cC4twS,3,21.0,86.0,61.666666666666664,0,0,0
H1ebTsActm,1,34.0,34.0,34.0,0,0,0
H1ebc0VYvH,4,23.0,71.0,27.75,0,0,1
H1edEyBKDS,8,10.0,32.0,15.5,1,0,1
H1edIiA9KQ,3,10.0,43.0,23.666666666666668,0,0,1
H1eiZnAqKm,3,3.0,33.0,13.0,0,0,0
H1emfT4twB,4,12.0,90.0,41.5,1,0,1
H1emus0qF7,4,30.0,112.0,65.0,1,1,1
H1enKkrFDB,3,8.0,89.0,39.0,1,0,0
H1eo9h4KPH,5,5.0,35.0,20.8,1,1,1
H1ep5TNKwr,2,6.0,6.0,5.0,0,0,0
H1eqQeHFDS,3,8.0,27.0,12.333333333333334,0,0,1
H1eqjiCctX,2,7.0,40.0,23.5,0,0,1
H1ersoRqtm,3,11.0,31.0,24.0,0,0,0
H1ervR4FwH,5,10.0,30.0,18.4,0,0,1
H1ewdiR5tQ,5,9.0,73.0,29.6,0,0,1
H1exf64KwH,2,11.0,37.0,24.0,1,1,1
H1ezFREtwH,6,14.0,36.0,17.666666666666668,1,0,1
H1f7S3C9YQ,5,25.0,168.0,59.8,0,0,1
H1fF0iR9KX,2,5.0,57.0,31.0,0,0,1
H1fU8iAqKX,10,39.0,66.0,33.2,1,0,1
H1fevoAcKX,5,7.0,71.0,21.4,0,0,0
H1g0Z3A9Fm,3,13.0,39.0,29.333333333333332,0,0,1
H1g0piA9tQ,3,64.0,64.0,28.666666666666668,0,0,0
H1g4M0EtPS,3,15.0,53.0,25.666666666666668,0,0,0
H1g4k309F7,6,9.0,22.0,16.333333333333332,0,0,1
H1g6osRcFQ,3,19.0,59.0,37.666666666666664,1,1,1
H1g79ySYvB,2,5.0,5.0,3.5,0,0,1
H1g8p1BYvS,7,33.0,76.0,35.285714285714285,1,0,1
H1gB4RVKvB,4,14.0,97.0,35.25,1,0,1
H1gBhkBFDH,1,21.0,21.0,21.0,1,0,0
H1gBsgBYwH,5,37.0,37.0,18.4,1,0,0
H1gCeyHFDS,8,13.0,46.0,22.5,1,0,1
H1gDNyrKDS,6,14.0,86.0,34.666666666666664,0,0,0
H1gDaa4YwS,2,6.0,29.0,17.5,0,0,0
H1gDgn0qY7,3,13.0,144.0,64.33333333333333,1,0,1
H1gEP6NFwr,5,4.0,45.0,22.6,1,0,0
H1gFuiA9KX,2,3.0,14.0,8.5,0,0,0
H1gKYo09tX,4,20.0,47.0,29.25,0,0,0
H1gL-2A9Ym,3,9.0,51.0,26.666666666666668,0,0,0
H1gMCsAqY7,5,38.0,142.0,58.75,0,0,0
H1gN6kSFwS,9,21.0,25.0,14.25,1,0,1
H1gNHs05FX,1,15.0,15.0,15.0,0,0,1
H1gR5iR5FX,4,7.0,101.0,45.0,1,1,1
H1gTEj09FX,4,17.0,106.0,46.5,1,0,1
H1gWyJBFDr,3,19.0,21.0,15.333333333333334,0,0,0
H1gZsJBYwH,2,8.0,29.0,18.5,0,0,0
H1gax6VtDB,3,24.0,86.0,40.333333333333336,0,0,0
H1gcw1HYPr,8,15.0,48.0,20.5,1,1,0
H1gdAC4KDB,7,6.0,73.0,33.42857142857143,1,0,1
H1gfFaEYDS,4,28.0,101.0,39.75,1,1,1
H1ggKyrYwB,3,22.0,74.0,38.0,0,0,0
H1gh_sC9tm,2,17.0,53.0,35.0,1,0,0
H1gmHaEKwB,5,4.0,28.0,15.6,1,0,1
H1gpET4YDB,6,22.0,60.0,33.333333333333336,0,0,1
H1gsz30cKX,3,15.0,38.0,29.333333333333332,1,0,1
H1guaREYPr,3,12.0,12.0,5.333333333333333,0,0,0
H1gx3kSKPS,3,15.0,77.0,37.333333333333336,0,0,1
H1gy1erYDH,8,1.0,16.0,5.25,0,0,0
H1gzR2VKDH,2,16.0,64.0,40.0,0,0,0
H1gz_nNYDS,2,38.0,142.0,90.0,0,0,0
H1gza2NtwH,6,7.0,41.0,19.333333333333332,1,0,1
H1kG7GZAW,3,62.0,62.0,32.666666666666664,0,0,1
H1l-SjA5t7,3,8.0,48.0,24.333333333333332,1,1,0
H1l2mxHKvr,3,3.0,39.0,16.0,0,0,0
H1l3s6NtvH,2,6.0,52.0,29.0,0,0,0
H1l7bnR5Ym,4,8.0,27.0,12.25,1,1,1
H1lBj2VFPS,5,13.0,31.0,17.8,0,0,1
H1lC8o0cKX,2,8.0,90.0,49.0,0,0,1
H1lDbaVYvH,6,20.0,112.0,40.0,1,1,1
H1lFsREYPS,5,5.0,36.0,12.4,0,0,1
H1lIzhC9FX,4,7.0,21.0,13.0,0,0,0
H1lJJnR5Ym,4,11.0,46.0,20.0,1,1,1
H1lJws05K7,3,7.0,66.0,33.666666666666664,1,1,1
H1lK5kBKvr,6,18.0,144.0,50.333333333333336,0,0,0
H1lK_lBtvS,2,4.0,18.0,11.0,0,0,0
H1lKd6NYPS,5,6.0,67.0,33.4,0,0,0
H1lNPxHKDH,4,14.0,55.0,36.25,1,1,1
H1lNb0NtPH,5,13.0,78.0,41.2,0,0,1
H1lOUeSFvB,4,7.0,33.0,13.25,0,0,1
H1lPUiRcYQ,3,22.0,27.0,22.0,0,0,0
H1lQIgrFDS,3,4.0,9.0,5.333333333333333,0,0,0
H1lQJ1HYwS,3,13.0,57.0,29.0,1,0,0
H1lS8oA5YQ,4,16.0,21.0,12.75,0,0,1
H1lTQ1rFvS,6,46.0,46.0,25.833333333333332,1,1,1
H1lTRJBtwB,10,16.0,56.0,24.8,1,1,1
H1lTUCVYvH,2,5.0,41.0,23.0,1,0,1
H1lUOsA9Fm,4,4.0,27.0,14.25,0,0,0
H1lWzpNKvr,5,3.0,10.0,3.6,0,0,1
H1lXCaVKvS,2,12.0,12.0,6.5,0,0,0
H1lZJpVFvr,5,9.0,73.0,35.8,1,0,1
H1l_0JBYwS,2,3.0,37.0,20.0,0,0,0
H1l_gA4KvH,7,13.0,36.0,20.0,1,0,1
H1lac2Vtwr,2,2.0,2.0,2.0,0,0,0
H1laeJrKDB,3,1.0,20.0,12.0,0,0,0
H1ldNoC9tX,3,7.0,73.0,50.0,0,0,0
H1ldzA4tPr,5,16.0,126.0,56.8,1,0,1
H1lefTEKDS,10,11.0,125.0,23.5,1,1,1
H1lhqpEYPr,4,6.0,44.0,26.5,0,0,1
H1livgrFvr,3,2.0,20.0,7.666666666666667,0,0,0
H1lj0nNFwB,3,3.0,50.0,23.0,0,0,0
H1lmhaVtvr,4,9.0,112.0,36.75,1,1,1
H1lmyRNFvr,4,20.0,117.0,53.5,1,0,1
H1lnJ2Rqt7,7,29.0,85.0,40.42857142857143,1,0,1
H1lo3sC9KX,5,3.0,13.0,6.4,0,0,0
H1loF2NFwr,5,14.0,60.0,27.2,0,0,0
H1lqZhRcFm,3,62.0,62.0,29.0,0,0,1
H1ls_eSKPH,4,2.0,24.0,10.75,0,0,0
H1ltQ3R9KQ,10,17.0,87.0,28.5,1,1,1
H1lug3R5FX,2,7.0,17.0,12.0,1,0,1
H1lxVyStPH,4,15.0,149.0,51.0,0,0,0
H1mCp-ZRZ,6,8.0,46.0,24.833333333333332,1,1,1
H1meywxRW,3,69.0,78.0,61.0,0,0,1
H1q-TM-AW,4,12.0,65.0,27.25,1,0,1
H1rRWl-Cb,6,19.0,56.0,28.333333333333332,1,1,1
H1sUHgb0Z,3,11.0,57.0,37.666666666666664,1,0,1
H1tSsb-AW,8,16.0,125.0,46.625,1,1,1
H1uP7ebAW,6,8.0,8.0,4.833333333333333,0,0,0
H1uR4GZRZ,7,4.0,57.0,24.285714285714285,1,1,1
H1vEXaxA-,4,19.0,94.0,56.25,1,0,1
H1wt9x-RW,3,13.0,125.0,60.0,1,1,1
H1x-3xSKDr,5,5.0,42.0,16.2,1,1,1
H1x-x309tm,4,21.0,58.0,33.75,0,0,1
H1x1noAqKX,4,8.0,19.0,11.0,0,0,0
H1x3SnAcYQ,6,1.0,52.0,25.5,1,0,0
H1x5wRVtvS,5,38.0,40.0,27.8,0,0,0
H1x9004YPr,7,4.0,33.0,13.0,0,0,0
H1xAH2RqK7,5,24.0,90.0,43.8,1,1,1
H1xEtoRqtQ,6,8.0,101.0,31.5,1,1,1
H1xEwsR9FX,2,8.0,82.0,45.0,1,0,0
H1xFWgrFPS,4,6.0,32.0,22.5,0,0,1
H1xJhJStPS,5,9.0,185.0,59.4,0,0,1
H1xKBCEYDr,4,9.0,53.0,20.75,0,0,0
H1xQVn09FX,6,29.0,64.0,28.833333333333332,1,0,1
H1xSNiRcF7,5,67.0,67.0,28.0,1,1,1
H1xTup4KPr,6,17.0,78.0,30.666666666666668,1,1,0
H1xmqiAqFm,2,7.0,26.0,16.5,0,0,0
H1xsSjC9Ym,7,26.0,101.0,34.714285714285715,1,1,1
H1xscnEKDr,3,15.0,38.0,21.333333333333332,0,0,1
H1z-PsR5KX,6,5.0,66.0,31.0,0,0,0
H1zeHnA9KX,6,5.0,99.0,27.5,1,1,1
H1zriGeCZ,3,47.0,47.0,34.666666666666664,0,0,1
HJ1HFlZAb,4,15.0,29.0,13.75,0,0,0
HJ3d2Ax0-,3,15.0,51.0,26.0,0,0,1
HJ4IhxZAb,4,5.0,67.0,25.75,0,0,0
HJ94fqApW,4,27.0,68.0,43.25,0,0,1
HJBhEMbRb,3,13.0,82.0,35.333333333333336,1,0,1
HJC2SzZCW,5,19.0,50.0,25.0,1,1,1
HJCXZQbAZ,2,17.0,41.0,29.0,1,0,1
HJDV5YxCW,3,5.0,62.0,36.0,1,1,1
HJG0ojCcFm,9,34.0,51.0,31.333333333333332,1,1,1
HJG7m2AcF7,4,5.0,45.0,21.75,0,0,0
HJGXzmspb,4,17.0,55.0,36.0,0,0,0
HJGcNz-0W,3,18.0,103.0,47.666666666666664,1,1,1
HJGkisCcKm,4,3.0,62.0,26.75,0,0,0
HJGtFoC5Fm,4,17.0,41.0,25.0,1,0,1
HJGv1Z-AW,4,31.0,46.0,33.0,1,1,1
HJGven05Y7,3,12.0,46.0,24.666666666666668,1,0,0
HJIoJWZCZ,4,25.0,75.0,42.75,0,0,1
HJJ0w--0W,4,30.0,57.0,36.75,0,0,1
HJJ23bW0b,3,26.0,32.0,23.0,0,0,0
HJMC_iA5tm,6,9.0,86.0,38.666666666666664,1,1,1
HJMCcjAcYX,3,15.0,35.0,26.0,0,0,0
HJMCdsC5tX,4,1.0,28.0,10.75,0,0,0
HJMHpjC9Ym,5,24.0,49.0,25.2,1,1,1
HJMRvsAcK7,6,13.0,13.0,9.0,0,0,1
HJMXus0ct7,5,28.0,39.0,21.0,1,0,1
HJMghjA9YX,3,3.0,25.0,9.666666666666666,0,0,0
HJMjW3RqtX,11,18.0,59.0,22.545454545454547,1,1,1
HJNJws0cF7,3,6.0,27.0,16.333333333333332,1,1,1
HJNMYceCW,3,61.0,63.0,44.333333333333336,0,0,1
HJOQ7MgAW,4,43.0,83.0,44.75,1,0,1
HJRV1ZZAW,5,21.0,76.0,32.6,1,0,1
HJSA_e1AW,4,58.0,58.0,37.25,0,0,0
HJUOHGWRb,3,20.0,97.0,43.333333333333336,0,0,1
HJWGdbbCW,11,45.0,59.0,29.727272727272727,1,1,1
HJWLfGWRb,3,138.0,138.0,55.0,1,1,1
HJXyS7bRb,4,33.0,121.0,57.25,0,0,0
HJZiRkZC-,2,27.0,119.0,73.0,0,0,1
HJ_X8GupW,1,2.0,2.0,2.0,0,0,0
HJ_aoCyRZ,6,18.0,73.0,32.833333333333336,0,0,1
HJaDJZ-0W,3,26.0,29.0,21.333333333333332,0,0,0
HJcSzz-CZ,8,24.0,115.0,40.5,1,1,1
HJcjQTJ0W,5,34.0,65.0,34.4,0,0,1
HJdXGy1RW,4,27.0,50.0,33.75,1,0,1
HJe-blSYvH,5,10.0,69.0,33.0,1,0,0
HJe-oRVtPB,5,17.0,76.0,40.0,1,0,1
HJe4Cp4KwH,1,31.0,31.0,31.0,0,0,0
HJe62s09tX,4,3.0,61.0,35.75,1,1,1
HJe6uANtwH,4,18.0,90.0,36.0,1,1,1
HJe7bxBYvr,2,7.0,19.0,13.0,1,0,1
HJe88xBKPr,4,8.0,18.0,14.0,0,0,1
HJe9cR4KvB,6,4.0,54.0,27.0,1,0,1
HJeABnCqKQ,4,13.0,84.0,43.5,1,1,0
HJeB0sC9Fm,3,8.0,45.0,21.666666666666668,0,0,0
HJeEP04KDH,6,13.0,43.0,18.833333333333332,1,1,1
HJeKCi0qYX,3,10.0,65.0,27.333333333333332,0,0,1
HJeO7RNKPr,2,14.0,54.0,34.0,1,0,1
HJeOekHKwr,3,6.0,44.0,23.0,0,0,0
HJePno0cYm,7,31.0,121.0,62.57142857142857,1,0,1
HJePy3RcF7,4,40.0,67.0,37.5,0,0,1
HJeQbnA5tm,4,6.0,35.0,13.25,0,0,0
HJeRkh05Km,5,24.0,72.0,44.6,0,0,1
HJeRm3Aqt7,3,11.0,52.0,35.333333333333336,0,0,0
HJeRveHKDH,3,15.0,42.0,25.333333333333332,1,1,1
HJeT3yrtDr,4,4.0,86.0,33.25,0,0,1
HJeTo2VFwH,4,17.0,101.0,55.0,1,0,1
HJeVnCEKwH,5,8.0,45.0,23.0,0,0,0
HJeYSxHFDS,3,5.0,28.0,17.0,0,0,1
HJe_Z04Yvr,2,14.0,22.0,18.0,0,0,0
HJe_yR4Fwr,2,17.0,38.0,27.5,1,0,1
HJeg46EKPr,7,9.0,138.0,30.571428571428573,0,0,0
HJehSnCcFX,3,15.0,51.0,25.333333333333332,0,0,1
HJeiDpVFPr,4,9.0,37.0,15.0,0,0,0
HJekvT4twr,2,8.0,8.0,4.5,0,0,0
HJel76NYPS,4,25.0,68.0,39.5,0,0,0
HJem3yHKwH,3,8.0,70.0,38.333333333333336,0,0,1
HJemQJBKDr,4,21.0,67.0,31.0,0,0,1
HJenn6VFvB,6,12.0,40.0,16.166666666666668,1,1,1
HJepXaVYDr,4,12.0,35.0,21.75,0,0,0
HJeqhA4YDS,2,27.0,27.0,27.0,0,0,1
HJeu43ActQ,3,11.0,31.0,18.666666666666668,0,0,0
HJeuOiRqKQ,4,10.0,28.0,20.75,1,1,1
HJew70NYvH,5,22.0,24.0,17.4,1,1,1
HJewiCVFPB,6,25.0,112.0,45.833333333333336,0,0,0
HJewxlHFwH,6,25.0,49.0,20.0,0,0,1
HJex0o05F7,5,18.0,33.0,17.2,0,0,0
HJezF3VYPB,4,17.0,75.0,34.25,0,0,1
HJf9ZhC9FX,2,11.0,72.0,41.5,1,0,1
HJfSEnRqKQ,4,15.0,79.0,49.0,1,0,1
HJflg30qKX,2,20.0,20.0,19.5,0,0,0
HJfwJ2A5KX,5,11.0,122.0,39.6,0,0,0
HJfxbhR9KQ,2,7.0,25.0,16.0,0,0,1
HJg1NTGZRZ,4,13.0,42.0,19.5,0,0,1
HJg2b0VYDr,8,17.0,137.0,47.0,1,0,1
HJg3HyStwB,6,11.0,45.0,17.833333333333332,0,0,1
HJg4qxSKPB,4,8.0,99.0,31.75,0,0,1
HJg6VREFDH,3,14.0,21.0,13.0,0,0,0
HJg6e2CcK7,3,15.0,44.0,28.666666666666668,0,0,0
HJgBA2VYwH,3,39.0,39.0,34.0,1,0,0
HJgC60EtwB,10,22.0,48.0,22.9,1,1,1
HJgCF0VFwr,5,11.0,100.0,32.6,0,0,1
HJgCcCNtwH,2,9.0,18.0,13.5,0,0,1
HJgEMpVFwB,6,9.0,112.0,37.666666666666664,1,0,1
HJgExaVtwr,3,19.0,86.0,61.0,0,0,0
HJgFW6EKvH,3,13.0,29.0,18.0,0,0,1
HJgJS30qtm,4,5.0,30.0,15.5,0,0,0
HJgJtT4tvB,4,22.0,111.0,40.0,0,0,0
HJgK0h4Ywr,2,,35.0,35.0,0,0,0
HJgKYlSKvr,3,13.0,45.0,20.666666666666668,1,1,0
HJgLLyrYwB,2,6.0,46.0,26.0,1,1,1
HJgLZR4KvH,5,14.0,112.0,40.8,0,0,1
HJgOl3AqY7,3,6.0,22.0,11.333333333333334,0,0,0
HJgRCyHFDr,4,14.0,45.0,26.25,1,0,1
HJgS7p4FPH,3,4.0,56.0,27.0,1,1,1
HJgSwyBKvr,5,12.0,65.0,39.0,1,0,1
HJgVisRqtX,3,27.0,27.0,16.0,1,1,1
HJgXsjA5tQ,3,17.0,56.0,26.666666666666668,0,0,0
HJg_ECEKDr,5,15.0,60.0,34.2,1,0,1
HJgcvJBFvB,4,25.0,84.0,40.25,0,0,0
HJgcw0Etwr,1,35.0,35.0,35.0,0,0,0
HJgd1nAqFX,3,3.0,37.0,18.333333333333332,0,0,0
HJgdo6VFPH,3,5.0,20.0,10.333333333333334,1,1,1
HJgepaNtDS,2,5.0,51.0,28.0,0,0,1
HJgfDREKDB,4,20.0,41.0,25.75,1,0,1
HJgpugrKPS,3,6.0,54.0,20.666666666666668,0,0,0
HJguLo0cKQ,6,34.0,101.0,36.0,1,1,1
HJgzt2VKPB,2,26.0,79.0,52.5,0,0,1
HJhIM0xAW,5,13.0,61.0,37.8,1,1,1
HJjvxl-Cb,4,14.0,125.0,65.75,1,1,1
HJl0jiRqtX,6,17.0,49.0,25.166666666666668,1,1,0
HJl8AaVFwB,4,15.0,89.0,33.0,0,0,0
HJl8SgHtwr,3,1.0,34.0,17.333333333333332,0,0,0
HJl8_eHYvS,5,9.0,52.0,27.6,1,1,0
HJlA0C4tPS,4,26.0,65.0,38.25,1,0,1
HJlLKjR9FQ,4,95.0,95.0,42.75,0,0,1
HJlMkTNYvH,2,10.0,22.0,16.0,0,0,0
HJlNpoA5YQ,3,19.0,35.0,28.0,1,1,1
HJlPC6NKDH,4,1.0,10.0,5.0,0,0,0
HJlP_pEFPH,4,2.0,17.0,7.25,0,0,0
HJlQ96EtPr,6,36.0,36.0,11.5,0,0,0
HJlQfnCqKX,4,12.0,82.0,38.25,1,1,1
HJlRFlHFPS,4,15.0,58.0,33.75,1,0,1
HJlSmC4FPS,4,10.0,84.0,29.75,0,0,1
HJlU-AVtvS,2,21.0,21.0,20.0,1,1,1
HJlWIANtPH,3,13.0,75.0,43.333333333333336,0,0,0
HJlWWJSFDH,7,25.0,137.0,63.57142857142857,1,0,1
HJlXC3EtwB,3,35.0,36.0,35.333333333333336,0,0,1
HJlY_6VKDr,5,9.0,53.0,28.4,1,1,1
HJlfAo09KX,3,5.0,36.0,25.0,0,0,1
HJlfuTEtvB,5,5.0,39.0,22.4,0,0,1
HJli2hNKDH,5,13.0,35.0,19.8,1,1,1
HJlk-eHFwH,5,9.0,22.0,10.6,0,0,1
HJlmHoR5tQ,3,14.0,36.0,27.333333333333332,0,0,1
HJlmhs05tm,4,8.0,185.0,74.0,1,0,1
HJlnC1rKPB,3,8.0,45.0,24.666666666666668,0,0,1
HJloElBYvB,2,14.0,17.0,15.5,0,0,0
HJluEeHKwH,2,26.0,26.0,23.5,0,0,0
HJlxIJBFDr,3,43.0,52.0,33.0,0,0,1
HJlyLgrFvB,2,8.0,35.0,21.5,0,0,0
HJlzxgBtwH,2,14.0,56.0,35.0,0,0,0
HJnQJXbC-,7,22.0,38.0,19.857142857142858,1,1,1
HJoYD6gC-,8,39.0,54.0,27.0,0,0,1
HJsjkMb0Z,3,17.0,17.0,14.0,0,1,1
HJtEm4p6Z,8,26.0,36.0,20.625,0,0,1
HJvvRoe0W,5,9.0,29.0,17.8,1,0,0
HJx-3grYDB,4,9.0,39.0,20.0,0,0,1
HJx-akSKPS,6,20.0,50.0,27.5,0,0,0
HJx38iC5KX,3,7.0,16.0,11.0,0,0,0
HJx4KjRqYQ,3,8.0,99.0,48.666666666666664,1,0,0
HJx4PAEYDH,4,39.0,70.0,43.5,0,0,1
HJx7l309Fm,2,11.0,63.0,37.0,0,0,0
HJx7uJStPH,4,18.0,69.0,32.0,0,0,0
HJx81ySKwr,4,5.0,7.0,5.25,0,0,0
HJx8HANFDH,2,5.0,20.0,12.5,0,0,0
HJx9EhC9tQ,6,16.0,115.0,79.0,1,0,1
HJxB5sRcFQ,5,24.0,65.0,36.25,0,0,1
HJxDugSFDB,4,13.0,125.0,65.5,1,0,1
HJxEhREKDH,3,25.0,52.0,38.666666666666664,1,1,1
HJxJ2h4tPr,10,5.0,185.0,29.5,1,0,1
HJxJdp4YvS,4,7.0,89.0,30.5,1,0,1
HJxK5pEYvr,4,10.0,50.0,30.0,0,0,1
HJxKhyStPH,5,15.0,53.0,20.8,0,0,0
HJxMYANtPH,2,12.0,37.0,24.5,0,0,1
HJxNAnVtDS,5,67.0,67.0,25.6,1,0,1
HJxV-ANKDH,3,21.0,48.0,35.666666666666664,0,0,1
HJxVC1SYwr,4,9.0,17.0,8.0,0,0,0
HJxWl0NKPB,3,44.0,44.0,31.333333333333332,0,0,0
HJxcP2EFDS,1,2.0,2.0,2.0,0,0,0
HJxdAoCcYX,6,30.0,53.0,31.0,0,0,1
HJxdTxHYvB,3,7.0,46.0,22.333333333333332,0,1,1
HJxfm2CqKm,3,11.0,98.0,47.333333333333336,0,0,0
HJxhUpVKDr,4,12.0,167.0,52.5,1,1,0
HJxhWa4KDr,4,20.0,26.0,17.75,0,0,0
HJxiMAVtPH,3,17.0,25.0,17.333333333333332,0,0,0
HJxnM1rFvr,5,4.0,91.0,47.2,1,1,1
HJxp9kBFDS,3,4.0,17.0,10.0,0,0,0
HJxpDiC5tX,16,12.0,59.0,17.533333333333335,1,1,1
HJxrVA4FDS,4,26.0,97.0,35.25,1,0,1
HJxwvCEFvH,2,2.0,185.0,93.5,0,0,0
HJxyAjRcFX,3,15.0,45.0,22.0,0,0,0
HJxyZkBKDr,2,32.0,139.0,85.5,0,0,0
HJz05o0qK7,1,37.0,37.0,37.0,0,0,0
HJz6tiCqYm,1,41.0,41.0,41.0,0,0,1
HJzLdjR9FX,3,36.0,36.0,15.333333333333334,0,0,0
HJzgZ3JCW,4,13.0,94.0,44.5,1,0,1
Hk-FlMbAZ,4,20.0,70.0,28.5,0,0,1
Hk0wHx-RW,4,6.0,46.0,15.5,0,0,0
Hk2MHt-3-,3,6.0,18.0,9.333333333333334,0,0,0
Hk2aImxAb,6,62.0,76.0,39.0,1,0,1
Hk3ddfWRW,7,26.0,26.0,10.714285714285714,0,0,0
Hk41X2AqtQ,6,30.0,88.0,51.5,1,0,1
Hk4dFjR5K7,3,9.0,10.0,7.0,1,0,0
Hk4fpoA5Km,5,25.0,112.0,37.6,0,0,0
Hk5elxbRW,3,8.0,164.0,68.33333333333333,1,0,0
Hk6WhagRW,6,14.0,46.0,31.5,1,1,1
Hk6kPgZA-,4,13.0,53.0,24.75,1,0,1
Hk91SGWR-,5,13.0,101.0,54.8,1,0,1
Hk99zCeAb,4,38.0,44.0,40.75,1,1,0
Hk9Xc_lR-,5,36.0,71.0,38.6,1,1,1
HkAClQgA-,3,7.0,78.0,51.333333333333336,0,0,1
HkCsm6lRb,4,15.0,56.0,31.25,0,0,1
HkCvZXbC-,2,4.0,30.0,17.0,0,0,1
HkElFj0qYQ,4,5.0,22.0,8.0,0,0,1
HkG3e205K7,4,35.0,35.0,23.25,1,0,0
HkGGfhC5Y7,4,15.0,28.0,19.75,1,1,1
HkGJUXb0-,3,44.0,108.0,74.0,0,0,0
HkGSniC9FQ,2,9.0,26.0,17.5,0,0,0
HkGTwjCctm,4,4.0,17.0,9.25,0,0,1
HkGcX--0-,2,19.0,52.0,35.5,0,0,0
HkGmDsR9YQ,3,2.0,48.0,22.333333333333332,0,0,0
HkGzUjR5tQ,6,53.0,53.0,35.833333333333336,0,0,1
HkJ1rgbCb,4,18.0,92.0,64.0,1,0,1
HkL7n1-0b,4,13.0,140.0,61.5,1,1,1
HkM3vjCcF7,3,12.0,17.0,10.333333333333334,0,0,0
HkMCybx0-,5,2.0,8.0,3.0,0,0,0
HkMhoDITb,6,5.0,9.0,6.5,0,0,0
HkMvEOlAb,2,8.0,19.0,13.5,0,0,1
HkMwHsCctm,3,40.0,40.0,28.333333333333332,0,0,0
HkNDsiC9KQ,4,17.0,50.0,27.0,0,0,1
HkNGYjR9FX,5,12.0,47.0,18.0,1,0,1
HkNGsseC-,2,12.0,51.0,31.5,0,0,1
HkPCrEZ0Z,7,16.0,185.0,52.714285714285715,0,0,0
HkTEFfZRb,3,5.0,42.0,22.333333333333332,0,0,1
HkUR_y-RZ,4,11.0,32.0,20.25,0,0,0
HkXWCMbRW,6,5.0,167.0,53.333333333333336,1,0,0
HkZy-bW0-,3,37.0,86.0,53.333333333333336,0,0,0
HkbJTYyAb,3,36.0,63.0,45.333333333333336,0,0,0
Hkbd5xZRb,4,28.0,86.0,35.5,0,0,0
HkbmWqxCZ,5,9.0,86.0,40.8,1,1,0
Hkc-TeZ0W,6,24.0,121.0,38.833333333333336,1,0,1
HkcTe-bR-,7,23.0,35.0,18.714285714285715,1,0,1
Hke-JhA9Y7,5,23.0,101.0,28.6,0,0,1
Hke-WTVtwr,6,29.0,48.0,24.833333333333332,0,0,0
Hke0K1HKwr,3,12.0,12.0,12.0,0,0,0
Hke0V1rKPS,4,12.0,81.0,40.5,0,0,1
Hke0lRNYwS,3,7.0,61.0,40.0,0,0,1
Hke12T4KPS,5,10.0,89.0,33.8,1,0,0
Hke20iA9Y7,8,17.0,114.0,37.125,1,1,1
Hke3gyHYwH,3,15.0,28.0,23.333333333333332,0,0,0
Hke4l2AcKQ,3,26.0,96.0,47.0,0,0,1
HkeAepVKDH,6,28.0,39.0,18.666666666666668,1,0,1
HkeGhoA5FX,5,58.0,85.0,46.0,1,0,1
HkeJzANFwS,6,27.0,59.0,30.5,0,0,1
HkeKVh05Fm,9,20.0,168.0,42.666666666666664,0,0,1
HkeO104tPB,3,7.0,68.0,27.0,1,0,1
HkePNpVKPB,5,25.0,52.0,24.6,0,0,0
HkePOCNtPH,8,1.0,27.0,8.875,0,0,1
HkeQ6ANYDB,3,8.0,23.0,12.333333333333334,0,0,1
HkeSdCEtDS,4,20.0,51.0,30.75,0,0,1
HkeWSnR5Y7,5,38.0,47.0,25.4,0,0,1
HkeZQJBKDB,3,8.0,8.0,4.666666666666667,0,0,0
HkedQp4tPr,5,18.0,82.0,32.8,1,1,1
HkeeITEYDr,6,4.0,46.0,19.333333333333332,0,0,0
Hkeh21BKPH,5,4.0,35.0,17.2,0,0,0
HkehD3VtvS,6,12.0,51.0,24.333333333333332,1,0,1
HkejNgBtPB,5,3.0,47.0,23.4,0,0,0
HkekMnR5Ym,3,23.0,60.0,32.0,1,1,0
Hkekl0NFPr,4,20.0,51.0,23.5,1,0,1
Hkem-lrtvH,4,11.0,55.0,20.5,1,1,0
Hkemdj09YQ,6,7.0,12.0,6.5,0,0,1
HkeoOo09YX,3,21.0,39.0,29.666666666666668,0,0,0
HkepKG-Rb,5,7.0,33.0,16.2,0,0,1
Hkesr205t7,3,17.0,47.0,26.666666666666668,0,0,0
HketzTNYwS,4,24.0,78.0,47.75,0,0,1
HkeuD34KPH,4,14.0,68.0,30.5,0,0,1
Hkex2a4FPr,3,16.0,27.0,18.666666666666668,0,0,0
Hkexw1BtDr,3,43.0,43.0,31.0,0,0,0
Hkf2_sC5FX,4,10.0,57.0,36.75,0,0,0
HkfPSh05K7,4,34.0,36.0,25.25,0,0,1
HkfXMz-Ab,4,13.0,33.0,16.5,1,1,1
HkfYOoCcYX,4,8.0,36.0,22.25,0,0,0
Hkfmn5n6W,2,37.0,37.0,26.5,1,1,0
Hkg-xgrYvH,7,10.0,63.0,22.857142857142858,1,1,0
Hkg1YiAcK7,5,13.0,66.0,27.6,1,0,0
Hkg313AcFX,4,7.0,26.0,12.0,0,0,1
Hkg4W2AcFm,1,16.0,16.0,16.0,0,0,0
Hkg5lAEtvS,5,11.0,30.0,19.6,1,0,1
Hkg9HgBYwH,5,10.0,29.0,16.6,1,1,1
HkgAJxrYwr,4,3.0,46.0,21.25,0,0,1
HkgB2TNYPS,3,8.0,81.0,33.333333333333336,0,0,0
HkgDTiCctQ,4,26.0,73.0,37.25,0,0,0
HkgEQnRqYQ,4,21.0,55.0,37.75,0,0,0
HkgFDgSYPH,3,19.0,125.0,62.0,1,1,1
HkgH0TEYwH,7,14.0,111.0,34.57142857142857,1,0,0
HkgHk3RctX,9,11.0,62.0,15.0,1,1,1
HkgMxkHtPH,5,21.0,21.0,11.0,0,0,0
HkgNdt26Z,5,9.0,9.0,6.0,0,0,1
HkgSEnA5KQ,8,9.0,125.0,42.5,1,0,1
HkgSk2A9Y7,4,11.0,44.0,23.75,0,0,1
HkgTTh4FDH,4,10.0,55.0,25.0,0,0,1
HkgTkhRcKQ,6,11.0,78.0,32.166666666666664,1,1,0
HkgaETNtDB,3,3.0,64.0,26.666666666666668,0,0,1
HkgeGeBYDB,7,150.0,150.0,35.857142857142854,0,0,1
HkghoaNYPB,3,7.0,53.0,31.666666666666668,0,0,0
HkgmzhC5F7,7,4.0,32.0,12.857142857142858,0,0,0
HkgnpiR9Y7,2,7.0,24.0,15.5,0,0,0
HkgqFiAcFm,4,5.0,35.0,18.25,0,0,1
HkgqmyrYDH,2,1.0,1.0,1.0,0,0,0
HkgrZ0EYwB,3,23.0,69.0,52.666666666666664,0,0,0
Hkgs3aNYDS,3,35.0,35.0,20.0,0,0,1
HkgsPhNYPS,6,7.0,86.0,20.333333333333332,0,0,0
HkgsUJrtDB,4,3.0,32.0,16.75,0,0,1
HkgsWxrtPB,4,6.0,84.0,27.75,0,0,1
HkgtJRVFPS,4,19.0,60.0,30.75,1,0,0
HkgxW0EYDS,4,5.0,31.0,17.0,1,1,1
HkgxasA5Ym,5,20.0,60.0,29.8,1,1,1
HkgxheBFDS,5,17.0,59.0,26.8,1,1,1
Hki-ZlbA-,4,46.0,73.0,45.0,1,0,1
HkjL6MiTb,3,2.0,69.0,27.0,1,0,1
Hkl-di09FQ,6,9.0,31.0,19.666666666666668,0,0,1
Hkl1iRNFwS,3,20.0,28.0,24.0,0,0,1
Hkl4EANFDH,3,17.0,65.0,27.666666666666668,1,0,1
Hkl5aoR5tm,4,52.0,52.0,41.25,1,1,1
Hkl6i0EFPH,6,11.0,51.0,20.5,0,0,1
Hkl9JlBYvr,7,17.0,55.0,26.142857142857142,1,1,1
HklAhi09Y7,5,3.0,74.0,25.2,1,0,1
HklBjCEKvH,5,15.0,86.0,53.4,1,0,1
HklCmaVtPS,4,12.0,56.0,30.75,0,0,0
HklE01BYDB,6,21.0,76.0,40.0,1,0,1
HklFUlBKPB,2,21.0,74.0,47.5,0,0,0
HklJdaNYPH,5,17.0,61.0,40.4,1,1,1
HklKWhC5F7,4,2.0,33.0,14.5,1,0,0
HklKui0ct7,6,3.0,38.0,18.5,0,0,1
HklOo0VFDH,3,1.0,45.0,27.333333333333332,1,1,1
HklQYxBKwS,3,20.0,20.0,14.666666666666666,0,0,1
HklQxnC5tX,2,10.0,51.0,30.5,1,1,1
HklRKpEKDr,3,12.0,52.0,25.0,1,0,0
HklRwaEKwB,2,19.0,19.0,18.0,0,0,1
HklSeREtPB,4,11.0,14.0,9.0,1,0,1
HklSf3CqKm,3,20.0,28.0,18.333333333333332,0,0,1
HklUCCVKDB,4,12.0,139.0,59.0,1,1,1
HklVMnR5tQ,2,18.0,18.0,15.5,0,0,0
HklXn1BKDH,5,23.0,90.0,32.0,0,0,0
HklY120cYm,3,26.0,26.0,19.666666666666668,0,0,0
HklZOfW0W,4,13.0,27.0,17.0,1,0,1
HklZUpEtvr,4,8.0,66.0,22.25,0,0,0
Hkl_bCVKDr,2,7.0,26.0,16.5,0,0,0
Hkla1eHFvS,6,21.0,112.0,59.166666666666664,1,0,1
Hklcm0VYDS,2,17.0,24.0,20.5,0,0,1
HkldyTNYwH,6,8.0,57.0,25.666666666666668,0,0,1
Hklgis0cF7,3,9.0,49.0,28.666666666666668,0,0,1
HkliveStvH,5,3.0,55.0,21.6,1,0,1
HkljioCcFQ,5,87.0,87.0,48.8,0,0,1
HklkeR4KPB,7,18.0,50.0,35.285714285714285,1,1,1
HklliySFDS,3,12.0,24.0,16.0,0,0,0
HklnzhR9YQ,2,10.0,10.0,6.0,0,0,0
HklpCzC6-,5,23.0,185.0,49.4,0,0,0
Hklso24Kwr,3,12.0,43.0,25.0,0,0,0
HklvmlrKPB,4,6.0,79.0,29.25,0,0,1
HklxbgBKvr,6,13.0,66.0,26.5,1,1,1
HklyMhCqYQ,3,42.0,144.0,63.666666666666664,1,0,1
Hklz71rYvS,4,11.0,57.0,24.25,0,0,1
HkmaTz-0W,5,17.0,49.0,29.4,1,1,1
Hkn7CBaTW,7,2.0,50.0,28.142857142857142,1,1,1
HknbyQbC-,6,35.0,119.0,49.166666666666664,1,0,1
Hko85plCW,2,33.0,48.0,40.5,0,0,0
Hkp3uhxCW,3,13.0,93.0,44.666666666666664,0,0,0
HkpRBFxRb,4,10.0,37.0,14.0,0,0,1
HkpYwMZRb,3,6.0,119.0,62.666666666666664,1,0,1
Hksj2WWAW,3,7.0,68.0,36.333333333333336,0,0,1
HktJec1RZ,5,25.0,84.0,34.0,1,1,1
HktK4BeCZ,5,14.0,77.0,36.6,0,0,1
HktRlUlAZ,4,13.0,64.0,32.75,1,0,1
HkuGJ3kCb,2,7.0,50.0,28.5,1,0,1
HkwBEMWCZ,2,14.0,26.0,20.0,1,0,1
HkwVAXyCW,5,15.0,40.0,27.4,1,1,1
HkwZSG-CZ,4,64.0,90.0,65.75,1,0,1
Hkx-ii05FQ,2,1.0,56.0,28.5,0,0,0
Hkx1qkrKPr,4,42.0,76.0,49.75,0,0,1
Hkx3ElHYwS,2,6.0,8.0,7.0,0,0,0
Hkx6hANtwH,4,6.0,40.0,20.0,0,0,1
Hkx6p6EFDr,3,5.0,5.0,5.0,0,0,0
Hkx7_1rKwS,3,8.0,37.0,20.0,0,0,0
HkxARkrFwB,3,6.0,7.0,6.333333333333333,0,0,1
HkxAisC9FQ,3,7.0,26.0,12.333333333333334,0,0,0
HkxBJT4YvB,2,6.0,64.0,35.0,1,1,0
HkxCEhAqtQ,2,11.0,28.0,19.5,1,0,1
HkxCcJHtPr,6,9.0,37.0,18.5,0,0,1
HkxCzeHFDB,5,25.0,60.0,34.2,1,1,1
HkxDheHFDr,2,8.0,65.0,36.5,1,0,0
HkxF5RgC-,5,5.0,12.0,6.6,1,1,1
HkxJHlrFvr,7,17.0,88.0,40.714285714285715,1,0,1
HkxJpnVtPr,4,14.0,29.0,16.75,1,0,0
HkxKH2AcFm,3,14.0,48.0,26.333333333333332,0,0,0
HkxLXnAcFQ,5,10.0,60.0,34.4,0,0,1
HkxMG209K7,5,15.0,131.0,50.4,1,1,1
HkxQRTNYPH,6,11.0,47.0,30.5,0,0,0
HkxStoC5F7,5,23.0,49.0,27.0,1,1,0
HkxTwkrKDB,2,6.0,44.0,25.0,0,0,0
HkxU2pNYPH,4,7.0,31.0,19.0,1,1,1
HkxWXkStDB,5,12.0,50.0,27.8,1,1,1
HkxYzANYDB,7,8.0,126.0,70.0,1,1,1
HkxZigSYwS,4,7.0,73.0,40.25,0,0,1
HkxaFoC9KQ,16,15.0,93.0,37.625,1,1,1
HkxcUxrFPS,5,12.0,58.0,18.4,0,0,1
Hkxi2gHYvH,3,16.0,125.0,49.333333333333336,1,0,1
HkxjYoCqKX,5,18.0,86.0,33.4,0,0,0
HkxjqxBYDB,4,8.0,31.0,19.25,0,0,1
HkxlcnVFwB,4,29.0,51.0,28.25,0,0,0
HkxnclHKDr,5,80.0,80.0,40.2,1,0,1
Hkxp3JHtPr,3,2.0,26.0,13.0,1,0,1
Hkxvl0EtDH,3,15.0,37.0,27.0,0,0,0
Hkxx3o0qFX,4,7.0,30.0,18.25,0,0,1
Hkxzx0NtDB,6,14.0,46.0,28.5,1,1,1
HkzOWnActX,4,7.0,27.0,12.75,1,1,1
HkzRQhR9YX,4,5.0,33.0,24.25,0,0,1
HkzSQhCcK7,2,13.0,13.0,13.0,0,0,1
HkzZBi0cFQ,5,45.0,45.0,16.6,0,0,0
Hy1d-ebAb,5,35.0,93.0,60.8,1,1,0
Hy6GHpkCW,2,14.0,40.0,27.0,0,0,0
Hy7EPh10W,2,15.0,17.0,16.0,1,1,1
Hy7fDog0b,3,5.0,53.0,28.333333333333332,1,1,1
HyBbjW-RW,3,23.0,85.0,43.333333333333336,1,0,1
HyDAQl-AW,1,7.0,7.0,7.0,0,0,0
HyDMX0l0Z,3,1.0,28.0,11.0,0,0,0
HyDu7FgAW,1,4.0,4.0,4.0,0,0,0
HyEi7bWR-,3,3.0,23.0,10.666666666666666,0,0,1
HyEl3o05Fm,6,13.0,125.0,61.166666666666664,1,0,1
HyEtjoCqFX,3,11.0,16.0,12.333333333333334,1,1,0
HyFaiGbCW,3,10.0,46.0,29.0,0,0,1
HyG1_j0cYQ,7,34.0,73.0,43.142857142857146,0,0,0
HyGBdo0qFm,3,32.0,32.0,21.333333333333332,0,0,1
HyGDdsCcFQ,4,10.0,52.0,33.75,1,0,1
HyGEM3C9KQ,2,8.0,88.0,48.0,1,0,1
HyGcghRct7,4,6.0,23.0,15.75,1,1,1
HyGhN2A5tm,7,15.0,70.0,25.142857142857142,0,0,1
HyGySsAct7,4,11.0,11.0,5.25,1,0,1
HyH9lbZAW,3,13.0,18.0,11.0,0,0,0
HyHmGyZCZ,2,3.0,17.0,10.0,0,0,0
HyI5ro0pW,2,1.0,39.0,20.0,1,0,1
HyI6s40a-,4,16.0,62.0,30.25,0,0,1
HyIFzx-0b,6,10.0,60.0,16.333333333333332,1,0,1
HyM7AiA5YX,8,24.0,60.0,23.875,1,1,0
HyMRaoAqKX,1,10.0,10.0,10.0,0,0,0
HyMTkQZAb,3,26.0,37.0,22.333333333333332,1,0,1
HyMuaiAqY7,4,3.0,12.0,4.0,0,0,1
HyNA5iRcFQ,2,18.0,66.0,42.0,0,0,0
HyNbtiR9YX,4,14.0,45.0,23.5,0,0,1
HyNmRiCqtm,4,3.0,59.0,29.0,0,0,1
HyNyyCxA-,4,2.0,19.0,9.0,0,0,1
HyPpD0g0Z,2,9.0,38.0,23.5,0,0,0
HyRVBzap-,3,17.0,46.0,27.666666666666668,0,0,1
HyRnez-RW,3,20.0,24.0,22.0,1,1,1
HyTrSegCb,2,20.0,20.0,10.5,0,0,1
HyUNwulC-,2,26.0,26.0,16.5,0,0,1
HyVxPsC9tm,3,5.0,22.0,9.333333333333334,0,0,0
HyWrIgW0W,2,18.0,69.0,43.5,0,0,1
HyXBcYg0b,2,42.0,42.0,34.0,0,0,0
HyXNCZbCZ,6,5.0,78.0,20.666666666666668,1,1,1
HyY0Ff-AZ,2,5.0,5.0,4.0,1,0,0
HyZoi-WRb,1,49.0,49.0,49.0,1,1,0
HydnA1WCb,1,19.0,19.0,19.0,0,0,0
Hye-LiR5Y7,2,29.0,73.0,51.0,0,0,0
Hye-p0VFPB,3,6.0,17.0,8.0,0,0,0
Hye00pVtPS,4,22.0,22.0,22.0,0,0,0
Hye1RJHKwB,3,7.0,41.0,21.333333333333332,0,0,0
Hye1kTVFDS,4,25.0,185.0,102.25,1,1,1
Hye4KeSYDr,7,13.0,68.0,31.428571428571427,0,0,1
Hye4WaVYwr,3,5.0,38.0,17.666666666666668,1,0,1
Hye6uoC9tm,3,3.0,27.0,16.333333333333332,0,0,0
Hye87grYDH,5,9.0,31.0,18.4,1,0,0
HyeAPeBFwS,2,12.0,40.0,26.0,0,0,1
HyeCnkHtwH,6,5.0,32.0,10.5,0,0,0
HyeEIyBtvr,3,3.0,13.0,7.666666666666667,0,0,0
HyeFAsRctQ,10,13.0,101.0,29.0,1,1,1
HyeG9yHKPr,14,40.0,40.0,18.214285714285715,1,1,1
HyeGBj09Fm,3,45.0,45.0,27.333333333333332,1,1,1
HyeJf1HKvS,5,16.0,21.0,15.4,1,0,0
HyeJmlrFvH,6,10.0,30.0,16.333333333333332,0,0,1
HyeKcgHFvS,2,18.0,18.0,13.0,0,0,0
HyePberFvH,2,7.0,42.0,24.5,0,0,0
HyePrhR5KX,4,13.0,77.0,31.25,0,1,1
HyeSin4FPB,3,5.0,92.0,42.0,0,0,0
HyeVtoRqtQ,3,15.0,92.0,53.333333333333336,0,0,0
HyeX7aVKvr,2,18.0,110.0,64.0,1,1,1
HyeYJ1SKDH,3,7.0,52.0,22.0,0,0,0
HyeYTgrFPB,1,12.0,12.0,12.0,0,0,0
Hye_V0NKwr,3,8.0,9.0,6.666666666666667,1,1,1
HyeaSkrYPH,6,9.0,49.0,22.666666666666668,1,1,1
HyebplHYwB,7,9.0,41.0,23.571428571428573,1,1,1
Hyed4i05KX,1,42.0,42.0,42.0,0,0,0
HyefgnCqFm,4,6.0,45.0,16.75,0,0,0
HyenUkrtDB,4,18.0,76.0,28.25,0,0,1
Hyepjh4FwB,2,36.0,38.0,37.0,0,0,0
HyeqPJHYvH,5,7.0,22.0,11.2,0,0,0
HyerxgHYvH,3,2.0,13.0,5.333333333333333,0,0,0
Hyes70EYDB,6,4.0,54.0,33.666666666666664,1,0,1
HyesW2C9YQ,4,21.0,59.0,30.0,0,0,1
HyetFnEFDS,5,14.0,85.0,32.4,0,0,0
HyeuP2EtDB,4,22.0,139.0,56.25,0,0,0
HyevIJStwH,5,10.0,48.0,20.0,0,0,0
HyewT1BKvr,4,3.0,64.0,22.75,0,0,0
Hyewf3AqYX,4,25.0,52.0,33.75,0,0,1
HyexAiA5Fm,2,17.0,29.0,23.0,0,0,1
HyezBa4tPB,3,2.0,32.0,21.333333333333332,0,0,0
HyezmlBKwr,6,27.0,101.0,46.0,1,0,1
HyfHgI6aW,6,7.0,103.0,34.833333333333336,1,0,1
Hyffti0ctQ,6,33.0,100.0,49.166666666666664,0,0,0
Hyfg5o0qtm,2,14.0,36.0,25.0,1,1,1
Hyfn2jCcKm,4,17.0,119.0,39.5,1,0,1
Hyg-JC4FDr,3,25.0,30.0,28.333333333333332,1,1,1
Hyg0vbWC-,7,15.0,45.0,22.285714285714285,1,1,1
Hyg1G2AqtQ,4,21.0,41.0,24.25,0,0,1
Hyg4kkHKwH,2,3.0,25.0,14.0,0,0,0
Hyg53gSYPB,3,27.0,27.0,19.666666666666668,1,0,1
Hyg5TRNtDH,3,6.0,33.0,14.333333333333334,0,0,0
Hyg74h05tX,5,24.0,125.0,52.2,1,1,1
Hyg96gBKPS,5,21.0,47.0,26.0,0,0,1
Hyg9anEFPS,5,36.0,99.0,57.4,1,0,1
HygBZnRctX,4,8.0,63.0,25.25,1,1,0
HygDF1rYDB,4,10.0,48.0,30.0,0,0,0
HygDF6NFPB,4,9.0,35.0,19.75,0,0,0
HygFxxrFvB,5,10.0,16.0,8.4,1,1,1
HygHbTVYPB,10,11.0,46.0,13.5,0,0,0
HygHtpVtPH,7,24.0,142.0,58.5,0,0,0
HygN634KvH,4,11.0,26.0,13.25,1,0,1
HygOjhEYDH,3,10.0,51.0,22.666666666666668,1,1,1
HygPjlrYvB,8,15.0,89.0,31.375,1,0,0
HygQ7TNtPr,3,13.0,25.0,18.333333333333332,0,0,0
HygQBn0cYm,3,22.0,119.0,49.666666666666664,0,0,1
HygS7n0cFQ,4,6.0,43.0,15.0,1,1,1
HygS91rYvH,3,17.0,17.0,10.0,0,0,0
HygT9oRqFX,3,1.0,5.0,3.0,0,0,0
HygTUxHKwH,2,9.0,42.0,25.5,0,0,0
HygW26VYwS,5,5.0,39.0,22.0,1,1,1
HygXkJHtvB,3,1.0,19.0,11.0,0,0,0
HygYmJBKwH,4,8.0,26.0,17.25,1,1,1
Hyg_X2C5FX,7,31.0,126.0,75.85714285714286,1,0,1
Hygab1rKDS,3,35.0,35.0,20.0,0,0,1
HygaikBKvS,3,12.0,59.0,31.0,1,1,0
HygcdeBFvr,4,16.0,43.0,20.25,0,0,1
HygegyrYwH,2,20.0,20.0,19.5,0,0,0
Hyghb2Rct7,2,16.0,61.0,38.5,1,1,0
Hygi7xStvS,3,15.0,61.0,38.666666666666664,1,1,1
HygjqjR9Km,3,13.0,49.0,29.666666666666668,0,0,1
Hygm8jC9FQ,4,25.0,37.0,24.25,0,0,1
Hygn2o0qKX,2,9.0,53.0,31.0,0,0,0
HygnDhEtvr,3,25.0,67.0,43.666666666666664,0,0,1
Hygp1nR9FQ,2,4.0,38.0,21.0,0,0,0
HygrAR4tPS,6,7.0,33.0,15.166666666666666,1,0,1
HygrdpVKvr,3,12.0,13.0,12.333333333333334,1,1,0
HygsfnR9Ym,8,25.0,185.0,60.875,1,1,1
HygsuaNFwr,4,3.0,46.0,16.75,0,0,0
HygtHnR5tQ,5,23.0,167.0,63.0,1,0,0
HygwvC4tPH,7,10.0,43.0,18.571428571428573,0,0,1
Hygxb2CqKm,2,31.0,43.0,37.0,1,0,1
Hygy01StvH,3,7.0,59.0,24.0,0,0,0
HyiAuyb0b,4,7.0,92.0,58.75,0,0,0
HyiRazbRb,2,9.0,19.0,14.0,0,0,0
Hyig0zb0Z,3,12.0,49.0,32.0,0,0,1
HyjC5yWCW,2,64.0,112.0,88.0,0,0,0
Hyl7ygStwB,8,16.0,76.0,47.75,1,0,1
Hyl9ahVFwH,3,1.0,29.0,12.333333333333334,0,0,0
Hyl9xxHYPr,2,6.0,18.0,12.0,0,0,0
HylA41Btwr,3,38.0,38.0,21.0,0,0,0
HylAoJSKvH,5,15.0,47.0,22.0,0,0,0
HylDpoActX,4,4.0,31.0,14.0,0,0,0
HylKJhCcKm,2,21.0,48.0,34.5,0,0,1
HylKvyHYwS,4,37.0,37.0,22.5,1,0,0
HylNWkHtvB,4,9.0,55.0,24.25,0,0,1
HylSk205YQ,2,8.0,39.0,23.5,0,0,0
HylTBhA5tQ,6,33.0,80.0,47.166666666666664,1,1,1
HylTXn0qYX,3,14.0,60.0,39.333333333333336,1,0,1
HylVB3AqYm,3,33.0,59.0,36.666666666666664,0,0,1
Hyl_vjC5KQ,3,20.0,70.0,34.0,0,0,0
HylcapVtvB,5,9.0,68.0,37.6,1,1,1
HyleYiC9FX,3,6.0,27.0,19.666666666666668,0,0,1
HyleclHKvS,5,9.0,37.0,17.4,1,1,1
HylfPgHYvr,4,4.0,76.0,52.25,0,0,0
HylgYB3pZ,1,6.0,6.0,6.0,0,0,0
HylhuTEtwr,2,5.0,42.0,23.5,0,0,0
HyllasActm,4,1.0,58.0,22.0,0,0,0
Hyls7h05FQ,4,6.0,47.0,31.25,1,0,1
HylsgnCcFQ,5,11.0,22.0,12.8,0,0,1
HylxE1HKwS,5,33.0,61.0,35.4,0,0,1
Hylyui09tm,5,3.0,112.0,30.0,0,0,0
HylzTiC5Km,2,14.0,33.0,23.5,0,0,0
HylznxrYDr,1,1.0,1.0,1.0,0,0,0
HymYLebCb,4,3.0,37.0,20.5,0,0,1
Hymt27b0Z,7,5.0,185.0,46.857142857142854,0,0,0
HymuJz-A-,3,26.0,97.0,48.333333333333336,1,0,1
HyowcvgAZ,4,13.0,82.0,30.75,1,1,1
Hyp3i2xRb,4,13.0,46.0,16.5,0,0,0
HypkN9yRW,3,3.0,137.0,51.333333333333336,1,0,1
HyrCWeWCb,4,30.0,51.0,35.75,1,1,1
HytSvlWRZ,5,18.0,45.0,25.25,0,0,1
HyunpgbR-,2,17.0,43.0,30.0,0,0,0
Hyx-jyBFPr,3,19.0,19.0,19.0,0,0,0
Hyx0slrFvH,8,13.0,25.0,11.375,0,0,0
Hyx4knR9Ym,3,13.0,82.0,34.0,1,0,1
Hyx6Bi0qYm,6,14.0,185.0,60.0,0,0,1
HyxAfnA5tm,3,12.0,112.0,62.666666666666664,0,0,0
HyxBpoR5tm,4,83.0,115.0,68.75,1,1,1
HyxCxhRcY7,3,41.0,66.0,41.333333333333336,0,0,1
HyxFF34FPr,6,,,,0,0,0
HyxG3p4twS,2,13.0,68.0,40.5,1,1,1
HyxGB2AcY7,7,12.0,84.0,27.142857142857142,1,1,1
HyxJ1xBYDH,5,2.0,46.0,13.8,1,0,1
HyxJhCEFDS,2,29.0,131.0,80.0,0,0,1
HyxKIiAqYQ,3,11.0,19.0,14.0,0,0,0
HyxLRTVKPH,3,9.0,79.0,39.666666666666664,0,0,1
HyxOIoRqFQ,3,19.0,27.0,18.333333333333332,0,0,1
HyxPx3R9tm,5,11.0,125.0,60.0,1,0,1
HyxQ3gSKvr,3,,,,0,0,0
HyxTJxrtvr,3,11.0,82.0,39.666666666666664,1,0,0
HyxY6JHKwr,2,50.0,50.0,34.0,1,1,1
Hyx_h64Yvr,3,22.0,57.0,33.0,1,0,1
HyxehhNtvS,1,33.0,33.0,33.0,0,0,0
Hyxfs1SYwH,3,16.0,24.0,19.333333333333332,1,1,0
HyxhqhVKPB,2,18.0,30.0,24.0,0,0,0
HyxhusA9Fm,6,21.0,94.0,51.666666666666664,1,0,1
HyxjNyrtPr,2,6.0,46.0,26.0,0,0,0
HyxjOyrKvr,6,21.0,111.0,47.0,0,0,0
HyxjwgbRZ,4,6.0,57.0,30.75,1,1,1
HyxlHsActm,3,11.0,44.0,19.666666666666668,1,1,1
HyxnH64KwS,3,4.0,31.0,15.333333333333334,0,0,0
HyxnMyBKwB,4,21.0,32.0,18.25,0,0,0
HyxnZh0ct7,4,22.0,92.0,57.0,1,0,0
HyxoX6EKvB,4,12.0,44.0,24.75,0,0,0
HyxpNnRcFX,4,10.0,100.0,39.0,1,0,1
Hyxsl2AqKm,5,6.0,73.0,24.2,1,1,1
Hyxtso0qtX,5,11.0,31.0,14.0,0,0,1
Hyxu6oAqYX,5,5.0,26.0,9.6,1,1,1
HyxwZRNtDr,7,8.0,37.0,18.285714285714285,1,1,1
HyxzRsR9Y7,3,6.0,46.0,27.0,1,1,1
HyyP33gAZ,8,27.0,78.0,38.375,0,0,0
HyydRMZC-,6,35.0,119.0,52.0,1,0,1
HyzMyhCcK7,3,20.0,30.0,25.333333333333332,0,0,1
HyzbhfWRW,4,9.0,89.0,31.0,1,0,0
HyzdRiR9Y7,5,34.0,93.0,40.6,1,1,1
HyztsoC5Y7,7,12.0,140.0,76.14285714285714,1,0,1
S14EogZAZ,3,23.0,58.0,38.333333333333336,1,0,1
S14h9sCqYm,3,28.0,185.0,86.66666666666667,0,0,0
S16FPMgRZ,5,21.0,57.0,19.2,1,1,1
S18Su--CW,4,8.0,64.0,33.75,0,0,0
S19dR9x0b,7,22.0,70.0,31.857142857142858,1,0,0
S1ANxQW0b,6,19.0,64.0,43.5,1,1,1
S1Auv-WRZ,3,12.0,46.0,24.666666666666668,1,0,0
S1CChZ-CZ,7,16.0,38.0,18.428571428571427,0,0,0
S1D8MPxA-,5,36.0,36.0,21.2,0,0,0
S1DWPP1A-,4,5.0,42.0,22.25,0,0,0
S1Dh8Tg0-,3,16.0,37.0,23.333333333333332,1,1,0
S1E3Ko09F7,4,18.0,163.0,79.5,0,0,0
S1EERs09YQ,4,4.0,45.0,18.0,0,0,0
S1EHOsC9tX,4,10.0,66.0,31.0,0,0,0
S1Euwz-Rb,2,10.0,133.0,71.5,0,0,1
S1EwLkW0W,2,8.0,30.0,19.0,0,0,0
S1EzRgb0W,3,4.0,37.0,26.0,0,0,0
S1FFLWWCZ,1,7.0,7.0,7.0,0,0,1
S1FQEfZA-,3,22.0,44.0,31.666666666666668,1,0,1
S1GUgxgCW,2,29.0,30.0,29.5,1,1,1
S1GcHsAqtm,2,18.0,79.0,48.5,0,0,0
S1GkToR5tm,5,14.0,139.0,51.6,1,1,1
S1HlA-ZAZ,4,29.0,60.0,42.25,1,1,0
S1J2ZyZ0Z,3,10.0,78.0,52.333333333333336,0,0,1
S1JHhv6TW,3,17.0,51.0,26.0,0,0,0
S1LXVnxRb,4,8.0,19.0,13.75,0,0,0
S1M6Z2Cctm,3,13.0,38.0,23.666666666666668,0,0,0
S1MAriC5F7,7,6.0,73.0,33.42857142857143,1,0,1
S1MB-3RcF7,6,15.0,47.0,18.833333333333332,0,0,1
S1NHaMW0b,3,7.0,25.0,17.666666666666668,0,0,0
S1PWi_lC-,2,1.0,18.0,9.5,0,0,0
S1TgE7WR-,5,29.0,29.0,14.4,0,0,1
S1VWjiRcKX,8,13.0,77.0,34.75,1,1,0
S1WRibb0Z,3,12.0,41.0,22.333333333333332,0,0,0
S1XolQbRW,3,1.0,60.0,30.333333333333332,1,1,1
S1Y7OOlRZ,7,6.0,73.0,33.42857142857143,1,0,1
S1cZsf-RW,4,4.0,37.0,13.75,0,0,0
S1e0ZlHYDB,3,9.0,24.0,15.0,1,0,1
S1e1EAEFPB,3,11.0,37.0,18.0,0,0,0
S1e2agrFvS,5,15.0,43.0,20.2,0,0,1
S1e4Q6EtDH,5,10.0,41.0,17.5,0,0,0
S1e4jkSKvB,3,13.0,35.0,21.333333333333332,0,0,0
S1e5YC4KPS,3,19.0,32.0,19.666666666666668,0,0,0
S1eALyrYDH,5,6.0,73.0,37.2,0,0,1
S1eIw0NFvr,4,21.0,78.0,36.5,1,1,1
S1eL4kBYwr,8,19.0,59.0,28.0,1,1,1
S1eQuCVFvB,2,8.0,8.0,7.5,0,0,0
S1eYKlrYvr,3,11.0,61.0,30.666666666666668,0,0,1
S1e__ANKvB,6,15.0,76.0,43.333333333333336,0,0,1
S1ef6JBtPr,2,12.0,14.0,13.0,0,0,0
S1efAp4YvB,4,2.0,30.0,17.0,0,0,0
S1efxTVYDr,7,23.0,43.0,28.285714285714285,0,0,0
S1eik6EtPB,7,52.0,54.0,31.142857142857142,1,0,1
S1ejj64YvS,5,7.0,34.0,12.2,0,0,0
S1ekaT4tDB,1,33.0,33.0,33.0,0,0,0
S1el9TEKPB,5,3.0,121.0,53.0,0,0,1
S1emOTNKvS,8,12.0,86.0,29.625,1,0,1
S1enmaVFvS,6,17.0,185.0,48.333333333333336,0,0,1
S1eqj1SKvr,4,10.0,36.0,18.25,0,0,1
S1ervgHFwS,3,83.0,115.0,68.33333333333333,1,0,1
S1esMkHYPr,6,12.0,73.0,38.166666666666664,1,0,0
S1evHerYPr,3,7.0,88.0,36.666666666666664,1,1,1
S1ewjhEFwr,3,7.0,54.0,22.666666666666668,0,0,0
S1exA2NtDB,6,13.0,31.0,17.833333333333332,1,1,1
S1fcY-Z0-,6,26.0,78.0,27.166666666666668,1,0,1
S1g2skStPB,3,13.0,13.0,10.333333333333334,1,0,1
S1g6xeSKDS,3,4.0,4.0,4.0,1,1,1
S1g7tpEYDS,5,18.0,140.0,59.2,1,1,1
S1g8K1BFwS,2,6.0,14.0,10.0,0,0,0
S1gEFkrtvH,2,23.0,46.0,34.5,0,0,0
S1gEIerYwH,5,4.0,72.0,32.8,0,0,1
S1gFvANKDS,2,23.0,23.0,20.5,1,1,1
S1gKkpNKwH,9,13.0,31.0,18.11111111111111,1,1,1
S1gLBgBtDH,3,2.0,11.0,6.666666666666667,0,0,0
S1gNc3NtvB,3,9.0,81.0,34.666666666666664,0,0,0
S1gR2ANFvB,6,1.0,22.0,7.666666666666667,1,1,1
S1gSj0NKvB,3,6.0,33.0,19.666666666666668,1,0,1
S1gTAp4FDB,4,15.0,36.0,23.25,0,0,1
S1gV6AVKwB,5,10.0,65.0,22.4,1,0,1
S1g_S0VYvr,5,8.0,51.0,23.6,0,0,0
S1g_t1StDB,4,6.0,38.0,17.25,0,0,1
S1gfu3EtDr,4,3.0,32.0,17.25,1,0,1
S1ghzlHFPS,4,15.0,51.0,21.0,0,0,1
S1giVsRcYm,3,17.0,48.0,32.333333333333336,0,0,0
S1giro05t7,2,35.0,48.0,41.5,0,0,1
S1glGANtDr,5,17.0,34.0,25.6,1,1,1
S1gmrxHFvB,6,41.0,50.0,33.666666666666664,1,1,1
S1gmvyHFDS,6,17.0,101.0,33.666666666666664,1,1,1
S1grRoR9tQ,4,18.0,42.0,30.25,1,0,1
S1gyl6Vtvr,4,2.0,41.0,18.5,0,0,0
S1jBcueAb,3,31.0,50.0,31.666666666666668,1,1,1
S1l-C0NtwS,6,16.0,65.0,37.666666666666664,1,0,1
S1l66nNFvB,3,18.0,29.0,22.666666666666668,0,0,0
S1l6ITVKPS,6,48.0,48.0,17.833333333333332,1,1,0
S1l8oANFDH,4,11.0,44.0,21.25,1,0,1
S1lBTerYwH,5,17.0,97.0,39.0,1,1,1
S1lBVgHYvr,3,20.0,65.0,33.0,1,0,1
S1lDV3RcKm,3,6.0,32.0,15.666666666666666,0,0,1
S1lEX04tPr,5,14.0,77.0,31.8,0,0,1
S1lF8xHYwS,4,27.0,139.0,72.0,0,0,1
S1lHfxBFDH,6,8.0,15.0,10.666666666666666,0,0,0
S1lIMn05F7,2,16.0,16.0,14.5,0,0,1
S1lN69AT-,2,10.0,16.0,13.0,0,0,0
S1lOTC4tDS,4,20.0,60.0,40.75,1,1,1
S1lPShAqFm,3,10.0,29.0,17.333333333333332,0,0,0
S1lSapVtwS,4,14.0,106.0,41.5,1,0,1
S1lTEh09FQ,3,20.0,32.0,19.0,1,0,1
S1lTg3RcFm,2,5.0,47.0,26.0,0,0,1
S1lTg3RqYQ,5,21.0,167.0,60.4,1,1,0
S1lVhxSYPH,4,10.0,24.0,14.25,0,0,1
S1lVniC5Y7,1,1.0,1.0,1.0,0,0,0
S1lXnhVKPr,6,25.0,82.0,23.333333333333332,0,0,1
S1ldO2EFPr,2,10.0,34.0,22.0,0,0,0
S1lg0jAcYm,2,8.0,37.0,22.5,0,0,1
S1lhbnRqF7,5,34.0,82.0,39.6,1,1,1
S1lqMn05Ym,10,9.0,60.0,28.7,1,1,1
S1lslCEYPB,5,18.0,21.0,14.0,0,0,1
S1ltg1rFDS,4,27.0,32.0,25.75,1,1,1
S1lukyrKPr,4,12.0,43.0,30.25,0,0,1
S1lvm305YQ,6,6.0,34.0,16.5,1,0,0
S1lvn0NtwH,2,7.0,25.0,16.0,1,0,1
S1lxKlSKPH,4,33.0,84.0,43.0,1,1,1
S1ly10EKDS,4,13.0,36.0,26.0,0,0,1
S1ly2grtvB,4,2.0,22.0,9.5,0,0,0
S1lyyANYwr,3,5.0,67.0,25.333333333333332,0,0,0
S1m6h21Cb,7,32.0,64.0,35.57142857142857,1,1,1
S1nQvfgA-,4,18.0,62.0,35.0,1,0,1
S1p31z-Ab,7,24.0,83.0,33.857142857142854,1,0,1
S1pWFzbAW,7,22.0,64.0,36.42857142857143,1,0,1
S1sRrN-CW,5,22.0,83.0,44.4,0,0,1
S1sqHMZCb,4,11.0,81.0,41.0,1,1,1
S1tWRJ-R-,3,3.0,33.0,19.666666666666668,0,0,0
S1v4N2l0-,3,17.0,47.0,31.0,0,0,1
S1viikbCW,5,38.0,64.0,41.6,1,1,1
S1vuO-bCW,4,19.0,112.0,47.0,1,1,1
S1x0CnEtvB,4,27.0,80.0,48.5,0,0,1
S1x1IkHtPr,2,14.0,39.0,26.5,1,0,0
S1x2Fj0qKQ,3,17.0,96.0,46.0,0,0,1
S1x2PCNKDB,9,14.0,59.0,23.333333333333332,1,1,0
S1x4ghC9tQ,5,23.0,24.0,20.2,1,1,0
S1xBioR5KX,2,17.0,17.0,16.5,0,0,0
S1xCPJHtDB,14,31.0,112.0,31.785714285714285,1,1,1
S1xCcpNYPr,5,10.0,69.0,29.0,1,0,0
S1xCuTNYDr,6,8.0,97.0,36.666666666666664,1,0,1
S1xDcSR6W,3,12.0,41.0,23.0,0,0,0
S1xFl64tDr,6,13.0,60.0,23.166666666666668,0,0,1
S1xI_TEtwS,4,15.0,30.0,20.0,0,0,0
S1xJ4JHFvS,5,4.0,41.0,25.6,0,0,1
S1xJFREKvB,4,23.0,48.0,20.5,0,0,1
S1xKYJSYwS,6,4.0,37.0,18.333333333333332,0,0,0
S1xKd24twB,3,9.0,112.0,54.666666666666664,1,0,1
S1xLN3C9YX,3,7.0,62.0,28.666666666666668,0,0,1
S1xLZ2R5KQ,2,2.0,40.0,21.0,0,0,0
S1xLuRVFvr,3,14.0,64.0,31.333333333333332,1,1,1
S1xNEhR9KX,5,12.0,26.0,15.4,0,0,1
S1xNb2A9YX,3,7.0,17.0,10.333333333333334,0,0,1
S1xRnxSYwS,5,8.0,59.0,27.6,0,0,1
S1xRxgSFvH,4,9.0,89.0,32.25,1,0,0
S1xSzyrYDB,4,3.0,43.0,12.25,1,0,1
S1xWh1rYwB,4,1.0,61.0,23.0,1,1,1
S1xaf6VFPB,3,8.0,25.0,14.0,0,0,1
S1xcx3C5FX,4,4.0,57.0,27.0,1,0,1
S1xiOjC9F7,5,35.0,101.0,55.4,1,1,1
S1xitgHtvS,3,23.0,29.0,21.666666666666668,1,1,0
S1xjJpNYvB,4,4.0,18.0,8.0,0,0,0
S1xnXRVFwH,4,18.0,35.0,25.5,0,0,0
S1xoy3CcYX,4,3.0,23.0,7.25,1,1,1
S1xq3oR5tQ,4,9.0,62.0,24.0,1,0,1
S1xqRTNtDr,5,10.0,39.0,18.2,0,0,0
S1xsG0VYvB,7,3.0,45.0,15.714285714285714,1,0,1
S1xtAjR5tX,10,71.0,88.0,45.6,0,0,1
S1xtORNFwH,5,144.0,144.0,77.2,1,1,1
S1xxx64YwH,5,9.0,112.0,34.6,0,0,0
S1xzyhR9Y7,2,11.0,25.0,18.0,0,0,1
S1z9ehAqYX,4,13.0,29.0,19.0,0,0,0
S1zk9iRqF7,3,11.0,69.0,37.333333333333336,1,1,1
S1zz2i0cY7,3,18.0,24.0,18.0,1,1,1
SJ-C6JbRW,8,64.0,94.0,38.25,1,0,1
SJ19eUg0-,4,17.0,78.0,44.25,1,0,1
SJ1Xmf-Rb,2,10.0,41.0,25.5,0,0,1
SJ1fQYlCZ,2,1.0,15.0,8.0,0,0,0
SJ1nzBeA-,3,22.0,53.0,37.0,1,1,1
SJ3dBGZ0Z,3,32.0,65.0,32.333333333333336,1,0,1
SJ4Z72Rctm,4,18.0,60.0,37.25,1,1,0
SJ71VXZAZ,3,22.0,63.0,34.333333333333336,0,0,0
SJA7xfb0b,5,18.0,47.0,26.4,1,1,1
SJCPLLpaW,4,20.0,75.0,32.75,1,0,1
SJCq_fZ0Z,7,21.0,185.0,44.42857142857143,1,0,1
SJD8YjCpW,2,14.0,74.0,44.0,1,0,1
SJDJNzWAZ,3,27.0,82.0,47.0,0,0,0
SJDYgPgCZ,2,32.0,32.0,32.0,0,0,0
SJGvns0qK7,6,10.0,64.0,19.666666666666668,1,0,1
SJGyFiRqK7,3,1.0,50.0,20.666666666666668,0,0,0
SJIA6ZWC-,2,7.0,44.0,25.5,0,0,0
SJJQVZW0b,3,17.0,78.0,54.666666666666664,0,0,1
SJJinbWRZ,5,11.0,125.0,41.4,1,0,1
SJJySbbAZ,4,45.0,45.0,24.75,0,0,0
SJLhxnRqFQ,6,11.0,17.0,10.166666666666666,0,0,1
SJLy_SxC-,5,6.0,101.0,38.6,1,0,1
SJMBM2RqKQ,4,12.0,139.0,59.0,1,1,1
SJMnG2C9YX,4,25.0,73.0,50.25,0,0,0
SJNRHiAcYX,2,14.0,29.0,21.5,0,0,1
SJOl4DlCZ,2,1.0,26.0,13.5,0,0,0
SJPpHzW0-,5,52.0,52.0,31.2,1,1,1
SJQHjzZ0-,4,8.0,42.0,26.0,0,0,1
SJQO7UJCW,5,15.0,149.0,44.8,0,0,1
SJSVuReCZ,4,5.0,46.0,27.0,0,0,0
SJTB5GZCb,5,9.0,185.0,50.0,1,0,1
SJUX_MWCZ,3,12.0,66.0,42.666666666666664,1,1,1
SJa1Nk10b,4,6.0,101.0,45.75,1,0,1
SJa9iHgAZ,6,,185.0,50.6,0,0,0
SJaP_-xAb,3,70.0,73.0,53.666666666666664,1,0,1
SJahqJZAW,3,35.0,35.0,27.666666666666668,0,0,0
SJdCUMZAW,10,3.0,60.0,28.1,1,1,1
SJe-HkBKDS,2,0.0,13.0,6.5,0,0,0
SJe3HiC5KX,4,21.0,60.0,34.0,0,0,0
SJe5P6EYvS,3,7.0,46.0,24.0,0,0,0
SJe8DsR9tm,4,3.0,19.0,10.5,0,0,0
SJe9qT4YPr,2,17.0,132.0,74.5,0,0,0
SJe9rh0cFX,4,9.0,42.0,27.25,0,0,1
SJeC2TNYwB,3,32.0,65.0,41.666666666666664,1,0,1
SJeD3CEFPH,4,7.0,69.0,40.0,0,0,1
SJeHwJSYvH,5,6.0,36.0,25.0,0,0,0
SJeLIgBKPS,2,9.0,24.0,16.5,0,0,1
SJeNz04tDS,2,17.0,62.0,39.5,1,0,1
SJeOAJStwB,3,5.0,21.0,12.333333333333334,0,0,0
SJeQEp4YDH,3,11.0,35.0,23.0,0,0,1
SJeQGJrKwH,7,2.0,68.0,25.857142857142858,0,0,1
SJeT_oRcY7,3,7.0,77.0,32.666666666666664,0,0,0
SJeUAj05tQ,3,5.0,60.0,24.666666666666668,0,0,0
SJeUm1HtDH,3,15.0,72.0,39.0,0,0,0
SJeW-A4tDS,2,1.0,67.0,34.0,1,1,1
SJeX2aVFwH,2,42.0,42.0,23.5,0,0,1
SJeXJANFPr,2,6.0,67.0,36.5,1,0,0
SJeXSo09FQ,3,15.0,39.0,22.333333333333332,0,0,0
SJeY-1BKDS,4,9.0,81.0,30.0,1,0,1
SJeYe0NtvH,6,23.0,94.0,39.5,1,0,1
SJecKyrKPH,3,8.0,11.0,9.0,1,0,1
SJeeL04KvH,1,17.0,17.0,17.0,0,0,0
SJefPkSFPr,5,3.0,89.0,33.2,0,0,1
SJegkkrYPS,4,2.0,17.0,5.5,0,0,0
SJekyhCctQ,5,10.0,107.0,44.25,0,0,1
SJem8lSFwB,5,15.0,45.0,20.4,0,0,1
SJeoE0VKDS,3,4.0,67.0,27.666666666666668,0,0,0
SJeq9JBFvH,3,12.0,34.0,20.333333333333332,1,1,0
SJeqs6EFvB,6,4.0,53.0,25.333333333333332,0,0,1
SJequsCqKQ,3,4.0,55.0,33.0,1,0,1
SJerEhR5Km,2,3.0,31.0,17.0,0,0,0
SJetQpEYvB,5,14.0,67.0,30.0,1,1,1
SJexHkSFPS,7,12.0,112.0,33.857142857142854,1,1,1
SJezGp4YPr,2,6.0,36.0,21.0,0,0,1
SJf6BhAqK7,4,13.0,27.0,16.25,1,1,1
SJfFTjA5KQ,4,19.0,68.0,31.0,1,0,1
SJfHg2A5tQ,4,7.0,13.0,9.0,1,1,1
SJfPFjA9Fm,5,7.0,42.0,23.4,0,0,0
SJfZKiC5FX,4,18.0,66.0,33.75,1,0,0
SJfb5jCqKm,3,7.0,37.0,16.333333333333332,0,0,0
SJg1lxrYwS,2,18.0,125.0,71.5,1,1,1
SJg4Y3VFPS,4,9.0,62.0,20.75,1,1,1
SJg5J6NtDr,10,7.0,112.0,29.6,1,1,1
SJg6nj09F7,3,36.0,36.0,22.333333333333332,1,1,1
SJg7IsC5KQ,3,6.0,57.0,28.333333333333332,0,0,0
SJg7KhVKPH,4,12.0,52.0,37.75,0,0,0
SJg9z6VFDr,4,19.0,64.0,34.5,0,0,1
SJgBQaVKwH,7,19.0,19.0,14.142857142857142,1,1,1
SJgIPJBFvH,5,12.0,82.0,37.6,1,1,1
SJgMK64Ywr,4,36.0,36.0,28.5,1,1,1
SJgNkpVFPr,4,12.0,70.0,33.5,0,0,0
SJgNwi09Km,4,13.0,29.0,15.75,0,0,0
SJgSflHKDr,6,6.0,70.0,30.5,1,0,0
SJgVHkrYDH,5,24.0,78.0,49.8,1,0,1
SJgVU0EKwS,6,14.0,44.0,22.333333333333332,1,1,1
SJgXs1HtwH,4,8.0,92.0,35.75,0,0,0
SJgaRA4FPH,8,10.0,36.0,22.875,1,1,1
SJgdnAVKDH,4,26.0,52.0,35.25,0,0,0
SJgdpxHFvH,4,6.0,13.0,7.75,1,0,1
SJggZnRcFQ,2,5.0,23.0,14.0,0,0,1
SJgiNo0cKX,4,1.0,14.0,9.0,0,0,0
SJgn3lBtwH,4,15.0,31.0,23.0,0,0,1
SJgn464tPB,3,11.0,62.0,26.333333333333332,0,0,0
SJgndT4KwB,2,14.0,14.0,11.0,1,0,1
SJgob6NKvH,3,36.0,36.0,34.333333333333336,0,0,0
SJgs1n05YQ,6,33.0,65.0,35.166666666666664,1,0,1
SJgs8TVtvr,4,14.0,33.0,17.0,1,0,0
SJgsCjCqt7,5,6.0,50.0,15.6,0,0,1
SJgw51HFDr,2,3.0,31.0,17.0,0,0,0
SJgwNerKvB,4,8.0,25.0,16.75,0,0,0
SJgw_sRqFQ,6,6.0,47.0,29.0,0,0,0
SJgwf04KPr,3,13.0,124.0,64.33333333333333,1,1,1
SJgwzCEKwH,5,25.0,54.0,34.8,0,0,1
SJgzLkBKPB,7,6.0,68.0,17.714285714285715,0,0,1
SJgzXaNFwS,5,15.0,44.0,24.6,0,0,0
SJi9WOeRb,2,29.0,43.0,36.0,0,0,0
SJiHOSeR-,1,16.0,16.0,16.0,0,0,0
SJiHXGWAZ,4,46.0,65.0,51.5,0,0,1
SJky6Ry0W,4,15.0,140.0,44.75,1,0,0
SJl1o2NFwS,8,12.0,76.0,34.75,1,0,1
SJl2niR9KQ,5,11.0,47.0,30.2,1,1,1
SJl2ps0qKQ,5,8.0,50.0,18.6,0,0,0
SJl3CANKvB,5,12.0,41.0,24.6,0,0,1
SJl3h2EYvS,4,20.0,32.0,22.0,1,1,1
SJl47yBYPS,4,13.0,64.0,27.25,0,0,1
SJl5Np4tPr,4,26.0,149.0,65.25,0,0,1
SJl7DsR5YQ,3,39.0,77.0,39.666666666666664,0,0,1
SJl8J30qFX,5,13.0,58.0,29.6,0,0,1
SJl8gnAqtX,4,2.0,17.0,8.75,0,0,1
SJl9PTNYDS,4,7.0,39.0,17.25,1,0,0
SJlDDnVKwS,4,4.0,19.0,9.5,1,1,1
SJlHwkBYDH,5,17.0,73.0,35.8,1,0,1
SJlJSaEFwS,5,14.0,45.0,22.8,0,0,0
SJlJegHFvH,2,4.0,4.0,2.5,0,0,1
SJlKrkSFPH,9,24.0,101.0,32.22222222222222,1,1,1
SJlM0JSFDr,3,29.0,29.0,21.666666666666668,0,0,0
SJlNnhVYDr,6,9.0,59.0,27.166666666666668,0,0,1
SJlOq34Kwr,4,10.0,92.0,45.75,1,0,1
SJlPOCEKvH,3,3.0,40.0,18.0,0,0,1
SJlRF04YwB,7,3.0,70.0,27.428571428571427,1,0,1
SJlRUkrFPS,3,17.0,81.0,37.666666666666664,0,0,1
SJlRWC4FDB,3,5.0,46.0,21.666666666666668,0,0,1
SJlVY04FwH,2,35.0,35.0,30.5,0,0,0
SJlVn6NKPB,3,3.0,6.0,4.666666666666667,1,1,1
SJlWyerFPS,7,9.0,30.0,15.428571428571429,1,1,1
SJlYqRNKDS,2,3.0,63.0,33.0,0,0,0
SJlbGJrtDB,5,16.0,33.0,21.8,0,0,1
SJldZ2RqFX,1,0.0,0.0,0.0,0,0,0
SJldu6EtDS,6,9.0,64.0,25.5,0,0,1
SJleNCNtDH,4,13.0,72.0,37.75,1,0,1
SJlgOjAqYQ,1,2.0,2.0,2.0,0,0,0
SJlh2jR9FX,4,16.0,119.0,70.25,0,0,1
SJlh8CEYDB,2,27.0,53.0,40.0,0,0,0
SJlhPMWAW,2,10.0,47.0,28.5,0,0,0
SJlpM3RqKQ,4,4.0,45.0,26.5,1,0,1
SJlpYJBKvH,5,15.0,74.0,27.8,1,1,1
SJlpy64tvB,6,20.0,35.0,25.5,1,1,1
SJlsFpVtDB,5,8.0,51.0,23.4,0,0,1
SJlxglSFPB,3,4.0,61.0,30.0,0,0,0
SJlyta4YPS,6,5.0,79.0,28.666666666666668,0,0,0
SJmAXkgCb,3,7.0,13.0,8.333333333333334,0,0,0
SJn0sLgRb,1,22.0,22.0,22.0,0,0,0
SJtChcgAW,3,4.0,64.0,37.333333333333336,0,0,0
SJvrXqvaZ,3,7.0,66.0,30.333333333333332,1,0,1
SJvu-GW0b,3,17.0,50.0,27.666666666666668,1,0,1
SJx-j64FDr,4,26.0,59.0,34.5,0,0,1
SJx0PAEFDS,5,19.0,185.0,50.4,0,0,0
SJx0oAEYwH,4,16.0,16.0,9.0,0,0,1
SJx0q1rtvS,3,24.0,119.0,56.333333333333336,1,1,1
SJx1URNKwH,3,17.0,79.0,40.666666666666664,0,0,1
SJx37TEtDH,7,19.0,46.0,29.0,1,1,1
SJx4O34YvS,3,6.0,8.0,6.666666666666667,1,1,1
SJx5kn0cK7,4,4.0,51.0,17.5,0,0,0
SJx63jRqFm,4,19.0,112.0,45.5,1,1,1
SJx94o0qYX,4,16.0,41.0,26.0,0,0,1
SJx9GQb0-,5,13.0,52.0,27.0,0,0,1
SJx9ngStPH,3,14.0,72.0,31.0,0,0,0
SJxAlgrYDr,5,6.0,19.0,8.2,0,0,0
SJxCsj0qYX,6,13.0,97.0,45.166666666666664,1,1,1
SJxDKerKDS,4,4.0,39.0,19.25,1,0,0
SJxE3jlA-,4,4.0,24.0,13.5,0,0,0
SJxE8erKDH,3,8.0,65.0,45.333333333333336,0,0,0
SJxIkkSKwB,3,26.0,26.0,15.666666666666666,0,0,0
SJxIm0VtwH,7,12.0,36.0,24.142857142857142,0,0,1
SJxJtiRqt7,3,1.0,19.0,10.333333333333334,0,0,0
SJxSDxrKDr,2,10.0,54.0,32.0,0,0,0
SJxSOJStPr,4,15.0,45.0,18.5,0,0,0
SJxTZeHFPH,6,11.0,62.0,21.166666666666668,1,0,0
SJxUjlBtwB,4,18.0,86.0,40.5,1,0,1
SJxWS64FwH,4,,57.0,23.666666666666668,0,0,0
SJxZnR4YvB,4,8.0,31.0,17.75,0,0,0
SJx_QJHYDB,5,19.0,61.0,38.4,1,1,1
SJxbHkrKDH,6,3.0,59.0,28.8,1,0,1
SJxeI6EYwS,5,11.0,67.0,32.8,0,0,0
SJxfxnA9K7,5,34.0,131.0,44.2,0,0,1
SJxhNTNYwB,2,6.0,55.0,30.5,0,0,1
SJxjPxSYDH,3,5.0,23.0,10.0,0,0,0
SJxmfgSYDB,2,2.0,31.0,16.5,0,0,1
SJxpsxrYPS,4,28.0,28.0,16.25,0,0,1
SJxrKgStDH,4,11.0,40.0,20.0,1,0,1
SJxsV2R5FQ,3,2.0,65.0,25.666666666666668,1,0,1
SJxstlHFPH,6,23.0,90.0,47.666666666666664,1,0,1
SJxu5iR9KQ,1,10.0,10.0,10.0,0,0,0
SJxy5A4twS,5,3.0,28.0,13.4,0,0,0
SJxzFySKwH,2,13.0,26.0,19.5,0,0,1
SJxzPsAqFQ,4,12.0,21.0,10.0,1,0,1
SJyEH91A-,3,27.0,27.0,19.666666666666668,0,0,0
SJyVzQ-C-,4,14.0,185.0,55.5,0,0,0
SJyfrl-0b,3,18.0,33.0,26.666666666666668,0,0,0
SJz1x20cFQ,4,14.0,76.0,51.25,1,0,1
SJzMATlAZ,2,8.0,92.0,50.0,0,0,0
SJzR2iRcK7,5,18.0,37.0,16.6,0,0,1
SJzRZ-WCZ,3,7.0,56.0,29.333333333333332,0,0,0
SJzYdsAqY7,3,8.0,30.0,20.0,0,0,1
SJzmJEq6W,2,4.0,30.0,17.0,0,0,0
SJzqpj09YQ,5,20.0,20.0,14.4,1,1,1
SJzuHiA9tQ,4,15.0,88.0,55.75,0,0,1
SJzwvoCqF7,5,14.0,31.0,22.2,0,0,1
Sk2u1g-0-,6,20.0,125.0,45.833333333333336,1,1,1
Sk4jFoA9K7,1,11.0,11.0,11.0,0,0,0
Sk4w0A0Tb,1,9.0,9.0,9.0,0,0,0
Sk6fD5yCb,3,6.0,43.0,27.333333333333332,0,0,0
Sk7KsfW0-,4,13.0,34.0,18.5,0,0,0
Sk9yuql0Z,5,29.0,131.0,50.4,0,0,1
SkAK2jg0b,7,25.0,48.0,27.571428571428573,0,0,0
SkBHr1WRW,2,3.0,15.0,9.0,0,0,0
SkBYYyZRZ,3,14.0,121.0,59.0,1,1,1
SkE6PjC9KX,8,12.0,93.0,29.125,1,1,1
SkERSm-0-,4,12.0,77.0,39.75,0,0,0
SkEYojRqtm,6,30.0,76.0,44.5,0,0,1
SkEqro0ctQ,3,17.0,51.0,34.666666666666664,0,0,1
SkF2D7g0b,4,18.0,119.0,40.25,1,1,1
SkFAWax0-,4,23.0,62.0,29.75,0,0,0
SkFEGHx0Z,3,12.0,42.0,20.0,0,0,0
SkFqf0lAZ,7,36.0,69.0,31.285714285714285,1,0,0
SkGQujR5FX,4,3.0,43.0,15.25,1,1,1
SkGpW3C5KX,5,38.0,38.0,30.0,0,0,1
SkGtjjR5t7,3,20.0,20.0,16.333333333333332,1,1,1
SkGuG2R5tm,4,14.0,113.0,55.5,1,1,1
SkHDoG-Cb,3,30.0,39.0,32.0,0,0,1
SkHkeixAW,3,8.0,99.0,40.0,0,0,0
SkJKHMW0Z,3,18.0,65.0,35.0,1,1,1
SkJd_y-Cb,3,13.0,82.0,37.666666666666664,0,0,1
SkMON20ctX,3,6.0,17.0,8.666666666666666,0,0,0
SkMQg3C5K7,4,80.0,80.0,31.25,0,0,1
SkMuPjRcKQ,2,15.0,15.0,12.0,0,0,0
SkMwpiR9Y7,3,11.0,74.0,35.333333333333336,0,0,1
SkMx_iC9K7,2,13.0,50.0,31.5,0,0,0
SkNQeiRpb,2,21.0,28.0,24.5,1,1,1
SkNSehA9FQ,3,11.0,34.0,15.666666666666666,0,0,1
SkNksoRctQ,1,17.0,17.0,17.0,0,0,0
SkOb1Fl0Z,4,19.0,78.0,30.0,0,0,0
SkPoRg10b,2,20.0,65.0,42.5,0,0,0
SkRsFSRpb,2,5.0,24.0,14.5,0,0,1
SkT5Yg-RZ,6,17.0,76.0,35.833333333333336,1,0,1
SkVe3iA9Ym,3,21.0,21.0,11.666666666666666,0,0,0
SkVhlh09tX,5,21.0,52.0,31.8,1,0,1
SkVqXOxCb,7,29.0,53.0,23.0,0,0,0
SkYMnLxRW,3,7.0,78.0,36.333333333333336,0,0,0
SkYibHlRb,3,30.0,119.0,55.0,1,0,1
Skdvd2xAZ,3,5.0,35.0,17.333333333333332,1,1,1
Ske31kBtPr,5,49.0,49.0,24.4,1,0,1
Ske5UANYDB,3,8.0,24.0,16.666666666666668,1,1,1
Ske6qJSKPH,5,18.0,62.0,27.6,1,1,1
Ske7ToC5Km,3,17.0,50.0,27.666666666666668,1,0,1
SkeATxrKwH,3,12.0,24.0,14.666666666666666,0,0,0
SkeAaJrKDS,7,17.0,47.0,24.142857142857142,1,1,0
SkeFl1HKwr,2,24.0,67.0,45.5,0,0,0
SkeGvaEtPr,2,12.0,12.0,10.5,0,0,0
SkeHuCVFDr,5,23.0,76.0,30.8,1,0,1
SkeIyaVtwB,4,10.0,40.0,18.0,0,0,1
SkeJ6iR9Km,3,9.0,48.0,22.0,1,1,0
SkeJPertPS,3,15.0,35.0,17.0,0,0,0
SkeK3s0qKQ,7,17.0,105.0,37.57142857142857,1,1,1
SkeNlJSKvS,6,9.0,51.0,17.333333333333332,1,0,1
SkeRTsAcYm,6,12.0,32.0,18.0,0,0,1
SkeUG30cFQ,4,8.0,27.0,15.75,1,0,1
SkeVsiAcYm,3,8.0,18.0,11.666666666666666,1,1,0
SkeXehR9t7,6,19.0,39.0,27.666666666666668,0,0,1
SkeYUkStPr,4,4.0,37.0,17.5,0,0,1
SkeZisA5t7,3,2.0,19.0,11.0,0,0,0
Sked_0EYwB,4,13.0,31.0,18.25,0,0,0
Skeh1krtvH,4,26.0,26.0,15.25,0,0,0
Skeke3C5Fm,4,25.0,65.0,32.0,1,0,1
SkelJnRqt7,3,8.0,18.0,12.666666666666666,1,1,0
Skep6TVYDB,6,24.0,33.0,19.0,1,1,1
Skeq30NFPr,3,11.0,72.0,30.666666666666668,1,0,1
SkeuexBtDr,4,6.0,47.0,15.5,0,0,0
SkeuipVKDH,7,3.0,43.0,10.0,1,0,1
SkevphEYPB,2,6.0,6.0,3.0,0,0,0
SkexNpNFwS,2,16.0,136.0,76.0,0,0,1
SkeyppEFvS,5,11.0,50.0,26.0,1,0,1
Skf-oo0qt7,3,12.0,22.0,16.0,0,0,0
SkfMWhAqYQ,2,31.0,66.0,48.5,0,0,0
SkfNU2e0Z,1,37.0,37.0,37.0,0,0,0
SkfTIj0cKX,2,2.0,2.0,2.0,1,0,1
SkfhIo0qtQ,3,9.0,53.0,35.333333333333336,0,0,0
SkfrvsA9FX,3,11.0,62.0,31.666666666666668,1,1,0
Skg2pkHFwS,2,7.0,28.0,17.5,0,0,0
Skg3104FDS,7,4.0,57.0,19.285714285714285,1,1,1
Skg5r1BFvB,4,32.0,42.0,32.666666666666664,1,0,1
Skg8gJBFvr,5,8.0,43.0,27.2,0,0,1
Skg9aAEKwH,4,24.0,74.0,41.5,1,0,1
Skg9jnVFvH,4,5.0,36.0,23.0,0,0,1
SkgC6TNFvr,4,6.0,32.0,18.5,1,1,1
SkgE8sRcK7,2,13.0,111.0,62.0,0,0,0
SkgEaj05t7,6,22.0,185.0,53.666666666666664,1,1,0
SkgGCkrKvH,4,9.0,45.0,24.0,0,0,1
SkgGjRVKDS,6,85.0,85.0,46.666666666666664,0,0,0
SkgKzh0cY7,3,7.0,75.0,30.666666666666668,1,1,1
SkgODpVFDr,2,3.0,37.0,20.0,0,0,0
SkgQBn0cF7,7,21.0,185.0,59.42857142857143,1,0,1
SkgRW64twr,6,9.0,193.0,67.5,0,0,1
SkgS2lBFPS,3,23.0,65.0,41.666666666666664,1,1,1
SkgVRiC9Km,7,21.0,185.0,45.142857142857146,1,1,1
SkgWIxSFvr,5,10.0,39.0,16.8,0,0,1
SkgWeJrYwr,2,4.0,16.0,10.0,1,0,1
SkgZNnR5tX,8,10.0,101.0,25.125,1,1,1
Skgb5h4KPH,5,6.0,24.0,12.2,0,0,0
Skgeip4FPr,6,6.0,56.0,15.333333333333334,1,0,0
Skgfr1rYDH,3,9.0,9.0,5.0,0,0,1
SkghBoR5FX,4,13.0,80.0,40.5,0,0,1
SkghN205KQ,4,7.0,82.0,27.5,0,0,1
SkgjKR4YwH,4,2.0,29.0,19.25,0,0,1
SkgkJn05YX,5,7.0,46.0,18.2,0,0,0
SkgpBJrtvS,3,27.0,46.0,36.666666666666664,1,1,1
Skgq1ANFDB,2,19.0,27.0,23.0,0,0,1
SkgsACVKPH,3,15.0,34.0,21.333333333333332,0,0,1
SkgscaNYPS,3,15.0,18.0,15.666666666666666,0,0,0
SkgtbaVYvH,5,16.0,39.0,14.8,1,1,1
SkgvvCVtDS,4,3.0,35.0,14.5,1,1,1
Skgvy64tvr,3,13.0,34.0,19.666666666666668,1,1,1
Skgxcn4YDS,3,10.0,43.0,18.666666666666668,1,0,1
Skgy464Kvr,6,26.0,138.0,48.666666666666664,1,1,1
SkgzYiRqtX,6,20.0,110.0,62.5,0,0,0
Skh4jRcKQ,6,19.0,121.0,37.5,0,0,1
SkhQHMW0W,5,26.0,94.0,53.6,1,0,1
SkiCjzNTZ,1,7.0,7.0,7.0,0,0,0
Skj8Kag0Z,5,10.0,46.0,20.6,1,0,1
Skk3Jm96W,8,13.0,125.0,44.125,1,1,1
Skl1HCNKDr,5,12.0,52.0,20.0,1,0,1
Skl3M20qYQ,2,1.0,6.0,3.5,0,0,0
Skl3SkSKDr,2,12.0,71.0,41.5,0,0,1
Skl6k209Ym,2,1.0,92.0,46.5,1,0,1
Skl6peHFwS,3,5.0,12.0,8.666666666666666,0,0,0
Skl8EkSFDr,2,14.0,14.0,13.0,0,0,0
SklD9yrFPS,6,19.0,50.0,24.5,1,1,1
SklE_CNFPr,3,7.0,66.0,27.0,0,0,0
SklEhlHtPr,3,35.0,35.0,24.666666666666668,0,0,1
SklGryBtwr,7,38.0,110.0,45.857142857142854,1,1,1
SklKcRNYDH,5,15.0,60.0,29.8,0,0,1
SklM1xStPB,3,6.0,31.0,22.333333333333332,0,0,0
SklOUpEYvB,3,42.0,48.0,42.333333333333336,0,0,0
SklOypVKvS,6,10.0,32.0,20.833333333333332,0,0,1
SklR6aEtwH,5,17.0,39.0,31.2,1,0,1
SklR_iCcYm,3,20.0,53.0,27.0,0,0,1
SklSQgHFDS,5,10.0,113.0,31.0,1,0,1
SklTQCNtvS,6,19.0,68.0,35.5,0,0,1
SklVEnR5K7,1,38.0,38.0,38.0,0,0,1
SklViCEFPH,3,8.0,39.0,27.333333333333332,1,0,0
SklVqa4YwH,5,13.0,24.0,12.6,0,0,0
SklXvs0qt7,2,19.0,58.0,38.5,0,0,0
SklcyJBtvB,3,,,,0,0,0
Sklf1yrYDr,3,11.0,37.0,28.333333333333332,0,0,0
SklgHoRqt7,4,15.0,30.0,19.25,0,0,0
Sklgs0NFvr,3,8.0,96.0,49.666666666666664,1,0,1
SklibJBFDB,3,5.0,42.0,16.333333333333332,0,0,0
SklkDkSFPB,5,17.0,46.0,26.2,0,0,0
Skln2A4YDB,3,12.0,125.0,46.333333333333336,1,0,1
SklnVAEFDB,4,10.0,20.0,10.25,0,0,0
SkloDJSFPH,5,18.0,35.0,23.75,0,0,0
SkloDjAqYm,9,2.0,52.0,19.555555555555557,1,1,1
Sklqvo0qt7,3,96.0,96.0,44.666666666666664,1,0,1
Sklr9i09KQ,4,7.0,34.0,17.75,1,1,1
SklrrhRqFX,2,15.0,30.0,22.5,1,0,1
SklsBJHKDS,2,21.0,112.0,66.5,0,0,0
Sklsm20ctX,4,4.0,78.0,40.25,0,0,1
SkluFgrFwH,3,1.0,16.0,6.333333333333333,0,0,1
Skluy2RcK7,5,16.0,42.0,17.8,0,0,1
Sklv5iRqYX,6,1.0,45.0,22.5,0,0,1
SkmiegW0b,5,13.0,52.0,26.0,1,0,1
SknC0bW0-,2,,37.0,37.0,1,0,1
Skp1ESxRZ,3,30.0,119.0,56.666666666666664,1,0,1
SkqV-XZRZ,4,8.0,185.0,61.5,0,0,0
SksY3deAW,4,18.0,73.0,41.5,0,0,1
SktLlGbRZ,8,41.0,139.0,66.5,1,0,1
Sktm4zWRb,3,4.0,80.0,31.666666666666668,0,0,1
Skvd-myR-,2,15.0,22.0,18.5,0,0,0
Skw0n-W0Z,4,11.0,112.0,41.75,1,0,1
SkwAEQbAb,2,3.0,28.0,15.5,0,0,0
Skx24yHFDr,1,22.0,22.0,22.0,0,0,0
Skx5txzb0W,3,6.0,11.0,9.333333333333334,1,1,1
Skx6WaEYPH,3,19.0,33.0,19.333333333333332,0,0,1
Skx82ySYPH,5,9.0,24.0,14.75,0,0,0
SkxBUpEKwH,3,8.0,62.0,31.0,0,0,0
SkxG-CVFDH,6,14.0,185.0,54.5,0,0,0
SkxHRySFvr,3,45.0,45.0,33.0,0,0,0
SkxJ-309FQ,5,20.0,40.0,26.4,0,0,1
SkxJ8REYPH,4,16.0,44.0,22.75,0,0,0
SkxLFaNKwB,7,29.0,100.0,42.857142857142854,0,0,1
SkxMjxHYPS,2,0.0,0.0,0.0,0,0,0
SkxOhANKDr,2,8.0,26.0,17.0,0,0,1
SkxSv6VFvS,4,18.0,52.0,25.25,1,0,1
SkxUrTVKDH,6,57.0,57.0,20.5,0,0,1
SkxV7kHKvr,5,11.0,20.0,10.6,0,0,1
SkxW23NtPH,11,25.0,35.0,19.454545454545453,1,1,1
SkxWnkStvS,3,12.0,35.0,26.333333333333332,0,0,0
SkxXCi0qFX,5,7.0,125.0,50.0,1,0,1
SkxXg2C5FX,6,6.0,25.0,8.833333333333334,0,0,0
SkxZFoAqtQ,4,8.0,21.0,13.75,0,0,1
SkxaueHFPB,3,14.0,57.0,25.666666666666668,0,0,1
SkxcSpEKPS,4,35.0,35.0,20.5,0,0,1
Skxd6gSYDS,5,14.0,139.0,67.4,0,0,0
SkxgnnNFvH,4,10.0,94.0,33.25,1,0,1
SkxlElBYDS,2,4.0,13.0,8.5,0,0,1
Skxn-JSYwr,3,2.0,14.0,8.333333333333334,0,0,0
SkxoqRNKwr,4,20.0,51.0,25.75,1,0,1
SkxpDT4YvS,8,22.0,57.0,32.5,0,0,0
SkxpxJBKwS,7,13.0,42.0,15.428571428571429,1,1,1
SkxqZngC-,6,21.0,76.0,41.5,1,0,1
Skxuk1rFwB,8,32.0,68.0,36.25,1,1,1
Skxw-REFwS,4,11.0,37.0,13.0,0,0,1
SkxxIs0qY7,6,17.0,78.0,33.166666666666664,0,0,1
SkxxtgHKPS,3,18.0,18.0,10.0,1,0,1
SkxzSgStPS,4,7.0,31.0,10.75,0,0,0
SkymMAxAb,5,1.0,28.0,15.2,0,0,0
Skz-3j05tm,2,6.0,28.0,17.0,0,0,0
Skz_WfbCZ,3,35.0,55.0,37.666666666666664,0,0,0
SkzeJ3A9F7,3,30.0,30.0,23.333333333333332,1,0,1
Sy-dQG-Rb,4,22.0,59.0,40.75,1,0,1
Sy-tszZRZ,3,9.0,25.0,14.666666666666666,1,1,1
Sy0GnUxCb,5,14.0,63.0,28.8,1,1,1
Sy1f0e-R-,7,14.0,76.0,32.833333333333336,1,0,1
Sy21R9JAW,4,8.0,87.0,33.25,1,0,0
Sy2ogebAW,4,28.0,55.0,33.75,1,0,1
Sy3XxCx0Z,5,51.0,51.0,41.4,0,0,0
Sy3fJXbA-,2,7.0,53.0,30.0,0,0,0
Sy4c-3xRW,4,19.0,34.0,27.0,0,0,0
Sy5OAyZC-,8,30.0,88.0,41.625,0,0,1
Sy8XvGb0-,3,29.0,64.0,42.0,0,0,0
SyAbZb-0Z,2,5.0,13.0,9.0,0,0,0
SyBBgXWAZ,4,23.0,167.0,68.0,0,0,0
SyELrEeAb,2,37.0,82.0,59.5,0,0,1
SyF7Erp6W,3,8.0,15.0,8.333333333333334,0,0,0
SyGjQ30qFX,3,7.0,43.0,27.666666666666668,0,0,0
SyGjjsC5tQ,5,5.0,52.0,29.0,1,1,1
SyJ7ClWCb,4,21.0,46.0,22.75,0,0,1
SyJS-OgR-,5,16.0,52.0,20.8,1,1,1
SyL9u-WA-,3,11.0,80.0,35.333333333333336,1,1,1
SyMDXnCcF7,5,21.0,50.0,28.6,1,1,1
SyMWn05F7,3,12.0,72.0,40.333333333333336,0,0,1
SyMras0cFQ,1,23.0,23.0,23.0,0,0,0
SyMvJrdaW,4,7.0,209.0,63.75,0,0,0
SyNPk2R9K7,6,23.0,115.0,57.0,1,0,1
SyNvti09KQ,2,50.0,50.0,34.0,1,1,1
SyOK1Sg0W,2,7.0,14.0,10.5,0,0,1
SyProzZAW,2,21.0,109.0,65.0,0,0,1
SySaJ0xCZ,3,16.0,72.0,29.666666666666668,0,0,1
SySpa-Z0Z,3,9.0,81.0,31.333333333333332,1,0,1
SyUkxxZ0b,7,23.0,64.0,33.714285714285715,1,1,1
SyVOjfbRb,3,17.0,25.0,15.0,1,0,1
SyVU6s05K7,3,8.0,164.0,68.33333333333333,1,0,0
SyVhg20cK7,4,9.0,35.0,16.0,0,0,0
SyVuRiC5K7,7,17.0,139.0,40.142857142857146,0,0,0
SyX0IeWAW,5,6.0,125.0,40.8,1,0,1
SyYe6k-CW,3,18.0,36.0,29.666666666666668,0,0,0
SyZI0GWCZ,3,31.0,66.0,38.0,0,0,0
SyZipzbCb,9,13.0,60.0,24.77777777777778,1,1,1
Sy_MK3lAZ,8,12.0,29.0,16.25,0,0,1
Sye0XkBKvS,4,8.0,25.0,14.75,0,0,0
Sye2s2VtDr,3,24.0,24.0,13.0,0,0,0
Sye57xStvB,11,12.0,28.0,14.5,1,1,0
Sye7qoC5FQ,2,20.0,51.0,35.5,0,0,0
SyeD0RVtvS,5,4.0,61.0,36.8,1,1,1
SyeKGgStDB,6,6.0,91.0,37.833333333333336,0,0,1
SyeKf30cFQ,1,23.0,23.0,23.0,0,0,0
SyeLGlHtPS,6,23.0,73.0,38.5,0,0,1
SyeLno09Fm,5,16.0,112.0,47.8,1,0,1
SyeMblBtwr,4,5.0,86.0,26.25,0,0,1
SyeQFiCcF7,1,5.0,5.0,5.0,0,0,0
SyeUMRNYDr,4,7.0,33.0,23.0,0,0,1
Sye_OgHFwH,5,7.0,74.0,22.6,0,0,1
Syeben09FQ,6,7.0,115.0,44.666666666666664,1,0,0
SyecdJSKvr,2,1.0,28.0,14.5,0,0,0
SyedHyBFwS,6,8.0,69.0,27.5,0,0,0
Syee1pVtDS,3,25.0,45.0,34.333333333333336,0,0,0
SyegvgHtwr,4,8.0,66.0,24.0,1,1,1
SyehMhC9Y7,3,17.0,112.0,48.333333333333336,0,0,0
Syejj0NYvr,2,30.0,30.0,19.0,0,0,0
SyepHTNFDS,5,3.0,18.0,8.6,0,0,0
SyevDaVYwr,5,4.0,73.0,48.6,0,0,0
SyevYxHtDB,3,13.0,124.0,65.0,1,0,0
SyeyF0VtDr,7,13.0,54.0,23.714285714285715,0,0,1
Syez3j0cKX,2,10.0,28.0,19.0,0,0,0
SyezvsC5tX,1,5.0,5.0,5.0,0,0,1
Syf9Q209YQ,4,12.0,41.0,22.25,0,0,0
SyfIfnC5Ym,4,9.0,73.0,40.5,1,0,1
Syg-ET4FPS,3,5.0,14.0,7.666666666666667,1,1,0
Syg-YfWCW,8,34.0,82.0,34.125,1,1,1
Syg6fxrKDB,2,2.0,26.0,14.0,0,0,0
Syg6jTNtDH,7,3.0,23.0,8.857142857142858,0,0,1
Syg7VaNYPB,3,9.0,30.0,17.0,0,0,1
SygBIxSFDS,6,26.0,119.0,28.5,1,0,1
SygD-hCcF7,5,11.0,107.0,40.6,1,1,1
SygEukHYvB,2,,,,0,0,0
SygHGnRqK7,6,13.0,38.0,19.0,0,0,1
SygK6sA5tX,3,7.0,15.0,8.0,0,0,1
SygKyeHKDH,14,18.0,59.0,19.214285714285715,0,0,1
SygLehCqtm,2,21.0,86.0,53.5,0,0,1
SygQvs0cFQ,5,19.0,41.0,26.2,0,0,0
SygRikHtvS,3,19.0,137.0,69.0,1,0,1
SygSLlStwS,4,9.0,112.0,49.25,1,0,1
SygW0TEFwH,2,13.0,39.0,26.0,0,0,0
SygWvAVFPr,5,10.0,86.0,55.8,0,0,1
SygXPaEYvH,7,37.0,83.0,44.714285714285715,1,0,1
SygagpEKwB,6,24.0,140.0,57.666666666666664,1,0,0
SygcCnNKwr,14,40.0,52.0,13.785714285714286,1,1,1
SygcSlHFvS,3,10.0,67.0,28.333333333333332,1,1,1
SygfNCEYDH,3,28.0,185.0,86.66666666666667,0,0,0
SyglyANFDr,3,16.0,119.0,63.666666666666664,0,0,0
Sygn20VtwH,4,0.0,81.0,28.0,0,0,1
SygpC6Ntvr,6,9.0,55.0,26.0,1,0,1
SygvZ209F7,4,8.0,131.0,41.5,1,0,1
SygwwGbRW,3,17.0,92.0,53.0,0,0,0
Sygx4305KQ,4,25.0,92.0,38.25,1,0,0
SygxYoC5FX,2,6.0,19.0,12.5,0,0,0
SyhRVm-Rb,4,8.0,125.0,53.25,1,0,1
SyhcXjy0Z,2,1.0,8.0,4.5,1,1,1
Syhr6pxCW,3,12.0,79.0,48.0,0,0,1
Syjha0gAZ,6,23.0,64.0,19.666666666666668,0,0,1
SyjsLqxR-,1,22.0,22.0,22.0,0,0,0
Syl-_aVtvH,7,5.0,95.0,25.833333333333332,1,0,1
Syl5o2EFPB,2,9.0,49.0,29.0,0,0,0
Syl7OsRqY7,4,36.0,78.0,51.75,0,0,1
Syl89aNYwS,4,12.0,108.0,42.0,1,0,1
Syl8Sn0cK7,5,12.0,53.0,31.8,1,0,0
SylCrnCcFX,3,9.0,92.0,38.0,1,0,1
SylGpT4FPS,3,25.0,25.0,15.333333333333334,0,0,1
SylJ1D1C-,4,4.0,39.0,14.0,1,0,0
SylKikSYDH,4,23.0,60.0,27.25,1,1,0
SylKoo0cKm,3,15.0,22.0,19.333333333333332,1,1,1
SylL0krYPS,7,17.0,101.0,30.428571428571427,1,1,1
SylLYsCcFm,5,38.0,60.0,34.4,1,1,0
SylO2yStDr,3,28.0,61.0,43.0,1,1,1
SylOlp4FvH,14,24.0,87.0,28.714285714285715,1,1,1
SylPMnR9Ym,5,7.0,64.0,25.4,0,0,1
SylR-CEKDS,2,13.0,25.0,19.0,1,0,1
SylR6n4tPS,6,19.0,57.0,33.833333333333336,0,0,1
SylU3jC5Y7,6,13.0,34.0,22.5,0,0,0
SylUiREKvB,6,6.0,50.0,26.833333333333332,1,1,1
SylUzpNFDS,3,5.0,10.0,8.0,0,0,0
SylVJTNKDr,4,19.0,59.0,24.75,1,1,1
SylVNerFvr,4,23.0,59.0,29.25,0,0,0
SylWNC4FPH,5,21.0,82.0,34.4,1,1,1
Sylgsn4Fvr,6,18.0,86.0,42.0,1,0,0
SyljQyBFDH,4,13.0,60.0,31.0,1,1,1
SylkYeHtwr,7,11.0,66.0,35.142857142857146,1,0,1
SylpBgrKPH,4,7.0,31.0,11.25,0,0,0
SylwBpNKDr,4,1.0,57.0,29.75,0,0,0
SylzhkBtDB,3,35.0,60.0,37.333333333333336,0,0,1
SyqAPeWAZ,2,1.0,19.0,10.0,0,0,0
SyqShMZRb,5,30.0,56.0,41.2,0,0,1
Syr8Qc1CW,3,10.0,29.0,14.333333333333334,1,0,1
SyrGJYlRZ,2,44.0,44.0,33.5,1,0,0
SysEexbRb,2,25.0,36.0,30.5,0,0,1
Syt0r4bRZ,7,22.0,49.0,26.428571428571427,0,0,0
SyuWNMZ0W,3,2.0,12.0,5.333333333333333,0,0,1
SyunbfbAb,6,20.0,185.0,46.0,0,0,0
SyvCD-b0W,4,18.0,74.0,28.0,1,0,1
SywXXwJAb,4,15.0,51.0,22.5,0,0,0
Syx-bCEFPS,3,43.0,49.0,37.333333333333336,0,0,0
Syx0Mh05YQ,4,23.0,73.0,48.5,0,0,0
Syx1DkSYwB,3,4.0,163.0,62.666666666666664,1,1,0
Syx4wnEtvH,10,31.0,85.0,42.3,1,1,1
Syx5V2CcFm,6,3.0,82.0,37.333333333333336,0,0,0
Syx5eT4KDS,3,17.0,24.0,19.0,0,0,0
Syx6bz-Ab,3,36.0,78.0,61.0,0,0,1
Syx72jC9tm,4,18.0,44.0,17.5,0,0,0
Syx79eBKwr,6,19.0,41.0,25.333333333333332,0,0,0
Syx7A3NFvH,3,15.0,53.0,27.0,0,0,1
Syx7WyBtwB,4,10.0,51.0,28.5,0,0,1
Syx9Q1rYvH,3,9.0,125.0,48.666666666666664,1,0,1
SyxAb30cY7,5,27.0,44.0,26.6,0,0,0
SyxC9TEtPH,5,13.0,77.0,25.6,0,0,0
SyxCqGbRZ,7,15.0,35.0,21.428571428571427,0,1,1
SyxDXJStPS,6,8.0,41.0,26.333333333333332,1,0,1
SyxGoJrtPr,6,19.0,68.0,44.166666666666664,0,0,1
SyxHKjAcYX,5,19.0,74.0,42.0,1,1,1
SyxIWpVYvr,6,33.0,33.0,14.5,0,0,1
SyxIterYwS,3,10.0,125.0,47.333333333333336,1,0,1
SyxKrySYPr,13,16.0,87.0,32.30769230769231,1,1,1
SyxL2TNtvr,7,4.0,30.0,17.857142857142858,1,1,1
SyxM51BYPB,3,10.0,39.0,20.666666666666668,0,0,0
SyxMWh09KX,8,13.0,48.0,20.875,1,0,1
SyxTZ1HYwB,4,8.0,32.0,16.75,1,0,1
SyxV9ANFDH,2,8.0,33.0,20.5,0,0,1
SyxXWC4KPB,4,3.0,33.0,15.333333333333334,0,0,0
SyxXhsAcFQ,2,14.0,14.0,11.5,0,0,1
SyxYEoA5FX,4,12.0,40.0,16.5,1,0,0
SyxZJn05YX,5,22.0,209.0,78.4,0,0,0
Syx_Ss05tm,3,16.0,64.0,43.333333333333336,0,0,1
SyxaYsAqY7,4,53.0,88.0,43.25,0,0,1
Syxc1yrKvr,5,6.0,26.0,8.0,0,0,0
Syxgbh05tQ,4,17.0,41.0,22.25,1,1,1
SyxhVkrYvr,7,17.0,101.0,32.714285714285715,1,1,1
SyxiRJStwr,4,20.0,139.0,57.0,0,0,0
SyxknjC9KQ,3,11.0,37.0,19.0,0,0,0
SyxrxR4KPS,6,28.0,36.0,24.833333333333332,1,1,1
Syxt2jC5FX,2,13.0,99.0,56.0,0,0,1
Syxt5oC5YQ,4,11.0,66.0,31.25,1,1,1
SyxtJh0qYm,3,19.0,26.0,19.666666666666668,1,1,1
SyxwW2A5Km,4,31.0,31.0,19.25,1,1,0
Syxwsp4KDB,6,12.0,44.0,27.666666666666668,1,0,1
SyyGPP0TZ,3,10.0,78.0,37.333333333333336,0,0,0
SyzKd1bCW,5,14.0,44.0,19.6,1,1,1
SyzVb3CcFX,4,24.0,112.0,63.0,0,0,1
SyzjBiR9t7,4,18.0,49.0,26.5,0,0,1
Syzn9i05Ym,2,3.0,16.0,9.5,1,0,0
SyzrLjA5FQ,3,14.0,39.0,19.666666666666668,0,0,1
r11Q2SlRW,6,16.0,70.0,23.5,0,0,1
r14Aas09Y7,6,15.0,29.0,16.833333333333332,0,0,0
r14EOsCqKX,4,11.0,78.0,45.5,0,0,1
r154_g-Rb,5,25.0,76.0,37.4,1,1,1
r17Q6WWA-,3,5.0,34.0,21.0,0,0,0
r17lFgZ0Z,4,23.0,26.0,18.0,0,0,1
r1AMITFaW,3,10.0,89.0,36.333333333333336,0,0,1
r1CE9GWR-,4,27.0,82.0,54.5,1,0,1
r1DPFCyA-,5,11.0,140.0,42.0,1,0,0
r1Ddp1-Rb,4,15.0,35.0,24.25,0,0,0
r1Dx7fbCW,6,5.0,51.0,26.333333333333332,0,0,1
r1E0OsA9tX,4,5.0,90.0,33.5,0,0,0
r1GAsjC5Fm,7,19.0,78.0,44.42857142857143,0,0,1
r1GB5jA5tm,2,52.0,80.0,66.0,0,0,0
r1GbfhRqF7,4,16.0,55.0,41.5,1,1,1
r1GkMhAqYm,8,21.0,68.0,41.625,1,0,1
r1HNP0eCW,7,2.0,21.0,10.142857142857142,0,0,0
r1ISxGZRb,3,15.0,20.0,17.333333333333332,0,0,1
r1Kr3TyAb,3,6.0,89.0,37.666666666666664,1,0,1
r1MSBjA9Ym,3,37.0,136.0,59.333333333333336,0,0,1
r1MxciCcKm,5,20.0,97.0,54.8,0,0,1
r1My6sR9tX,3,10.0,112.0,62.0,1,0,1
r1NYjfbR-,2,6.0,57.0,31.5,0,0,0
r1Nb5i05tX,4,5.0,23.0,11.25,0,0,0
r1Oen--RW,8,26.0,42.0,25.75,1,1,1
r1QZ3zbAZ,4,23.0,65.0,24.5,1,0,1
r1RF3ExCb,7,14.0,97.0,48.285714285714285,1,0,1
r1RQdCg0W,3,9.0,25.0,14.333333333333334,0,0,1
r1SnX5xCb,3,32.0,69.0,45.0,1,1,1
r1SuFjkRW,4,17.0,50.0,26.5,1,1,1
r1TA9ZbA-,8,24.0,93.0,50.125,1,1,0
r1V0m3C5YQ,4,10.0,67.0,42.25,1,1,1
r1VPNiA5Fm,4,4.0,50.0,22.25,1,0,0
r1VVsebAZ,4,12.0,74.0,28.25,0,0,0
r1Vx_oA5YQ,1,14.0,14.0,14.0,0,0,0
r1YqWz-R-,2,8.0,43.0,25.5,0,0,0
r1ZdKJ-0W,2,20.0,51.0,35.5,0,0,0
r1ayG7WRZ,1,10.0,10.0,10.0,0,0,0
r1cLblgCZ,2,1.0,24.0,12.5,0,0,1
r1dHXnH6-,3,7.0,67.0,29.666666666666668,1,0,1
r1drp-WCZ,6,16.0,97.0,49.666666666666664,0,0,1
r1e13s05YX,7,12.0,39.0,13.0,0,0,1
r1e4MkSFDr,7,16.0,52.0,26.571428571428573,0,0,1
r1e74a4twH,8,15.0,50.0,21.375,0,0,1
r1e7M6VYwH,2,36.0,55.0,45.5,1,0,1
r1e7NgrYvH,4,2.0,19.0,11.5,1,0,0
r1e9GCNKvH,2,2.0,13.0,7.5,0,0,0
r1eBeyHFDH,5,8.0,65.0,34.0,1,0,1
r1eCy0NtDH,3,7.0,66.0,33.666666666666664,1,1,1
r1eEG20qKQ,5,7.0,44.0,20.6,1,1,1
r1eIiCNYwS,6,28.0,40.0,23.833333333333332,1,0,1
r1eJssCqY7,5,25.0,76.0,33.6,1,0,1
r1eO_oCqtQ,3,7.0,46.0,19.666666666666668,0,0,0
r1eUukrtwH,2,2.0,28.0,15.0,0,0,0
r1eVMnA9K7,6,23.0,83.0,29.166666666666668,0,0,0
r1eVX0EFvH,5,17.0,48.0,31.2,1,1,1
r1eWdlBFwS,3,4.0,38.0,20.666666666666668,0,0,1
r1eX1yrKwB,5,,76.0,30.25,0,0,0
r1e_FpNFDr,2,39.0,39.0,27.5,1,1,1
r1ecqn4YwB,4,20.0,185.0,56.5,0,0,0
r1efr3C9Ym,2,9.0,32.0,20.5,0,0,1
r1egIyBFPS,5,19.0,30.0,25.8,0,0,1
r1eh30NFwB,2,1.0,20.0,10.5,0,0,0
r1eiqi09K7,2,11.0,19.0,15.0,0,0,0
r1eiu2VtwH,3,27.0,27.0,16.0,0,0,0
r1elIi09K7,2,4.0,52.0,28.0,0,0,0
r1eowANFvr,8,20.0,76.0,34.125,0,0,1
r1erNxBtwr,4,6.0,58.0,21.5,0,0,1
r1esnoAqt7,5,20.0,78.0,40.2,1,0,0
r1etN1rtPB,7,25.0,46.0,29.142857142857142,0,0,1
r1evOhEKvH,6,32.0,111.0,51.0,0,0,1
r1exVhActQ,6,16.0,40.0,19.166666666666668,0,0,0
r1eyceSYPr,3,10.0,32.0,22.0,0,0,1
r1ez_sRcFQ,2,5.0,18.0,11.5,0,0,0
r1ezqaEFPr,2,25.0,25.0,21.5,1,0,0
r1f0YiCctm,3,8.0,39.0,21.666666666666668,0,0,0
r1f78iAcFm,3,11.0,61.0,35.666666666666664,0,0,0
r1fE3sAcYQ,7,1.0,60.0,27.0,0,0,0
r1fO8oC9Y7,5,13.0,28.0,19.0,1,0,0
r1fWmnR5tm,4,8.0,51.0,27.75,0,0,0
r1g1CAEKDH,5,10.0,27.0,16.2,0,0,0
r1g4E3C9t7,4,17.0,119.0,51.5,1,0,1
r1g5b2RcKm,2,19.0,107.0,63.0,1,0,0
r1g6MCEtwr,2,6.0,16.0,11.0,0,0,0
r1g6ogrtDr,2,11.0,30.0,20.5,0,0,0
r1g87C4KwB,7,22.0,30.0,19.857142857142858,1,0,1
r1gBOxSFwr,5,3.0,60.0,26.8,0,0,1
r1gEXgBYDH,7,26.0,90.0,42.285714285714285,1,1,1
r1gEqiC9FX,4,12.0,55.0,34.5,0,0,1
r1gGpjActQ,6,23.0,76.0,44.0,1,0,1
r1gIa0NtDH,2,1.0,40.0,20.5,0,0,0
r1gIdySFPH,6,11.0,112.0,33.666666666666664,1,0,1
r1gKNs0qYX,1,50.0,50.0,50.0,0,0,0
r1gNLAEFPS,6,27.0,46.0,24.0,0,0,0
r1gNni0qtm,3,12.0,41.0,21.0,0,0,0
r1gOe209t7,5,28.0,29.0,17.4,0,0,1
r1gPoCEKvH,7,13.0,76.0,30.285714285714285,1,0,0
r1gR2sC9FX,8,10.0,185.0,47.625,0,0,0
r1gRCiA5Ym,3,15.0,51.0,34.0,1,0,1
r1gRTCVFvB,7,13.0,111.0,43.57142857142857,1,0,1
r1gV3nVKPS,1,8.0,8.0,8.0,0,0,0
r1gVqsA9tQ,4,5.0,39.0,19.75,0,0,1
r1gc3lBFPH,7,4.0,13.0,4.428571428571429,0,0,1
r1gdj2EKPB,4,13.0,34.0,25.75,0,0,0
r1ge8sCqFX,2,19.0,19.0,18.5,0,0,1
r1geR1BKPr,7,32.0,68.0,38.0,1,1,1
r1gelyrtwH,3,8.0,11.0,7.666666666666667,1,1,1
r1gfQgSFDr,8,8.0,59.0,25.75,1,1,1
r1gfweBFPB,4,10.0,140.0,47.25,1,0,1
r1gixp4FPH,2,24.0,36.0,30.0,0,0,1
r1gl7hC5Km,6,5.0,60.0,28.6,1,1,1
r1glehC5tQ,3,54.0,54.0,23.0,0,0,1
r1glygHtDB,5,7.0,47.0,22.6,1,0,0
r1gs9JgRZ,11,15.0,47.0,24.363636363636363,1,1,1
r1gx60NKPS,5,6.0,6.0,4.0,1,0,1
r1gzoaNtvr,5,13.0,68.0,40.8,0,0,1
r1hsJCe0Z,4,25.0,101.0,46.0,1,1,1
r1iuQjxCZ,4,28.0,87.0,39.0,1,1,1
r1kNDlbCb,2,7.0,43.0,25.0,0,0,0
r1kP7vlRb,4,3.0,47.0,20.5,0,0,0
r1l-5pEtDr,4,50.0,95.0,64.75,0,0,1
r1l-HTNtDB,4,26.0,26.0,14.0,0,0,1
r1l-VeSKwS,6,13.0,84.0,35.166666666666664,1,1,1
r1l-e3Cqtm,4,8.0,29.0,16.25,1,0,1
r1l0VCNKwB,6,13.0,33.0,17.5,0,0,1
r1l1myStwr,4,50.0,64.0,44.25,1,1,1
r1l3NiCqY7,2,26.0,26.0,23.0,0,0,1
r1l4eQW0Z,3,31.0,31.0,24.0,0,0,0
r1l73iRqKm,6,19.0,94.0,39.333333333333336,1,0,1
r1l9Nj09YQ,3,15.0,15.0,12.0,0,0,0
r1lFIiR9tQ,5,37.0,37.0,18.0,0,0,0
r1lF_CEYwS,3,6.0,70.0,33.333333333333336,0,0,1
r1lGO0EKDH,5,13.0,25.0,15.4,0,0,1
r1lHAAVtwr,2,13.0,16.0,14.5,0,0,0
r1lL4a4tDB,3,5.0,63.0,34.0,0,0,0
r1lM_sA5Fm,2,5.0,59.0,32.0,0,0,0
r1lOgyrKDS,4,6.0,43.0,26.0,0,0,1
r1lPleBFvH,4,19.0,66.0,33.0,1,1,1
r1lQQeHYPr,5,23.0,90.0,52.6,0,0,1
r1lUOzWCW,4,8.0,57.0,23.25,1,0,0
r1lUl6NFDH,5,13.0,89.0,40.4,1,0,1
r1lYRjC9F7,9,17.0,64.0,26.88888888888889,1,1,1
r1lZ7AEKvB,6,29.0,32.0,20.166666666666668,0,0,1
r1lZgyBYwS,4,55.0,55.0,25.5,0,0,1
r1la7krKPS,7,7.0,37.0,12.857142857142858,1,1,1
r1laEnA5Ym,5,16.0,45.0,21.8,0,0,0
r1lclxBYDS,3,1.0,34.0,19.666666666666668,0,0,0
r1lfF2NYvH,4,10.0,41.0,20.5,1,0,1
r1lgm3C5t7,5,9.0,60.0,28.2,1,1,1
r1lnigSFDr,5,22.0,60.0,30.6,1,1,1
r1lnxTEYPS,4,17.0,57.0,30.75,1,0,0
r1lpx3A9K7,3,1.0,9.0,6.0,1,0,1
r1lq1hRqYQ,4,19.0,112.0,43.0,1,1,1
r1lrAiA5Ym,4,16.0,60.0,33.75,0,0,1
r1ltgp4FwS,5,,,,0,0,0
r1luCsCqFm,2,15.0,51.0,33.0,0,0,0
r1nSxrKPH,1,6.0,6.0,6.0,1,0,0
r1nmx5l0W,3,0.0,15.0,8.333333333333334,0,0,0
r1nzLmWAb,2,9.0,37.0,23.0,1,0,1
r1pW0WZAW,4,10.0,102.0,55.75,1,1,1
r1q7n9gAb,5,37.0,37.0,26.5,1,1,0
r1saNM-RW,4,11.0,122.0,41.25,0,0,0
r1uOhfb0W,2,23.0,23.0,19.5,1,0,0
r1vuQG-CW,4,13.0,86.0,33.25,0,0,0
r1wEFyWCW,8,31.0,93.0,39.5,1,1,1
r1x0lxrFPS,4,17.0,32.0,25.25,0,0,0
r1x4BnCqKX,5,22.0,39.0,26.2,1,0,1
r1xCMyBtPS,3,11.0,75.0,33.666666666666664,1,0,1
r1xF7lSYDS,7,24.0,139.0,37.714285714285715,0,0,0
r1xFE3Rqt7,6,45.0,59.0,32.833333333333336,1,1,1
r1xGP6VYwH,4,15.0,52.0,31.333333333333332,1,1,0
r1xGnA4Kvr,4,6.0,49.0,21.25,0,0,1
r1xHxgrKwr,5,23.0,45.0,27.6,0,0,0
r1xMH1BtvB,4,26.0,133.0,77.5,1,1,1
r1xN5oA5tm,2,2.0,50.0,26.0,0,0,1
r1xPh2VtPB,4,10.0,66.0,38.0,1,0,0
r1xRW3A9YX,3,7.0,29.0,12.333333333333334,0,0,0
r1xX42R5Fm,4,8.0,40.0,21.75,1,1,1
r1xYr3C5t7,3,16.0,40.0,20.666666666666668,0,0,1
r1xZAkrFPr,3,19.0,36.0,23.333333333333332,0,0,1
r1xa9TVFvH,3,4.0,52.0,33.0,0,0,1
r1xapAEKwS,2,27.0,40.0,33.5,0,0,0
r1xdH3CcKX,5,43.0,115.0,69.4,0,0,1
r1xfECEKvr,8,,,,0,0,0
r1xjgxBFPB,6,10.0,43.0,16.833333333333332,0,0,0
r1xlvi0qYm,3,21.0,61.0,39.0,0,0,0
r1xo9grKPr,5,7.0,37.0,11.4,0,0,1
r1xrb3CqtQ,2,39.0,39.0,34.0,0,0,0
r1xurn0cKQ,3,3.0,78.0,50.0,0,0,1
r1xwKoR9Y7,4,7.0,63.0,26.0,1,0,1
r1xxKJBKvr,2,10.0,22.0,16.0,0,0,0
r1xywsC9tQ,2,14.0,14.0,8.5,0,0,1
r1xyx3R9tQ,3,46.0,48.0,43.333333333333336,1,0,0
r1zOg309tX,8,27.0,78.0,32.375,0,0,0
r1zmVhCqKm,3,13.0,13.0,5.0,0,0,1
r1znKiAcY7,4,10.0,31.0,16.75,0,0,0
r1ztwiCcYQ,1,1.0,1.0,1.0,0,0,0
rJ33wwxRb,4,6.0,50.0,26.75,0,0,0
rJ3fy0k0Z,2,5.0,5.0,5.0,0,0,0
rJ4km2R5t7,6,18.0,43.0,26.0,0,0,1
rJ4uaX2aW,3,28.0,31.0,22.333333333333332,1,1,1
rJ4vlh0qtm,4,61.0,144.0,65.5,0,0,1
rJ5C67-C-,4,6.0,51.0,28.5,0,0,1
rJ695PxRW,4,18.0,90.0,42.0,1,1,0
rJ6iJmWCW,4,3.0,25.0,13.0,1,1,0
rJ7yZ2P6-,2,16.0,25.0,20.5,0,0,1
rJBiunlAW,3,28.0,40.0,33.0,0,0,0
rJBwoM-Cb,3,21.0,89.0,52.666666666666664,1,0,1
rJEjjoR9K7,4,14.0,97.0,42.0,1,0,1
rJFOptp6Z,3,12.0,12.0,8.333333333333334,0,0,0
rJG8asRqKX,2,12.0,69.0,40.5,1,0,0
rJGY8GbR-,2,21.0,21.0,13.5,1,1,1
rJGZq6g0-,4,3.0,48.0,22.75,1,0,1
rJIN_4lA-,2,26.0,26.0,22.0,1,1,1
rJIgf7bAZ,3,22.0,67.0,37.666666666666664,0,0,0
rJJzTyWCZ,4,14.0,96.0,38.0,0,0,0
rJLTTe-0W,4,1.0,24.0,15.5,0,0,1
rJMcdsA5FX,3,8.0,41.0,26.0,1,1,1
rJNH6sAqY7,6,17.0,50.0,23.5,0,0,0
rJNpifWAb,5,11.0,37.0,26.0,1,1,1
rJNwDjAqYX,6,11.0,139.0,55.0,1,1,1
rJQDjk-0b,2,31.0,31.0,22.5,0,0,0
rJR2ylbRb,4,10.0,137.0,52.25,1,0,1
rJTutzbA-,4,11.0,67.0,35.75,0,0,0
rJUYGxbCW,5,16.0,65.0,33.6,1,1,1
rJVoEiCqKQ,7,18.0,99.0,42.57142857142857,1,1,1
rJVorjCcKQ,2,33.0,119.0,76.0,1,0,1
rJWechg0Z,3,24.0,55.0,30.0,0,0,0
rJXMpikCZ,6,,185.0,56.75,0,0,1
rJYFzMZC-,6,27.0,94.0,43.333333333333336,1,1,0
rJaE2alRW,3,8.0,8.0,7.333333333333333,1,0,0
rJbs5gbRW,2,22.0,39.0,30.5,0,0,1
rJe04p4YDB,2,28.0,121.0,74.5,0,0,0
rJe10iC5K7,7,8.0,115.0,42.857142857142854,0,0,1
rJe4ShAcF7,10,13.0,40.0,21.0,1,1,1
rJe4_xSFDB,3,5.0,43.0,17.333333333333332,0,0,1
rJe5_CNtPB,4,32.0,53.0,22.75,1,0,0
rJe7FW-Cb,4,19.0,36.0,19.5,0,0,1
rJe8pxSFwr,3,42.0,51.0,36.333333333333336,0,0,0
rJe9fTNtPS,7,9.0,57.0,22.142857142857142,1,1,1
rJe9lpEFDH,3,8.0,32.0,17.333333333333332,1,1,0
rJeA_aVtPB,2,28.0,28.0,23.5,0,0,1
rJeBJJBYDB,3,4.0,31.0,19.0,0,0,1
rJeEqiC5KQ,5,20.0,39.0,17.6,0,0,0
rJeINp4KwH,3,3.0,27.0,11.0,1,0,0
rJeIcTNtvS,6,10.0,49.0,32.0,0,0,0
rJeO3aVKPB,4,7.0,33.0,15.5,1,0,1
rJePwgSYwB,4,16.0,53.0,38.75,1,0,1
rJeQoCNYDS,4,14.0,77.0,29.25,0,0,1
rJeU_1SFvr,5,29.0,60.0,42.4,1,1,1
rJeW1yHYwH,5,15.0,15.0,10.6,0,0,1
rJeXCo0cYX,7,9.0,185.0,40.857142857142854,1,1,1
rJeXDANKwr,5,4.0,62.0,25.4,0,1,1
rJeXS04FPH,4,17.0,55.0,28.0,1,0,1
rJeZS3RcYm,5,21.0,76.0,33.6,1,1,1
rJe_cyrKPB,3,6.0,39.0,20.333333333333332,1,0,0
rJebgkSFDB,7,38.0,126.0,45.714285714285715,0,0,1
rJecbgHtDH,3,2.0,32.0,17.666666666666668,0,0,0
rJed6j0cKX,9,13.0,97.0,37.0,0,0,0
rJedbn0ctQ,3,12.0,52.0,30.0,0,0,0
rJeeKTNKDB,3,28.0,92.0,70.0,1,0,1
rJeg7TEYwB,3,14.0,134.0,63.666666666666664,1,1,1
rJehNT4YPr,4,15.0,62.0,35.75,0,0,1
rJehVyrKwH,5,12.0,61.0,39.8,1,1,1
rJehf0VKwS,3,9.0,21.0,13.666666666666666,0,0,0
rJehllrtDS,4,12.0,39.0,22.0,0,0,0
rJeidA4KvS,9,23.0,35.0,19.444444444444443,1,1,0
rJel41BtDH,5,9.0,49.0,24.6,0,0,1
rJeqeCEtvH,8,3.0,19.0,12.75,1,1,1
rJerHlrYwH,7,12.0,39.0,21.857142857142858,1,1,1
rJeuMREKwS,4,3.0,25.0,13.25,0,0,1
rJevYoA9Fm,3,16.0,39.0,28.666666666666668,1,1,1
rJfUCoR5KX,4,14.0,60.0,35.0,1,1,0
rJfW5oA5KQ,3,20.0,38.0,24.666666666666668,1,0,1
rJg3zxBYwH,4,2.0,86.0,29.5,1,0,1
rJg46kHYwH,4,4.0,49.0,18.5,1,1,1
rJg4J3CqFm,3,8.0,35.0,16.333333333333332,1,0,1
rJg4YGWRb,4,11.0,49.0,29.75,1,0,1
rJg6ssC5Y7,3,75.0,75.0,37.666666666666664,0,0,0
rJg76kStwH,7,30.0,53.0,27.428571428571427,0,0,0
rJg7BA4YDr,5,22.0,67.0,34.0,1,1,1
rJg851rYwH,5,48.0,48.0,32.6,1,1,1
rJg8TeSFDH,2,28.0,80.0,54.0,0,0,1
rJg8yhAqKm,8,25.0,185.0,61.875,1,1,1
rJg9OANFwS,5,13.0,18.0,11.6,1,0,1
rJgBd2NYPH,4,10.0,63.0,36.0,0,0,0
rJgD2ySFDr,3,9.0,40.0,21.0,1,1,1
rJgDb1SFwB,2,2.0,15.0,8.5,1,0,0
rJgE9CEYPS,4,5.0,27.0,13.75,0,0,0
rJgFjREtwr,6,8.0,105.0,32.666666666666664,0,0,0
rJgJDAVKvB,6,24.0,45.0,25.0,0,0,1
rJgMlhRctm,5,15.0,115.0,69.8,1,1,1
rJgPFgHFwr,3,4.0,37.0,24.333333333333332,0,0,1
rJgQkT4twH,2,2.0,12.0,7.0,0,0,0
rJgRMkrtDr,4,43.0,113.0,55.75,1,1,1
rJgSV3AqKQ,2,5.0,32.0,18.5,0,0,0
rJgTTjA9tX,2,9.0,16.0,12.5,1,0,1
rJgUfTEYvH,7,6.0,112.0,38.0,1,1,1
rJgVwTVtvS,5,36.0,76.0,33.4,1,0,1
rJgYxn09Fm,2,9.0,31.0,20.0,0,0,1
rJgbSn09Ym,5,22.0,126.0,77.0,1,0,1
rJgffkSFPS,6,7.0,63.0,34.166666666666664,0,0,0
rJgfjjC9Ym,2,25.0,25.0,23.0,1,0,1
rJggX0EKwS,2,18.0,185.0,101.5,0,0,0
rJgjGxrFPS,4,5.0,29.0,18.75,0,0,0
rJgqMRVYvr,4,6.0,45.0,17.25,1,0,1
rJgqalBKvH,6,7.0,10.0,5.166666666666667,1,0,0
rJgqjREtvS,3,19.0,19.0,14.333333333333334,0,0,0
rJgsskrFwH,3,18.0,33.0,23.0,1,1,1
rJgvf3RcFQ,4,22.0,77.0,37.75,1,1,0
rJgzzJHtDB,4,10.0,62.0,29.5,0,0,1
rJhR_pxCZ,5,2.0,30.0,11.2,0,0,1
rJiaRbk0-,7,23.0,76.0,39.42857142857143,1,0,1
rJk51gJRb,3,10.0,24.0,17.333333333333332,0,0,0
rJl-HsR9KX,2,3.0,50.0,26.5,0,0,0
rJl-b3RcF7,2,20.0,33.0,26.5,1,0,1
rJl05AVtwB,4,3.0,58.0,27.0,1,1,1
rJl0r3R9KX,4,30.0,34.0,25.0,1,1,1
rJl2E3AcF7,5,26.0,48.0,27.8,1,1,1
rJl31TNYPr,7,14.0,43.0,21.714285714285715,0,0,1
rJl3S2A9t7,4,7.0,35.0,13.25,1,0,1
rJl3YC4YPH,6,27.0,50.0,21.5,0,0,1
rJl3yM-Ab,10,36.0,55.0,35.9,1,1,1
rJl5MeHKvB,3,8.0,31.0,13.333333333333334,1,0,1
rJl5rRVFvH,8,26.0,106.0,29.125,1,0,1
rJl63fZRb,6,14.0,133.0,60.5,1,0,1
rJl6M2C5Y7,3,11.0,34.0,17.0,1,1,1
rJl8viCqKQ,3,6.0,23.0,14.5,0,0,0
rJlDnoA5Y7,2,6.0,35.0,20.5,1,0,1
rJlEojAqFm,9,18.0,87.0,34.888888888888886,1,1,1
rJlHIo09KQ,3,2.0,36.0,13.333333333333334,0,0,1
rJlJ-2CqtX,6,18.0,56.0,33.666666666666664,1,1,0
rJlMAAeC-,3,23.0,23.0,9.0,0,0,0
rJlNKCNtPB,2,14.0,25.0,19.5,0,0,1
rJlRKjActQ,7,14.0,185.0,48.714285714285715,0,0,0
rJlUhhVYvS,3,11.0,30.0,14.0,0,0,0
rJlUt0EYwS,8,15.0,94.0,31.625,0,0,1
rJlVdREKDS,4,14.0,97.0,53.0,1,0,1
rJlWOj0qF7,8,7.0,57.0,17.75,1,0,0
rJl_NhR9K7,3,12.0,49.0,34.666666666666664,1,1,0
rJlcLaVFvB,4,6.0,25.0,14.75,0,0,0
rJlcV2Actm,5,15.0,70.0,37.0,0,0,1
rJleFREKDr,2,5.0,21.0,13.0,1,0,1
rJleKgrKwS,4,9.0,53.0,21.5,0,0,0
rJleN20qK7,1,4.0,4.0,4.0,0,0,0
rJlf_RVKwr,2,2.0,42.0,22.0,0,0,1
rJlg1n05YX,4,28.0,29.0,19.0,0,0,1
rJliMh09F7,5,7.0,84.0,27.2,1,0,1
rJljdh4KDH,6,30.0,42.0,27.833333333333332,0,0,1
rJlnB3C5Ym,5,24.0,139.0,53.2,0,0,0
rJlnOhVYPS,3,30.0,99.0,54.333333333333336,0,0,0
rJlnfaNYvB,3,32.0,32.0,22.666666666666668,0,0,0
rJlnxkSYPS,4,6.0,39.0,19.0,1,1,0
rJlpUiAcYX,2,8.0,18.0,13.0,1,1,1
rJm7VfZA-,3,10.0,20.0,12.333333333333334,1,1,0
rJma2bZCW,7,22.0,185.0,48.57142857142857,1,1,0
rJoXrxZAZ,5,25.0,36.0,22.0,0,0,0
rJr4kfWCb,2,6.0,16.0,11.0,0,0,1
rJrTwxbCb,5,20.0,69.0,28.2,0,0,1
rJssAZ-0-,7,15.0,54.0,18.142857142857142,0,0,0
rJv4XWZA-,2,6.0,38.0,22.0,0,0,1
rJvJXZb0W,2,12.0,84.0,48.0,0,0,0
rJwelMbR-,5,8.0,112.0,33.8,0,0,0
rJx0Q6EFPB,8,6.0,90.0,32.857142857142854,0,0,0
rJx1Na4Fwr,8,6.0,68.0,38.625,0,0,1
rJx4p3NYDB,5,5.0,66.0,20.4,1,1,1
rJx8ylSKvr,7,48.0,113.0,29.571428571428573,1,1,1
rJx9vaVtDS,3,16.0,69.0,32.0,1,0,0
rJxAo2VYwr,4,13.0,88.0,30.5,0,0,1
rJxBa1HFvS,8,24.0,77.0,34.375,1,1,0
rJxFpp4Fvr,4,6.0,57.0,19.75,0,0,0
rJxG3pVKPB,4,27.0,40.0,26.25,0,0,0
rJxGLlBtwH,5,20.0,72.0,47.4,0,0,0
rJxHcgStwr,1,6.0,6.0,6.0,0,0,0
rJxHsjRqFQ,11,38.0,60.0,31.272727272727273,1,1,1
rJxMM2C5K7,2,11.0,34.0,22.5,0,0,1
rJxNAjC5F7,3,1.0,21.0,10.666666666666666,0,0,1
rJxRmlStDB,3,6.0,39.0,19.666666666666668,0,0,0
rJxWxxSYvB,3,6.0,74.0,38.0,1,1,1
rJxX8T4Kvr,5,23.0,47.0,24.4,0,0,0
rJxXDsCqYX,6,41.0,69.0,32.833333333333336,1,0,0
rJx_b3RqY7,4,19.0,31.0,21.0,0,0,1
rJxcBpNKPr,3,4.0,45.0,25.0,0,0,0
rJxe3xSYDS,2,13.0,29.0,21.0,1,0,1
rJxgknCcK7,5,14.0,63.0,28.6,0,0,0
rJxlc0EtDr,10,10.0,92.0,37.1,1,1,1
rJxok1BYPr,3,3.0,16.0,7.666666666666667,0,0,0
rJxq3kHKPH,6,18.0,90.0,51.5,1,0,1
rJxqZkSFDB,5,38.0,73.0,37.5,0,0,0
rJxt0JHKvS,4,7.0,9.0,6.25,1,1,0
rJxtgJBKDr,3,14.0,14.0,9.666666666666666,0,0,0
rJxug2R9Km,2,9.0,61.0,35.0,0,0,1
rJxycxHKDS,3,4.0,98.0,54.0,0,0,0
rJxyqkSYDH,3,9.0,17.0,10.333333333333334,1,1,1
rJzIBfZAb,5,44.0,44.0,22.8,1,0,1
rJzLciCqKm,3,37.0,37.0,20.666666666666668,0,0,0
rJzoujRct7,3,19.0,19.0,7.333333333333333,0,0,0
rk07ZXZRb,5,31.0,56.0,38.6,1,1,1
rk1FQA0pW,4,23.0,51.0,30.5,0,0,0
rk3b2qxCW,5,0.0,64.0,16.6,0,0,0
rk3mjYRp-,2,5.0,5.0,4.0,1,0,0
rk3pnae0b,5,15.0,89.0,44.4,1,0,0
rk49Mg-CW,5,14.0,112.0,59.6,0,0,0
rk4Fz2e0b,6,35.0,107.0,47.333333333333336,1,1,1
rk4Qso0cKm,4,15.0,68.0,26.25,0,0,1
rk4Wf30qKQ,8,13.0,31.0,10.625,0,0,1
rk6H0ZbRb,4,50.0,121.0,62.0,1,1,1
rk6cfpRjZ,9,27.0,80.0,38.22222222222222,0,0,1
rk6qdGgCZ,2,23.0,72.0,47.5,0,0,0
rk8wKk-R-,3,15.0,92.0,53.333333333333336,0,0,0
rkA1f3NpZ,4,9.0,16.0,10.25,0,0,0
rkEfPeZRb,3,5.0,23.0,11.0,0,0,0
rkEtzzWAb,6,9.0,45.0,24.333333333333332,0,0,0
rkGG6s0qKQ,5,15.0,41.0,27.8,1,1,1
rkGZuJb0b,5,10.0,42.0,19.8,0,0,1
rkGcYi09Km,4,1.0,24.0,7.75,0,0,0
rkHVZWZAZ,6,15.0,64.0,29.833333333333332,1,1,1
rkLyJl-0-,3,34.0,34.0,26.0,1,1,1
rkMW1hRqKX,3,15.0,46.0,27.0,1,1,1
rkMhusC5Y7,3,28.0,32.0,23.0,0,0,0
rkN2Il-RZ,10,20.0,92.0,34.6,1,1,1
rkO3uTkAZ,3,10.0,45.0,28.333333333333332,0,0,0
rkQkBnJAb,4,31.0,67.0,38.25,0,0,1
rkQu4Wb0Z,4,6.0,26.0,11.0,0,0,0
rkRwGg-0Z,3,51.0,51.0,31.666666666666668,0,0,1
rkTBjG-AZ,2,5.0,51.0,28.0,1,0,1
rkTS8lZAb,6,19.0,185.0,46.166666666666664,1,0,1
rkVOXhAqY7,1,17.0,17.0,17.0,0,0,0
rkYTTf-AZ,4,29.0,52.0,36.25,0,0,1
rkYgAJWCZ,2,18.0,110.0,64.0,1,1,1
rkZB1XbRZ,6,48.0,51.0,38.333333333333336,1,1,1
rkZvSe-RZ,6,,119.0,63.8,1,1,1
rkZzY-lCb,3,5.0,10.0,5.666666666666667,0,0,1
rkaT3zWCZ,4,25.0,35.0,28.0,0,0,1
rkaqxm-0b,2,10.0,40.0,25.0,0,0,0
rkcQFMZRb,5,18.0,30.0,19.6,1,1,1
rkcya1ZAW,6,23.0,88.0,39.0,0,0,1
rkdU7tCaZ,4,14.0,57.0,30.5,0,0,0
rke-f6NKvS,3,10.0,38.0,23.333333333333332,1,0,1
rke2HRVYvH,3,5.0,52.0,21.666666666666668,1,1,1
rke2P1BFwS,3,11.0,35.0,26.333333333333332,0,0,0
rke3TJrtPS,4,10.0,43.0,24.5,1,0,1
rke3U6NtwH,4,2.0,35.0,15.0,0,0,0
rke41hC5Km,5,8.0,57.0,19.4,1,0,1
rke4HiAcY7,3,18.0,18.0,11.666666666666666,1,1,0
rke5R1SFwS,3,17.0,107.0,49.333333333333336,0,0,1
rke7geHtwH,9,12.0,56.0,27.22222222222222,1,1,1
rke8ZhCcFQ,5,28.0,68.0,31.5,1,1,1
rkeIq2VYPr,3,10.0,58.0,28.666666666666668,0,0,0
rkeJRhNYDH,8,33.0,38.0,24.75,1,0,1
rkeMHjR9Ym,1,24.0,24.0,24.0,0,0,0
rkeNfp4tPr,3,7.0,25.0,13.0,0,0,0
rkeNqkBFPB,4,7.0,38.0,19.75,0,0,0
rkeNr6EKwB,6,12.0,185.0,55.666666666666664,1,1,1
rkeS1RVtPS,5,8.0,52.0,29.6,1,0,1
rkeSiiA5Fm,5,16.0,47.0,20.4,0,0,1
rkeT8iR9Y7,3,3.0,17.0,11.0,0,0,0
rkeUcRNtwS,3,10.0,25.0,18.0,0,0,0
rkeYL1SFvH,5,45.0,45.0,27.6,0,0,1
rkeYUsRqKQ,4,12.0,21.0,10.0,1,0,1
rkeZIJBYvr,7,19.0,34.0,21.0,0,0,0
rkeZNREFDr,2,2.0,2.0,1.5,1,0,1
rkeZRGbRW,3,5.0,185.0,69.66666666666667,0,0,0
rke_YiRct7,3,14.0,60.0,39.333333333333336,1,0,1
rkecJ6VFvr,4,,3.0,3.0,0,0,0
rkecl1rtwB,2,12.0,42.0,27.0,0,0,1
rkeeoeHYvr,4,32.0,39.0,27.5,0,0,0
rkehoAVtvS,2,10.0,33.0,21.5,0,0,0
rkeiQlBFPB,6,8.0,60.0,28.666666666666668,1,1,0
rkem91rtDB,10,28.0,85.0,28.6,1,0,1
rkemqsC9Fm,1,15.0,15.0,15.0,0,0,0
rkenmREFDr,4,10.0,75.0,29.25,1,0,1
rkeqCoA5tX,3,7.0,9.0,6.0,0,0,0
rkerLaVtDr,2,15.0,46.0,30.5,0,0,0
rkeuAhVKvB,6,7.0,34.0,17.5,0,0,0
rkevMnRqYQ,5,8.0,125.0,36.4,1,0,1
rkevSgrtPr,1,7.0,7.0,7.0,0,0,0
rkezdaEtvH,5,24.0,185.0,61.8,0,0,0
rkfOvGbCW,10,24.0,93.0,38.7,1,1,0
rkfbLilAb,4,8.0,22.0,11.5,0,0,1
rkg-TJBFPB,2,15.0,33.0,24.0,0,0,0
rkg-mA4FDr,1,16.0,16.0,16.0,0,0,0
rkg6sJHYDr,3,5.0,42.0,17.333333333333332,0,0,0
rkg8FJBYDS,4,7.0,17.0,12.0,0,0,1
rkg98yBFDr,2,17.0,17.0,10.5,0,0,0
rkgAGAVKPr,11,9.0,60.0,19.181818181818183,1,1,1
rkgBHoCqYX,3,7.0,30.0,16.0,0,0,0
rkgCJ64tDB,5,24.0,106.0,45.0,1,0,1
rkgHY0NYwr,4,5.0,30.0,21.25,1,0,1
rkgIW1HKPB,4,18.0,126.0,48.25,1,0,0
rkgK3oC5Fm,3,11.0,124.0,64.33333333333333,1,0,0
rkgKBhA5Y7,4,17.0,41.0,23.75,1,0,1
rkgNKkHtvB,3,15.0,31.0,19.666666666666668,1,1,1
rkgO66VKDS,5,20.0,47.0,20.8,0,0,0
rkgOLb-0W,4,19.0,78.0,32.0,0,0,0
rkgOlCVYvB,3,10.0,36.0,17.666666666666668,1,1,1
rkgPnhNFPB,4,7.0,30.0,13.0,0,0,0
rkgT3jRct7,5,27.0,32.0,21.0,0,0,1
rkgTdkrtPH,4,17.0,58.0,26.5,1,1,1
rkgU1gHtvr,5,30.0,77.0,26.0,0,0,0
rkgW0oA9FX,3,73.0,107.0,68.0,0,0,1
rkgbYyHtwB,3,8.0,39.0,23.0,0,0,0
rkgbwsAcYm,7,20.0,41.0,19.571428571428573,1,1,1
rkgc06VtwH,3,13.0,20.0,11.666666666666666,1,1,1
rkgd0iA9FQ,3,22.0,22.0,10.333333333333334,1,0,1
rkgdYhVtvH,2,22.0,137.0,79.5,1,0,1
rkgfdeBYvH,3,6.0,22.0,11.0,1,0,1
rkgg6xBYDH,3,9.0,155.0,61.333333333333336,0,0,0
rkgiURVFDS,4,6.0,53.0,20.0,1,0,1
rkglZyHtvH,5,8.0,39.0,28.6,0,0,0
rkglvsC9Ym,3,44.0,44.0,28.333333333333332,0,0,0
rkgoyn09KQ,4,16.0,57.0,28.75,1,0,0
rkgpCoRctm,5,4.0,16.0,9.2,0,0,0
rkgpy3C5tX,2,8.0,9.0,8.5,0,0,0
rkgqCiRqKQ,4,8.0,125.0,44.5,1,0,1
rkgqN1SYvr,3,37.0,37.0,27.666666666666668,0,0,0
rkgqm0VKwB,6,10.0,126.0,27.666666666666668,0,0,0
rkgsvoA9K7,4,7.0,19.0,10.0,0,0,0
rkgt0REKwS,2,10.0,68.0,39.0,0,0,0
rkgvXlrKwH,5,16.0,18.0,14.0,1,1,0
rkgwuiA9F7,6,3.0,24.0,14.666666666666666,0,0,0
rkgyS0VFvr,4,13.0,54.0,23.75,0,0,1
rkgz2aEKDr,7,40.0,147.0,48.42857142857143,0,0,1
rkhlb8lCZ,2,14.0,19.0,16.5,0,0,1
rkhxwltab,1,8.0,8.0,8.0,0,0,0
rkl03ySYDH,8,8.0,24.0,11.625,0,0,1
rkl2s34twS,6,36.0,79.0,60.666666666666664,0,0,0
rkl3-hA5Y7,3,4.0,23.0,10.333333333333334,0,0,0
rkl3m1BFDB,3,7.0,39.0,17.0,0,0,1
rkl42iA5t7,3,10.0,11.0,10.666666666666666,0,1,0
rkl6As0cF7,5,29.0,37.0,29.2,1,0,1
rkl8dlHYvB,7,7.0,60.0,23.571428571428573,0,0,0
rkl8sJBYvH,6,80.0,90.0,46.666666666666664,1,0,1
rklEUjR5tm,6,41.0,73.0,34.333333333333336,1,1,1
rklEj2EFvB,3,13.0,86.0,41.0,0,0,1
rklFh34Kwr,2,8.0,33.0,20.5,1,1,1
rklHqRVKvH,4,23.0,92.0,33.5,1,1,1
rklMnyBtPB,3,7.0,53.0,26.0,0,0,1
rklOg6EFwS,6,30.0,53.0,39.0,0,0,1
rklQas09tm,3,42.0,92.0,45.0,1,0,1
rklTmyBKPH,7,17.0,83.0,43.0,1,1,0
rklVOnNtwH,3,1.0,17.0,7.333333333333333,0,0,0
rklXaoAcFX,19,10.0,82.0,16.38888888888889,0,0,1
rkl_Ch4YwS,3,30.0,30.0,15.333333333333334,0,0,1
rklaWn0qK7,5,8.0,39.0,19.6,1,0,1
rklbKA4YDS,4,7.0,32.0,13.75,0,0,0
rkle3i09K7,6,25.0,84.0,35.333333333333336,0,0,0
rklfIeSFwS,3,4.0,42.0,18.0,0,0,1
rklhb2R9Y7,5,14.0,185.0,51.8,1,1,1
rklhqkHFDB,3,5.0,36.0,14.666666666666666,1,0,0
rkliHyrFDB,4,6.0,94.0,40.25,1,1,0
rklj3gBYvH,1,13.0,13.0,13.0,0,0,0
rklk_ySYPB,2,14.0,56.0,35.0,0,0,0
rklklCVYvB,10,16.0,39.0,12.9,1,1,1
rkllGyBFPH,2,11.0,41.0,26.0,1,0,1
rklnDgHtDS,4,12.0,61.0,29.75,1,0,1
rklp93EtwH,7,26.0,55.0,35.333333333333336,0,0,1
rklr9kHFDB,11,10.0,66.0,31.09090909090909,1,0,1
rklraTNFwB,4,38.0,38.0,16.5,0,0,1
rkltE0VKwH,2,11.0,63.0,37.0,0,0,0
rkluJ2R9KQ,4,18.0,35.0,22.5,1,1,1
rklwwo05Ym,6,7.0,69.0,29.0,1,1,0
rkly70EKDH,3,25.0,25.0,11.333333333333334,0,0,1
rklz16Vtvr,5,14.0,76.0,29.2,0,0,0
rklz9iAcKQ,6,25.0,185.0,63.166666666666664,1,1,0
rkmoiMbCb,4,2.0,19.0,10.75,0,0,1
rkmu5b0a-,4,5.0,45.0,23.0,0,0,1
rknt2Be0-,3,31.0,59.0,40.333333333333336,0,0,0
rkpoTaxA-,3,10.0,21.0,16.0,0,0,0
rkr1UDeC-,6,17.0,138.0,35.833333333333336,1,1,1
rkrC3GbRW,5,,39.0,23.5,0,0,0
rkrWCJWAW,2,14.0,31.0,22.5,0,0,0
rkvDssyRb,4,17.0,17.0,12.0,0,0,1
rkw-jlb0W,3,18.0,74.0,45.666666666666664,0,0,0
rkx-wA4YPS,3,20.0,86.0,38.333333333333336,1,0,1
rkx0g3R5tX,3,7.0,13.0,10.666666666666666,0,0,0
rkx1m2C5YQ,6,5.0,43.0,20.833333333333332,0,0,0
rkx3-04FwB,2,10.0,29.0,19.5,1,1,1
rkx8l3Cctm,3,5.0,62.0,31.0,1,1,0
rkxDoJBYPB,7,6.0,101.0,40.0,1,1,1
rkxKwJrKPS,7,4.0,26.0,9.857142857142858,1,0,1
rkxNelrKPB,2,6.0,47.0,26.5,0,0,0
rkxNh1Stvr,3,28.0,53.0,32.333333333333336,0,0,1
rkxQ-nA9FX,3,80.0,80.0,39.0,0,0,1
rkxVz1HKwB,3,12.0,27.0,19.333333333333332,0,0,1
rkxWpCNKvS,1,26.0,26.0,26.0,0,0,0
rkxY-sl0W,3,30.0,119.0,56.666666666666664,1,0,1
rkxZCJrtwS,7,16.0,122.0,38.42857142857143,0,0,1
rkxZyaNtwB,3,4.0,27.0,17.333333333333332,0,0,0
rkxaNjA9Ym,2,12.0,49.0,30.5,0,0,1
rkxacs0qY7,4,14.0,36.0,28.75,0,0,0
rkxawlHKDr,3,10.0,62.0,25.666666666666668,0,0,1
rkxciiC9tm,7,8.0,91.0,21.285714285714285,0,0,0
rkxd2oR9Y7,7,15.0,47.0,20.142857142857142,0,0,1
rkxfjjA5Km,2,51.0,51.0,43.0,0,0,1
rkxjnjA5KQ,2,2.0,58.0,30.0,0,0,1
rkxkHnA5tX,6,7.0,32.0,13.5,0,0,0
rkxmPgrKwB,4,5.0,77.0,25.75,0,0,0
rkxn7nR5KX,4,24.0,66.0,36.0,1,1,1
rkxoNnC5FQ,4,10.0,34.0,15.0,0,0,1
rkxoh24FPH,5,28.0,41.0,26.8,1,1,1
rkxraoRcF7,4,11.0,52.0,22.5,0,0,0
rkxs0yHFPH,3,32.0,32.0,24.333333333333332,0,0,0
rkxt8oC9FQ,3,23.0,35.0,22.0,1,0,0
rkxtNaNKwr,5,8.0,20.0,13.8,1,0,1
rkxtl3C5YX,6,6.0,63.0,23.5,1,0,1
rkxuWaVYDB,2,6.0,45.0,25.5,0,0,0
rkxusjRctQ,5,9.0,40.0,20.8,1,1,1
rkxw-hAcFQ,5,6.0,43.0,22.0,0,0,1
rkzDIiA5YQ,4,14.0,29.0,15.75,1,0,1
rkzUYjCcFm,2,9.0,15.0,12.0,0,0,1
rkzfuiA9F7,3,12.0,44.0,30.333333333333332,0,0,0
rkzjUoAcFX,14,21.0,93.0,33.642857142857146,1,1,1
ry-TW-WAb,4,6.0,33.0,13.75,1,1,0
ry018WZAZ,5,12.0,45.0,22.2,1,1,1
ry0WOxbRZ,2,12.0,27.0,19.5,0,0,1
ry1arUgCW,3,15.0,32.0,17.666666666666668,0,0,0
ry5wc1bCW,6,9.0,57.0,24.5,0,0,0
ry6-G_66b,3,23.0,90.0,43.0,0,0,0
ry80wMW0W,3,3.0,27.0,16.333333333333332,0,0,0
ry831QWAb,5,19.0,90.0,42.0,1,1,1
ry8dvM-R-,3,8.0,17.0,13.333333333333334,0,0,1
ry9tUX_6-,2,21.0,29.0,25.0,0,0,0
ry9yolu6W,5,8.0,57.0,27.2,1,0,1
ryALZdAT-,3,19.0,52.0,33.0,1,1,0
ryBfxWPp-,3,20.0,57.0,27.666666666666668,1,0,1
ryBnUWb0b,2,5.0,61.0,33.0,1,0,1
ryCM8zWRb,2,13.0,39.0,26.0,1,1,1
ryDNZZZAW,6,20.0,77.0,36.5,1,0,1
ryE98iR5tm,3,55.0,55.0,45.0,0,0,1
ryEkcsActX,3,16.0,61.0,26.0,0,0,1
ryF-cQ6T-,7,41.0,120.0,36.57142857142857,0,0,0
ryG2Cs09Y7,2,4.0,33.0,18.5,0,0,1
ryG6xZ-RZ,3,3.0,45.0,20.666666666666668,0,0,1
ryGWhJBtDB,3,32.0,32.0,28.333333333333332,1,0,1
ryGfnoC5KQ,3,16.0,37.0,21.333333333333332,1,1,1
ryGgSsAcFQ,1,1.0,1.0,1.0,0,0,0
ryGiYoAqt7,2,1.0,8.0,4.5,0,0,0
ryGvcoA5YX,8,15.0,49.0,28.75,1,0,0
ryH20GbRW,4,15.0,88.0,36.5,1,1,1
ryH_bShhW,1,3.0,3.0,3.0,0,0,0
ryM07h0cYX,4,0.0,71.0,29.0,1,1,1
ryMQ5sRqYX,3,13.0,43.0,31.666666666666668,0,0,1
ryM_IoAqYX,3,24.0,63.0,32.0,0,0,0
ryOG3fWCW,5,23.0,36.0,12.4,1,0,1
ryPW2e-A-,4,13.0,81.0,45.5,1,1,1
ryQu7f-RZ,3,30.0,46.0,37.666666666666664,0,0,0
ryRh0bb0Z,3,10.0,28.0,19.333333333333332,0,0,1
ryTp3f-0-,5,7.0,86.0,30.2,1,0,1
ryUlhzWCZ,3,39.0,56.0,42.333333333333336,0,0,0
ryZ283gAZ,4,12.0,51.0,29.5,1,0,0
ryZ3KCy0W,2,4.0,32.0,18.0,0,0,1
ryZ8sz-Ab,4,8.0,107.0,47.75,1,1,1
ryacTMZRZ,3,9.0,57.0,24.333333333333332,1,0,1
ryazCMbR-,6,15.0,50.0,24.333333333333332,1,0,1
rybAWfx0b,4,26.0,31.0,21.75,0,0,0
rybDdHe0Z,4,1.0,56.0,23.5,0,0,1
rydeCEhs-,4,29.0,29.0,17.75,0,0,1
rye4g3AqFm,3,8.0,56.0,24.333333333333332,1,0,0
rye5YaEtPr,4,42.0,42.0,24.0,0,0,0
rye7XnRqFm,3,7.0,24.0,11.333333333333334,1,0,0
rye7knCqK7,3,12.0,27.0,18.666666666666668,0,0,1
ryeAy3AqYm,3,7.0,54.0,25.0,0,0,0
ryeFY0EFwS,1,25.0,25.0,25.0,0,0,0
ryeFzT4YPr,5,11.0,49.0,24.0,0,0,1
ryeG924twB,7,11.0,42.0,16.285714285714285,1,0,0
ryeHuJBtPH,3,17.0,65.0,28.666666666666668,0,0,1
ryeK6nNFDr,7,11.0,40.0,29.571428571428573,0,0,0
ryeNPi0qKX,2,11.0,40.0,25.5,0,0,1
ryeOSnAqYm,7,15.0,119.0,28.0,1,0,1
ryeQmCVYPS,6,7.0,46.0,18.333333333333332,0,0,0
ryeUg0VFwr,3,16.0,51.0,37.666666666666664,0,0,0
ryeX-nC9YQ,2,6.0,30.0,18.0,0,0,0
ryeYHi0ctQ,4,16.0,67.0,43.0,0,0,0
ryeYpJSKwr,7,4.0,72.0,17.714285714285715,1,0,0
ryeaZhRqFm,6,9.0,45.0,16.5,0,0,0
ryebG04YvB,7,14.0,49.0,22.285714285714285,1,1,1
ryedqa4FwS,9,,33.0,14.375,1,1,0
ryefE1SYDr,4,8.0,66.0,33.5,0,0,1
ryeh4jA9F7,4,19.0,38.0,24.25,1,1,1
ryemosC9tm,7,5.0,49.0,23.285714285714285,1,0,1
ryen_CEFwr,6,18.0,46.0,22.5,1,1,1
ryenvpEKDr,4,4.0,55.0,28.5,0,0,1
ryeoxnRqKQ,5,22.0,55.0,35.4,0,0,1
ryepFJbA-,4,2.0,51.0,28.75,0,0,1
ryepUj0qtX,3,11.0,34.0,19.666666666666668,0,0,0
ryesZANKPB,7,6.0,80.0,31.428571428571427,1,1,1
ryestJBKPB,5,9.0,45.0,17.6,0,0,1
ryetZ20ctX,3,31.0,61.0,50.333333333333336,0,0,1
ryewE3R5YX,11,12.0,119.0,40.22222222222222,1,0,1
ryex8CEKPr,2,40.0,40.0,26.5,0,0,1
ryf6Fs09YX,4,14.0,88.0,29.0,0,0,1
ryf7ioRqFX,6,18.0,185.0,43.0,1,0,1
ryfMLoCqtQ,2,18.0,62.0,40.0,1,1,1
ryfaViR9YX,2,11.0,11.0,11.0,0,0,1
ryfcCo0ctQ,4,29.0,32.0,23.0,0,0,1
ryfz73C9KQ,5,8.0,64.0,25.0,1,1,0
ryg48p4tPH,9,23.0,50.0,27.11111111111111,0,0,1
ryg7vA4tPB,5,11.0,38.0,23.0,1,1,1
ryg8WJSKPr,5,4.0,62.0,28.2,1,1,1
ryg8wpEtvB,4,16.0,19.0,11.0,0,0,0
rygBVTVFPB,4,19.0,19.0,10.666666666666666,0,0,0
rygEokBKPS,3,20.0,31.0,22.666666666666668,0,0,0
rygFWAEFwS,3,23.0,23.0,15.333333333333334,0,0,0
rygG4AVFvH,4,7.0,7.0,6.5,0,0,1
rygG7AEtvB,4,5.0,47.0,17.5,1,0,1
rygGQyrFvH,5,19.0,76.0,26.4,0,0,0
rygHe64FDS,3,17.0,44.0,24.333333333333332,1,0,1
rygHq6EFwr,2,27.0,29.0,28.0,0,0,0
rygPm64tDH,5,7.0,42.0,21.4,1,0,1
rygT_JHtDr,5,5.0,34.0,11.8,0,0,0
rygUoeHKvB,3,1.0,51.0,21.333333333333332,0,0,0
rygVV205KQ,10,31.0,93.0,30.8,1,1,1
rygZJ2RcF7,5,10.0,67.0,29.2,0,0,1
ryga2CNKDH,4,16.0,34.0,18.25,0,0,0
rygeHgSFDH,3,8.0,77.0,37.333333333333336,0,0,0
rygePJHYPH,2,4.0,37.0,20.5,1,0,0
rygf-kSYwH,14,29.0,77.0,33.714285714285715,1,1,1
rygfnn4twS,5,16.0,215.0,55.0,0,0,1
ryggIs0cYQ,5,95.0,95.0,33.0,0,0,1
ryghZJBKPS,5,12.0,63.0,30.8,0,0,1
rygixkHKDH,5,19.0,28.0,19.0,1,0,1
rygjHxrYDB,7,15.0,126.0,74.14285714285714,1,0,1
rygjN3C9F7,2,,,,0,0,0
rygjcsR9Y7,5,15.0,89.0,30.8,0,0,1
rygjmpVFvB,4,1.0,52.0,23.75,0,0,0
rygk9oA9Ym,4,11.0,39.0,24.5,1,0,1
rygkk305YQ,12,32.0,70.0,35.0,1,1,1
rygnfn0qF7,4,59.0,59.0,41.75,0,0,1
rygo9iR9F7,13,16.0,60.0,27.076923076923077,0,0,1
rygoURNYvS,4,9.0,41.0,19.25,1,1,1
rygqqsA9KX,5,18.0,90.0,50.0,1,0,1
rygrBhC5tQ,5,15.0,27.0,13.2,1,0,1
rygtPhVtDS,7,7.0,84.0,23.714285714285715,1,0,0
ryguP1BFwr,3,3.0,58.0,21.0,0,0,0
rygunsAqYQ,2,43.0,144.0,93.5,1,0,1
rygvFyrKwH,6,25.0,44.0,26.0,0,0,1
rygwLgrYPB,3,4.0,14.0,10.0,0,0,0
rygxdA4YPS,4,4.0,74.0,28.25,1,0,1
ryiAv2xAZ,4,25.0,84.0,40.25,0,0,0
ryj0790hb,2,17.0,55.0,36.0,0,0,0
ryj38zWRb,4,36.0,61.0,41.0,1,1,1
ryl-RTEYvB,3,41.0,41.0,24.0,0,0,1
ryl0cAVtPH,2,12.0,55.0,33.5,1,0,1
ryl3ygHYDB,4,10.0,39.0,19.75,1,0,1
ryl4-pEKvB,3,3.0,74.0,35.333333333333336,1,0,0
ryl5CJSFPS,4,24.0,27.0,17.5,0,0,1
ryl5khRcKm,5,9.0,53.0,25.8,0,0,0
ryl71a4YPB,4,18.0,72.0,34.0,1,1,1
ryl8-3AcFX,3,21.0,72.0,41.0,0,0,0
rylBK34FDS,3,23.0,88.0,46.0,0,0,1
rylCP6NFDB,5,26.0,77.0,44.0,0,0,1
rylDfnCqF7,4,26.0,65.0,33.25,1,0,1
rylDzTEKwr,5,21.0,24.0,20.2,0,0,0
rylIAsCqYm,3,6.0,73.0,29.0,0,0,1
rylIy3R9K7,5,37.0,58.0,35.8,0,0,1
rylKB3A9Fm,6,6.0,119.0,45.833333333333336,1,0,1
rylNH20qFQ,7,27.0,115.0,34.857142857142854,1,1,1
rylSzl-R-,4,43.0,97.0,63.5,0,0,1
rylV-2C9KQ,2,27.0,27.0,21.5,0,0,1
rylV6i09tX,5,12.0,60.0,26.6,0,0,1
rylWVnR5YQ,3,14.0,32.0,15.666666666666666,0,0,0
rylbWhC5Ym,3,9.0,20.0,15.0,0,0,0
ryljV2A5KX,3,35.0,45.0,28.333333333333332,0,0,0
rylqooRqK7,4,8.0,91.0,31.0,1,0,0
rylxxhRctX,5,4.0,113.0,44.2,1,1,1
rypT3fb0b,4,15.0,58.0,28.5,1,0,1
ryserbZR-,4,11.0,22.0,13.25,0,0,1
rytNfI1AZ,1,30.0,30.0,30.0,0,0,1
rytstxWAW,3,16.0,43.0,30.333333333333332,0,0,1
ryup8-WCW,4,52.0,52.0,24.25,0,0,1
ryvxcPeAb,4,13.0,96.0,38.0,1,0,1
rywDjg-RW,6,15.0,63.0,32.333333333333336,0,0,1
rywHCPkAW,12,13.0,92.0,33.5,1,1,1
ryx3_iAcY7,4,18.0,94.0,56.0,1,1,1
ryxDjjCqtQ,3,9.0,140.0,62.666666666666664,1,0,0
ryxLG2RcYX,7,7.0,86.0,29.0,1,1,1
ryxMX2R9YQ,4,32.0,85.0,43.75,0,0,1
ryxSrhC9KX,4,16.0,69.0,33.25,0,0,1
ryxY73AcK7,3,11.0,34.0,18.666666666666668,0,0,0
ryxaSsActQ,5,4.0,43.0,22.0,0,0,0
ryxeB30cYX,3,4.0,10.0,5.0,0,0,1
ryxepo0cFX,4,16.0,67.0,40.0,1,1,1
ryxhB3CcK7,6,15.0,68.0,40.333333333333336,1,0,1
ryxhynC9KX,6,21.0,67.0,27.666666666666668,1,0,1
ryxjH3R5KQ,3,11.0,48.0,28.0,0,0,0
ryxnHhRqFm,3,28.0,78.0,58.333333333333336,0,0,1
ryxnY3NYPS,2,28.0,62.0,45.0,1,1,1
ryxtCpNtDS,3,3.0,39.0,14.666666666666666,0,0,1
ryxtWgSKPB,1,17.0,17.0,17.0,0,0,0
ryxwJhC9YX,3,14.0,39.0,28.666666666666668,1,0,1
ryxxCiRqYX,4,16.0,92.0,50.5,0,0,1
ryxyCeHtPB,6,5.0,71.0,26.333333333333332,1,0,0
ryxz8CVYDH,5,5.0,68.0,32.0,0,0,1
ryykVe-0W,2,17.0,185.0,101.0,1,1,1
ryzHXnR5Y7,7,17.0,137.0,52.714285714285715,1,0,1
ryza73R9tQ,7,31.0,76.0,29.571428571428573,0,0,1
ryzfcoR5YQ,7,5.0,82.0,33.57142857142857,0,0,1
