paper_id,method,s2_citations,s2_title,title_sim,s2_year,s2_venue
ryykVe-0W,arxiv_batch,,,,,
rywHCPkAW,arxiv_batch,1017,Noisy Networks for Exploration,1.000,2017,International Conference on Learning Representations
rywDjg-RW,arxiv_batch,178,Neural-Guided Deductive Search for Real-Time Program Synthesis from Examples,1.000,2018,International Conference on Learning Representations
ryup8-WCW,arxiv_batch,564,Measuring the Intrinsic Dimension of Objective Landscapes,1.000,2018,International Conference on Learning Representations
rytNfI1AZ,arxiv_batch,,,,,
ryserbZR-,arxiv_batch,127,Classification and Disease Localization in Histopathology Using Only Global Labels: A Weakly-Supervised Approach,1.000,2018,arXiv.org
rylSzl-R-,arxiv_batch,,,,,
ryj38zWRb,arxiv_batch,462,Optimizing the Latent Space of Generative Networks,1.000,2017,International Conference on Machine Learning
ryj0790hb,arxiv_batch,307,Incremental Learning Through Deep Adaptation,1.000,2017,IEEE Transactions on Pattern Analysis and Machine Intelligence
ryiAv2xAZ,arxiv_batch,960,Training Confidence-calibrated Classifiers for Detecting Out-of-Distribution Samples,1.000,2017,International Conference on Learning Representations
rydeCEhs-,arxiv_batch,808,SMASH: One-Shot Model Architecture Search through HyperNetworks,1.000,2017,International Conference on Learning Representations
ryazCMbR-,arxiv_batch,243,Communication Algorithms via Deep Learning,1.000,2018,International Conference on Learning Representations
ryZERzWCZ,arxiv_batch,20,A Lagrangian Perspective on Latent Variable Generative Models,0.755,2018,Conference on Uncertainty in Artificial Intelligence
ryUlhzWCZ,arxiv_batch,,,,,
ryTp3f-0-,arxiv_batch,349,Reinforcement Learning on Web Interfaces Using Workflow-Guided Exploration,1.000,2018,International Conference on Learning Representations
ryRh0bb0Z,arxiv_batch,20,Multi-View Data Generation Without View Supervision,1.000,2017,International Conference on Learning Representations
ryCM8zWRb,arxiv_batch,975,Recurrent Neural Networks with Top-k Gains for Session-based Recommendations,1.000,2017,International Conference on Information and Knowledge Management
ryBnUWb0b,arxiv_batch,9,Predicting Floor-Level for 911 Calls with Neural Networks and Smartphone Sensor Data,1.000,2017,International Conference on Learning Representations
ry831QWAb,arxiv_batch,24,Normalized Gradient with Adaptive Stepsize Method for Deep Neural Network Training,0.606,2017,arXiv.org
ry80wMW0W,arxiv_batch,6,Hierarchical Subtask Discovery With Non-Negative Matrix Factorization,1.000,2017,International Conference on Learning Representations
ry1arUgCW,arxiv_batch,70,DORA The Explorer: Directed Outreaching Reinforcement Action-Selection,1.000,2018,International Conference on Learning Representations
ry0WOxbRZ,arxiv_batch,0,IVE-GAN: Invariant Encoding Generative Adversarial Networks,1.000,2017,arXiv.org
ry018WZAZ,arxiv_batch,481,Deep Active Learning for Named Entity Recognition,1.000,2017,Rep4NLP@ACL
rkrWCJWAW,arxiv_batch,88,Unbiasing Truncated Backpropagation Through Time,1.000,2017,arXiv.org
rkrC3GbRW,arxiv_batch,21,Learning a Generative Model for Validity in Complex Discrete Structures,1.000,2017,International Conference on Learning Representations
rkr1UDeC-,arxiv_batch,455,Large scale distributed neural network training through online distillation,1.000,2018,International Conference on Learning Representations
rknt2Be0-,arxiv_batch,84,Compositional Obverter Communication Learning From Raw Visual Input,1.000,2018,International Conference on Learning Representations
rkmoiMbCb,arxiv_batch,0,Tandem Blocks in Deep Convolutional Neural Networks,1.000,2018,arXiv.org
rkfOvGbCW,arxiv_batch,106,Memory-based Parameter Adaptation,1.000,2018,International Conference on Learning Representations
rkeZRGbRW,arxiv_batch,7,Variance Regularizing Adversarial Learning,1.000,2017,arXiv.org
rkdU7tCaZ,arxiv_batch,148,Dynamic Evaluation of Neural Sequence Models,1.000,2017,International Conference on Machine Learning
rkcya1ZAW,arxiv_batch,62,Continuous-Time Flows for Efficient Inference and Density Estimation,1.000,2017,International Conference on Machine Learning
rkaqxm-0b,arxiv_batch,23,Neural Compositional Denotational Semantics for Question Answering,1.000,2018,Conference on Empirical Methods in Natural Language Processing
rkZvSe-RZ,arxiv_batch,3051,Ensemble Adversarial Training: Attacks and Defenses,1.000,2017,International Conference on Learning Representations
rkZB1XbRZ,arxiv_batch,723,Scalable Private Learning with PATE,1.000,2018,International Conference on Learning Representations
rkQkBnJAb,arxiv_batch,345,Improving GANs Using Optimal Transport,1.000,2018,International Conference on Learning Representations
rkO3uTkAZ,arxiv_batch,,,,,
rkN2Il-RZ,arxiv_batch,53,SCAN: Learning Abstract Hierarchical Compositional Visual Concepts,0.926,2017,arXiv.org
rkLyJl-0-,arxiv_batch,21,Neumann Optimizer: A Practical Optimization Algorithm for Deep Neural Networks,1.000,2017,International Conference on Learning Representations
rkGZuJb0b,arxiv_batch,10,Compact Neural Networks based on the Multiscale Entanglement Renormalization Ansatz,1.000,2017,British Machine Vision Conference
rkA1f3NpZ,arxiv_batch,149,Ensemble Methods as a Defense to Adversarial Perturbations Against Deep Neural Networks,1.000,2017,arXiv.org
rk6cfpRjZ,arxiv_batch,144,Learning Intrinsic Sparse Structures within Long Short-term Memory,1.000,2017,International Conference on Learning Representations
rJzIBfZAb,arxiv_batch,15115,Towards Deep Learning Models Resistant to Adversarial Attacks,1.000,2017,International Conference on Learning Representations
rJwelMbR-,arxiv_batch,135,Divide-and-Conquer Reinforcement Learning,1.000,2017,International Conference on Learning Representations
rJvJXZb0W,arxiv_batch,578,An efficient framework for learning sentence representations,1.000,2018,International Conference on Learning Representations
rJma2bZCW,arxiv_batch,545,Three Factors Influencing Minima in SGD,1.000,2017,arXiv.org
rJm7VfZA-,arxiv_batch,50,Learning Parametric Closed-Loop Policies for Markov Potential Games,1.000,2018,International Conference on Learning Representations
rJlMAAeC-,arxiv_batch,14,Improving the Universality and Learnability of Neural Programmer-Interpreters with Combinator Abstraction,1.000,2018,International Conference on Learning Representations
rJl3yM-Ab,arxiv_batch,166,Evidence Aggregation for Answer Re-Ranking in Open-Domain Question Answering,1.000,2017,International Conference on Learning Representations
rJiaRbk0-,arxiv_batch,51,Towards Binary-Valued Gates for Robust LSTM Training,1.000,2018,International Conference on Machine Learning
rJg4YGWRb,arxiv_batch,385,Attention-based Graph Neural Network for Semi-supervised Learning,1.000,2018,arXiv.org
rJfHoM-C-,arxiv_batch,1,Few Shot Learning with Simplex,0.983,2018,arXiv.org
rJaE2alRW,arxiv_batch,163,Autoregressive Convolutional Neural Networks for Asynchronous Time Series,1.000,2017,International Conference on Machine Learning
rJXMpikCZ,arxiv_batch,27156,Graph Attention Networks,1.000,2017,International Conference on Learning Representations
rJSr0GZR-,arxiv_batch,18,Learning Priors for Adversarial Autoencoders,1.000,2018,Asia-Pacific Signal and Information Processing Association Annual Summit and Conference
rJNpifWAb,arxiv_batch,350,Flipout: Efficient Pseudo-Independent Weight Perturbations on Mini-Batches,1.000,2018,International Conference on Learning Representations
rJ7yZ2P6-,arxiv_batch,24,Enhance word representation for out-of-vocabulary on Ubuntu dialogue corpus,1.000,2018,arXiv.org
r1wEFyWCW,arxiv_batch,90,Few-shot Autoregressive Density Estimation: Towards Learning to Learn Distributions,1.000,2017,International Conference on Learning Representations
r1uOhfb0W,arxiv_batch,0,Learning Sparse Structured Ensembles with SG-MCMC and Network Pruning,1.000,2018,arXiv.org
r1q7n9gAb,arxiv_batch,1142,The Implicit Bias of Gradient Descent on Separable Data,1.000,2017,Journal of machine learning research
r1lUOzWCW,arxiv_batch,2094,Demystifying MMD GANs,1.000,2018,International Conference on Learning Representations
r1l4eQW0Z,arxiv_batch,3,Implicit Variational Inference with Kernel Density Ratio Fitting,0.594,2017,arXiv.org
r1kNDlbCb,arxiv_batch,67,Learning to Encode Text as Human-Readable Summaries using Generative Adversarial Networks,1.000,2018,Conference on Empirical Methods in Natural Language Processing
r1gs9JgRZ,arxiv_batch,,,,,
r1drp-WCZ,arxiv_batch,47,State Space LSTM Models with Particle MCMC Inference,1.000,2017,arXiv.org
r1dHXnH6-,arxiv_batch,278,Natural Language Inference over Interaction Space,1.000,2017,International Conference on Learning Representations
r1ZdKJ-0W,arxiv_batch,778,Deep Gaussian Embedding of Graphs: Unsupervised Inductive Learning via Ranking,1.000,2017,International Conference on Learning Representations
r1YqWz-R-,arxiv_batch,58,Improving Conditional Sequence Generative Adversarial Networks by Stepwise Evaluation,1.000,2018,IEEE/ACM Transactions on Audio Speech and Language Processing
r1VVsebAZ,arxiv_batch,,,,,
r1TA9ZbA-,arxiv_batch,96,Learning to Search with MCTSnets,1.000,2018,International Conference on Machine Learning
r1SuFjkRW,arxiv_batch,135,Discrete Sequential Prediction of Continuous Actions for Deep RL,1.000,2017,arXiv.org
r1RF3ExCb,arxiv_batch,88,Transformation Autoregressive Networks,1.000,2018,International Conference on Machine Learning
r1HhRfWRZ,arxiv_batch,49,Learning Awareness Models,1.000,2018,International Conference on Learning Representations
r1Ddp1-Rb,arxiv_batch,12038,mixup: Beyond Empirical Risk Minimization,1.000,2017,International Conference on Learning Representations
r1DPFCyA-,arxiv_batch,71,Discriminative k-shot learning using probabilistic models,1.000,2017,arXiv.org
r17lFgZ0Z,arxiv_batch,232,Relevance of Unsupervised Metrics in Task-Oriented Dialogue for Evaluating Natural Language Generation,1.000,2017,arXiv.org
r17Q6WWA-,arxiv_batch,13,Multi-Task Learning by Deep Collaboration and Application in Facial Landmark Detection,1.000,2017,arXiv.org
r16Vyf-0-,arxiv_batch,1923,Image Transformer,1.000,2018,International Conference on Machine Learning
r154_g-Rb,arxiv_batch,68,Composable Planning with Attributes,1.000,2018,International Conference on Machine Learning
r11Q2SlRW,arxiv_batch,48,Auto-Conditioned LSTM Network for Extended Complex Human Motion Synthesis,0.920,2017,arXiv.org
Syx6bz-Ab,arxiv_batch,1565,Seq2SQL: Generating Structured Queries from Natural Language using Reinforcement Learning,1.000,2017,arXiv.org
SywXXwJAb,arxiv_batch,133,Deep Learning and Quantum Entanglement: Fundamental Connections with Implications to Network Design,1.000,2017,International Conference on Learning Representations
SysEexbRb,arxiv_batch,55,Critical Points of Neural Networks: Analytical Forms and Landscape Properties,0.956,2017,arXiv.org
SyrGJYlRZ,arxiv_batch,113,YellowFin and the Art of Momentum Tuning,1.000,2017,USENIX workshop on Tackling computer systems problems with machine learning techniques
SyqShMZRb,arxiv_batch,357,Syntax-Directed Variational Autoencoder for Structured Data,1.000,2018,International Conference on Learning Representations
SyoDInJ0-,arxiv_batch,,,,,
Syjha0gAZ,arxiv_batch,22,Loss Functions for Multiset Prediction,1.000,2017,Neural Information Processing Systems
SyhRVm-Rb,arxiv_batch,581,Automatic Goal Generation for Reinforcement Learning Agents,1.000,2017,International Conference on Machine Learning
SygwwGbRW,arxiv_batch,436,Semi-parametric Topological Memory for Navigation,1.000,2018,International Conference on Learning Representations
Syg-YfWCW,arxiv_batch,612,Go for a Walk and Arrive at the Answer: Reasoning Over Paths in Knowledge Bases using Reinforcement Learning,1.000,2017,International Conference on Learning Representations
SyZipzbCb,arxiv_batch,541,Distributed Distributional Deterministic Policy Gradients,1.000,2018,International Conference on Learning Representations
SyYe6k-CW,arxiv_batch,393,Deep Bayesian Bandits Showdown: An Empirical Comparison of Bayesian Deep Networks for Thompson Sampling,0.995,2018,International Conference on Learning Representations
SyX0IeWAW,arxiv_batch,381,Meta Learning Shared Hierarchies,1.000,2017,International Conference on Learning Representations
SyW4Gjg0W,arxiv_batch,60,Kernel Graph Convolutional Neural Networks,0.950,2017,International Conference on Artificial Neural Networks
SyVVXngRW,arxiv_batch,,,,,
SyProzZAW,arxiv_batch,193,The power of deeper networks for expressing natural functions,1.000,2017,International Conference on Learning Representations
SyL9u-WA-,arxiv_batch,121,Stabilizing Gradients for Deep Neural Networks via Efficient SVD Parameterization,1.000,2018,International Conference on Machine Learning
SyJ7ClWCb,arxiv_batch,1630,Countering Adversarial Images using Input Transformations,1.000,2018,International Conference on Learning Representations
SyELrEeAb,arxiv_batch,46,Implicit Causal Models for Genome-wide Association Studies,1.000,2017,International Conference on Learning Representations
SyBBgXWAZ,arxiv_batch,,,,,
SyAbZb-0Z,arxiv_batch,5,Transfer Learning to Learn with Multitask Neural Model Search,1.000,2017,arXiv.org
Sy3fJXbA-,arxiv_batch,28,Connectivity Learning in Multi-Branch Networks,1.000,2017,arXiv.org
Sy2ogebAW,arxiv_batch,815,Unsupervised Neural Machine Translation,1.000,2017,International Conference on Learning Representations
Sy21R9JAW,arxiv_batch,149,A unified view of gradient-based attribution methods for Deep Neural Networks,0.819,2017,Neural Information Processing Systems
Sy1f0e-R-,arxiv_batch,305,An empirical study on evaluation metrics of generative adversarial networks,1.000,2018,arXiv.org
Sy0GnUxCb,arxiv_batch,435,Emergent Complexity via Multi-Agent Competition,1.000,2017,International Conference on Learning Representations
Sy-tszZRZ,arxiv_batch,302,Bounding and Counting Linear Regions of Deep Neural Networks,1.000,2017,International Conference on Machine Learning
Skx5txzb0W,arxiv_batch,4,A Boo(n) for Evaluating Architecture Performance,1.000,2018,International Conference on Machine Learning
Skw0n-W0Z,arxiv_batch,266,Temporal Difference Models: Model-Free Deep RL for Model-Based Control,1.000,2018,International Conference on Learning Representations
Skvd-myR-,arxiv_batch,39,Learning Non-Metric Visual Similarity for Image Retrieval,1.000,2017,Image and Vision Computing
SktLlGbRZ,arxiv_batch,3282,CyCADA: Cycle-Consistent Adversarial Domain Adaptation,1.000,2017,International Conference on Machine Learning
SksY3deAW,arxiv_batch,120,Learning Deep ResNet Blocks Sequentially using Boosting Theory,1.000,2017,International Conference on Machine Learning
SkqV-XZRZ,arxiv_batch,28,Variational Bi-LSTMs,1.000,2017,arXiv.org
Skp1ESxRZ,arxiv_batch,11,Learning Neural Programs To Parse Programs,0.438,2017,arXiv.org
Skj8Kag0Z,arxiv_batch,92,Stabilizing Adversarial Nets With Prediction Methods,1.000,2017,International Conference on Learning Representations
SkhQHMW0W,arxiv_batch,1673,Deep Gradient Compression: Reducing the Communication Bandwidth for Distributed Training,1.000,2017,International Conference on Learning Representations
SkZxCk-0Z,arxiv_batch,138,Can Neural Networks Understand Logical Entailment?,1.000,2018,International Conference on Learning Representations
SkYibHlRb,arxiv_batch,506,SQLNet: Generating Structured Queries From Natural Language Without Reinforcement Learning,1.000,2017,arXiv.org
SkYMnLxRW,arxiv_batch,142,Weighted Transformer Network for Machine Translation,1.000,2017,arXiv.org
SkVqXOxCb,arxiv_batch,81,Coulomb GANs: Provably Optimal Nash Equilibria via Potential Fields,1.000,2017,International Conference on Learning Representations
SkPoRg10b,arxiv_batch,68,Rethinking generalization requires revisiting old ideas: statistical mechanics approaches and complex learning behavior,1.000,2017,arXiv.org
SkFAWax0-,arxiv_batch,28,Voice Synthesis for in-the-Wild Speakers via a Phonological Loop,0.634,2017,arXiv.org
SkF2D7g0b,arxiv_batch,5,Exploring the Space of Black-box Attacks on Deep Neural Networks,1.000,2017,arXiv.org
Sk9yuql0Z,arxiv_batch,1208,Mitigating adversarial effects through randomization,1.000,2017,International Conference on Learning Representations
SJzRZ-WCZ,arxiv_batch,331,Latent Space Oddity: on the Curvature of Deep Generative Models,1.000,2017,International Conference on Learning Representations
SJzMATlAZ,arxiv_batch,81,Deep Continuous Clustering,1.000,2018,arXiv.org
SJyVzQ-C-,arxiv_batch,54,Fraternal Dropout,1.000,2017,International Conference on Learning Representations
SJx9GQb0-,arxiv_batch,281,Improving the Improved Training of Wasserstein GANs: A Consistency Term and Its Dual Effect,1.000,2018,International Conference on Learning Representations
SJw03ceRW,arxiv_batch,0,Generative Low-Shot Network Expansion,1.000,2018,IEEE/RJS International Conference on Intelligent RObots and Systems
SJn0sLgRb,arxiv_batch,468,Data Augmentation by Pairing Samples for Images Classification,1.000,2018,arXiv.org
SJmAXkgCb,arxiv_batch,20,DNN Feature Map Compression using Learned Representation over GF(2),1.000,2018,ECCV Workshops
SJlhPMWAW,arxiv_batch,,,,,
SJky6Ry0W,arxiv_batch,205,Learning Independent Causal Mechanisms,1.000,2017,International Conference on Machine Learning
SJiHXGWAZ,arxiv_batch,107,Graph Convolutional Recurrent Neural Network: Data-Driven Traffic Forecasting,0.909,2017,arXiv.org
SJi9WOeRb,arxiv_batch,127,Gradient Estimators for Implicit Models,1.000,2017,International Conference on Learning Representations
SJahqJZAW,arxiv_batch,85,Stabilizing GAN Training with Multiple Random Projections,1.000,2017,arXiv.org
SJa9iHgAZ,arxiv_batch,181,Residual Connections Encourage Iterative Inference,1.000,2017,International Conference on Learning Representations
SJQO7UJCW,arxiv_batch,616,Adversarial Learning for Semi-supervised Semantic Segmentation,1.000,2018,British Machine Vision Conference
SJQHjzZ0-,arxiv_batch,73,Quantitatively Evaluating GANs With Divergences Proposed for Training,1.000,2018,International Conference on Learning Representations
SJLy_SxC-,arxiv_batch,36,Log-DenseNet: How to Sparsify a DenseNet,1.000,2017,arXiv.org
SJLlmG-AZ,arxiv_batch,1,Unsupervised learning of image motion by recomposing sequences,0.522,2016,arXiv.org
SJJinbWRZ,arxiv_batch,487,Model-Ensemble Trust-Region Policy Optimization,1.000,2018,International Conference on Learning Representations
SJJQVZW0b,arxiv_batch,150,Hierarchical and Interpretable Skill Acquisition in Multi-task Reinforcement Learning,1.000,2017,International Conference on Learning Representations
SJIA6ZWC-,arxiv_batch,149,Stochastic Hyperparameter Optimization through Hypernetworks,1.000,2018,arXiv.org
SJCq_fZ0Z,arxiv_batch,15,Sparse Attentive Backtracking: Long-Range Credit Assignment in Recurrent Networks,1.000,2017,arXiv.org
SJA7xfb0b,arxiv_batch,119,Sobolev GAN,1.000,2017,International Conference on Learning Representations
SJ8M9yup-,arxiv_batch,1,On Optimality Conditions for Auto-Encoder Signal Recovery,1.000,2016,
SJ60SbW0b,arxiv_batch,1,Modeling Latent Attention Within Neural Networks,1.000,2017,arXiv.org
SJ1Xmf-Rb,arxiv_batch,522,FearNet: Brain-Inspired Model for Incremental Learning,1.000,2017,International Conference on Learning Representations
SJ19eUg0-,arxiv_batch,25,Block-diagonal Hessian-free Optimization for Training Neural Networks,1.000,2017,arXiv.org
S1vuO-bCW,arxiv_batch,157,Leave no Trace: Learning to Reset for Safe and Autonomous Reinforcement Learning,1.000,2017,International Conference on Learning Representations
S1v4N2l0-,arxiv_batch,3608,Unsupervised Representation Learning by Predicting Image Rotations,1.000,2018,International Conference on Learning Representations
S1p31z-Ab,arxiv_batch,12201,Deep Contextualized Word Representations,1.000,2018,North American Chapter of the Association for Computational Linguistics
S1nQvfgA-,arxiv_batch,121,Semantically Decomposing the Latent Spaces of Generative Adversarial Networks,1.000,2017,International Conference on Learning Representations
S1m6h21Cb,arxiv_batch,397,The Cramer Distance as a Solution to Biased Wasserstein Gradients,1.000,2017,arXiv.org
S1jBcueAb,arxiv_batch,314,Depthwise Separable Convolutions for Neural Machine Translation,1.000,2017,International Conference on Learning Representations
S1fduCl0b,arxiv_batch,134,Lifelong Generative Modeling,1.000,2017,Neurocomputing
S1fcY-Z0-,arxiv_batch,157,Bayesian Hypernetworks,1.000,2017,arXiv.org
S1cZsf-RW,arxiv_batch,130,WHAI: Weibull Hybrid Autoencoding Inference for Deep Topic Modeling,1.000,2018,International Conference on Learning Representations
S1WRibb0Z,arxiv_batch,119,Expressive power of recurrent neural networks,1.000,2017,International Conference on Learning Representations
S1J2ZyZ0Z,arxiv_batch,75,Interpretable Counting for Visual Question Answering,1.000,2017,International Conference on Learning Representations
S1HlA-ZAZ,arxiv_batch,41,The Kanerva Machine: A Generative Distributed Memory,1.000,2018,International Conference on Learning Representations
S1GUgxgCW,arxiv_batch,,,,,
S1EwLkW0W,arxiv_batch,229,Dissecting Adam: The Sign; Magnitude and Variance of Stochastic Gradients,1.000,2017,International Conference on Machine Learning
S1Euwz-Rb,arxiv_batch,623,Compositional Attention Networks for Machine Reasoning,1.000,2018,International Conference on Learning Representations
S1Dh8Tg0-,arxiv_batch,,,,,
S1DWPP1A-,arxiv_batch,102,Unsupervised Learning of Goal Spaces for Intrinsically Motivated Goal Exploration,1.000,2018,International Conference on Learning Representations
S1ANxQW0b,arxiv_batch,,,,,
S191YzbRZ,arxiv_batch,1,Prototype Matching Networks for Large-Scale Multi-label Genomic Sequence Classification,0.994,2017,arXiv.org
S14EogZAZ,arxiv_batch,8,Acquiring Target Stacking Skills by Goal-Parameterized Deep Reinforcement Learning,1.000,2017,arXiv.org
HyzbhfWRW,arxiv_batch,474,Learn To Pay Attention,1.000,2018,International Conference on Learning Representations
HyyP33gAZ,arxiv_batch,,,,,
HytSvlWRZ,arxiv_batch,11,Subspace Network: Deep Multi-Task Censored Regression for Modeling Neurodegenerative Diseases,1.000,2018,Knowledge Discovery and Data Mining
HyrCWeWCb,arxiv_batch,115,Trust-PCL: An Off-Policy Trust Region Method for Continuous Control,1.000,2017,International Conference on Learning Representations
HypkN9yRW,arxiv_batch,33,DDRprog: A CLEVR Differentiable Dynamic Reasoning Programmer,1.000,2018,arXiv.org
HymYLebCb,arxiv_batch,8,Network Signatures from Image Representation of Adjacency Matrices: Deep/Transfer Learning for Subgraph Classification,1.000,2018,arXiv.org
HyjC5yWCW,arxiv_batch,235,Meta-Learning and Universality: Deep Representations and Gradient Descent can Approximate any Learning Algorithm,1.000,2017,International Conference on Learning Representations
HyfHgI6aW,arxiv_batch,80,Memory Augmented Control Networks,1.000,2017,International Conference on Learning Representations
HyXNCZbCZ,arxiv_batch,29,Hierarchical Adversarially Learned Inference,1.000,2018,arXiv.org
HyXBcYg0b,arxiv_batch,623,Residual Gated Graph ConvNets,1.000,2017,arXiv.org
HyWrIgW0W,arxiv_batch,339,Stochastic Gradient Descent Performs Variational Inference; Converges to Limit Cycles for Deep Networks,1.000,2017,Information Theory and Applications Workshop
HyUNwulC-,arxiv_batch,173,Parallelizing Linear Recurrent Neural Nets Over Sequence Length,1.000,2017,International Conference on Learning Representations
HyRnez-RW,arxiv_batch,35,Multi-Mention Learning for Reading Comprehension with Neural Cascades,1.000,2017,International Conference on Learning Representations
HyRVBzap-,arxiv_batch,106,Cascade Adversarial Machine Learning Regularized with a Unified Embedding,1.000,2017,International Conference on Learning Representations
HyEi7bWR-,arxiv_batch,,,,,
Hy7EPh10W,arxiv_batch,,,,,
HkxF5RgC-,arxiv_batch,30,Sparse Persistent RNNs: Squeezing Large Recurrent Networks On-Chip,1.000,2018,International Conference on Learning Representations
HkwVAXyCW,arxiv_batch,236,Skip RNN: Learning to Skip State Updates in Recurrent Neural Networks,1.000,2017,International Conference on Learning Representations
HkuGJ3kCb,arxiv_batch,403,All-but-the-Top: Simple and Effective Postprocessing for Word Representations,1.000,2017,International Conference on Learning Representations
HktJec1RZ,arxiv_batch,3,Toward Neural Phrase-based Machine Translation,0.989,2017,
Hksj2WWAW,arxiv_batch,5,Combining Symbolic and Function Evaluation Expressions In Neural Programs,0.795,2018,arXiv.org
HkpRBFxRb,arxiv_batch,6,Learning to Mix n-Step Returns: Generalizing lambda-Returns for Deep Reinforcement Learning,1.000,2017,
HknbyQbC-,arxiv_batch,,,,,
HkepKG-Rb,arxiv_batch,549,A Semantic Loss Function for Deep Learning with Symbolic Knowledge,1.000,2017,International Conference on Machine Learning
HkUR_y-RZ,arxiv_batch,51,SEARNN: Training RNNs with Global-Local Losses,1.000,2017,International Conference on Learning Representations
HkTEFfZRb,arxiv_batch,113,Attacking Binarized Neural Networks,1.000,2017,International Conference on Learning Representations
HkOhuyA6-,arxiv_batch,23,Classifying Graphs as Images with Convolutional Neural Networks,0.744,2017,arXiv.org
HkNGsseC-,arxiv_batch,10,On the Expressive Power of Overlapping Operations of Deep Networks,0.785,2017,arXiv.org
HkMvEOlAb,arxiv_batch,32,Learning Latent Representations in Neural Networks for Clustering through Pseudo Supervision and Graph-based Activity Regularization,1.000,2018,International Conference on Learning Representations
HkGcX--0-,arxiv_batch,20,Auxiliary Guided Autoregressive Variational Autoencoders,1.000,2017,ECML/PKDD
Hk9Xc_lR-,arxiv_batch,110,On the Discrimination-Generalization Tradeoff in GANs,1.000,2017,International Conference on Learning Representations
Hk99zCeAb,arxiv_batch,8646,Progressive Growing of GANs for Improved Quality; Stability; and Variation,1.000,2017,International Conference on Learning Representations
Hk8XMWgRb,arxiv_batch,,,,,
Hk6WhagRW,arxiv_batch,,,,,
Hk2MHt-3-,arxiv_batch,37,Coupled Ensembles of Neural Networks,1.000,2017,International Conference on Content-Based Multimedia Indexing
Hk0wHx-RW,arxiv_batch,33,Learning Sparse Latent Representations with the Deep Copula Information Bottleneck,1.000,2018,International Conference on Learning Representations
HJtEm4p6Z,arxiv_batch,322,Deep Voice 3: 2000-Speaker Neural Text-to-Speech,0.509,2017,International Conference on Learning Representations
HJnQJXbC-,arxiv_batch,37,AMPNet: Asynchronous Model-Parallel Training for Dynamic Neural Networks,1.000,2017,arXiv.org
HJcjQTJ0W,arxiv_batch,18,PrivyNet: A Flexible Framework for Privacy-Preserving Deep Neural Network Training with A Fine-Grained Privacy Control,0.821,2017,arXiv.org
HJcSzz-CZ,arxiv_batch,1443,Meta-Learning for Semi-Supervised Few-Shot Classification,1.000,2018,International Conference on Learning Representations
HJaDJZ-0W,arxiv_batch,147,Block-Sparse Recurrent Neural Networks,1.000,2017,arXiv.org
HJ_aoCyRZ,arxiv_batch,330,SpectralNet: Spectral Clustering using Deep Neural Networks,1.000,2018,International Conference on Learning Representations
HJZiRkZC-,arxiv_batch,3,Byte-Level Recursive Convolutional Auto-Encoder for Text,1.000,2018,arXiv.org
HJWGdbbCW,arxiv_batch,347,Reinforcement and Imitation Learning for Diverse Visuomotor Skills,1.000,2018,Robotics: Science and Systems Conference
HJUOHGWRb,arxiv_batch,89,Contextual Explanation Networks,1.000,2017,Journal of machine learning research
HJSA_e1AW,arxiv_batch,31,Normalized Direction-preserving Adam,1.000,2017,arXiv.org
HJRV1ZZAW,arxiv_batch,16,Fast Reading Comprehension with ConvNets,1.000,2017,arXiv.org
HJOQ7MgAW,arxiv_batch,35,Long Short-Term Memory as a Dynamically Computed Element-wise Weighted Sum,1.000,2018,Annual Meeting of the Association for Computational Linguistics
HJIoJWZCZ,arxiv_batch,296,Adversarial Dropout Regularization,1.000,2017,International Conference on Learning Representations
HJIhGXWCZ,arxiv_batch,26,Prediction Under Uncertainty with Error-Encoding Networks,0.991,2017,arXiv.org
HJDV5YxCW,arxiv_batch,29,Heterogeneous Bitwidth Binarization in Convolutional Neural Networks,1.000,2018,Neural Information Processing Systems
HJCXZQbAZ,arxiv_batch,48,Hierarchical Density Order Embeddings,1.000,2018,International Conference on Learning Representations
HJC2SzZCW,arxiv_batch,,,,,
HJ94fqApW,arxiv_batch,432,Rethinking the Smaller-Norm-Less-Informative Assumption in Channel Pruning of Convolution Layers,1.000,2018,International Conference on Learning Representations
HJ5AUm-CZ,arxiv_batch,70,The Variational Homoencoder: Learning to learn high capacity generative models from few examples,0.952,2018,Conference on Uncertainty in Artificial Intelligence
HJ4IhxZAb,arxiv_batch,97,Meta-Learning Transferable Active Learning Policies by Deep Reinforcement Learning,1.000,2018,arXiv.org
H1xJjlbAZ,arxiv_batch,1045,Interpretation of Neural Networks is Fragile,0.989,2017,AAAI Conference on Artificial Intelligence
H1wt9x-RW,arxiv_batch,14,Interpretable and Pedagogical Examples,1.000,2017,arXiv.org
H1vEXaxA-,arxiv_batch,69,Emergent Translation in Multi-Agent Communication,1.000,2017,International Conference on Learning Representations
H1uR4GZRZ,arxiv_batch,581,Stochastic Activation Pruning for Robust Adversarial Defense,1.000,2018,International Conference on Learning Representations
H1uP7ebAW,arxiv_batch,372,Learning to diagnose from scratch by exploiting dependencies among labels,1.000,2017,arXiv.org
H1sUHgb0Z,arxiv_batch,170,Learning From Noisy Singly-labeled Data,1.000,2017,International Conference on Learning Representations
H1pri9vTZ,arxiv_batch,12,Deep Function Machines: Generalized Neural Networks for Topological Layer Expression,1.000,2016,arXiv.org
H1kG7GZAW,arxiv_batch,601,Variational Inference of Disentangled Latent Concepts from Unlabeled Observations,1.000,2017,International Conference on Learning Representations
H1dh6Ax0Z,arxiv_batch,72,TreeQN and ATreeC: Differentiable Tree Planning for Deep Reinforcement Learning,0.866,2017,International Conference on Learning Representations
H1cKvl-Rb,arxiv_batch,5,UCB and InfoGain Exploration via $\boldsymbol{Q}$-Ensembles,0.723,2017,arXiv.org
H1bhRHeA-,arxiv_batch,14,Unbiased scalable softmax optimization,1.000,2018,arXiv.org
H1bM1fZCW,arxiv_batch,1939,GradNorm: Gradient Normalization for Adaptive Loss Balancing in Deep Multitask Networks,1.000,2017,International Conference on Machine Learning
H1Yp-j1Cb,arxiv_batch,92,An Online Learning Approach to Generative Adversarial Networks,1.000,2017,International Conference on Learning Representations
H1Y8hhg0b,arxiv_batch,1326,Learning Sparse Neural Networks through L0 Regularization,1.000,2017,International Conference on Learning Representations
H1Xw62kRZ,arxiv_batch,231,Leveraging Grammar and Reinforcement Learning for Neural Program Synthesis,1.000,2018,International Conference on Learning Representations
H1VjBebR-,arxiv_batch,26,The Role of Minimal Complexity Functions in Unsupervised Learning of Semantic Mappings,1.000,2017,International Conference on Learning Representations
H1U_af-0-,arxiv_batch,57,Quadrature-based features for kernel approximation,1.000,2018,Neural Information Processing Systems
H1UOm4gA-,arxiv_batch,80,Interactive Grounded Language Acquisition and Generalization in a 2D World,1.000,2018,International Conference on Learning Representations
H1T2hmZAb,arxiv_batch,1044,Deep Complex Networks,1.000,2017,International Conference on Learning Representations
H1DJFybC-,arxiv_batch,252,Learning to Infer Graphics Programs from Hand-Drawn Images,1.000,2017,Neural Information Processing Systems
H1BLjgZCb,arxiv_batch,659,Generating Natural Adversarial Examples,1.000,2017,International Conference on Learning Representations
H196sainb,arxiv_batch,1796,Word Translation Without Parallel Data,1.000,2017,International Conference on Learning Representations
H18uzzWAZ,arxiv_batch,11,Correcting nuisance variation using Wasserstein distance,1.000,2017,PeerJ
H15odZ-C-,arxiv_batch,18,Semantic Interpolation in Implicit Models,1.000,2017,International Conference on Learning Representations
H135uzZ0-,arxiv_batch,,,,,
H113pWZRb,arxiv_batch,,,,,
H1-nGgWC-,arxiv_batch,619,Gaussian Process Behaviour in Wide Deep Neural Networks,1.000,2018,International Conference on Learning Representations
ByrZyglCb,arxiv_batch,122,Analysis of universal adversarial perturbations,0.472,2017,arXiv.org
ByqFhGZCW,arxiv_batch,7,MACHINE VS MACHINE: MINIMAX-OPTIMAL DEFENSE AGAINST ADVERSARIAL EXAMPLES,1.000,2017,
Byk4My-RZ,arxiv_batch,1,Flexible Prior Distributions for Deep Generative Models,1.000,2017,arXiv.org
ByeqORgAW,arxiv_batch,32,Proximal Backpropagation,1.000,2017,International Conference on Learning Representations
BydjJte0-,arxiv_batch,3,Whitening Black-Box Neural Networks,0.729,2017,International Conference on Learning Representations
BySRH6CpW,arxiv_batch,92,Learning Discrete Weights Using the Local Reparameterization Trick,1.000,2017,International Conference on Learning Representations
ByS1VpgRZ,arxiv_batch,826,cGANs with Projection Discriminator,1.000,2018,International Conference on Learning Representations
ByQpn1ZA-,arxiv_batch,217,Many Paths to Equilibrium: GANs Do Not Need to Decrease a Divergence At Every Step,1.000,2017,International Conference on Learning Representations
ByOnmlWC-,arxiv_batch,19,Genetic Policy Optimization,0.543,2017,International Conference on Learning Representations
ByJWeR1AW,arxiv_batch,166,Data augmentation instead of explicit regularization,1.000,2018,arXiv.org
ByJHuTgA-,arxiv_batch,556,On the State of the Art of Evaluation in Neural Language Models,1.000,2017,International Conference on Learning Representations
ByBAl2eAZ,arxiv_batch,687,Parameter Space Noise for Exploration,1.000,2017,International Conference on Learning Representations
By9iRkWA-,arxiv_batch,22,Phase Conductor on Multi-layered Attentions for Machine Comprehension,1.000,2017,arXiv.org
By5ugjyCb,arxiv_batch,1124,PACT: Parameterized Clipping Activation for Quantized Neural Networks,1.000,2018,arXiv.org
By4HsfWAZ,arxiv_batch,,,,,
BkrsAzWAb,arxiv_batch,283,Online Learning Rate Adaptation with Hypergradient Descent,1.000,2017,International Conference on Learning Representations
BkrSv0lA-,arxiv_batch,136,Loss-aware Weight Quantization of Deep Networks,1.000,2018,International Conference on Learning Representations
Bkl1uWb0Z,arxiv_batch,,,,,
BkabRiQpb,arxiv_batch,66,Consequentialist conditional cooperation in social dilemmas with imperfect information,1.000,2017,AAAI Workshops
BkXmYfbAZ,arxiv_batch,98,Beyond Shared Hierarchies: Deep Multitask Learning through Soft Layer Ordering,1.000,2017,International Conference on Learning Representations
BkVsWbbAW,arxiv_batch,162,Deep Generative Dual Memory Network for Continual Learning,1.000,2017,arXiv.org
BkUp6GZRW,arxiv_batch,46,Boosting the Actor with Dual Critic,1.000,2017,International Conference on Learning Representations
BkQqq0gRb,arxiv_batch,810,Variational Continual Learning,1.000,2017,International Conference on Learning Representations
BkQCGzZ0-,arxiv_batch,54,Discrete Autoencoders for Sequence Models,1.000,2018,arXiv.org
BkM27IxR-,arxiv_batch,136,Learning to Optimize Neural Nets,1.000,2017,arXiv.org
BkLhaGZRW,arxiv_batch,19,Improving GAN Training via Binarized Representation Entropy (BRE) Regularization,1.000,2018,International Conference on Learning Representations
BkJ3ibb0-,arxiv_batch,1275,Defense-GAN: Protecting Classifiers Against Adversarial Attacks Using Generative Models,1.000,2018,International Conference on Learning Representations
BkIkkseAZ,arxiv_batch,34,Theoretical properties of the global optimizer of two layer neural network,0.993,2017,arXiv.org
Bk6qQGWRb,arxiv_batch,180,Efficient Exploration Through Bayesian Deep Q-Networks,0.981,2018,Information Theory and Applications Workshop
Bk346Ok0W,arxiv_batch,1,Sensor Transformation Attention Networks,1.000,2017,arXiv.org
BJvWjcgAZ,arxiv_batch,83,Sample-Efficient Deep Reinforcement Learning via Episodic Backward Update,1.000,2018,Neural Information Processing Systems
BJuWrGW0Z,arxiv_batch,143,Dynamic Neural Program Embedding for Program Repair,0.990,2017,International Conference on Learning Representations
BJluxbWC-,arxiv_batch,76,Unseen Class Discovery in Open-world Classification,1.000,2018,arXiv.org
BJlrSmbAZ,arxiv_batch,267,Bayesian Uncertainty Estimation for Batch Normalized Deep Networks,1.000,2018,International Conference on Machine Learning
BJk7Gf-CZ,arxiv_batch,128,Global optimality conditions for deep neural networks,1.000,2017,International Conference on Learning Representations
BJk59JZ0b,arxiv_batch,17,Guide Actor-Critic for Continuous Control,1.000,2017,International Conference on Learning Representations
BJij4yg0Z,arxiv_batch,308,A Bayesian Perspective on Generalization and Stochastic Gradient Descent,1.000,2017,International Conference on Learning Representations
BJ_wN01C-,arxiv_batch,311,Deep Rewiring: Training very sparse deep networks,1.000,2017,International Conference on Learning Representations
BJ_UL-k0b,arxiv_batch,,,,,
BJQRKzbA-,arxiv_batch,954,Hierarchical Representations for Efficient Architecture Search,1.000,2017,International Conference on Learning Representations
BJNRFNlRW,arxiv_batch,15,Training Generative Adversarial Networks via Primal-Dual Subgradient Methods: A Lagrangian Perspective on GAN,1.000,2018,International Conference on Learning Representations
BJMuY-gRW,arxiv_batch,91,Jointly learning sentence embeddings and syntax with unsupervised Tree-LSTMs,1.000,2017,Natural Language Engineering
BJGWO9k0Z,arxiv_batch,3,Critical Percolation as a Framework to Analyze the Training of Deep Networks,1.000,2018,International Conference on Learning Representations
BJDH5M-AW,arxiv_batch,94,Synthesizing Robust Adversarial Examples,1.000,2017,
BJ8c3f-0b,arxiv_batch,166,Auto-Encoding Sequential Monte Carlo,1.000,2017,International Conference on Learning Representations
BJ6anzb0Z,arxiv_batch,121,Multimodal Sentiment Analysis To Explore the Structure of Emotions,1.000,2018,Knowledge Discovery and Data Mining
B1zlp1bRW,arxiv_batch,281,Large Scale Optimal Transport and Mapping Estimation,1.000,2017,International Conference on Learning Representations
B1ydPgTpW,arxiv_batch,22,Predicting Auction Price of Vehicle License Plate with Deep Recurrent Neural Network,1.000,2017,Expert systems with applications
B1twdMCab,arxiv_batch,62,Dynamic Integration of Background Knowledge in Neural NLU Systems,1.000,2017,
B1tC-LT6W,arxiv_batch,9,Trace norm regularization and faster inference for embedded speech recognition RNNs,1.000,2017,arXiv.org
B1spAqUp-,arxiv_batch,,,,,
B1p461b0W,arxiv_batch,637,Deep Learning is Robust to Massive Label Noise,1.000,2017,arXiv.org
B1nxTzbRZ,arxiv_batch,27,Forward Modeling for Partial Observation Strategy Games - A StarCraft Defogger,1.000,2018,Neural Information Processing Systems
B1nZ1weCZ,arxiv_batch,21,Online Multi-Task Learning Using Active Sampling,0.690,2017,International Conference on Learning Representations
B1mSWUxR-,arxiv_batch,19,Softmax Q-Distribution Estimation for Structured Prediction: A Theoretical Interpretation for RAML,1.000,2017,arXiv.org
B1l8BtlCb,arxiv_batch,924,Non-Autoregressive Neural Machine Translation,1.000,2017,International Conference on Learning Representations
B1jscMbAW,arxiv_batch,29,Divide and Conquer Networks,1.000,2016,International Conference on Learning Representations
B1i7ezW0-,arxiv_batch,3,Semi-Supervised Learning via New Deep Network Inversion,1.000,2017,arXiv.org
B1hcZZ-AW,arxiv_batch,,,,,
B1hYRMbCW,arxiv_batch,221,On the regularization of Wasserstein GANs,1.000,2017,International Conference on Learning Representations
B1bgpzZAZ,arxiv_batch,31,ElimiNet: A Model for Eliminating Options for Reading Comprehension with Multiple Choice Questions,1.000,2018,International Joint Conference on Artificial Intelligence
B1ZvaaeAZ,arxiv_batch,278,WRPN: Wide Reduced-Precision Networks,1.000,2017,International Conference on Learning Representations
B1ZZTfZAW,arxiv_batch,980,Real-valued (Medical) Time Series Generation with Recurrent Conditional GANs,1.000,2017,arXiv.org
B1Yy1BxCZ,arxiv_batch,1134,Don't Decay the Learning Rate; Increase the Batch Size,1.000,2017,International Conference on Learning Representations
B1X4DWWRb,arxiv_batch,92,Learning Weighted Representations for Generalization Across Designs,1.000,2018,
B1X0mzZCW,arxiv_batch,78,Fidelity-Weighted Learning,1.000,2017,International Conference on Learning Representations
B1NGT8xCZ,arxiv_batch,5,Principled Hybrids of Generative and Discriminative Domain Adaptation,1.000,2017,arXiv.org
B1KFAGWAZ,arxiv_batch,54,Revisiting the Master-Slave Architecture in Multi-Agent Deep Reinforcement Learning,1.000,2017,arXiv.org
B1J_rgWRW,arxiv_batch,740,Understanding Deep Neural Networks with Rectified Linear Units,1.000,2016,Electron. Colloquium Comput. Complex.
B1IDRdeCW,arxiv_batch,82,The High-Dimensional Geometry of Binary Neural Networks,1.000,2017,International Conference on Learning Representations
B1EPYJ-C-,arxiv_batch,5493,Federated Learning: Strategies for Improving Communication Efficiency,1.000,2016,arXiv.org
B1EA-M-0Z,arxiv_batch,1255,Deep Neural Networks as Gaussian Processes,1.000,2017,International Conference on Learning Representations
B1DmUzWAW,arxiv_batch,204,Meta-Learning with Temporal Convolutions,0.289,2017,arXiv.org
B1CNpYg0-,arxiv_batch,86,Learning to Compute Word Embeddings On the Fly,1.000,2017,arXiv.org
B18WgG-CZ,arxiv_batch,339,Learning General Purpose Distributed Sentence Representations via Large Scale Multi-task Learning,1.000,2018,International Conference on Learning Representations
B14TlG-RW,arxiv_batch,1133,QANet: Combining Local Convolution with Global Self-Attention for Reading Comprehension,1.000,2018,International Conference on Learning Representations
B13njo1R-,arxiv_batch,60,Progressive Reinforcement Learning with Distillation for Multi-Skilled Motion Control,1.000,2018,International Conference on Learning Representations
B12Js_yRb,arxiv_batch,223,Learning to Count Objects in Natural Images for Visual Question Answering,1.000,2018,International Conference on Learning Representations
ryzECoAcY7,arxiv_batch,82,Hierarchical Actor-Critic,0.371,2017,arXiv.org
ryxnHhRqFm,arxiv_batch,173,Global-to-local Memory Pointer Networks for Task-Oriented Dialogue,1.000,2019,International Conference on Learning Representations
ryxhB3CcK7,arxiv_batch,94,Probabilistic Neural-symbolic Models for Interpretable Visual Question Answering,1.000,2019,International Conference on Machine Learning
ryxepo0cFX,arxiv_batch,235,AntisymmetricRNN: A Dynamical System View on Recurrent Neural Networks,1.000,2019,International Conference on Learning Representations
ryxY73AcK7,arxiv_batch,384,Sorting out Lipschitz function approximation,1.000,2018,International Conference on Machine Learning
ryxSrhC9KX,arxiv_batch,44,Revealing interpretable object representations from human behavior,1.000,2019,International Conference on Learning Representations
rylqooRqK7,arxiv_batch,1012,SNAS: Stochastic Neural Architecture Search,1.000,2018,International Conference on Learning Representations
rylNH20qFQ,arxiv_batch,162,Learning to Infer and Execute 3D Shape Programs,1.000,2019,International Conference on Learning Representations
ryl8-3AcFX,arxiv_batch,,,,,
rygqqsA9KX,arxiv_batch,549,Learning Factorized Multimodal Representations,1.000,2018,International Conference on Learning Representations
rygp3iRcF7,arxiv_batch,27,Area Attention,1.000,2018,International Conference on Machine Learning
rygnfn0qF7,arxiv_batch,26,Language Model Pre-training for Hierarchical Document Representations,1.000,2019,arXiv.org
rygkk305YQ,arxiv_batch,295,Hierarchical Generative Modeling for Controllable Speech Synthesis,1.000,2018,International Conference on Learning Representations
rygjcsR9Y7,arxiv_batch,156,SOM-VAE: Interpretable Discrete Representation Learning on Time Series,1.000,2019,International Conference on Learning Representations
rygjN3C9F7,arxiv_batch,7,The Variational Deficiency Bottleneck,1.000,2018,IEEE International Joint Conference on Neural Network
ryggIs0cYQ,arxiv_batch,193,Differentiable Learning-to-Normalize via Switchable Normalization,1.000,2018,International Conference on Learning Representations
rygZJ2RcF7,arxiv_batch,7,Out-of-Sample Extrapolation with Neuron Editing,1.000,2018,
ryfz73C9KQ,arxiv_batch,82,Neural Predictive Belief Representations,1.000,2018,arXiv.org
ryfMLoCqtQ,arxiv_batch,152,An analytic theory of generalization dynamics and transfer learning in deep linear networks,1.000,2018,International Conference on Learning Representations
ryf7ioRqFX,arxiv_batch,38,h-detach: Modifying the LSTM Gradient Towards Better Optimization,1.000,2018,International Conference on Learning Representations
ryf6Fs09YX,arxiv_batch,,,,,
ryewE3R5YX,arxiv_batch,,,,,
ryetZ20ctX,arxiv_batch,222,Defensive Quantization: When Efficiency Meets Robustness,1.000,2019,International Conference on Learning Representations
ryepUj0qtX,arxiv_batch,46,Conditional Network Embeddings,1.000,2018,BNAIC/BENELEARN
ryeh4jA9F7,arxiv_batch,26,Playing the Game of Universal Adversarial Perturbations,1.000,2018,arXiv.org
ryeYHi0ctQ,arxiv_batch,258,DPSNet: End-to-end Deep Plane Sweep Stereo,1.000,2019,International Conference on Learning Representations
ryeOSnAqYm,arxiv_batch,45,Synthetic Datasets for Neural Program Synthesis,1.000,2019,International Conference on Learning Representations
ryeNPi0qKX,arxiv_batch,,,,,
rye7knCqK7,arxiv_batch,316,Learning when to Communicate at Scale in Multiagent Cooperative and Competitive Tasks,1.000,2018,International Conference on Learning Representations
rye4g3AqFm,arxiv_batch,292,Deep learning generalizes because the parameter-function map is biased towards simple functions,1.000,2018,International Conference on Learning Representations
ryMQ5sRqYX,arxiv_batch,109,Finding Mixed Nash Equilibria of Generative Adversarial Networks,1.000,2018,International Conference on Machine Learning
ryGkSo0qYm,arxiv_batch,94,Large Scale Graph Learning from Smooth Signals,1.000,2017,International Conference on Learning Representations
ryGgSsAcFQ,arxiv_batch,78,Deep; Skinny Neural Networks are not Universal Approximators,1.000,2018,International Conference on Learning Representations
ryEkcsActX,arxiv_batch,29,Teacher Guided Architecture Search,1.000,2018,IEEE International Conference on Computer Vision
ryE98iR5tm,arxiv_batch,161,Practical Lossless Compression with Latent Variables using Bits Back Coding,1.000,2019,International Conference on Learning Representations
rkzjUoAcFX,arxiv_batch,,,,,
rkzDIiA5YQ,arxiv_batch,48,Anytime Minibatch: Exploiting Stragglers in Online Distributed Optimization,1.000,2020,International Conference on Learning Representations
rkxw-hAcFQ,arxiv_batch,103,Generating Multi-Agent Trajectories using Programmatic Weak Supervision,1.000,2018,International Conference on Learning Representations
rkxusjRctQ,arxiv_batch,30,Learning models for visual 3D localization with implicit mapping,1.000,2018,arXiv.org
rkxt8oC9FQ,arxiv_batch,122,Perfect Match: A Simple Method for Learning Representations For Counterfactual Inference With Neural Networks,1.000,2018,arXiv.org
rkxraoRcF7,arxiv_batch,27,Learning Disentangled Representations with Reference-Based Variational Autoencoders,1.000,2019,International Conference on Learning Representations
rkxoNnC5FQ,arxiv_batch,110,SPIGAN: Privileged Adversarial Learning from Simulation,1.000,2018,International Conference on Learning Representations
rkxn7nR5KX,arxiv_batch,188,Incremental Few-Shot Learning with Attention Attractor Networks,1.000,2018,Neural Information Processing Systems
rkxjnjA5KQ,arxiv_batch,127,Transfer Learning for Related Reinforcement Learning Tasks via Image-to-Image Translation,1.000,2018,International Conference on Machine Learning
rkxhX209FX,arxiv_batch,0,An Active Learning Framework for Efficient Robust Policy Search,1.000,2018,COMAD/CODS
rkxciiC9tm,arxiv_batch,9,NADPEx: An on-policy temporally consistent exploration method for deep reinforcement learning,1.000,2018,International Conference on Learning Representations
rkxacs0qY7,arxiv_batch,274,Functional Variational Bayesian Neural Networks,1.000,2019,International Conference on Learning Representations
rkxaNjA9Ym,arxiv_batch,47,Per-Tensor Fixed-Point Quantization of the Back-Propagation Algorithm,1.000,2018,International Conference on Learning Representations
rkxQ-nA9FX,arxiv_batch,146,Theoretical Analysis of Auto Rate-Tuning by Batch Normalization,1.000,2018,International Conference on Learning Representations
rkxJus0cFX,arxiv_batch,29,RedSync : Reducing Synchronization Traffic for Distributed Deep Learning,1.000,2018,J. Parallel Distributed Comput.
rkx1m2C5YQ,arxiv_batch,129,Recurrent Kalman Networks: Factorized Inference in High-Dimensional Deep Feature Spaces,1.000,2019,International Conference on Machine Learning
rklz9iAcKQ,arxiv_batch,3038,Deep Graph Infomax,1.000,2018,International Conference on Learning Representations
rklaWn0qK7,arxiv_batch,,,,,
rklXaoAcFX,arxiv_batch,163,geomstats: a Python Package for Riemannian Geometry in Machine Learning,1.000,2018,arXiv.org
rkgwuiA9F7,arxiv_batch,34,Cramer-Wold AutoEncoder,1.000,2018,Journal of machine learning research
rkgsvoA9K7,arxiv_batch,123,Dirichlet Variational Autoencoder,1.000,2019,Pattern Recognition
rkgoyn09KQ,arxiv_batch,21,textTOvec: Deep Contextualized Neural Autoregressive Models of Language with Distributed Compositional Prior,0.973,2018,International Conference on Learning Representations
rkgbwsAcYm,arxiv_batch,181,DELTA: DEep Learning Transfer using Feature Map with Attention for Convolutional Networks,1.000,2019,International Conference on Learning Representations
rkgW0oA9FX,arxiv_batch,305,Graph HyperNetworks for Neural Architecture Search,1.000,2018,International Conference on Learning Representations
rkgT3jRct7,arxiv_batch,18,Large-Scale Answerer in Questioner's Mind for Visual Dialog Question Generation,1.000,2019,International Conference on Learning Representations
rkgKBhA5Y7,arxiv_batch,262,There Are Many Consistent Explanations of Unlabeled Data: Why You Should Average,1.000,2018,International Conference on Learning Representations
rkgK3oC5Fm,arxiv_batch,47,Bayesian Prediction of Future Street Scenes using Synthetic Likelihoods,1.000,2018,International Conference on Learning Representations
rkevMnRqYQ,arxiv_batch,56,Preferences Implicit in the State of the World,1.000,2019,International Conference on Learning Representations
rket4i0qtX,arxiv_batch,4,The Meaning of “Most” for Visual Question Answering Models,1.000,2018,BlackboxNLP@ACL
rkemqsC9Fm,arxiv_batch,10,Information Theoretic Lower Bounds on Negative Log Likelihood,1.000,2018,International Conference on Learning Representations
rkeYUsRqKQ,arxiv_batch,20,An Adversarial Learning Framework For A Persona-Based Multi-Turn Dialogue Model,1.000,2019,Proceedings of the Workshop on Methods for Optimizing and Evaluating Neural Language Generation
rkeUrjCcYQ,arxiv_batch,76,Monge-Ampère Flow for Generative Modeling,0.987,2018,arXiv.org
rkeT8iR9Y7,arxiv_batch,,,,,
rkeMHjR9Ym,arxiv_batch,47,Stochastic Gradient Descent Learns State Equations with Nonlinear Activations,1.000,2018,Annual Conference Computational Learning Theory
rke4HiAcY7,arxiv_batch,94,Caveats for information bottleneck in deterministic scenarios,1.000,2018,International Conference on Learning Representations
rkMnHjC5YQ,arxiv_batch,17,Improved Learning of One-hidden-layer Convolutional Neural Networks with Overlaps,1.000,2018,arXiv.org
rkMhusC5Y7,arxiv_batch,11,Learning to Coordinate Multiple Reinforcement Learning Agents for Diverse Query Reformulation,1.000,2018,arXiv.org
rkMW1hRqKX,arxiv_batch,45,Optimal Completion Distillation for Sequence Learning,1.000,2018,International Conference on Learning Representations
rkMD73A5FX,arxiv_batch,28,Can I trust you more? Model-Agnostic Hierarchical Explanations,1.000,2018,arXiv.org
rk4Qso0cKm,arxiv_batch,187,Adv-BNN: Improved Adversarial Defense through Robust Bayesian Neural Network,1.000,2018,International Conference on Learning Representations
rJxug2R9Km,arxiv_batch,15,Meta-Learning for Contextual Bandit Exploration,1.000,2019,arXiv.org
rJxgknCcK7,arxiv_batch,1079,FFJORD: Free-form Continuous Dynamics for Scalable Reversible Generative Models,1.000,2018,International Conference on Learning Representations
rJxMM2C5K7,arxiv_batch,20,Nested Dithered Quantization for Communication Reduction in Distributed Training,1.000,2019,arXiv.org
rJxHsjRqFQ,arxiv_batch,275,Hyperbolic Attention Networks,1.000,2018,International Conference on Learning Representations
rJlnB3C5Ym,arxiv_batch,,,,,
rJlk6iRqKX,arxiv_batch,382,Query-Efficient Hard-label Black-box Attack: An Optimization-based Approach,1.000,2018,International Conference on Learning Representations
rJliMh09F7,arxiv_batch,223,Diversity-Sensitive Conditional Generative Adversarial Networks,1.000,2019,International Conference on Learning Representations
rJlHIo09KQ,arxiv_batch,15,Gradient-based Training of Slow Feature Analysis by Differentiable Approximate Whitening,1.000,2018,Asian Conference on Machine Learning
rJlEojAqFm,arxiv_batch,85,Relational Forward Models for Multi-Agent Learning,1.000,2018,International Conference on Learning Representations
rJlDnoA5Y7,arxiv_batch,79,Von Mises-Fisher Loss for Training Sequence to Sequence Models with Continuous Outputs,1.000,2018,International Conference on Learning Representations
rJl8viCqKQ,arxiv_batch,295,Low Latency Privacy Preserving Inference,1.000,2018,International Conference on Machine Learning
rJl4BsR5KX,arxiv_batch,2,k-Nearest Neighbors by Means of Sequence to Sequence Deep Neural Networks and Memory Networks,1.000,2018,International Joint Conference on Artificial Intelligence
rJl2E3AcF7,arxiv_batch,4,Doubly Sparse: Sparse Mixture of Sparse Experts for Efficient Softmax Inference,1.000,2019,arXiv.org
rJl0r3R9KX,arxiv_batch,230,Regularized Learning for Domain Adaptation under Label Shifts,0.992,2019,International Conference on Learning Representations
rJl-HsR9KX,arxiv_batch,192,Discriminative Active Learning,1.000,2019,arXiv.org
rJgfjjC9Ym,arxiv_batch,45,Backprop with Approximate Activations for Memory-efficient Network Training,1.000,2019,Neural Information Processing Systems
rJgbSn09Ym,arxiv_batch,478,Learning Particle Dynamics for Manipulating Rigid Bodies; Deformable Objects; and Fluids,1.000,2018,International Conference on Learning Representations
rJgYxn09Fm,arxiv_batch,76,Learning Implicitly Recurrent CNNs Through Parameter Sharing,1.000,2019,International Conference on Learning Representations
rJg8yhAqKm,arxiv_batch,188,InfoBot: Transfer and Exploration via the Information Bottleneck,1.000,2019,International Conference on Learning Representations
rJg6ssC5Y7,arxiv_batch,79,DeepOBS: A Deep Learning Optimizer Benchmark Suite,1.000,2019,International Conference on Learning Representations
rJg4J3CqFm,arxiv_batch,37,Learning Embeddings into Entropic Wasserstein Spaces,1.000,2019,International Conference on Learning Representations
rJevYoA9Fm,arxiv_batch,225,The Singular Values of Convolutional Layers,1.000,2018,International Conference on Learning Representations
rJed6j0cKX,arxiv_batch,,,,,
rJeZS3RcYm,arxiv_batch,712,Simple Black-box Adversarial Attacks,1.000,2019,International Conference on Machine Learning
rJeXCo0cYX,arxiv_batch,335,BabyAI: A Platform to Study the Sample Efficiency of Grounded Language Learning,1.000,2018,International Conference on Learning Representations
rJe10iC5K7,arxiv_batch,62,Unsupervised Discovery of Parts; Structure; and Dynamics,1.000,2019,International Conference on Learning Representations
rJ4km2R5t7,arxiv_batch,8739,GLUE: A Multi-Task Benchmark and Analysis Platform for Natural Language Understanding,1.000,2018,BlackboxNLP@EMNLP
r1zOg309tX,arxiv_batch,9,Understanding the Effectiveness of Lipschitz-Continuity in Generative Adversarial Nets,1.000,2018,
r1xwKoR9Y7,arxiv_batch,127,GamePad: A Learning Environment for Theorem Proving,1.000,2018,International Conference on Learning Representations
r1xdH3CcKX,arxiv_batch,91,Stochastic Prediction of Multi-Agent Interactions from Partial Observations,1.000,2019,International Conference on Learning Representations
r1xYr3C5t7,arxiv_batch,41,Neural Message Passing for Multi-Label Classification,1.000,2019,ECML/PKDD
r1xX42R5Fm,arxiv_batch,58,Beyond Greedy Ranking: Slate Optimization via List-CVAE,1.000,2018,International Conference on Learning Representations
r1xQQhAqKX,arxiv_batch,96,Modeling Uncertainty with Hedged Instance Embedding,0.990,2018,International Conference on Learning Representations
r1xN5oA5tm,arxiv_batch,8,Phrase-Based Attentions,1.000,2018,arXiv.org
r1x4BnCqKX,arxiv_batch,,,,,
r1lrAiA5Ym,arxiv_batch,106,Backpropamine: training self-modifying neural networks with differentiable neuromodulated plasticity,1.000,2018,International Conference on Learning Representations
r1lq1hRqYQ,arxiv_batch,144,From Language to Goals: Inverse Reinforcement Learning for Vision-Based Instruction Following,1.000,2019,International Conference on Learning Representations
r1lWUoA9FQ,arxiv_batch,302,Are adversarial examples inevitable?,1.000,2018,International Conference on Learning Representations
r1l9Nj09YQ,arxiv_batch,,,,,
r1l73iRqKm,arxiv_batch,1031,Wizard of Wikipedia: Knowledge-Powered Conversational agents,1.000,2018,International Conference on Learning Representations
r1gl7hC5Km,arxiv_batch,186,Adapting Auxiliary Losses Using Gradient Similarity,1.000,2018,arXiv.org
r1gR2sC9FX,arxiv_batch,2458,On the Spectral Bias of Neural Networks,1.000,2018,International Conference on Machine Learning
r1gNni0qtm,arxiv_batch,26,Generalized Tensor Models for Recurrent Neural Networks,1.000,2019,International Conference on Learning Representations
r1gEqiC9FX,arxiv_batch,22,Equi-normalization of Neural Networks,1.000,2019,International Conference on Learning Representations
r1g4E3C9t7,arxiv_batch,181,Characterizing Audio Adversarial Examples Using Temporal Dependency,1.000,2018,International Conference on Learning Representations
r1g1LoAcFm,arxiv_batch,4,Using Ontologies To Improve Performance In Massively Multi-label Prediction Models,0.955,2019,arXiv.org
r1fE3sAcYQ,arxiv_batch,40,Overcoming Multi-Model Forgetting,1.000,2019,International Conference on Machine Learning
r1f78iAcFm,arxiv_batch,178,Graph Transformation Policy Network for Chemical Reaction Prediction,1.000,2018,Knowledge Discovery and Data Mining
r1f0YiCctm,arxiv_batch,,,,,
r1eiqi09K7,arxiv_batch,,,,,
r1efr3C9Ym,arxiv_batch,197,Interpolation-Prediction Networks for Irregularly Sampled Time Series,1.000,2019,International Conference on Learning Representations
r1eVMnA9K7,arxiv_batch,193,Unsupervised Control Through Non-Parametric Discriminative Rewards,1.000,2018,International Conference on Learning Representations
r1eEG20qKQ,arxiv_batch,193,Self-Tuning Networks: Bilevel Optimization of Hyperparameters using Structured Best-Response Functions,1.000,2019,International Conference on Learning Representations
r1e13s05YX,arxiv_batch,15,Neural network gradient-based learning of black-box function interfaces,1.000,2019,International Conference on Learning Representations
r1VPNiA5Fm,arxiv_batch,37,The universal approximation power of finite-width deep ReLU networks,1.000,2018,arXiv.org
r1My6sR9tX,arxiv_batch,252,Unsupervised Learning via Meta-Learning,1.000,2018,International Conference on Learning Representations
r1MSBjA9Ym,arxiv_batch,178,Collapse of Deep and Narrow Neural Nets,1.000,2018,Communications in Computational Physics
r1GkMhAqYm,arxiv_batch,25,CoDraw: Visual Dialog for Collaborative Drawing,0.448,2017,arXiv.org
r1GB5jA5tm,arxiv_batch,133,Adversarial Sampling for Active Learning,1.000,2018,IEEE Workshop/Winter Conference on Applications of Computer Vision
r1GAsjC5Fm,arxiv_batch,315,Self-Monitoring Navigation Agent via Auxiliary Progress Estimation,1.000,2019,International Conference on Learning Representations
r14EOsCqKX,arxiv_batch,319,A Closer Look at Deep Learning Heuristics: Learning rate restarts; Warmup and Distillation,1.000,2018,International Conference on Learning Representations
SyxtJh0qYm,arxiv_batch,171,Variational Autoencoder with Arbitrary Conditioning,1.000,2018,International Conference on Learning Representations
Syxt5oC5YQ,arxiv_batch,75,Aggregated Momentum: Stability Through Passive Damping,1.000,2018,International Conference on Learning Representations
Syxt2jC5FX,arxiv_batch,19,From Hard to Soft: Understanding Deep Network Nonlinearities via Vector Quantization and Statistical Inference,1.000,2018,International Conference on Learning Representations
SyxfEn09Y7,arxiv_batch,47,G-SGD: Optimizing ReLU Neural Networks in its Positively Scale-Invariant Space,1.000,2018,International Conference on Learning Representations
Syx_Ss05tm,arxiv_batch,204,Adversarial Reprogramming of Neural Networks,1.000,2018,International Conference on Learning Representations
SyxZJn05YX,arxiv_batch,15,Feature Intertwiner for Object Detection,1.000,2019,International Conference on Learning Representations
Syx72jC9tm,arxiv_batch,576,Invariant and Equivariant Graph Networks,1.000,2018,International Conference on Learning Representations
Syx5V2CcFm,arxiv_batch,58,Universal Stagewise Learning for Non-Convex Problems with Convergence on Averaged Solutions,0.984,2018,International Conference on Learning Representations
SylU3jC5Y7,arxiv_batch,12,Adaptive Network Sparsification with Dependent Variational Beta-Bernoulli Dropout,0.969,2018,
SylPMnR9Ym,arxiv_batch,35,Learning what you can do before doing anything,1.000,2018,International Conference on Learning Representations
SylLYsCcFm,arxiv_batch,,,,,
SylKoo0cKm,arxiv_batch,157,How Important Is a Neuron?,1.000,2018,International Conference on Learning Representations
Syl7OsRqY7,arxiv_batch,63,Coarse-grain Fine-grain Coattention Network for Multi-evidence Question Answering,1.000,2019,International Conference on Learning Representations
Sygx4305KQ,arxiv_batch,23,Small Steps and Giant Leaps: Minimal Newton Solvers for Deep Learning,1.000,2018,IEEE International Conference on Computer Vision
SygQvs0cFQ,arxiv_batch,3,Variational Smoothing in Recurrent Neural Network Language Models,1.000,2019,International Conference on Learning Representations
SygONjRqKm,arxiv_batch,0,Amortized Context Vector Inference for Sequence-to-Sequence Networks,1.000,2018,arXiv.org
SyfIfnC5Ym,arxiv_batch,,,,,
Syf9Q209YQ,arxiv_batch,15,Manifold regularization with GANs for semi-supervised learning,1.000,2018,arXiv.org
SyezvsC5tX,arxiv_batch,,,,,
SyehMhC9Y7,arxiv_batch,160,Deep Imitative Models for Flexible Inference; Planning; and Control,1.000,2018,International Conference on Learning Representations
SyeKf30cFQ,arxiv_batch,10,A theoretical framework for deep locally connected ReLU network,0.969,2018,arXiv.org
SyVuRiC5K7,arxiv_batch,756,Learning to Propagate Labels: Transductive Propagation Network for Few-Shot Learning,1.000,2018,International Conference on Learning Representations
SyNvti09KQ,arxiv_batch,8,Visceral Machines: Risk-Aversion in Reinforcement Learning with Intrinsic Physiological Rewards,0.995,2018,International Conference on Learning Representations
SyMWn05F7,arxiv_batch,260,Learning Exploration Policies for Navigation,1.000,2019,International Conference on Learning Representations
SyMDXnCcF7,arxiv_batch,192,A Mean Field Theory of Batch Normalization,1.000,2019,International Conference on Learning Representations
SyGjjsC5tQ,arxiv_batch,129,Stable Opponent Shaping in Differentiable Games,1.000,2018,International Conference on Learning Representations
Sy4lojC9tm,arxiv_batch,375,Dataset Distillation,1.000,2018,arXiv.org
SkxxIs0qY7,arxiv_batch,17,CoT: Cooperative Training for Generative Modeling,0.850,2018,arXiv.org
SkxbDsR9Ym,arxiv_batch,,,,,
SkxXg2C5FX,arxiv_batch,41,Don't Settle for Average; Go for the Max: Fuzzy Sets and Max-Pooled Word Vectors,1.000,2019,International Conference on Learning Representations
Sklv5iRqYX,arxiv_batch,65,Multi-Domain Adversarial Learning,1.000,2019,International Conference on Learning Representations
Sklsm20ctX,arxiv_batch,60,Competitive Experience Replay,1.000,2019,International Conference on Learning Representations
Sklr9i09KQ,arxiv_batch,12,Neural Networks for Modeling Source Code Edits,1.000,2018,arXiv.org
SkloDjAqYm,arxiv_batch,10,LeMoNADe: Learned Motif and Neuronal Assembly Detection in calcium imaging videos,1.000,2018,International Conference on Learning Representations
SklgHoRqt7,arxiv_batch,17,Metric-Optimized Example Weights,1.000,2018,International Conference on Machine Learning
SklckhR5Ym,arxiv_batch,6,Improved Language Modeling by Decoding the Past,1.000,2018,Annual Meeting of the Association for Computational Linguistics
SklXvs0qt7,arxiv_batch,62,Curiosity-Driven Experience Prioritization via Density Estimation,1.000,2018,arXiv.org
SklVEnR5K7,arxiv_batch,969,Making Convolutional Networks Shift-Invariant Again,1.000,2019,International Conference on Machine Learning
Skh4jRcKQ,arxiv_batch,436,Understanding Straight-Through Estimator in Training Activation Quantized Neural Nets,1.000,2019,International Conference on Learning Representations
SkgzYiRqtX,arxiv_batch,141,Graph Neural Networks with Generated Parameters for Relation Extraction,1.000,2019,Annual Meeting of the Association for Computational Linguistics
SkgkJn05YX,arxiv_batch,19,RANDOM MASK: Towards Robust Convolutional Neural Networks,1.000,2020,arXiv.org
SkghN205KQ,arxiv_batch,10,Search-Guided; Lightly-supervised Training of Structured Prediction Energy Networks,0.994,2018,Neural Information Processing Systems
SkgVRiC9Km,arxiv_batch,45,Fortified Networks: Improving the Robustness of Deep Networks by Modeling the Manifold of Hidden Representations,1.000,2018,arXiv.org
SkgEaj05t7,arxiv_batch,145,On the Relation Between the Sharpest Directions of DNN Loss and the SGD Step Length,1.000,2018,International Conference on Learning Representations
SkfrvsA9FX,arxiv_batch,715,Reward Constrained Policy Optimization,1.000,2018,International Conference on Learning Representations
SkfhIo0qtQ,arxiv_batch,5,Volumetric Convolution: Automatic Representation Learning in Unit Ball,1.000,2018,arXiv.org
SkfMWhAqYQ,arxiv_batch,,,,,
SkelJnRqt7,arxiv_batch,24,Neural separation of observed and unobserved distributions,1.000,2018,International Conference on Machine Learning
Skeke3C5Fm,arxiv_batch,66,Multilingual Neural Machine Translation With Soft Decoupled Encoding,1.000,2019,International Conference on Learning Representations
SkeZisA5t7,arxiv_batch,37,Adaptive Estimators Show Information Compression in Deep Neural Networks,1.000,2019,International Conference on Learning Representations
SkeXehR9t7,arxiv_batch,184,Graph2Seq: Graph to Sequence Learning with Attention-based Neural Networks,1.000,2018,arXiv.org
SkeVsiAcYm,arxiv_batch,32,Generative predecessor models for sample-efficient imitation learning,1.000,2019,International Conference on Learning Representations
SkeRTsAcYm,arxiv_batch,399,Phase-aware Speech Enhancement with Deep Complex U-Net,1.000,2019,International Conference on Learning Representations
SkeK3s0qKQ,arxiv_batch,291,Episodic Curiosity through Reachability,1.000,2018,International Conference on Learning Representations
Ske7ToC5Km,arxiv_batch,12,Graph2Seq: Scalable Learning Dynamics for Graphs,1.000,2018,arXiv.org
SkNksoRctQ,arxiv_batch,85,Fluctuation-dissipation relations for stochastic gradient descent,1.000,2018,International Conference on Learning Representations
SkMwpiR9Y7,arxiv_batch,168,Measuring and regularizing networks in function space,1.000,2018,International Conference on Learning Representations
SkMQg3C5K7,arxiv_batch,350,A Convergence Analysis of Gradient Descent for Deep Linear Neural Networks,1.000,2018,International Conference on Learning Representations
SkGuG2R5tm,arxiv_batch,175,Spreading vectors for similarity search,1.000,2018,International Conference on Learning Representations
SkGpW3C5KX,arxiv_batch,48,Heated-Up Softmax Embedding,1.000,2018,arXiv.org
SkEqro0ctQ,arxiv_batch,161,Hierarchical interpretations for neural network predictions,1.000,2018,International Conference on Learning Representations
SkEYojRqtm,arxiv_batch,383,Representation Degeneration Problem in Training Natural Language Generation Models,1.000,2019,International Conference on Learning Representations
SkE6PjC9KX,arxiv_batch,538,Attentive Neural Processes,1.000,2019,International Conference on Learning Representations
Sk4jFoA9K7,arxiv_batch,44,PeerNets: Exploiting Peer Wisdom Against Adversarial Attacks,1.000,2018,International Conference on Learning Representations
SJzwvoCqF7,arxiv_batch,82,On Tighter Generalization Bound for Deep Neural Networks: CNNs; ResNets; and Beyond,0.994,2018,arXiv.org
SJzuHiA9tQ,arxiv_batch,53,Generative Adversarial Network Training is a Continual Learning Problem,1.000,2018,arXiv.org
SJzqpj09YQ,arxiv_batch,50,Spectral Inference Networks: Unifying Deep and Spectral Learning,1.000,2018,International Conference on Learning Representations
SJzYdsAqY7,arxiv_batch,8,Spatial-Winograd Pruning Enabling Sparse Winograd Convolution,1.000,2018,arXiv.org
SJzSgnRcKX,arxiv_batch,965,What do you learn from context? Probing for sentence structure in contextualized word representations,1.000,2019,International Conference on Learning Representations
SJzR2iRcK7,arxiv_batch,200,Multi-class Classification without Multi-class Labels,1.000,2019,International Conference on Learning Representations
SJz6MnC5YQ,arxiv_batch,,,,,
SJxzPsAqFQ,arxiv_batch,32,Multi-turn Dialogue Response Generation in an Adversarial Learning Framework,1.000,2018,Proceedings of the First Workshop on NLP for Conversational AI
SJxsV2R5FQ,arxiv_batch,24,Learning sparse relational transition models,1.000,2018,International Conference on Learning Representations
SJxTroR9F7,arxiv_batch,23,Supervised Policy Update for Deep Reinforcement Learning,1.000,2018,International Conference on Learning Representations
SJxCsj0qYX,arxiv_batch,,,,,
SJx94o0qYX,arxiv_batch,12,Precision Highway for Ultra Low-Precision Quantization,1.000,2018,arXiv.org
SJl98sR5tX,arxiv_batch,,,,,
SJl2niR9KQ,arxiv_batch,13,Adversarial Geometry and Lighting using a Differentiable Renderer,0.538,2018,arXiv.org
SJgw_sRqFQ,arxiv_batch,181,The Unusual Effectiveness of Averaging in GAN Training,1.000,2018,International Conference on Learning Representations
SJgs1n05YQ,arxiv_batch,17,Learning and Planning with a Semantic Model,1.000,2018,arXiv.org
SJggZnRcFQ,arxiv_batch,10,Learning Programmatically Structured Representations with Perceptor Gradients,1.000,2019,International Conference on Learning Representations
SJfb5jCqKm,arxiv_batch,173,Bias-Reduced Uncertainty Estimation for Deep Neural Classifiers,1.000,2018,International Conference on Learning Representations
SJf_XhCqKm,arxiv_batch,2,Random Search for Hyperparameters using Determinantal Point Processes,0.743,2017,arXiv.org
SJfZKiC5FX,arxiv_batch,51,Dynamically Unfolding Recurrent Restorer: A Moving Endpoint Control Method for Image Restoration,1.000,2018,International Conference on Learning Representations
SJfPFjA9Fm,arxiv_batch,,,,,
SJequsCqKQ,arxiv_batch,,,,,
SJekyhCctQ,arxiv_batch,,,,,
SJeUAj05tQ,arxiv_batch,100,DAdam: A Consensus-Based Distributed Adaptive Gradient Method for Online Optimization,1.000,2018,IEEE Transactions on Signal Processing
SJe9rh0cFX,arxiv_batch,27,On the Universal Approximability and Complexity Bounds of Quantized ReLU Neural Networks,1.000,2018,International Conference on Learning Representations
SJe3HiC5KX,arxiv_batch,55,Learning Factorized Representations for Open-set Domain Adaptation,1.000,2018,International Conference on Learning Representations
SJMnG2C9YX,arxiv_batch,134,Complementary-Label Learning for Arbitrary Losses and Models,1.000,2018,International Conference on Machine Learning
SJLhxnRqFQ,arxiv_batch,2,Adversarially Learned Mixture Model,1.000,2018,arXiv.org
SJGvns0qK7,arxiv_batch,42,Bayesian Policy Optimization for Model Uncertainty,1.000,2018,International Conference on Learning Representations
SJG6G2RqtX,arxiv_batch,28,Value Propagation Networks,1.000,2018,International Conference on Learning Representations
SJ4vTjRqtQ,arxiv_batch,,,,,
SJ4Z72Rctm,arxiv_batch,2,Entropic Policy Composition with Generalized Policy Improvement and Divergence Correction,0.569,2018,arXiv.org
S1xtAjR5tX,arxiv_batch,97,Improving Sequence-to-Sequence Learning via Optimal Transport,1.000,2019,International Conference on Learning Representations
S1xiOjC9F7,arxiv_batch,683,Graph Matching Networks for Learning the Similarity of Graph Structured Objects,1.000,2019,International Conference on Machine Learning
S1xcx3C5FX,arxiv_batch,98,A Statistical Approach to Assessing Neural Network Robustness,1.000,2018,International Conference on Learning Representations
S1xNb2A9YX,arxiv_batch,29,Minimal Images in Deep Neural Networks: Fragile Object Recognition in Natural Images,1.000,2019,International Conference on Learning Representations
S1xNEhR9KX,arxiv_batch,67,On the Sensitivity of Adversarial Robustness to Input Data Distributions,1.000,2018,International Conference on Learning Representations
S1xLN3C9YX,arxiv_batch,45,Learnable Embedding Space for Efficient Neural Architecture Compression,1.000,2019,International Conference on Learning Representations
S1x2Fj0qKQ,arxiv_batch,,,,,
S1lvm305YQ,arxiv_batch,,,,,
S1lqMn05Ym,arxiv_batch,,,,,
S1lhbnRqF7,arxiv_batch,81,Building Dynamic Knowledge Graphs from Text using Machine Reading Comprehension,1.000,2018,International Conference on Learning Representations
S1lg0jAcYm,arxiv_batch,11,ARM: Augment-REINFORCE-Merge Gradient for Discrete Latent Variable Models,0.726,2018,arXiv.org
S1lTg3RqYQ,arxiv_batch,146,Exemplar Guided Unsupervised Image-to-Image Translation,0.803,2018,International Conference on Learning Representations
S1lTEh09FQ,arxiv_batch,43,Combinatorial Attacks on Binarized Neural Networks,1.000,2018,International Conference on Learning Representations
S1lIMn05F7,arxiv_batch,84,A Direct Approach to Robust Deep Learning Using Adversarial Networks,1.000,2019,International Conference on Learning Representations
S1lDV3RcKm,arxiv_batch,199,MisGAN: Learning from Incomplete Data with Generative Adversarial Networks,1.000,2019,International Conference on Learning Representations
S1gUsoR9YX,arxiv_batch,267,Multilingual Neural Machine Translation with Knowledge Distillation,1.000,2019,International Conference on Learning Representations
S1gOpsCctm,arxiv_batch,,,,,
S1g2V3Cct7,arxiv_batch,1713,Experience Replay for Continual Learning,1.000,2018,Neural Information Processing Systems
S1g2JnRcFX,arxiv_batch,1280,Local SGD Converges Fast and Communicates Little,1.000,2018,International Conference on Learning Representations
S1fcnoR9K7,arxiv_batch,22,Learning with Random Learning Rates,1.000,2018,ECML/PKDD
S1fUpoR5FQ,arxiv_batch,158,Quasi-hyperbolic momentum and Adam for deep learning,1.000,2018,International Conference on Learning Representations
S1ey2sRcYQ,arxiv_batch,,,,,
S1erHoR5t7,arxiv_batch,1105,The relativistic discriminator: a key element missing from standard GAN,1.000,2018,International Conference on Learning Representations
S1en0sRqKm,arxiv_batch,82,On the Computational Inefficiency of Large Batch Sizes for Stochastic Gradient Descent,1.000,2018,arXiv.org
S1ecm2C9K7,arxiv_batch,52,Feature-Wise Bias Amplification,1.000,2018,International Conference on Learning Representations
S1e_H3AqYQ,arxiv_batch,21,Exploiting Cross-Lingual Subword Similarities in Low-Resource Document Classification,1.000,2018,AAAI Conference on Artificial Intelligence
S1eYHoC5FX,arxiv_batch,5012,DARTS: Differentiable Architecture Search,1.000,2018,International Conference on Learning Representations
S1eOHo09KX,arxiv_batch,41,Opportunistic Learning: Budgeted Cost-Sensitive Learning from Data Streams,1.000,2019,International Conference on Learning Representations
S1eK3i09YQ,arxiv_batch,1387,Gradient Descent Provably Optimizes Over-parameterized Neural Networks,1.000,2018,International Conference on Learning Representations
S1VWjiRcKX,arxiv_batch,153,Universal Successor Features Approximators,1.000,2018,International Conference on Learning Representations
S1MB-3RcF7,arxiv_batch,,,,,
S1M6Z2Cctm,arxiv_batch,50,Harmonic Unpaired Image-to-image Translation,1.000,2019,International Conference on Learning Representations
S1GkToR5tm,arxiv_batch,144,Discriminator Rejection Sampling,1.000,2018,International Conference on Learning Representations
S1GcHsAqtm,arxiv_batch,8,Adaptive Pruning of Neural Language Models for Mobile Devices,1.000,2018,arXiv.org
S1EHOsC9tX,arxiv_batch,,,,,
S1EERs09YQ,arxiv_batch,26,Discovery of Natural Language Concepts in Individual Units of CNNs,1.000,2019,International Conference on Learning Representations
S1E3Ko09F7,arxiv_batch,,,,,
S14h9sCqYm,arxiv_batch,13,Weakly-supervised Knowledge Graph Alignment with Adversarial Learning,1.000,2019,arXiv.org
HyztsoC5Y7,arxiv_batch,657,Learning to Adapt in Dynamic; Real-World Environments through Meta-Reinforcement Learning,1.000,2018,International Conference on Learning Representations
HyzdRiR9Y7,arxiv_batch,975,Universal Transformers,1.000,2018,International Conference on Learning Representations
HyzMyhCcK7,arxiv_batch,133,ProxQuant: Quantized Neural Networks via Proximal Operators,1.000,2018,International Conference on Learning Representations
Hyxsl2AqKm,arxiv_batch,71,ON THE EFFECTIVENESS OF TASK GRANULARITY FOR TRANSFER LEARNING,1.000,2018,
HyxOIoRqFQ,arxiv_batch,4,Discrete flow posteriors for variational inference in discrete dynamical systems,1.000,2018,arXiv.org
HyxKIiAqYQ,arxiv_batch,449,Context-adaptive Entropy Model for End-to-end Optimized Image Compression,1.000,2018,International Conference on Learning Representations
HyxGB2AcY7,arxiv_batch,81,Contingency-Aware Exploration in Reinforcement Learning,1.000,2018,International Conference on Learning Representations
HyxCxhRcY7,arxiv_batch,1778,Deep Anomaly Detection with Outlier Exposure,1.000,2018,International Conference on Learning Representations
HyxAfnA5tm,arxiv_batch,214,Deep Online Learning via Meta-Learning: Continual Adaptation for Model-Based RL,1.000,2018,International Conference on Learning Representations
Hyx6Bi0qYm,arxiv_batch,98,Adversarial Domain Adaptation for Stable Brain-Machine Interfaces,1.000,2018,International Conference on Learning Representations
Hyx4knR9Ym,arxiv_batch,154,Generalizable Adversarial Training via Spectral Normalization,1.000,2018,International Conference on Learning Representations
HylsgnCcFQ,arxiv_batch,,,,,
Hyl_vjC5KQ,arxiv_batch,33,Hierarchical Reinforcement Learning via Advantage-Weighted Information Maximization,1.000,2019,International Conference on Learning Representations
HylVB3AqYm,arxiv_batch,2099,ProxylessNAS: Direct Neural Architecture Search on Target Task and Hardware,1.000,2018,International Conference on Learning Representations
HylTXn0qYX,arxiv_batch,12,Efficiently testing local optimality and escaping saddles for ReLU networks,1.000,2018,International Conference on Learning Representations
HylTBhA5tQ,arxiv_batch,160,The Limitations of Adversarial Training and the Blind-Spot Attack,1.000,2019,International Conference on Learning Representations
HylSk205YQ,arxiv_batch,35,Multi-agent Deep Reinforcement Learning with Extremely Noisy Observations,1.000,2018,arXiv.org
Hygxb2CqKm,arxiv_batch,139,Stable Recurrent Models,1.000,2018,International Conference on Learning Representations
HygtHnR5tQ,arxiv_batch,665,Generative Adversarial Networks for Extreme Learned Image Compression,1.000,2018,IEEE International Conference on Computer Vision
HygsfnR9Ym,arxiv_batch,69,Recall Traces: Backtracking Models for Efficient Reinforcement Learning,1.000,2018,International Conference on Learning Representations
Hygn2o0qKX,arxiv_batch,105,Deterministic PAC-Bayesian generalization bounds for deep networks via generalizing noise-resilience,1.000,2019,International Conference on Learning Representations
HygjqjR9Km,arxiv_batch,84,Improving MMD-GAN Training with Repulsive Loss Function,1.000,2018,International Conference on Learning Representations
HygUOoC5KX,arxiv_batch,87,Are Generative Classifiers More Robust to Adversarial Attacks?,1.000,2018,International Conference on Machine Learning
HygQBn0cYm,arxiv_batch,129,Model-Predictive Policy Learning with Uncertainty Regularization for Driving in Dense Traffic,1.000,2019,International Conference on Learning Representations
Hyg74h05tX,arxiv_batch,508,Flow++: Improving Flow-Based Generative Models with Variational Dequantization and Architecture Design,0.990,2019,International Conference on Machine Learning
Hyfg5o0qtm,arxiv_batch,100,Temporal Gaussian Mixture Layer for Videos,1.000,2018,International Conference on Machine Learning
HyexAiA5Fm,arxiv_batch,78,Scalable Unbalanced Optimal Transport using Generative Adversarial Networks,1.000,2018,International Conference on Learning Representations
Hyewf3AqYX,arxiv_batch,78,A Frank-Wolfe Framework for Efficient and Effective Adversarial Attacks,1.000,2018,AAAI Conference on Artificial Intelligence
HyeVtoRqtQ,arxiv_batch,165,Trellis Networks for Sequence Modeling,1.000,2018,International Conference on Learning Representations
HyeGBj09Fm,arxiv_batch,15,Pre-computed Liquid Spaces with Generative Neural Networks and Optical Flow,0.582,2017,arXiv.org
HyeFAsRctQ,arxiv_batch,44,Verification of Non-Linear Specifications for Neural Networks,1.000,2019,International Conference on Learning Representations
Hye9lnCct7,arxiv_batch,119,Learning Actionable Representations with Goal-Conditioned Policies,0.992,2018,International Conference on Learning Representations
Hye-LiR5Y7,arxiv_batch,13,SOSELETO: A Unified Approach to Transfer Learning and Training with Noisy Labels,1.000,2018,arXiv.org
HyN-M2Rctm,arxiv_batch,38,Mode Normalization,1.000,2018,International Conference on Learning Representations
HyMRaoAqKX,arxiv_batch,18,Implicit Autoencoders,1.000,2018,arXiv.org
HyM7AiA5YX,arxiv_batch,53,Complement Objective Training,1.000,2019,International Conference on Learning Representations
HyGh4sR9YQ,arxiv_batch,758,Deep Neuroevolution: Genetic Algorithms Are a Competitive Alternative for Training Deep Neural Networks for Reinforcement Learning,1.000,2017,arXiv.org
HyGcghRct7,arxiv_batch,16,Random mesh projectors for inverse problems,1.000,2018,International Conference on Learning Representations
HyGBdo0qFm,arxiv_batch,183,On the Turing Completeness of Modern Neural Network Architectures,1.000,2019,International Conference on Learning Representations
HyEl3o05Fm,arxiv_batch,479,Stochastic Adversarial Video Prediction,1.000,2018,arXiv.org
HkzZBi0cFQ,arxiv_batch,51,Quantization for Rapid Deployment of Deep Neural Networks,1.000,2018,arXiv.org
HkzSQhCcK7,arxiv_batch,67,STCN: Stochastic Temporal Convolutional Networks,1.000,2019,International Conference on Learning Representations
HkzRQhR9YX,arxiv_batch,85,Tree-Structured Recurrent Switching Linear Dynamical Systems for Multi-Scale Modeling,1.000,2018,International Conference on Learning Representations
HkxjYoCqKX,arxiv_batch,149,Relaxed Quantization for Discretized Neural Networks,1.000,2018,International Conference on Learning Representations
HkxStoC5F7,arxiv_batch,289,Meta-Learning Probabilistic Inference for Prediction,1.000,2018,International Conference on Learning Representations
HkxMG209K7,arxiv_batch,25,An Alarm System for Segmentation Algorithm Based on Shape Model,1.000,2019,IEEE International Conference on Computer Vision
HkxLXnAcFQ,arxiv_batch,2004,A Closer Look at Few-shot Classification,1.000,2019,International Conference on Learning Representations
HkxKH2AcFm,arxiv_batch,64,Towards GAN Benchmarks Which Require Generalization,1.000,2020,International Conference on Learning Representations
HkxAisC9FQ,arxiv_batch,37,Improved robustness to adversarial examples using Lipschitz regularization of the loss,1.000,2018,arXiv.org
HklyMhCqYQ,arxiv_batch,2,Super-Resolution via Conditional Implicit Maximum Likelihood Estimation,1.000,2018,arXiv.org
Hklc6oAcFX,arxiv_batch,14,Co-manifold learning with missing data,1.000,2018,International Conference on Machine Learning
HklSf3CqKm,arxiv_batch,57,Subgradient Descent Learns Orthogonal Dictionaries,1.000,2018,International Conference on Learning Representations
HklKui0ct7,arxiv_batch,21,Off-Policy Evaluation and Learning from Logged Bandit Feedback: Error Reduction via Surrogate Policy,1.000,2018,International Conference on Learning Representations
Hkl5aoR5tm,arxiv_batch,111,On Self Modulation for Generative Adversarial Networks,1.000,2018,International Conference on Learning Representations
HkgqFiAcFm,arxiv_batch,11,Marginal Policy Gradients: A Unified Family of Estimators for Bounded Action Spaces with Applications,1.000,2018,International Conference on Learning Representations
HkgmzhC5F7,arxiv_batch,186,A Modern Take on the Bias-Variance Tradeoff in Neural Networks,1.000,2018,arXiv.org
HkgTkhRcKQ,arxiv_batch,73,AdaShift: Decorrelation and Convergence of Adaptive Learning Rate Methods,1.000,2018,International Conference on Learning Representations
HkgSk2A9Y7,arxiv_batch,409,Stochastic Gradient Push for Distributed Deep Learning,1.000,2018,International Conference on Machine Learning
HkgSEnA5KQ,arxiv_batch,67,Guiding Policies with Language via Meta-Learning,1.000,2018,International Conference on Learning Representations
HkgHk3RctX,arxiv_batch,114,Seq2Slate: Re-ranking and Slate Optimization with RNNs,1.000,2018,arXiv.org
HkgEQnRqYQ,arxiv_batch,2803,RotatE: Knowledge Graph Embedding by Relational Rotation in Complex Space,1.000,2018,International Conference on Learning Representations
Hkg313AcFX,arxiv_batch,14,Metropolis-Hastings view on variational inference and adversarial training,1.000,2018,arXiv.org
Hkg1YiAcK7,arxiv_batch,,,,,
HkfPSh05K7,arxiv_batch,173,Multi-step Retriever-Reader Interaction for Scalable Open-domain Question Answering,1.000,2019,International Conference on Learning Representations
Hkf2_sC5FX,arxiv_batch,,,,,
HkezXnA9YX,arxiv_batch,,,,,
HkeoOo09YX,arxiv_batch,45,Meta-Learning for Stochastic Gradient MCMC,1.000,2018,International Conference on Learning Representations
HkekMnR5Ym,arxiv_batch,40,Meta-Learning Neural Bloom Filters,1.000,2019,International Conference on Machine Learning
HkeGhoA5FX,arxiv_batch,775,Residual Non-local Attention Networks for Image Restoration,1.000,2019,International Conference on Learning Representations
Hke4l2AcKQ,arxiv_batch,41,MAE: Mutual Posterior-Divergence Regularization for Variational AutoEncoders,1.000,2019,International Conference on Learning Representations
Hke-JhA9Y7,arxiv_batch,72,Learning concise representations for regression by evolving networks of trees,1.000,2018,International Conference on Learning Representations
HkNGYjR9FX,arxiv_batch,30,Learning Recurrent Binary/Ternary Weights,1.000,2018,International Conference on Learning Representations
HkMwHsCctm,arxiv_batch,26,Principled Deep Neural Network Training through Linear Programming,1.000,2018,Discrete Optimization
HkGmDsR9YQ,arxiv_batch,227,Generalization and Regularization in DQN,1.000,2018,arXiv.org
HkG3e205K7,arxiv_batch,115,Doubly Reparameterized Gradient Estimators for Monte Carlo Objectives,1.000,2018,arXiv.org
HkElFj0qYQ,arxiv_batch,4,PPD: Permutation Phase Defense Against Adversarial Examples in Deep Learning,1.000,2018,International Conference on Machine Learning and Applications
Hk4fpoA5Km,arxiv_batch,296,Discriminator-Actor-Critic: Addressing Sample Inefficiency and Reward Bias in Adversarial Imitation Learning,1.000,2018,
Hk4dFjR5K7,arxiv_batch,108,ADef: an Iterative Algorithm to Construct Adversarial Deformations,1.000,2018,International Conference on Learning Representations
HJz05o0qK7,arxiv_batch,169,Measuring Compositionality in Representation Learning,1.000,2019,International Conference on Learning Representations
HJxyAjRcFX,arxiv_batch,29,Harmonizing Maximum Likelihood with GANs for Multimodal Conditional Generation,1.000,2018,International Conference on Learning Representations
HJxpDiC5tX,arxiv_batch,172,Large-Scale Visual Speech Recognition,1.000,2018,Interspeech
HJxYwiC5tm,arxiv_batch,618,Why do deep convolutional networks generalize so poorly to small image transformations?,1.000,2018,Journal of machine learning research
HJxB5sRcFQ,arxiv_batch,283,LayoutGAN: Generating Graphic Layouts with Wireframe Discriminators,1.000,2019,International Conference on Learning Representations
HJx9EhC9tQ,arxiv_batch,136,Reasoning About Physical Interactions with Object-Oriented Prediction and Planning,1.000,2018,International Conference on Learning Representations
HJx7l309Fm,arxiv_batch,965,Actor-Attention-Critic for Multi-Agent Reinforcement Learning,1.000,2018,International Conference on Machine Learning
HJlmHoR5tQ,arxiv_batch,65,Adversarial Imitation via Variational Inverse Reinforcement Learning,1.000,2018,International Conference on Learning Representations
HJlQfnCqKX,arxiv_batch,223,Predicting the Generalization Gap in Deep Networks with Margin Distributions,1.000,2018,International Conference on Learning Representations
HJlNpoA5YQ,arxiv_batch,118,The Laplacian in RL: Learning Representations with Efficient Approximations,1.000,2018,International Conference on Learning Representations
HJlLKjR9FQ,arxiv_batch,195,Towards Understanding Regularization in Batch Normalization,1.000,2018,International Conference on Learning Representations
HJl0jiRqtX,arxiv_batch,158,EDDI: Efficient Dynamic Discovery of High-Value Information with Partial VAE,1.000,2018,International Conference on Machine Learning
HJgyAoRqFQ,arxiv_batch,8,State-Denoised Recurrent Neural Networks,1.000,2018,arXiv.org
HJguLo0cKQ,arxiv_batch,,,,,
HJgkx2Aqt7,arxiv_batch,122,Learning To Simulate,1.000,2018,International Conference on Learning Representations
HJgd1nAqFX,arxiv_batch,41,DOM-Q-NET: Grounded RL on Structured Language,0.988,2019,International Conference on Learning Representations
HJgXsjA5tQ,arxiv_batch,93,On the loss landscape of a class of deep neural networks with no bad local valleys,1.000,2018,International Conference on Learning Representations
HJfwJ2A5KX,arxiv_batch,86,Data-Dependent Coresets for Compressing Neural Networks with Applications to Generalization Bounds,1.000,2018,International Conference on Learning Representations
HJfSEnRqKQ,arxiv_batch,73,Active Learning with Partial Feedback,1.000,2018,International Conference on Learning Representations
HJf9ZhC9FX,arxiv_batch,73,Stochastic Gradient/Mirror Descent: Minimax Optimality and Implicit Regularization,1.000,2018,International Conference on Learning Representations
HJeuOiRqKQ,arxiv_batch,44,Pooling is neither necessary nor sufficient for appropriate deformation stability in CNNs,1.000,2018,
HJeu43ActQ,arxiv_batch,19,NOODL: Provable Online Dictionary Learning and Sparse Coding,1.000,2019,International Conference on Learning Representations
HJeRkh05Km,arxiv_batch,378,Visual Semantic Navigation using Scene Priors,1.000,2018,International Conference on Learning Representations
HJeQToAqKQ,arxiv_batch,31,TherML: Thermodynamics of Machine Learning,0.953,2018,arXiv.org
HJePRoAct7,arxiv_batch,1308,Graph U-Nets,0.952,2019,IEEE Transactions on Pattern Analysis and Machine Intelligence
HJeKCi0qYX,arxiv_batch,83,MILE: A Multi-Level Framework for Scalable Graph Embedding,1.000,2018,International Conference on Web and Social Media
HJeB0sC9Fm,arxiv_batch,4,Detecting Memorization in ReLU Networks,1.000,2018,arXiv.org
HJeABnCqKQ,arxiv_batch,,,,,
HJNJws0cF7,arxiv_batch,62,Convolutional neural networks combined with Runge–Kutta methods,1.000,2018,Neural computing & applications (Print)
HJMghjA9YX,arxiv_batch,1,Model Comparison for Semantic Grouping,1.000,2019,International Conference on Machine Learning
HJMHpjC9Ym,arxiv_batch,101,Big-Little Net: An Efficient Multi-Scale Feature Representation for Visual and Speech Recognition,1.000,2018,International Conference on Learning Representations
HJMCcjAcYX,arxiv_batch,30,Learning Representations of Sets through Optimized Permutations,1.000,2018,International Conference on Learning Representations
HJMC_iA5tm,arxiv_batch,517,Learning a SAT Solver from Single-Bit Supervision,1.000,2018,International Conference on Learning Representations
HJGven05Y7,arxiv_batch,887,How to train your MAML,1.000,2018,International Conference on Learning Representations
HJGkisCcKm,arxiv_batch,115,A Universal Music Translation Network,1.000,2018,International Conference on Learning Representations
HJGciiR5Y7,arxiv_batch,20,Latent Convolutional Models,1.000,2018,International Conference on Learning Representations
HJG7m2AcF7,arxiv_batch,27,Context Mover's Distance & Barycenters: Optimal transport of contexts for building representations,1.000,2018,DGS@ICLR
HJG0ojCcFm,arxiv_batch,,,,,
H1ziPjC5Fm,arxiv_batch,70,Visual Explanation by Interpretation: Improving Visual Feedback Capabilities of Deep Neural Networks,1.000,2017,International Conference on Learning Representations
H1zeHnA9KX,arxiv_batch,27,Representing Formal Languages: A Comparison Between Finite Automata and Recurrent Neural Networks,1.000,2019,International Conference on Learning Representations
H1xwNhCcYm,arxiv_batch,881,Do Deep Generative Models Know What They Don't Know?,1.000,2018,International Conference on Learning Representations
H1xsSjC9Ym,arxiv_batch,167,Learning to Understand Goal Specifications by Modelling Reward,1.000,2018,International Conference on Learning Representations
H1xk8jAqKQ,arxiv_batch,52,Backplay: "Man muss immer umkehren",1.000,2018,arXiv.org
H1xipsA5K7,arxiv_batch,62,Learning Two-layer Neural Networks with Symmetric Inputs,1.000,2018,International Conference on Learning Representations
H1xQVn09FX,arxiv_batch,,,,,
H1xQSjCqFQ,arxiv_batch,27,Excitation Dropout: Encouraging Plasticity in Deep Neural Networks,1.000,2018,International Journal of Computer Vision
H1xEwsR9FX,arxiv_batch,121,Convolutional CRFs for Semantic Segmentation,1.000,2018,British Machine Vision Conference
H1xEtoRqtQ,arxiv_batch,2,Scaling shared model governance via model splitting,1.000,2018,arXiv.org
H1x-x309tm,arxiv_batch,381,On the Convergence of A Class of Adam-Type Algorithms for Non-Convex Optimization,0.994,2018,International Conference on Learning Representations
H1ltQ3R9KQ,arxiv_batch,138,Causal Reasoning from Meta-reinforcement Learning,1.000,2019,arXiv.org
H1lnJ2Rqt7,arxiv_batch,48,Large batch size training of neural networks with adversarial training and second-order information,1.000,2018,arXiv.org
H1ldNoC9tX,arxiv_batch,97,Classification from Positive; Unlabeled and Biased Negative Data,1.000,2018,International Conference on Machine Learning
H1lGHsA9KX,arxiv_batch,1,A Resizable Mini-batch Gradient Descent based on a Randomized Weighted Majority,0.800,2017,Computer Vision and Pattern Recognition
H1lC8o0cKX,arxiv_batch,3,Unsupervised Emergence of Spatial Structure from Sensorimotor Prediction,1.000,2018,arXiv.org
H1gsz30cKX,arxiv_batch,404,Fixup Initialization: Residual Learning Without Normalization,1.000,2019,International Conference on Learning Representations
H1gTEj09FX,arxiv_batch,47,RotDCF: Decomposition of Convolutional Filters for Rotation-Equivariant Deep Networks,1.000,2018,International Conference on Learning Representations
H1gR5iR5FX,arxiv_batch,523,Analysing Mathematical Reasoning Abilities of Neural Models,1.000,2019,International Conference on Learning Representations
H1gL-2A9Ym,arxiv_batch,2105,Predict then Propagate: Graph Neural Networks meet Personalized PageRank,1.000,2018,International Conference on Learning Representations
H1gKYo09tX,arxiv_batch,,,,,
H1gFuiA9KX,arxiv_batch,51,Skip-gram word embeddings in hyperbolic space,1.000,2018,arXiv.org
H1g6osRcFQ,arxiv_batch,87,Policy Transfer with Strategy Optimization,1.000,2018,International Conference on Learning Representations
H1g4k309F7,arxiv_batch,27,Wasserstein Barycenter Model Ensembling,1.000,2019,International Conference on Learning Representations
H1fU8iAqKX,arxiv_batch,60,A rotation-equivariant convolutional neural network model of primary visual cortex,1.000,2018,International Conference on Learning Representations
H1ewdiR5tQ,arxiv_batch,396,Graph Wavelet Neural Network,1.000,2019,International Conference on Learning Representations
H1ersoRqtm,arxiv_batch,230,Structured Neural Summarization,1.000,2018,International Conference on Learning Representations
H1eqjiCctX,arxiv_batch,11,Understanding Composition of Word Embeddings via Tensor Decomposition,1.000,2019,International Conference on Learning Representations
H1edIiA9KQ,arxiv_batch,107,Generating Multiple Objects at Spatially Distinct Locations,1.000,2019,International Conference on Learning Representations
H1ecDoR5Y7,arxiv_batch,1,Local Stability and Performance of Simple Gradient Penalty mu-Wasserstein GAN,1.000,2018,arXiv.org
H1ebTsActm,arxiv_batch,299,Adaptivity of deep ReLU network for learning in Besov and mixed smooth Besov spaces: optimal rate and curse of dimensionality,1.000,2018,International Conference on Learning Representations
H1eSS3CcKX,arxiv_batch,,,,,
H1e8wsCqYX,arxiv_batch,18,Laplacian networks: bounding indicator function smoothness for neural networks robustness,1.000,2018,APSIPA Transactions on Signal and Information Processing
H1e572A5tQ,arxiv_batch,531,TarMAC: Targeted Multi-Agent Communication,1.000,2018,International Conference on Machine Learning
H1V4QhAqYQ,arxiv_batch,79,Augment your batch: better training with larger batches,1.000,2019,arXiv.org
H1MgjoR9tQ,arxiv_batch,15,CBOW Is Not All You Need: Combining CBOW with the Compositional Matrix Space Model,1.000,2019,International Conference on Learning Representations
H1MW72AcK7,arxiv_batch,222,Optimal Control Via Neural Networks: A Convex Approach,1.000,2018,International Conference on Learning Representations
H1MBuiAqtX,arxiv_batch,48,Unicorn: Continual Learning with a Universal; Off-policy Agent,1.000,2018,arXiv.org
H1M7soActX,arxiv_batch,43,The Anisotropic Noise in Stochastic Gradient Descent: Its Behavior of Escaping from Minima and Regularization Effects,1.000,2018,
H1ERcs09KQ,arxiv_batch,19,Hierarchically Clustered Representation Learning,1.000,2019,AAAI Conference on Artificial Intelligence
Byxpfh0cFm,arxiv_batch,23,Efficient Augmentation via Data Subsampling,1.000,2018,International Conference on Learning Representations
ByxmXnA9FQ,arxiv_batch,9,Enhancing the Robustness of Prior Network in Out-of-Distribution Detection,0.599,2018,arXiv.org
ByxkijC5FQ,arxiv_batch,147,Neural Persistence: A Complexity Measure for Deep Neural Networks Using Algebraic Topology,1.000,2018,International Conference on Learning Representations
ByxPYjC5KQ,arxiv_batch,,,,,
ByxHb3R5tX,arxiv_batch,30,Universal Successor Features for Transfer Reinforcement Learning,1.000,2018,arXiv.org
ByxGSsR9FQ,arxiv_batch,75,L2-Nonexpansive Neural Networks,1.000,2018,International Conference on Learning Representations
ByxBFsRqYm,arxiv_batch,1650,Attention; Learn to Solve Routing Problems!,1.000,2018,International Conference on Learning Representations
ByxAcjCqt7,arxiv_batch,231,Point Cloud GAN,1.000,2018,DGS@ICLR
Byx83s09Km,arxiv_batch,82,Information-Directed Exploration for Deep Reinforcement Learning,1.000,2018,International Conference on Learning Representations
ByloJ20qtm,arxiv_batch,,,,,
Bylnx209YX,arxiv_batch,659,Adversarial Attacks on Graph Neural Networks via Meta Learning,1.000,2019,International Conference on Learning Representations
Bylmkh05KX,arxiv_batch,42,Unsupervised Speech Recognition via Segmental Empirical Output Distribution Matching,1.000,2018,International Conference on Learning Representations
ByldlhAqYQ,arxiv_batch,19,Transfer Learning for Sequences via Learning to Collocate,1.000,2019,International Conference on Learning Representations
BylQV305YQ,arxiv_batch,95,Toward Understanding the Impact of Staleness in Distributed Machine Learning,1.000,2018,International Conference on Learning Representations
BylIciRcYQ,arxiv_batch,90,SGD Converges to Global Minimum in Deep Learning via Star-convex Path,1.000,2019,International Conference on Learning Representations
BylE1205Fm,arxiv_batch,48,Emerging Disentanglement in Auto-Encoder Based Unsupervised Image Content Transfer,1.000,2018,International Conference on Learning Representations
BylBr3C9K7,arxiv_batch,41,Energy-Constrained Compression for Deep Neural Networks via Weighted Sparse Projection and Layer Input Masking,1.000,2018,International Conference on Learning Representations
ByghKiC5YX,arxiv_batch,122,Greedy Attack and Gumbel Attack: Generating Adversarial Examples for Discrete Data,1.000,2018,Journal of machine learning research
BygNqoR9tm,arxiv_batch,0,Sinkhorn AutoEncoders,1.000,2018,arXiv.org
BygMAiRqK7,arxiv_batch,22,Entropic GANs meet VAEs: A Statistical Approach to Compute Sample Likelihoods in GANs,1.000,2018,International Conference on Machine Learning
BygANhA9tQ,arxiv_batch,26,Cost-Sensitive Robustness against Adversarial Examples,1.000,2018,International Conference on Learning Representations
Byg0DsCqYQ,arxiv_batch,35,Robust Conditional Generative Adversarial Networks,1.000,2018,International Conference on Learning Representations
ByfyHh05tQ,arxiv_batch,94,Learning to Design RNA,1.000,2018,International Conference on Learning Representations
ByftGnR9KX,arxiv_batch,102,FlowQA: Grasping Flow in History for Conversational Machine Comprehension,1.000,2018,International Conference on Learning Representations
Byey7n05FQ,arxiv_batch,268,Plan Online; Learn Offline: Efficient Learning and Exploration via Model-Based Control,1.000,2018,International Conference on Learning Representations
ByecAoAqK7,arxiv_batch,24,Zero-Shot Dual Machine Translation,1.000,2018,arXiv.org
ByeSdsC9Km,arxiv_batch,83,Adaptive Posterior Learning: few-shot learning with a surprise-based memory module,1.000,2019,International Conference on Learning Representations
ByeMB3Act7,arxiv_batch,24,Learning to Screen for Fast Softmax Inference on Large Vocabulary Neural Networks,0.994,2018,International Conference on Learning Representations
Bye9LiR9YX,arxiv_batch,108,Remember and Forget for Experience Replay,1.000,2018,International Conference on Machine Learning
Bye5SiAqKX,arxiv_batch,20,Preconditioner on Matrix Lie Group for SGD,1.000,2018,International Conference on Learning Representations
ByN7Yo05YX,arxiv_batch,181,Adaptive Neural Trees,1.000,2018,International Conference on Machine Learning
ByMVTsR5KQ,arxiv_batch,710,Adversarial Audio Synthesis,1.000,2018,International Conference on Learning Representations
ByME42AqK7,arxiv_batch,544,Efficient Multi-Objective Neural Architecture Search via Lamarckian Evolution,1.000,2018,International Conference on Learning Representations
ByGuynAct7,arxiv_batch,38,The Deep Weight Prior,1.000,2018,International Conference on Learning Representations
By41BjA9YQ,arxiv_batch,3,Laplacian Smoothing Gradient Descent,1.000,2018,
By40DoAqtX,arxiv_batch,1,Learning Discriminators as Energy Networks in Adversarial Learning,1.000,2018,arXiv.org
Bkxbrn0cYX,arxiv_batch,120,Selfless Sequential Learning,1.000,2018,International Conference on Learning Representations
BkxSHsC5FQ,arxiv_batch,31,SupportNet: solving catastrophic forgetting in class incremental learning with support data,1.000,2018,arXiv.org
BklpOo09tQ,arxiv_batch,13,Efficient Two-Step Adversarial Defense for Deep Neural Networks,1.000,2018,arXiv.org
BkloRs0qK7,arxiv_batch,96,A comprehensive; application-oriented study of catastrophic forgetting in DNNs,1.000,2019,International Conference on Learning Representations
Bklfsi0cKm,arxiv_batch,286,Deep Convolutional Networks as shallow Gaussian Processes,1.000,2018,International Conference on Learning Representations
BklUAoAcY7,arxiv_batch,8,Unsupervised Learning of Sentence Representations Using Sequence Consistency,0.993,2018,arXiv.org
BklMjsRqY7,arxiv_batch,34,Accumulation Bit-Width Scaling For Ultra-Low Precision Training Of Deep Networks,1.000,2019,International Conference on Learning Representations
BklHpjCqKm,arxiv_batch,,,,,
BklCusRct7,arxiv_batch,,,,,
Bkl2SjCcKQ,arxiv_batch,12,TequilaGAN: How to easily identify GAN samples,1.000,2018,arXiv.org
Bkl-43C9FQ,arxiv_batch,204,Spherical CNNs on Unstructured Grids,1.000,2019,International Conference on Learning Representations
BkgzniCqY7,arxiv_batch,171,Structured Adversarial Attack: Towards General Implementation and Better Interpretability,0.994,2018,International Conference on Learning Representations
BkgtDsCcKQ,arxiv_batch,71,Function Space Particle Optimization for Bayesian Neural Networks,1.000,2019,International Conference on Learning Representations
BkgosiRcKm,arxiv_batch,6,Deep recurrent Gaussian process with variational Sparse Spectrum approximation,1.000,2017,arXiv.org
BkgWHnR5tm,arxiv_batch,,,,,
BkgVx3A9Km,arxiv_batch,16,A more globally accurate dimensionality reduction method using triplets,1.000,2018,arXiv.org
BkgBvsC9FQ,arxiv_batch,134,DialogWAE: Multimodal Response Generation with Conditional Wasserstein Auto-Encoder,1.000,2018,International Conference on Learning Representations
Bkg8jjC9KQ,arxiv_batch,342,Optimistic mirror descent in saddle-point problems: Going the extra (gradient) mile,1.000,2018,International Conference on Learning Representations
Bkg6RiCqY7,arxiv_batch,2707,Fixing Weight Decay Regularization in Adam,0.709,2017,arXiv.org
Bkg3g2R9FX,arxiv_batch,692,Adaptive Gradient Methods with Dynamic Bound of Learning Rate,1.000,2019,International Conference on Learning Representations
Bkg2viA5FQ,arxiv_batch,76,Hindsight policy gradients,1.000,2017,International Conference on Learning Representations
BkfbpsAcF7,arxiv_batch,174,Excessive Invariance Causes Adversarial Vulnerability,1.000,2018,International Conference on Learning Representations
BkewX2C9tX,arxiv_batch,,,,,
Bkeuz20cYm,arxiv_batch,54,Double Neural Counterfactual Regret Minimization,1.000,2018,International Conference on Learning Representations
BkedwoC5t7,arxiv_batch,338,Formal Limitations on the Measurement of Mutual Information,1.000,2018,International Conference on Artificial Intelligence and Statistics
BkeUasA5YQ,arxiv_batch,13,LIT: Block-wise Intermediate Representation Training for Model Compression,1.000,2018,arXiv.org
BkeU5j0ctQ,arxiv_batch,194,CEM-RL: Combining evolutionary and gradient-based methods for policy search,1.000,2018,International Conference on Learning Representations
BkeK-nRcFX,arxiv_batch,14,The Nonlinearity Coefficient - Predicting Generalization in Deep Neural Networks,1.000,2018,
BkeDEoCctQ,arxiv_batch,42,Deep Curiosity Search: Intra-Life Exploration Improves Performance on Challenging Deep Reinforcement Learning Problems,0.979,2018,arXiv.org
Bke96sC5tm,arxiv_batch,42,SOLAR: Deep Structured Latent Representations for Model-Based Reinforcement Learning,0.955,2018,arXiv.org
Bke4KsA5FX,arxiv_batch,,,,,
BkMXkhA5Fm,arxiv_batch,3,Learning State Representations in Complex Systems with Multimodal Data,1.000,2018,arXiv.org
BkMWx309FX,arxiv_batch,162,Reinforcement Learning with Perturbed Rewards,1.000,2018,AAAI Conference on Artificial Intelligence
BkG8sjR5Km,arxiv_batch,161,Emergent Coordination Through Competition,1.000,2019,International Conference on Learning Representations
BkG5SjR5YQ,arxiv_batch,21,Post Selection Inference with Incomplete Maximum Mean Discrepancy Estimator,1.000,2018,International Conference on Learning Representations
BJxvEh0cFQ,arxiv_batch,75,K For The Price Of 1: Parameter Efficient Multi-task And Transfer Learning,0.993,2018,International Conference on Learning Representations
BJxssoA5KX,arxiv_batch,21,Bounce and Learn: Modeling Scene Dynamics with Real-World Bounces,1.000,2019,International Conference on Learning Representations
BJxhijAcY7,arxiv_batch,50,signSGD with Majority Vote is Communication Efficient And Byzantine Fault Tolerant,0.935,2018,arXiv.org
BJxh2j0qYm,arxiv_batch,348,Dynamic Channel Pruning: Feature Boosting and Suppression,1.000,2018,International Conference on Learning Representations
BJxOHs0cKm,arxiv_batch,50,Identifying Generalization Properties in Neural Networks,1.000,2018,arXiv.org
BJxLH2AcYX,arxiv_batch,193,Unsupervised Multi-Target Domain Adaptation: An Information Theoretic Approach,1.000,2018,IEEE Transactions on Image Processing
BJx1SsAcYQ,arxiv_batch,100,Discovering Low-Precision Networks Close to Full-Precision Networks for Efficient Embedded Inference,1.000,2018,arXiv.org
BJx0sjC5FX,arxiv_batch,61,RNNs Implicitly Implement Tensor Product Representations,0.991,2018,International Conference on Learning Representations
BJluy2RcFm,arxiv_batch,,,,,
BJlgNh0qKQ,arxiv_batch,57,Differentiable Perturb-and-Parse: Semi-Supervised Parsing with a Structured Variational Autoencoder,1.000,2018,International Conference on Learning Representations
BJlXUsR5KQ,arxiv_batch,2,Learning Neuron Non-Linearities with Kernel-Based Deep Neural Networks,1.000,2018,arXiv.org
BJl6AjC5F7,arxiv_batch,120,Learning to Represent Edits,1.000,2018,International Conference on Learning Representations
BJl4f2A5tQ,arxiv_batch,,,,,
BJgsN3R9Km,arxiv_batch,,,,,
BJgqqsAct7,arxiv_batch,237,Non-vacuous Generalization Bounds at the ImageNet Scale: a PAC-Bayesian Compression Approach,1.000,2018,International Conference on Learning Representations
BJgolhR9Km,arxiv_batch,5,Neural Networks with Structural Resistance to Adversarial Attacks,1.000,2018,arXiv.org
BJgklhAcK7,arxiv_batch,,,,,
BJgYl205tQ,arxiv_batch,17,Quality Evaluation of GANs Using Cross Local Intrinsic Dimensionality,1.000,2018,arXiv.org
BJgLg3R9KQ,arxiv_batch,33,Global-and-local attention networks for visual recognition,0.270,2018,arXiv.org
BJgGhiR5KX,arxiv_batch,127,Learning Cross-Lingual Sentence Representations via a Multi-task Dual-Encoder Model,1.000,2018,arXiv.org
BJg9DoR9t7,arxiv_batch,64,Max-MIG: an Information Theoretic Approach for Joint Learning from Crowds,1.000,2019,International Conference on Learning Representations
BJfguoAcFm,arxiv_batch,7,Learning Kolmogorov Models for Binary Random Variables,1.000,2018,Asilomar Conference on Signals; Systems and Computers
BJf_YjCqYX,arxiv_batch,24,Identifying Bias in AI using Simulation,1.000,2018,arXiv.org
BJfYvo09Y7,arxiv_batch,102,Hierarchical visuomotor control of humanoids,1.000,2018,International Conference on Learning Representations
BJfRpoA9YX,arxiv_batch,23,Adversarial Information Factorization,1.000,2017,
BJfIVjAcKm,arxiv_batch,211,Training for Faster Adversarial Robustness Verification via Inducing ReLU Stability,1.000,2018,International Conference on Learning Representations
BJeWUs05KQ,arxiv_batch,76,Directed-Info GAIL: Learning Hierarchical Policies from Unsegmented Demonstrations using Directed Information,1.000,2018,International Conference on Learning Representations
BJeOioA9Y7,arxiv_batch,66,Knowledge Flow: Improve Upon Your Teachers,1.000,2019,International Conference on Learning Representations
BJe1E2R5KX,arxiv_batch,248,Algorithmic Framework for Model-based Deep Reinforcement Learning with Theoretical Guarantees,1.000,2018,International Conference on Learning Representations
BJe0Gn0cY7,arxiv_batch,191,Preventing Posterior Collapse with delta-VAEs,1.000,2019,
BJGjOi09t7,arxiv_batch,9,A variational autoencoder for probabilistic non-negative matrix factorisation,1.000,2018,Pattern Analysis and Applications
BJGfCjA5FX,arxiv_batch,,,,,
BJGVX3CqYm,arxiv_batch,,,,,
BJG0voC9YQ,arxiv_batch,167,Woulda; Coulda; Shoulda: Counterfactually-Guided Policy Search,1.000,2018,International Conference on Learning Representations
B1xhQhRcK7,arxiv_batch,94,Rigorous Agent Evaluation: An Adversarial Approach to Uncover Catastrophic Failures,1.000,2018,International Conference on Learning Representations
B1xf9jAqFQ,arxiv_batch,41,Neural Speed Reading with Structural-Jump-LSTM,1.000,2019,International Conference on Learning Representations
B1xY-hRctX,arxiv_batch,302,Neural Logic Machines,1.000,2019,International Conference on Learning Representations
B1x-LjAcKX,arxiv_batch,8,Local Critic Training of Deep Neural Networks,1.000,2018,IEEE International Joint Conference on Neural Network
B1lz-3Rct7,arxiv_batch,289,Three Mechanisms of Weight Decay Regularization,1.000,2018,International Conference on Learning Representations
B1lxH20qtX,arxiv_batch,165,Learning to Control Self-Assembling Morphologies: A Study of Generalization via Modularity,1.000,2019,Neural Information Processing Systems
B1l08oAct7,arxiv_batch,16,Fixing Variational Bayes: Deterministic Variational Inference for Bayesian Neural Networks,0.800,2018,arXiv.org
B1gTShAct7,arxiv_batch,,,,,
B1gHjoRqYQ,arxiv_batch,2,An Efficient and Margin-Approaching Zero-Confidence Adversarial Attack,1.000,2018,arXiv.org
B1g30j0qF7,arxiv_batch,331,Bayesian Deep Convolutional Networks with Many Channels are Gaussian Processes,1.000,2018,International Conference on Learning Representations
B1fpDsAqt7,arxiv_batch,14,Visual Reasoning by Progressive Module Networks,1.000,2018,International Conference on Learning Representations
B1fbosCcYm,arxiv_batch,,,,,
B1exrnCcF7,arxiv_batch,84,Disjoint Mapping Network for Cross-modal Matching of Voices and Faces,1.000,2018,International Conference on Learning Representations
B1eXbn05t7,arxiv_batch,,,,,
B1eSg3C9Ym,arxiv_batch,8,Mean-field Analysis of Batch Normalization,1.000,2019,arXiv.org
B1e9csRcFm,arxiv_batch,,,,,
B1e4wo09K7,arxiv_batch,10,Invariant-equivariant representation learning for multi-class data,1.000,2019,International Conference on Machine Learning
B1e0KsRcYQ,arxiv_batch,1,Efficient Codebook and Factorization for Second Order Representation Learning,1.000,2019,International Conference on Information Photonics
B1VWtsA5tQ,arxiv_batch,74,PPO-CMA: Proximal Policy Optimization with Covariance Matrix Adaptation,1.000,2018,International Workshop on Machine Learning for Signal Processing
B1MbDj0ctQ,arxiv_batch,49,Switching Linear Dynamics for Variational Bayes Filtering,1.000,2019,International Conference on Machine Learning
B1MXz20cYQ,arxiv_batch,297,Explaining Image Classifiers by Counterfactual Generation,1.000,2018,International Conference on Learning Representations
B1MIBs05F7,arxiv_batch,127,On the Ineffectiveness of Variance Reduced Optimization for Deep Learning,1.000,2018,Neural Information Processing Systems
B1MB5oRqtQ,arxiv_batch,3,On-Policy Trust Region Policy Optimisation with Replay Buffers,1.000,2019,arXiv.org
B1MAJhR5YX,arxiv_batch,,,,,
B1GSBsRcFX,arxiv_batch,3,Stop memorizing: A data-dependent regularization framework for intrinsic pattern learning,1.000,2018,SIAM Journal on Mathematics of Data Science
B1GAUs0cKQ,arxiv_batch,25,Variance Networks: When Expectation Does Not Meet Your Expectations,1.000,2018,International Conference on Learning Representations
B1G9doA9F7,arxiv_batch,12,Augmented Cyclic Adversarial Learning for Domain Adaptation,0.901,2018,arXiv.org
B1G5ViAqFm,arxiv_batch,,,,,
ryxz8CVYDH,arxiv_batch,21,Learning to Learn by Zeroth-Order Oracle,1.000,2019,International Conference on Learning Representations
ryxnY3NYPS,arxiv_batch,150,Diverse Trajectory Forecasting with Determinantal Point Processes,1.000,2019,International Conference on Learning Representations
ryxnJlSKvr,arxiv_batch,59,SCELMo: Source Code Embeddings from Language Models,1.000,2020,arXiv.org
ryxn8RNtvr,arxiv_batch,,,,,
ryxgJTEYDr,arxiv_batch,55,Reinforcement Learning with Competitive Ensembles of Information-Constrained Primitives,0.994,2019,International Conference on Learning Representations
ryxf9CEKDr,arxiv_batch,97,Efficient Saliency Maps for Explainable AI,1.000,2019,arXiv.org
ryxWIgBFPS,arxiv_batch,379,A Meta-Transfer Objective for Learning to Disentangle Causal Mechanisms,1.000,2019,International Conference on Learning Representations
ryxQuANKPB,arxiv_batch,35,Augmenting Non-Collaborative Dialog Systems with Explicit Semantic and Strategic Dialog History,1.000,2019,International Conference on Learning Representations
ryxOUTVYDH,arxiv_batch,33,Robust Training with Ensemble Consensus,1.000,2019,International Conference on Learning Representations
ryxK0JBtPr,arxiv_batch,,,,,
ryxF80NYwS,arxiv_batch,5,Discrete Neural Processes,0.615,2018,arXiv.org
ryxC6kSYPr,arxiv_batch,39,Infinite-Horizon Differentiable Model Predictive Control,1.000,2020,International Conference on Learning Representations
ryxC-kBYDS,arxiv_batch,12,Gaussian Conditional Random Fields for Classification,1.000,2019,Expert systems with applications
ryx6WgStPB,arxiv_batch,49,Hypermodels for Exploration,1.000,2020,International Conference on Learning Representations
ryx2wp4tvS,arxiv_batch,6,MLModelScope: A Distributed Platform for Model Evaluation and Benchmarking at Scale,0.982,2019,arXiv.org
ryx1wRNFvB,arxiv_batch,17,Improved memory in recurrent neural networks with sequential non-normal dynamics,1.000,2019,International Conference on Learning Representations
rylvYaNYDH,arxiv_batch,37,Finding and Visualizing Weaknesses of Deep Reinforcement Learning Agents,1.000,2019,International Conference on Learning Representations
rylrdxHFDr,arxiv_batch,104,State Alignment-based Imitation Learning,1.000,2019,International Conference on Learning Representations
rylmoxrFDH,arxiv_batch,0,Signal propagation in continuous approximations of binary neural networks,0.861,2019,arXiv.org
rylkma4twr,arxiv_batch,26,Min-Max Optimization without Gradients: Convergence and Applications to Adversarial ML,1.000,2019,arXiv.org
rylfl6VFDH,arxiv_batch,12,Adaptive Network Sparsification with Dependent Variational Beta-Bernoulli Dropout,1.000,2018,
rylXBkrYDS,arxiv_batch,646,A Baseline for Few-Shot Image Classification,1.000,2019,International Conference on Learning Representations
rylVHR4FPB,arxiv_batch,7,Sampling-Free Learning of Bayesian Quantized Neural Networks,1.000,2019,International Conference on Learning Representations
rylMgCNYvS,arxiv_batch,24,On the Linguistic Capacity of Real-Time Counter Automata,1.000,2020,arXiv.org
rylHspEKPr,arxiv_batch,,,,,
rylBK34FDS,arxiv_batch,115,DeepHoyer: Learning Sparser Neural Network with Differentiable Scale-Invariant Sparsity Measures,1.000,2019,International Conference on Learning Representations
ryl3ygHYDB,arxiv_batch,107,Lookahead: a Far-Sighted Alternative of Magnitude-based Pruning,1.000,2020,International Conference on Learning Representations
rygwLgrYPB,arxiv_batch,8,Regularizing activations in neural networks via distribution matching with the Wasserstein metric,1.000,2020,International Conference on Learning Representations
rygfnn4twS,arxiv_batch,,,,,
rygf-kSYwH,arxiv_batch,212,Behaviour Suite for Reinforcement Learning,1.000,2019,International Conference on Learning Representations
rygeHgSFDH,arxiv_batch,137,Disentanglement by Nonlinear ICA with General Incompressible-flow Networks (GIN),1.000,2020,International Conference on Learning Representations
ryga2CNKDH,arxiv_batch,30,Evaluating Lossy Compression Rates of Deep Generative Models,1.000,2020,International Conference on Machine Learning
rygGQyrFvH,arxiv_batch,4354,The Curious Case of Neural Text Degeneration,1.000,2019,International Conference on Learning Representations
rygG7AEtvB,arxiv_batch,7,Finding Mixed Strategy Nash Equilibrium for Continuous Games through Deep Learning,1.000,2019,arXiv.org
rygG4AVFvH,arxiv_batch,91,Chameleon: Adaptive Code Optimization for Expedited Deep Neural Network Compilation,1.000,2020,International Conference on Learning Representations
rygFWAEFwS,arxiv_batch,80,Stochastic Weight Averaging in Parallel: Large-Batch Training that Generalizes Well,1.000,2020,International Conference on Learning Representations
ryg7vA4tPB,arxiv_batch,756,Rigging the Lottery: Making All Tickets Winners,1.000,2019,International Conference on Machine Learning
ryg7jhEtPB,arxiv_batch,2,On the relationship between variational inference and adaptive importance sampling,0.259,2019,arXiv.org
ryg48p4tPH,arxiv_batch,45,Action Semantics Network: Considering the Effects of Actions in Multiagent Systems,1.000,2019,International Conference on Learning Representations
ryenvpEKDr,arxiv_batch,278,A Constructive Prediction of the Generalization Error Across Scales,1.000,2019,International Conference on Learning Representations
ryen_CEFwr,arxiv_batch,35,Unsupervised Disentanglement of Pose; Appearance and Background from Images and Videos,1.000,2020,IEEE Transactions on Pattern Analysis and Machine Intelligence
ryedqa4FwS,arxiv_batch,29,Manas: multi-agent neural architecture search,1.000,2019,Machine-mediated learning
ryebG04YvB,arxiv_batch,130,Adversarially robust transfer learning,1.000,2019,International Conference on Learning Representations
ryeK6nNFDr,arxiv_batch,10,Effective and Robust Detection of Adversarial Examples via Benford-Fourier Coefficients,1.000,2019,Machine Intelligence Research
ryeFY0EFwS,arxiv_batch,63,Coherent Gradients: An Approach to Understanding Generalization in Gradient Descent-based Optimization,1.000,2020,International Conference on Learning Representations
ryeEr0EFvS,arxiv_batch,7,A Hierarchy of Graph Neural Networks Based on Learnable Local Features,1.000,2019,arXiv.org
rye5YaEtPr,arxiv_batch,,,,,
rkxxA24FDr,arxiv_batch,38,Neural Stored-program Memory,1.000,2019,International Conference on Learning Representations
rkxuWaVYDB,arxiv_batch,48,Optimal Attacks on Reinforcement Learning Policies,1.000,2019,arXiv.org
rkxtNaNKwr,arxiv_batch,71,Evolutionary Reinforcement Learning for Sample-Efficient Multiagent Coordination,1.000,2019,International Conference on Machine Learning
rkxs0yHFPH,arxiv_batch,35,SpikeGrad: An ANN-equivalent Computation Model for Implementing Backpropagation with Spikes,1.000,2019,International Conference on Learning Representations
rkxNh1Stvr,arxiv_batch,60,Quantifying Point-Prediction Uncertainty in Neural Networks via Residual Estimation with an I/O Kernel,1.000,2019,International Conference on Learning Representations
rkxDoJBYPB,arxiv_batch,71,Reinforced Genetic Algorithm Learning for Optimizing Computation Graphs,1.000,2019,International Conference on Learning Representations
rkx3-04FwB,arxiv_batch,22,MONET: Debiasing Graph Embeddings via the Metadata-Orthogonal Training Unit,1.000,2019,arXiv.org
rklp93EtwH,arxiv_batch,103,Automated Relational Meta-learning,1.000,2020,International Conference on Learning Representations
rkllGyBFPH,arxiv_batch,130,Beyond Linearization: On Quadratic and Higher-Order Approximation of Wide Neural Networks,1.000,2019,International Conference on Learning Representations
rklklCVYvB,arxiv_batch,496,Time2Vec: Learning a Vector Representation of Time,1.000,2019,arXiv.org
rklk_ySYPB,arxiv_batch,80,Provable robustness against all adversarial lp-perturbations for p≥1,0.971,2019,International Conference on Learning Representations
rklbKA4YDS,arxiv_batch,357,Gradient-Based Neural DAG Learning,1.000,2019,International Conference on Learning Representations
rklTmyBKPH,arxiv_batch,36,Fast Neural Network Adaptation via Parameter Remapping and Architecture Search,1.000,2020,International Conference on Learning Representations
rklFh34Kwr,arxiv_batch,38,Bayesian Inference for Large Scale Image Classification,1.000,2019,arXiv.org
rklEj2EFvB,arxiv_batch,61,Estimating Gradients for Discrete Random Variables by Sampling without Replacement,1.000,2020,International Conference on Learning Representations
rkl8dlHYvB,arxiv_batch,44,Learning to Group: A Bottom-Up Framework for 3D Part Discovery in Unseen Categories,1.000,2020,International Conference on Learning Representations
rkl03ySYDH,arxiv_batch,280,SPACE: Unsupervised Object-Oriented Scene Representation via Spatial Attention and Decomposition,1.000,2020,International Conference on Learning Representations
rkgz2aEKDr,arxiv_batch,2266,On the Variance of the Adaptive Learning Rate and Beyond,1.000,2019,International Conference on Learning Representations
rkgt0REKwS,arxiv_batch,194,Curriculum Loss: Robust Learning and Generalization against Label Corruption,0.993,2019,International Conference on Learning Representations
rkgqN1SYvr,arxiv_batch,139,Provable Benefit of Orthogonal Initialization in Optimizing Deep Linear Networks,1.000,2020,International Conference on Learning Representations
rkgpv2VFvr,arxiv_batch,156,Sharing Knowledge in Multi-Task Deep Reinforcement Learning,1.000,2020,International Conference on Learning Representations
rkgU1gHtvr,arxiv_batch,5,Infinite-horizon Off-Policy Policy Evaluation with Multiple Behavior Policies,1.000,2019,International Conference on Learning Representations
rkgOlCVYvB,arxiv_batch,44,Pure and Spurious Critical Points: a Geometric Study of Linear Networks,1.000,2019,International Conference on Learning Representations
rkgO66VKDS,arxiv_batch,1086,Learned Step Size Quantization,1.000,2019,International Conference on Learning Representations
rkgMkCEtPB,arxiv_batch,754,Rapid Learning or Feature Reuse? Towards Understanding the Effectiveness of MAML,1.000,2019,International Conference on Learning Representations
rkgKW64FPH,arxiv_batch,11,Constant Time Graph Neural Networks,1.000,2019,ACM Transactions on Knowledge Discovery from Data
rkgIW1HKPB,arxiv_batch,93,Unsupervised Representation Learning by Predicting Random Distances,1.000,2019,International Joint Conference on Artificial Intelligence
rkgAGAVKPr,arxiv_batch,701,Meta-Dataset: A Dataset of Datasets for Learning to Learn from Few Examples,1.000,2019,International Conference on Learning Representations
rkg6sJHYDr,arxiv_batch,30,Intrinsically Motivated Discovery of Diverse Patterns in Self-Organizing Systems,1.000,2019,International Conference on Learning Representations
rkg1ngrFPr,arxiv_batch,17,Information Geometry of Orthogonal Initializations and Training,1.000,2018,International Conference on Learning Representations
rkg-mA4FDr,arxiv_batch,326,Pre-training Tasks for Embedding-based Large-scale Retrieval,1.000,2020,International Conference on Learning Representations
rkg-TJBFPB,arxiv_batch,207,RIDE: Rewarding Impact-Driven Exploration for Procedurally-Generated Environments,1.000,2020,International Conference on Learning Representations
rkezdaEtvH,arxiv_batch,123,Hyperbolic Discounting and Learning over Multiple Horizons,1.000,2019,arXiv.org
rkevSgrtPr,arxiv_batch,19,A closer look at the approximation capabilities of neural networks,1.000,2020,International Conference on Learning Representations
rkeuAhVKvB,arxiv_batch,62,Dynamically Pruned Message Passing Networks for Large-Scale Knowledge Graph Reasoning,1.000,2019,International Conference on Learning Representations
rkenmREFDr,arxiv_batch,12,Learning Sublinear-Time Indexing for Nearest Neighbor Search,0.804,2019,arXiv.org
rkecl1rtwB,arxiv_batch,608,PairNorm: Tackling Oversmoothing in GNNs,1.000,2019,International Conference on Learning Representations
rkecJ6VFvr,arxiv_batch,11,Logic and the 2-Simplicial Transformer,1.000,2019,International Conference on Learning Representations
rkeYL1SFvH,arxiv_batch,443,WikiMatrix: Mining 135M Parallel Sentences in 1620 Language Pairs from Wikipedia,1.000,2019,Conference of the European Chapter of the Association for Computational Linguistics
rkeNr6EKwB,arxiv_batch,,,,,
rkeNfp4tPr,arxiv_batch,26,Escaping Saddle Points Faster with Stochastic Momentum,1.000,2020,International Conference on Learning Representations
rkeJRhNYDH,arxiv_batch,696,TabFact: A Large-scale Dataset for Table-based Fact Verification,1.000,2019,International Conference on Learning Representations
rkeIIkHKvS,arxiv_batch,,,,,
rke7geHtwH,arxiv_batch,303,Keep Doing What Worked: Behavioral Modelling Priors for Offline Reinforcement Learning,0.988,2020,International Conference on Learning Representations
rke3TJrtPS,arxiv_batch,322,Projection-Based Constrained Policy Optimization,1.000,2020,International Conference on Learning Representations
rke2P1BFwS,arxiv_batch,359,Tensor Decompositions for temporal knowledge base completion,1.000,2020,International Conference on Learning Representations
rke-f6NKvS,arxiv_batch,14,Learning Self-Correctable Policies and Value Functions from Demonstrations with Negative Sampling,1.000,2019,International Conference on Learning Representations
rJxok1BYPr,arxiv_batch,6,Black Box Recursive Translations for Molecular Optimization,1.000,2019,arXiv.org
rJxe3xSYDS,arxiv_batch,25,Extreme Classification via Adversarial Softmax Approximation,1.000,2020,International Conference on Learning Representations
rJxcBpNKPr,arxiv_batch,13,OvA-INN: Continual Learning with Invertible Neural Networks,1.000,2020,IEEE International Joint Conference on Neural Network
rJxWxxSYvB,arxiv_batch,27,Spike-based causal inference for weight alignment,1.000,2019,International Conference on Learning Representations
rJxGLlBtwH,arxiv_batch,,,,,
rJxBa1HFvS,arxiv_batch,12,Value-driven Hindsight Modelling,1.000,2020,Neural Information Processing Systems
rJxAo2VYwr,arxiv_batch,101,Transferable Perturbations of Deep Feature Distributions,1.000,2020,International Conference on Learning Representations
rJx4p3NYDB,arxiv_batch,15,Lazy-CFR: fast and near-optimal regret minimization for extensive games with imperfect information,1.000,2018,International Conference on Learning Representations
rJx1Na4Fwr,arxiv_batch,202,MACER: Attack-free and Scalable Robust Training via Maximizing Certified Radius,1.000,2020,International Conference on Learning Representations
rJx0Q6EFPB,arxiv_batch,2425,TinyBERT: Distilling BERT for Natural Language Understanding,1.000,2019,Findings
rJlnOhVYPS,arxiv_batch,662,Mutual Mean-Teaching: Pseudo Label Refinery for Unsupervised Domain Adaptation on Person Re-identification,1.000,2020,International Conference on Learning Representations
rJljdh4KDH,arxiv_batch,175,Multi-Scale Representation Learning for Spatial Feature Distributions using Grid Cells,0.994,2020,International Conference on Learning Representations
rJld3hEYvS,arxiv_batch,8,Ranking Policy Gradient,1.000,2019,International Conference on Learning Representations
rJlUt0EYwS,arxiv_batch,41,Learning from Explanations with Neural Execution Tree,1.000,2019,
rJlNKCNtPB,arxiv_batch,52,Adaptive Learned Bloom Filter (Ada-BF): Efficient Utilization of the Classifier,1.000,2019,Neural Information Processing Systems
rJl31TNYPr,arxiv_batch,40,Fooling Detection Alone is Not Enough: First Adversarial Attack against Multiple Object Tracking,0.967,2019,arXiv.org
rJgzzJHtDB,arxiv_batch,89,Triple Wins: Boosting Accuracy; Robustness and Efficiency Together by Enabling Input-Adaptive Inference,1.000,2020,International Conference on Learning Representations
rJgqMRVYvr,arxiv_batch,,,,,
rJgVwTVtvS,arxiv_batch,,,,,
rJgUfTEYvH,arxiv_batch,143,VideoFlow: A Conditional Flow-Based Model for Stochastic Video Generation,1.000,2019,International Conference on Learning Representations
rJgRMkrtDr,arxiv_batch,137,Contrastive Bidirectional Transformer for Temporal Representation Learning,0.500,2019,arXiv.org
rJgQkT4twH,arxiv_batch,5,Analysis of Video Feature Learning in Two-Stream CNNs on the Example of Zebrafish Swim Bout Classification,1.000,2019,International Conference on Learning Representations
rJgD2ySFDr,arxiv_batch,1,Neural Communication Systems with Bandwidth-limited Channel,1.000,2020,arXiv.org
rJg46kHYwH,arxiv_batch,7,Generating Realistic Unrestricted Adversarial Inputs using Dual-Objective GAN Training,0.604,2019,arXiv.org
rJg3zxBYwH,arxiv_batch,270,Learning Likelihoods with Conditional Normalizing Flows,1.000,2019,arXiv.org
rJeqeCEtvH,arxiv_batch,48,Semi-Supervised Generative Modeling for Controllable Speech Synthesis,1.000,2019,International Conference on Learning Representations
rJel41BtDH,arxiv_batch,1098,Pseudo-Labeling and Confirmation Bias in Deep Semi-Supervised Learning,1.000,2019,IEEE International Joint Conference on Neural Network
rJehNT4YPr,arxiv_batch,21,I Am Going MAD: Maximum Discrepancy Competition for Comparing Classifiers Adaptively,1.000,2020,International Conference on Learning Representations
rJecbgHtDH,arxiv_batch,68,A Boolean Task Algebra for Reinforcement Learning,1.000,2020,Neural Information Processing Systems
rJebgkSFDB,arxiv_batch,38,Learning to Learn Kernels with Variational Random Features,1.000,2020,International Conference on Machine Learning
rJeXS04FPH,arxiv_batch,29,DeFINE: Deep Factorized Input Token Embeddings for Neural Sequence Modeling,1.000,2019,International Conference on Learning Representations
rJeW1yHYwH,arxiv_batch,983,Inductive Representation Learning on Temporal Graphs,1.000,2020,International Conference on Learning Representations
rJeU_1SFvr,arxiv_batch,92,LOGAN: Latent Optimisation for Generative Adversarial Networks,0.992,2019,arXiv.org
rJeQoCNYDS,arxiv_batch,40,Single Episode Policy Transfer in Reinforcement Learning,1.000,2019,International Conference on Learning Representations
rJeINp4KwH,arxiv_batch,41,Population-Guided Parallel Policy Search for Reinforcement Learning,1.000,2020,International Conference on Learning Representations
rJe4_xSFDB,arxiv_batch,157,Lipschitz constant estimation of Neural Networks via sparse polynomial optimization,1.000,2020,International Conference on Learning Representations
r1xZAkrFPr,arxiv_batch,768,Deep Ensembles: A Loss Landscape Perspective,1.000,2019,arXiv.org
r1xGP6VYwH,arxiv_batch,50,Optimistic Exploration even with a Pessimistic Initialisation,1.000,2020,International Conference on Learning Representations
r1xCMyBtPS,arxiv_batch,211,Multilingual Alignment of Contextual Word Representations,1.000,2020,International Conference on Learning Representations
r1x0lxrFPS,arxiv_batch,53,BinaryDuo: Reducing Gradient Mismatch in Binary Activation Network by Coupling Binary Activations,1.000,2020,International Conference on Learning Representations
r1ltgp4FwS,arxiv_batch,70,Temporally Coherent GANs for Video Super-Resolution (TecoGAN),0.533,2018,arXiv.org
r1lnxTEYPS,arxiv_batch,85,Detecting Out-of-Distribution Inputs to Deep Generative Models Using a Test for Typicality,0.933,2019,arXiv.org
r1lfF2NYvH,arxiv_batch,,,,,
r1laNeBYPB,arxiv_batch,102,Memory-Based Graph Networks,1.000,2020,International Conference on Learning Representations
r1lZgyBYwS,arxiv_batch,61,HiLLoC: Lossless Image Compression with Hierarchical Latent Variable Models,1.000,2019,International Conference on Learning Representations
r1lUl6NFDH,arxiv_batch,29,Mirror Descent View for Neural Network Quantization,1.000,2019,International Conference on Artificial Intelligence and Statistics
r1lPleBFvH,arxiv_batch,65,Understanding the Limitations of Conditional Generative Models,1.000,2019,International Conference on Learning Representations
r1lOgyrKDS,arxiv_batch,4,Adaptive Correlated Monte Carlo for Contextual Categorical Sequence Generation,1.000,2019,International Conference on Learning Representations
r1lL4a4tDB,arxiv_batch,81,Variational Recurrent Models for Solving Partially Observable Control Tasks,1.000,2019,International Conference on Learning Representations
r1lIKlSYvH,arxiv_batch,91,The Usual Suspects? Reassessing Blame for VAE Posterior Collapse,1.000,2019,International Conference on Machine Learning
r1lF_CEYwS,arxiv_batch,16,On the Need for Topology-Aware Generative Models for Manifold-Based Defenses,1.000,2019,International Conference on Learning Representations
r1l1myStwr,arxiv_batch,84,Continuous Meta-Learning without Tasks,1.000,2019,Neural Information Processing Systems
r1l-VeSKwS,arxiv_batch,204,SemanticAdv: Generating Adversarial Examples via Attribute-conditional Image Editing,1.000,2019,European Conference on Computer Vision
r1gzoaNtvr,arxiv_batch,52,Emergence of Compositional Language with Deep Generational Transmission,1.000,2019,arXiv.org
r1gixp4FPH,arxiv_batch,19,MaSS: an Accelerated Stochastic Method for Over-parametrized Learning,0.703,2018,arXiv.org
r1geR1BKPr,arxiv_batch,21,Multi-Stage Influence Function,1.000,2020,Neural Information Processing Systems
r1gdj2EKPB,arxiv_batch,210,Scalable and Order-robust Continual Learning with Additive Parameter Decomposition,1.000,2019,International Conference on Learning Representations
r1gRTCVFvB,arxiv_batch,1561,Decoupling Representation and Classifier for Long-Tailed Recognition,1.000,2019,International Conference on Learning Representations
r1gPoCEKvH,arxiv_batch,,,,,
r1gIdySFPH,arxiv_batch,312,Skew-Fit: State-Covering Self-Supervised Reinforcement Learning,1.000,2019,International Conference on Machine Learning
r1gIa0NtDH,arxiv_batch,142,MelNet: A Generative Model for Audio in the Frequency Domain,1.000,2019,arXiv.org
r1gBOxSFwr,arxiv_batch,74,Reweighted Proximal Pruning for Large-Scale Language Representation,1.000,2019,arXiv.org
r1g87C4KwB,arxiv_batch,203,The Break-Even Point on Optimization Trajectories of Deep Neural Networks,1.000,2020,International Conference on Learning Representations
r1g6ogrtDr,arxiv_batch,25,Co-Attentive Equivariant Neural Networks: Focusing Equivariance On Transformations Co-Occurring In Data,1.000,2019,International Conference on Learning Representations
r1evOhEKvH,arxiv_batch,32,Graph Inference Learning for Semi-supervised Classification,1.000,2020,International Conference on Learning Representations
r1eiu2VtwH,arxiv_batch,430,Neural Oblivious Decision Ensembles for Deep Learning on Tabular Data,1.000,2019,International Conference on Learning Representations
r1ecqn4YwB,arxiv_batch,1673,N-BEATS: Neural basis expansion analysis for interpretable time series forecasting,1.000,2019,International Conference on Learning Representations
r1eVX0EFvH,arxiv_batch,48,Exploiting Excessive Invariance caused by Norm-Bounded Adversarial Robustness,1.000,2019,arXiv.org
r1eQeCEYwB,arxiv_batch,3,Graph Analysis and Graph Pooling in the Spatial Domain,1.000,2019,arXiv.org
r1e9GCNKvH,arxiv_batch,,,,,
r1e0G04Kvr,arxiv_batch,,,,,
SyxrxR4KPS,arxiv_batch,80,Deep neuroethology of a virtual rodent,1.000,2019,International Conference on Learning Representations
Syxp-1HtvB,arxiv_batch,216,Semantic Hierarchy Emerges in Deep Generative Representations for Scene Synthesis,0.976,2019,International Journal of Computer Vision
SyxV9ANFDH,arxiv_batch,98,Economy Statistical Recurrent Units For Inferring Nonlinear Granger Causality,1.000,2019,International Conference on Learning Representations
SyxS0T4tvS,arxiv_batch,30385,RoBERTa: A Robustly Optimized BERT Pretraining Approach,1.000,2019,arXiv.org
SyxL2TNtvr,arxiv_batch,89,Unsupervised Model Selection for Variational Disentangled Representation Learning,1.000,2019,International Conference on Learning Representations
Syx7A3NFvH,arxiv_batch,144,Multi-agent Reinforcement Learning for Networked System Control,1.000,2020,International Conference on Learning Representations
Syx4wnEtvH,arxiv_batch,1221,Large Batch Optimization for Deep Learning: Training BERT in 76 minutes,1.000,2019,International Conference on Learning Representations
Syx1DkSYwB,arxiv_batch,25,Variance Reduction with Sparse Gradients,1.000,2020,International Conference on Learning Representations
SylzhkBtDB,arxiv_batch,188,Understanding and Improving Information Transfer in Multi-Task Learning,1.000,2020,International Conference on Learning Representations
SylpBgrKPH,arxiv_batch,14,MissDeepCausal: Causal Inference from Incomplete Data Using Deep Latent Variable Models,1.000,2020,arXiv.org
SyljQyBFDH,arxiv_batch,,,,,
Sylgsn4Fvr,arxiv_batch,,,,,
SylVJTNKDr,arxiv_batch,3,Information Minimization In Emergent Languages,0.864,2019,arXiv.org
SylUiREKvB,arxiv_batch,3,Variational Hyper RNN for Sequence Modeling,1.000,2019,arXiv.org
SylR6n4tPS,arxiv_batch,10,Learning to Generate Grounded Image Captions without Localization Supervision,0.955,2019,arXiv.org
SylR-CEKDS,arxiv_batch,11,Modeling question asking using neural program generation,1.000,2019,Annual Meeting of the Cognitive Science Society
SylOlp4FvH,arxiv_batch,141,V-MPO: On-Policy Maximum a Posteriori Policy Optimization for Discrete and Continuous Control,1.000,2019,International Conference on Learning Representations
SylO2yStDr,arxiv_batch,726,Reducing Transformer Depth on Demand with Structured Dropout,1.000,2019,International Conference on Learning Representations
SylGpT4FPS,arxiv_batch,75,Last-iterate convergence rates for min-max optimization,1.000,2019,arXiv.org
Syl5o2EFPB,arxiv_batch,3,Learning Compact Reward for Image Captioning,1.000,2020,arXiv.org
SygpC6Ntvr,arxiv_batch,92,Minimizing FLOPs to Learn Efficient Sparse Representations,1.000,2020,International Conference on Learning Representations
SygfNCEYDH,arxiv_batch,13,Weakly-supervised Knowledge Graph Alignment with Adversarial Learning,1.000,2019,arXiv.org
SygcCnNKwr,arxiv_batch,420,Measuring Compositional Generalization: A Comprehensive Method on Realistic Data,1.000,2019,International Conference on Learning Representations
SygagpEKwB,arxiv_batch,128,Disentangling Factors of Variation Using Few Labels,0.990,2019,arXiv.org
SygXPaEYvH,arxiv_batch,,,,,
SygWvAVFPr,arxiv_batch,134,Neural Module Networks for Reasoning over Text,1.000,2019,International Conference on Learning Representations
SygKyeHKDH,arxiv_batch,97,Making Efficient Use of Demonstrations to Solve Hard Exploration Problems,1.000,2019,International Conference on Learning Representations
Syg6jTNtDH,arxiv_batch,28,Learning Numeral Embedding,1.000,2019,Findings
SyevYxHtDB,arxiv_batch,199,Prediction Poisoning: Towards Defenses Against DNN Model Stealing Attacks,1.000,2019,International Conference on Learning Representations
SyevDaVYwr,arxiv_batch,131,Confidence Scores Make Instance-dependent Label-noise Learning Possible,1.000,2019,International Conference on Machine Learning
Syee1pVtDS,arxiv_batch,83,Distributed Online Optimization With Long-Term Constraints,1.000,2019,IEEE Transactions on Automatic Control
Sye_OgHFwH,arxiv_batch,180,Unrestricted Adversarial Examples via Semantic Manipulation,1.000,2019,International Conference on Learning Representations
SyeD0RVtvS,arxiv_batch,134,DeepSFM: Structure From Motion Via Deep Bundle Adjustment,1.000,2019,European Conference on Computer Vision
Sye57xStvB,arxiv_batch,360,Never Give Up: Learning Directed Exploration Strategies,1.000,2020,International Conference on Learning Representations
Sye0XkBKvS,arxiv_batch,58,SNODE: Spectral Discretization of Neural ODEs for System Identification,1.000,2019,International Conference on Learning Representations
SkxxtgHKPS,arxiv_batch,95,On Generalization Error Bounds of Noisy Gradient Methods for Non-Convex Learning,1.000,2019,International Conference on Learning Representations
Skxw-REFwS,arxiv_batch,41,Unsupervised Progressive Learning and the STAM Architecture,1.000,2019,International Joint Conference on Artificial Intelligence
Skxuk1rFwB,arxiv_batch,393,Towards Stable and Efficient Training of Verifiably Robust Neural Networks,1.000,2019,International Conference on Learning Representations
SkxpxJBKwS,arxiv_batch,767,Emergent Tool Use From Multi-Agent Autocurricula,1.000,2019,International Conference on Learning Representations
Skxd6gSYDS,arxiv_batch,88,Query-efficient Meta Attack to Deep Neural Networks,1.000,2019,International Conference on Learning Representations
SkxcZCNKDS,arxiv_batch,66,If MaxEnt RL is the Answer; What is the Question?,1.000,2019,arXiv.org
SkxaueHFPB,arxiv_batch,35,Implicit competitive regularization in GANs,1.000,2019,International Conference on Machine Learning
SkxW23NtPH,arxiv_batch,44,GDP: Generalized Device Placement for Dataflow Graphs,1.000,2019,arXiv.org
SkxSv6VFvS,arxiv_batch,,,,,
SkxQp1StDH,arxiv_batch,6,Low-dimensional statistical manifold embedding of directed graphs,1.000,2019,International Conference on Learning Representations
SkxLFaNKwB,arxiv_batch,36,Computation Reallocation for Object Detection,1.000,2019,International Conference on Learning Representations
SkxJ8REYPH,arxiv_batch,224,SlowMo: Improving Communication-Efficient Distributed SGD with Slow Momentum,1.000,2019,International Conference on Learning Representations
SkxBUpEKwH,arxiv_batch,42,Vid2Game: Controllable Characters Extracted from Real-World Videos,1.000,2019,International Conference on Learning Representations
Skx82ySYPH,arxiv_batch,41,Neural Outlier Rejection for Self-Supervised Keypoint Learning,1.000,2019,International Conference on Learning Representations
Skltqh4KvB,arxiv_batch,15,Are there any 'object detectors' in the hidden layers of CNNs trained to identify objects or scenes?,1.000,2020,Vision Research
SkloDJSFPH,arxiv_batch,0,Neural Approximation of an Auto-Regressive Process through Confidence Guided Sampling,1.000,2019,arXiv.org
Skln2A4YDB,arxiv_batch,96,Model-Augmented Actor-Critic: Backpropagating through Paths,1.000,2020,International Conference on Learning Representations
SklkDkSFPB,arxiv_batch,48,BlockSwap: Fisher-guided Block Substitution for Network Compression on a Budget,1.000,2019,International Conference on Learning Representations
Sklgs0NFvr,arxiv_batch,660,Learning the Difference that Makes a Difference with Counterfactually-Augmented Data,1.000,2019,International Conference on Learning Representations
Sklf1yrYDr,arxiv_batch,584,BatchEnsemble: An Alternative Approach to Efficient Ensemble and Lifelong Learning,1.000,2020,International Conference on Learning Representations
SklTQCNtvS,arxiv_batch,262,Sign-OPT: A Query-Efficient Hard-label Adversarial Attack,1.000,2019,International Conference on Learning Representations
SklSQgHFDS,arxiv_batch,,,,,
SklOUpEYvB,arxiv_batch,15,Identifying through Flows for Recovering Latent Representations,1.000,2019,International Conference on Learning Representations
SklM1xStPB,arxiv_batch,28,Copy that! Editing Sequences by Copying Spans,1.000,2020,AAAI Conference on Artificial Intelligence
SklKcRNYDH,arxiv_batch,,,,,
SklGryBtwr,arxiv_batch,111,Environmental drivers of systematicity and generalization in a situated agent,1.000,2019,International Conference on Learning Representations
SklD9yrFPS,arxiv_batch,261,Neural Tangents: Fast and Easy Infinite Neural Networks in Python,1.000,2019,International Conference on Learning Representations
Skl8EkSFDr,arxiv_batch,9,Self-Supervised GAN Compression,1.000,2019,arXiv.org
Skl3SkSKDr,arxiv_batch,58,Generating valid Euclidean distance matrices,1.000,2019,arXiv.org
Skgy464Kvr,arxiv_batch,77,Detecting and Diagnosing Adversarial Images with Class-Conditional Capsule Reconstructions,1.000,2019,International Conference on Learning Representations
Skgxcn4YDS,arxiv_batch,254,LAMOL: LAnguage MOdeling for Lifelong Language Learning,1.000,2019,International Conference on Learning Representations
SkgscaNYPS,arxiv_batch,39,The asymptotic spectrum of the Hessian of DNN throughout training,1.000,2019,International Conference on Learning Representations
SkgsACVKPH,arxiv_batch,769,Picking Winning Tickets Before Training by Preserving Gradient Flow,1.000,2020,International Conference on Learning Representations
SkgpBJrtvS,arxiv_batch,1369,Contrastive Representation Distillation,1.000,2019,International Conference on Learning Representations
Skgeip4FPr,arxiv_batch,43,Neural networks are a priori biased towards Boolean functions with low entropy,1.000,2019,arXiv.org
SkgbmyHFDS,arxiv_batch,,,,,
SkgKO0EtvS,arxiv_batch,201,Neural Execution of Graph Algorithms,1.000,2019,International Conference on Learning Representations
SkgGjRVKDS,arxiv_batch,42,Towards Stabilizing Batch Statistics in Backward Propagation of Batch Normalization,1.000,2020,International Conference on Learning Representations
SkgGCkrKvH,arxiv_batch,272,Decentralized Deep Learning with Arbitrary Communication Compression,1.000,2019,International Conference on Learning Representations
SkgC6TNFvr,arxiv_batch,128,Reinforced active learning for image segmentation,1.000,2020,International Conference on Learning Representations
Skg9aAEKwH,arxiv_batch,23,Visual Hide and Seek,1.000,2019,IEEE Symposium on Artificial Life
SkeyppEFvS,arxiv_batch,,,,,
SkexNpNFwS,arxiv_batch,50,Potential Flow Generator With L2 Optimal Transport Regularity for Generative Models,1.000,2019,IEEE Transactions on Neural Networks and Learning Systems
SkeuexBtDr,arxiv_batch,94,Learning from Rules Generalizing Labeled Exemplars,1.000,2020,International Conference on Learning Representations
Skep6TVYDB,arxiv_batch,89,Gradientless Descent: High-Dimensional Zeroth-Order Optimization,1.000,2019,International Conference on Learning Representations
Skeh1krtvH,arxiv_batch,133,WaveFlow: A Compact Flow-based Model for Raw Audio,1.000,2019,International Conference on Machine Learning
SkeYUkStPr,arxiv_batch,10,Deep Lifetime Clustering,1.000,2019,arXiv.org
SkeHuCVFDr,arxiv_batch,9030,BERTScore: Evaluating Text Generation with BERT,1.000,2019,International Conference on Learning Representations
SkeGvaEtPr,arxiv_batch,57,Neural Markov Logic Networks,1.000,2019,Conference on Uncertainty in Artificial Intelligence
SkeFl1HKwr,arxiv_batch,48,Empirical Studies on the Properties of Linear Regions in Deep Neural Networks,1.000,2020,International Conference on Learning Representations
SkeAaJrKDS,arxiv_batch,53,Combining Q-Learning and Search with Amortized Value Estimates,1.000,2019,International Conference on Learning Representations
SJxrKgStDH,arxiv_batch,154,SCALOR: Generative World Models with Scalable Object Representations,1.000,2019,International Conference on Learning Representations
SJxhNTNYwB,arxiv_batch,,,,,
SJxbHkrKDH,arxiv_batch,97,Evolutionary Population Curriculum for Scaling Multi-Agent Reinforcement Learning,1.000,2020,International Conference on Learning Representations
SJxZnR4YvB,arxiv_batch,7,Distributed Bandit Learning: How Much Communication is Needed to Achieve (Near) Optimal Regret,0.554,2019,arXiv.org
SJxSOJStPr,arxiv_batch,242,A Neural Dirichlet Process Mixture Model for Task-Free Continual Learning,1.000,2020,International Conference on Learning Representations
SJxIm0VtwH,arxiv_batch,,,,,
SJxDDpEKvH,arxiv_batch,110,Counterfactuals uncover the modular structure of deep generative models,1.000,2018,International Conference on Learning Representations
SJx9ngStPH,arxiv_batch,157,NAS-Bench-1Shot1: Benchmarking and Dissecting One-shot Neural Architecture Search,1.000,2020,International Conference on Learning Representations
SJx1URNKwH,arxiv_batch,30,MetaPix: Few-Shot Video Retargeting,1.000,2019,International Conference on Learning Representations
SJx0q1rtvS,arxiv_batch,201,Robust Anomaly Detection and Backdoor Attack Detection Via Differential Privacy,1.000,2019,International Conference on Learning Representations
SJlh8CEYDB,arxiv_batch,86,Learn to Explain Efficiently via Neural Logic Inductive Learning,1.000,2019,International Conference on Learning Representations
SJleNCNtDH,arxiv_batch,28,Intrinsic Motivation for Encouraging Synergistic Behavior,1.000,2020,International Conference on Learning Representations
SJldu6EtDS,arxiv_batch,29,Wasserstein Adversarial Regularization for Learning With Label Noise,0.864,2019,IEEE Transactions on Pattern Analysis and Machine Intelligence
SJlbGJrtDB,arxiv_batch,,,,,
SJlVY04FwH,arxiv_batch,38,Convergence of Gradient Methods on Bilinear Zero-Sum Games,1.000,2019,International Conference on Learning Representations
SJlRUkrFPS,arxiv_batch,17,Learning transport cost from subset correspondence,1.000,2019,International Conference on Learning Representations
SJlM0JSFDr,arxiv_batch,767,A Theoretical Analysis of Deep Q-Learning,0.988,2019,Conference on Learning for Dynamics & Control
SJlJSaEFwS,arxiv_batch,16,Robust Cross-lingual Embeddings from Parallel Sentences,1.000,2019,arXiv.org
SJlHwkBYDH,arxiv_batch,791,Nesterov Accelerated Gradient and Scale Invariance for Adversarial Attacks,1.000,2019,International Conference on Learning Representations
SJlDDnVKwS,arxiv_batch,13,Improving Evolutionary Strategies with Generative Neural Networks,1.000,2019,arXiv.org
SJl5Np4tPr,arxiv_batch,477,Cross-Domain Few-Shot Classification via Learned Feature-Wise Transformation,1.000,2020,International Conference on Learning Representations
SJl3CANKvB,arxiv_batch,31,A Simple and Effective Framework for Pairwise Deep Metric Learning,1.000,2019,European Conference on Computer Vision
SJgwzCEKwH,arxiv_batch,,,,,
SJgwNerKvB,arxiv_batch,427,Continual learning with hypernetworks,1.000,2019,International Conference on Learning Representations
SJgdnAVKDH,arxiv_batch,296,Revisiting Self-Training for Neural Sequence Generation,1.000,2019,International Conference on Learning Representations
SJgaRA4FPH,arxiv_batch,210,Generative Models for Effective ML on Private; Decentralized Datasets,1.000,2019,International Conference on Learning Representations
SJgVU0EKwS,arxiv_batch,28,Precision Gating: Improving Neural Network Efficiency with Dynamic Dual-Precision Activations,1.000,2020,International Conference on Learning Representations
SJgVHkrYDH,arxiv_batch,,,,,
SJgNkpVFPr,arxiv_batch,22,VILD: Variational Imitation Learning with Diverse-quality Demonstrations,1.000,2019,International Conference on Machine Learning
SJgIPJBFvH,arxiv_batch,739,Fantastic Generalization Measures and Where to Find Them,1.000,2019,International Conference on Learning Representations
SJgBra4YDS,arxiv_batch,11,Manifold Modeling in Embedded Space: A Perspective for Interpreting "Deep Image Prior",1.000,2019,arXiv.org
SJgBQaVKwH,arxiv_batch,48,Effective Use of Variational Embedding Capacity in Expressive End-to-End Speech Synthesis,1.000,2019,arXiv.org
SJg7spEYDS,arxiv_batch,12,Generative Ratio Matching Networks,1.000,2018,International Conference on Learning Representations
SJg7KhVKPH,arxiv_batch,284,Depth-Adaptive Transformer,1.000,2019,International Conference on Learning Representations
SJg5J6NtDr,arxiv_batch,54,Watch; Try; Learn: Meta-Learning from Demonstrations and Reward,0.992,2019,International Conference on Learning Representations
SJezGp4YPr,arxiv_batch,20,Geometric Insights into the Convergence of Nonlinear TD Learning,1.000,2019,International Conference on Learning Representations
SJexHkSFPS,arxiv_batch,46,Thinking While Moving: Deep Reinforcement Learning with Concurrent Control,1.000,2020,International Conference on Learning Representations
SJetQpEYvB,arxiv_batch,32,Learning Execution through Neural Code Fusion,1.000,2019,International Conference on Learning Representations
SJem8lSFwB,arxiv_batch,232,Dynamic Model Pruning with Feedback,1.000,2020,International Conference on Learning Representations
SJeYe0NtvH,arxiv_batch,724,Neural Text Generation with Unlikelihood Training,1.000,2019,International Conference on Learning Representations
SJeX2aVFwH,arxiv_batch,10,Project and Forget: Solving Large-Scale Metric Constrained Problems,0.992,2020,Journal of machine learning research
SJeQEp4YDH,arxiv_batch,47,GAT: Generative Adversarial Training for Adversarial Example Detection and Robust Classification,1.000,2019,International Conference on Learning Representations
SJeNz04tDS,arxiv_batch,181,Overlearning Reveals Sensitive Attributes,1.000,2019,International Conference on Learning Representations
SJeLopEYDH,arxiv_batch,83,V4D: 4D Convolutional Neural Networks for Video-level Representation Learning,1.000,2020,International Conference on Learning Representations
SJeHwJSYvH,arxiv_batch,339,Learning De-biased Representations with Biased Representations,1.000,2019,International Conference on Machine Learning
S1xtORNFwH,arxiv_batch,20,FSNet: Compression of Deep Convolutional Neural Networks by Filter Summary,1.000,2019,International Conference on Learning Representations
S1xitgHtvS,arxiv_batch,56,Making Sense of Reinforcement Learning and Probabilistic Inference,1.000,2020,International Conference on Learning Representations
S1xLuRVFvr,arxiv_batch,42,Visual Explanation for Deep Metric Learning,1.000,2019,IEEE Transactions on Image Processing
S1xKd24twB,arxiv_batch,55,SQIL: Imitation Learning via Regularized Behavioral Cloning,0.609,2019,arXiv.org
S1xI_TEtwS,arxiv_batch,18,Amata: An Annealing Mechanism for Adversarial Training Acceleration,1.000,2019,AAAI Conference on Artificial Intelligence
S1xFl64tDr,arxiv_batch,33,Interpretable Complex-Valued Neural Networks for Privacy Protection,1.000,2019,International Conference on Learning Representations
S1xCPJHtDB,arxiv_batch,994,Model-Based Reinforcement Learning for Atari,0.989,2019,International Conference on Learning Representations
S1x2PCNKDB,arxiv_batch,65,Task-Relevant Adversarial Imitation Learning,1.000,2019,Conference on Robot Learning
S1x1IkHtPr,arxiv_batch,128,A Generative Model for Molecular Distance Geometry,1.000,2019,International Conference on Machine Learning
S1lyyANYwr,arxiv_batch,60,Constrained Markov Decision Processes via Backward Value Functions,1.000,2020,International Conference on Machine Learning
S1ly10EKDS,arxiv_batch,46,Reanalysis of Variance Reduced Temporal Difference Learning,1.000,2020,International Conference on Learning Representations
S1lxKlSKPH,arxiv_batch,308,Consistency Regularization for Generative Adversarial Networks,1.000,2019,International Conference on Learning Representations
S1lvn0NtwH,arxiv_batch,14,Mutual exclusivity as a challenge for neural networks,0.955,2019,arXiv.org
S1ltg1rFDS,arxiv_batch,33,Black-box Off-policy Estimation for Infinite-Horizon Reinforcement Learning,1.000,2020,International Conference on Learning Representations
S1l_ZlrFvS,arxiv_batch,20,Why do These Match? Explaining the Behavior of Image Similarity Models,1.000,2019,European Conference on Computer Vision
S1lSapVtwS,arxiv_batch,19,Stochastic Conditional Generative Networks with Basis Decomposition,1.000,2019,International Conference on Learning Representations
S1lJv0VYDr,arxiv_batch,17,Model Imitation for Model-Based Reinforcement Learning,1.000,2019,arXiv.org
S1lF8xHYwS,arxiv_batch,253,Unsupervised Domain Adaptation through Self-Supervision,1.000,2019,arXiv.org
S1lEX04tPr,arxiv_batch,87,CM3: Cooperative Multi-goal Multi-stage Multi-agent Reinforcement Learning,1.000,2018,International Conference on Learning Representations
S1lBTerYwH,arxiv_batch,8,Generalized Zero-shot ICD Coding,1.000,2019,arXiv.org
S1l6ITVKPS,arxiv_batch,73,An Explicitly Relational Neural Network Architecture,1.000,2019,International Conference on Machine Learning
S1l66nNFvB,arxiv_batch,,,,,
S1gnxaVFDB,arxiv_batch,25,EDUCE: Explaining model Decisions through Unsupervised Concepts Extraction,0.993,2019,arXiv.org
S1gmrxHFvB,arxiv_batch,1612,AugMix: A Simple Data Processing Method to Improve Robustness and Uncertainty,1.000,2019,International Conference on Learning Representations
S1gfu3EtDr,arxiv_batch,34,EgoMap: Projective mapping and structured egocentric memory for Deep RL,1.000,2020,ECML/PKDD
S1g_S0VYvr,arxiv_batch,64,Learning to Combat Compounding-Error in Model-Based Reinforcement Learning,1.000,2019,arXiv.org
S1gTAp4FDB,arxiv_batch,13,Neural-Guided Symbolic Regression with Semantic Prior,0.804,2019,arXiv.org
S1gLBgBtDH,arxiv_batch,13,SLM Lab: A Comprehensive Benchmark and Modular Software Framework for Reproducible Deep Reinforcement Learning,1.000,2019,arXiv.org
S1gFvANKDS,arxiv_batch,127,Asymptotics of Wide Networks from Feynman Diagrams,1.000,2019,International Conference on Learning Representations
S1g8K1BFwS,arxiv_batch,,,,,
S1g7tpEYDS,arxiv_batch,300,From Variational to Deterministic Autoencoders,1.000,2019,International Conference on Learning Representations
S1exA2NtDB,arxiv_batch,128,ES-MAML: Simple Hessian-Free Meta Learning,1.000,2019,International Conference on Learning Representations
S1evHerYPr,arxiv_batch,132,Improving Generalization in Meta Reinforcement Learning using Learned Objectives,1.000,2019,International Conference on Learning Representations
S1esMkHYPr,arxiv_batch,553,GraphAF: a Flow-based Autoregressive Model for Molecular Graph Generation,1.000,2020,International Conference on Learning Representations
S1erpeBFPB,arxiv_batch,37,How to 0wn NAS in Your Spare Time,0.943,2020,arXiv.org
S1eqj1SKvr,arxiv_batch,27,Towards Feature Space Adversarial Attack,1.000,2020,arXiv.org
S1ecYANtPr,arxiv_batch,2,Representation Learning Through Latent Canonicalizations,1.000,2019,IEEE Workshop/Winter Conference on Applications of Computer Vision
S1eYKlrYvr,arxiv_batch,67,Diagnosing the Environment Bias in Vision-and-Language Navigation,1.000,2020,International Joint Conference on Artificial Intelligence
S1eRbANtDB,arxiv_batch,27,Learning to Link,1.000,2019,International Conference on Learning Representations
S1e4jkSKvB,arxiv_batch,60,The intriguing role of module criticality in the generalization of deep networks,1.000,2019,International Conference on Learning Representations
S1e4Q6EtDH,arxiv_batch,76,Tensorized Embedding Layers for Efficient Model Compression,1.000,2019,arXiv.org
S1e2agrFvS,arxiv_batch,1490,Geom-GCN: Geometric Graph Convolutional Networks,1.000,2020,International Conference on Learning Representations
S1e0ZlHYDB,arxiv_batch,11,Progressive Compressed Records: Taking a Byte out of Deep Learning Data,1.000,2019,Proceedings of the VLDB Endowment
HyxoX6EKvB,arxiv_batch,3,Reflection-based Word Attribute Transfer,1.000,2020,Annual Meeting of the Association for Computational Linguistics
HyxnMyBKwB,arxiv_batch,0,The Gambler's Problem and Beyond,1.000,2019,International Conference on Learning Representations
HyxjOyrKvr,arxiv_batch,13,Neural Epitome Search for Architecture-Agnostic Network Compression,1.000,2019,International Conference on Learning Representations
HyxjNyrtPr,arxiv_batch,30,RGBD-GAN: Unsupervised 3D Representation Learning From Natural Image Datasets via RGBD Image Synthesis,1.000,2019,International Conference on Learning Representations
HyxLRTVKPH,arxiv_batch,61,Budgeted Training: Rethinking Deep Neural Network Training Under Resource Constraints,1.000,2019,International Conference on Learning Representations
HyxJhCEFDS,arxiv_batch,65,Intriguing properties of adversarial training,0.909,2019,International Conference on Learning Representations
Hyx0slrFvH,arxiv_batch,41,Differentiable Quantization of Deep Neural Networks,0.255,2019,arXiv.org
Hyx-jyBFPr,arxiv_batch,883,Self-labelling via simultaneous clustering and representation learning,1.000,2019,International Conference on Learning Representations
HylxE1HKwS,arxiv_batch,1582,Once for All: Train One Network and Specialize it for Efficient Deployment,0.986,2019,International Conference on Learning Representations
HylAoJSKvH,arxiv_batch,22,A Stochastic Derivative Free Optimization Method with Momentum,1.000,2019,International Conference on Learning Representations
Hyl9xxHYPr,arxiv_batch,65,Demystifying Inter-Class Disentanglement,1.000,2019,International Conference on Learning Representations
Hyl9ahVFwH,arxiv_batch,18,Learning Similarity Metrics for Numerical Simulations,1.000,2020,International Conference on Machine Learning
Hyl7ygStwB,arxiv_batch,,,,,
HygrdpVKvr,arxiv_batch,181,NAS evaluation is frustratingly hard,1.000,2019,International Conference on Learning Representations
HygrAR4tPS,arxiv_batch,304,On Empirical Comparisons of Optimizers for Deep Learning,1.000,2019,arXiv.org
HygnDhEtvr,arxiv_batch,167,Reinforcement Learning Based Graph-to-Sequence Model for Natural Question Generation,1.000,2019,International Conference on Learning Representations
HygaikBKvS,arxiv_batch,71,Off-Policy Actor-Critic with Shared Experience Replay,1.000,2019,International Conference on Machine Learning
HygHtpVtPH,arxiv_batch,3,Laplacian Denoising Autoencoder,1.000,2020,arXiv.org
HygDF6NFPB,arxiv_batch,527,A Fair Comparison of Graph Neural Networks for Graph Classification,1.000,2019,International Conference on Learning Representations
Hyg96gBKPS,arxiv_batch,152,Monotonic Multihead Attention,1.000,2019,International Conference on Learning Representations
Hyg-JC4FDr,arxiv_batch,250,Imitation Learning via Off-Policy Distribution Matching,1.000,2019,International Conference on Learning Representations
HyevIJStwH,arxiv_batch,65,Understanding Why Neural Networks Generalize Well Through GSNR of Parameters,1.000,2020,International Conference on Learning Representations
HyeqPJHYvH,arxiv_batch,168,Stochastic Latent Residual Video Prediction,1.000,2020,International Conference on Machine Learning
HyebplHYwB,arxiv_batch,60,The Shape of Data: Intrinsic Distance for Data Distributions,1.000,2019,International Conference on Learning Representations
HyeaSkrYPH,arxiv_batch,197,Certified Defenses for Adversarial Patches,1.000,2020,International Conference on Learning Representations
Hye_V0NKwr,arxiv_batch,56,Locality and compositionality in zero-shot learning,1.000,2019,International Conference on Learning Representations
HyeSin4FPB,arxiv_batch,230,Learning to Control PDEs with Differentiable Physics,1.000,2020,International Conference on Learning Representations
HyeJf1HKvS,arxiv_batch,231,Deep Graph Matching Consensus,1.000,2020,International Conference on Learning Representations
HyeG9yHKPr,arxiv_batch,36,Causally Correct Partial Models for Reinforcement Learning,1.000,2020,arXiv.org
Hye4KeSYDr,arxiv_batch,72,Evaluations and Methods for Explanation through Robustness Analysis,1.000,2019,International Conference on Learning Representations
Hye1kTVFDS,arxiv_batch,26,The Variational Bandwidth Bottleneck: Stochastic Evaluation on an Information Budget,1.000,2020,International Conference on Learning Representations
Hye1RJHKwB,arxiv_batch,,,,,
Hkxvl0EtDH,arxiv_batch,101,A Causal View on Robustness of Neural Networks,0.989,2020,Neural Information Processing Systems
Hkxp3JHtPr,arxiv_batch,23,Deep Variational Semi-Supervised Novelty Detection,1.000,2019,arXiv.org
HkxdQkSYDB,arxiv_batch,433,Graph Convolutional Reinforcement Learning,1.000,2018,International Conference on Learning Representations
HkxZVlHYvH,arxiv_batch,9,Ergodic Inference: Accelerate Convergence by Optimisation,1.000,2018,
HkxYzANYDB,arxiv_batch,641,CLEVRER: CoLlision Events for Video REpresentation and Reasoning,1.000,2019,International Conference on Learning Representations
HkxWXkStDB,arxiv_batch,229,Improving Robustness Without Sacrificing Accuracy with Patch Gaussian Augmentation,1.000,2019,arXiv.org
HkxU2pNYPH,arxiv_batch,102,Sticking to the Facts: Confident Decoding for Faithful Data-to-Text Generation,1.000,2019,arXiv.org
HkxTwkrKDB,arxiv_batch,74,On Universal Equivariant Set Networks,1.000,2019,International Conference on Learning Representations
HkxJpnVtPr,arxiv_batch,,,,,
HkxJHlrFvr,arxiv_batch,60,Angular Visual Hardness,1.000,2019,International Conference on Machine Learning
HkxCzeHFDB,arxiv_batch,217,Functional Regularisation for Continual Learning using Gaussian Processes,0.945,2019,International Conference on Learning Representations
HkxCcJHtPr,arxiv_batch,14,CAT: Compression-Aware Training for bandwidth reduction,1.000,2019,Journal of machine learning research
HkxARkrFwB,arxiv_batch,44,word2ket: Space-efficient Word Embeddings inspired by Quantum Entanglement,1.000,2019,International Conference on Learning Representations
Hkx7xRVYDr,arxiv_batch,5,Duration-of-Stay Storage Assignment under Uncertainty,1.000,2019,International Conference on Learning Representations
Hkx7_1rKwS,arxiv_batch,107,On Solving Minimax Optimization Locally: A Follow-the-Ridge Approach,1.000,2019,International Conference on Learning Representations
Hklz71rYvS,arxiv_batch,23,Kernelized Wasserstein Natural Gradient,1.000,2019,International Conference on Learning Representations
HklvmlrKPB,arxiv_batch,15,Improving sequential latent variable models with autoregressive flows,1.000,2019,Machine-mediated learning
Hklso24Kwr,arxiv_batch,79,Continual Learning with Adaptive Weights (CLAW),1.000,2019,International Conference on Learning Representations
Hklcm0VYDS,arxiv_batch,37,How noise affects the Hessian spectrum in overparameterized neural networks,1.000,2019,arXiv.org
Hkl_sAVtwr,arxiv_batch,193,Compressed Sensing with Deep Image Prior and Learned Regularization,1.000,2018,arXiv.org
HklXn1BKDH,arxiv_batch,629,Learning to Explore using Active Neural SLAM,1.000,2020,International Conference on Learning Representations
HklUCCVKDB,arxiv_batch,214,Uncertainty-guided Continual Learning with Bayesian Neural Networks,1.000,2019,International Conference on Learning Representations
HklSeREtPB,arxiv_batch,41,Emergence of functional and structural properties of the head direction system by optimization of recurrent neural networks,1.000,2019,International Conference on Learning Representations
HklJdaNYPH,arxiv_batch,,,,,
HklE01BYDB,arxiv_batch,518,Improving Sample Efficiency in Model-Free Reinforcement Learning from Images,1.000,2019,AAAI Conference on Artificial Intelligence
HklBjCEKvH,arxiv_batch,1092,Generalization through Memorization: Nearest Neighbor Language Models,1.000,2019,International Conference on Learning Representations
Hkl9JlBYvr,arxiv_batch,331,VariBAD: A Very Good Method for Bayes-Adaptive Deep RL via Meta-Learning,1.000,2019,International Conference on Learning Representations
Hkl1iRNFwS,arxiv_batch,202,The Early Phase of Neural Network Training,1.000,2020,International Conference on Learning Representations
HkgxheBFDS,arxiv_batch,19,Undersensitivity in Neural Reading Comprehension,1.000,2020,Findings
HkgxW0EYDS,arxiv_batch,46,Scalable Model Compression by Entropy Penalized Reparameterization,1.000,2019,International Conference on Learning Representations
HkgtJRVFPS,arxiv_batch,207,Topological Autoencoders,1.000,2019,International Conference on Machine Learning
HkgsWxrtPB,arxiv_batch,38,Meta Reinforcement Learning with Autonomous Inference of Subtask Dependencies,1.000,2020,International Conference on Learning Representations
HkgsPhNYPS,arxiv_batch,357,SELF: Learning to Filter Noisy Labels with Self-Ensembling,1.000,2019,International Conference on Learning Representations
HkgrZ0EYwB,arxiv_batch,147,Unpaired Point Cloud Completion on Real Scans using Adversarial Training,1.000,2019,International Conference on Learning Representations
HkgaETNtDB,arxiv_batch,239,Mixout: Effective Regularization to Finetune Large-scale Pretrained Language Models,1.000,2019,International Conference on Learning Representations
HkgH0TEYwH,arxiv_batch,703,Deep Semi-Supervised Anomaly Detection,1.000,2019,International Conference on Learning Representations
HkgB2TNYPS,arxiv_batch,77,A Theoretical Analysis of the Number of Shots in Few-Shot Learning,1.000,2019,International Conference on Learning Representations
Hkg9HgBYwH,arxiv_batch,104,Encoding Musical Style with Transformer Autoencoders,1.000,2019,International Conference on Machine Learning
Hkg5lAEtvS,arxiv_batch,451,Towards Physics-informed Deep Learning for Turbulent Flow Prediction,1.000,2019,Knowledge Discovery and Data Mining
Hkg-xgrYvH,arxiv_batch,140,Empirical Bayes Transductive Meta-Learning with Synthetic Gradients,1.000,2020,International Conference on Learning Representations
Hkex2a4FPr,arxiv_batch,9,Unsupervised Controllable Text Generation with Global Variation Discovery and Disentanglement,0.305,2019,arXiv.org
HkeryxBtPB,arxiv_batch,312,MMA Training: Direct Input Space Margin Maximization through Adversarial Training,1.000,2018,International Conference on Learning Representations
HkenPn4KPH,arxiv_batch,,,,,
Hkekl0NFPr,arxiv_batch,130,Conditional Learning of Fair Representations,1.000,2019,International Conference on Learning Representations
HkejNgBtPB,arxiv_batch,45,Variational Template Machine for Data-to-Text Generation,1.000,2020,International Conference on Learning Representations
HkedQp4tPr,arxiv_batch,24,Parallel Scheduled Sampling,1.000,2019,arXiv.org
HkeQ6ANYDB,arxiv_batch,37,Blending Diverse Physical Priors with Neural Networks,1.000,2019,arXiv.org
HkePNpVKPB,arxiv_batch,116,Compositional Languages Emerge in a Neural Iterated Learning Model,1.000,2020,International Conference on Learning Representations
Hke3gyHYwH,arxiv_batch,12,Understanding Generalization of Deep Neural Networks Trained with Noisy Labels,0.319,2019,arXiv.org
Hke12T4KPS,arxiv_batch,289,Using Hindsight to Anchor Past Knowledge in Continual Learning,1.000,2019,AAAI Conference on Artificial Intelligence
Hke0V1rKPS,arxiv_batch,83,Jacobian Adversarially Regularized Networks for Robustness,1.000,2019,International Conference on Learning Representations
HJxiMAVtPH,arxiv_batch,1108,Multi-scale Attributed Node Embedding,1.000,2019,J. Complex Networks
HJxdTxHYvB,arxiv_batch,57,Breaking certified defenses: Semantic adversarial examples with spoofed robustness certificates,0.954,2020,International Conference on Learning Representations
HJxV-ANKDH,arxiv_batch,146,Efficient Riemannian Optimization on the Stiefel Manifold via the Cayley Transform,1.000,2020,International Conference on Learning Representations
HJxN0CNFPB,arxiv_batch,2,Ladder Polynomial Neural Networks,1.000,2019,arXiv.org
HJxMYANtPH,arxiv_batch,53,The Local Elasticity of Neural Networks,1.000,2019,International Conference on Learning Representations
HJxK5pEYvr,arxiv_batch,79,Tree-structured Attention with Hierarchical Accumulation,1.000,2020,International Conference on Learning Representations
HJxEhREKDH,arxiv_batch,45,On the Global Convergence of Training Deep Linear ResNets,0.991,2020,International Conference on Learning Representations
HJxDugSFDB,arxiv_batch,428,Stochastic Latent Actor-Critic: Deep Reinforcement Learning with a Latent Variable Model,1.000,2019,Neural Information Processing Systems
HJx8HANFDH,arxiv_batch,57,Four Things Everyone Should Know to Improve Batch Normalization,1.000,2019,International Conference on Learning Representations
HJx81ySKwr,arxiv_batch,158,Iterative energy-based projection on a normal data manifold for anomaly localization,1.000,2020,International Conference on Learning Representations
HJx7uJStPH,arxiv_batch,324,Music Source Separation in the Waveform Domain,1.000,2019,arXiv.org
HJx-3grYDB,arxiv_batch,178,Learning Nearly Decomposable Value Functions Via Communication Minimization,1.000,2019,International Conference on Learning Representations
HJlzxgBtwH,arxiv_batch,614,Minimally distorted Adversarial Examples with a Fast Adaptive Boundary Attack,1.000,2019,International Conference on Machine Learning
HJlxIJBFDr,arxiv_batch,,,,,
HJloElBYvB,arxiv_batch,32,Phase Transitions for the Information Bottleneck in Representation Learning,1.000,2020,International Conference on Learning Representations
HJlnC1rKPB,arxiv_batch,642,On the Relationship between Self-Attention and Convolutional Layers,1.000,2019,International Conference on Learning Representations
HJlfuTEtvB,arxiv_batch,74,CLN2INV: Learning Loop Invariants with Continuous Logic Networks,1.000,2019,International Conference on Learning Representations
HJlWWJSFDH,arxiv_batch,1834,Strategies for Pre-training Graph Neural Networks,1.000,2019,International Conference on Learning Representations
HJlU-AVtvS,arxiv_batch,121,A Fine-Grained Spectral Perspective on Neural Networks,1.000,2019,arXiv.org
HJlTpCEKvS,arxiv_batch,686,Which Tasks Should Be Learned Together in Multi-task Learning?,1.000,2019,International Conference on Machine Learning
HJlSmC4FPS,arxiv_batch,159,Robust and interpretable blind image denoising via bias-free convolutional neural networks,1.000,2019,International Conference on Learning Representations
HJlRFlHFPS,arxiv_batch,13,Unsupervised Distillation of Syntactic Information from Contextualized Word Representations,1.000,2020,BlackboxNLP Workshop on Analyzing and Interpreting Neural Networks for NLP
HJlA0C4tPS,arxiv_batch,136,A Probabilistic Formulation of Unsupervised Text Style Transfer,1.000,2020,International Conference on Learning Representations
HJgpugrKPS,arxiv_batch,174,Scale-Equivariant Steerable Networks,1.000,2019,International Conference on Learning Representations
HJgfDREKDB,arxiv_batch,23,Higher-Order Function Networks for Learning Composable 3D Object Representations,1.000,2019,International Conference on Learning Representations
HJgcvJBFvB,arxiv_batch,197,Network Randomization: A Simple Technique for Generalization in Deep Reinforcement Learning,1.000,2019,International Conference on Learning Representations
HJg_ECEKDr,arxiv_batch,184,Generative Teaching Networks: Accelerating Neural Architecture Search by Learning to Generate Synthetic Training Data,0.996,2019,International Conference on Machine Learning
HJgSwyBKvr,arxiv_batch,149,Weakly Supervised Disentanglement with Guarantees,1.000,2019,International Conference on Learning Representations
HJgS7p4FPH,arxiv_batch,9,GPU-Accelerated Atari Emulation for Reinforcement Learning,0.567,2019,arXiv.org
HJgLLyrYwB,arxiv_batch,57,State-only Imitation with Transition Dynamics Mismatch,1.000,2020,International Conference on Learning Representations
HJgKYlSKvr,arxiv_batch,75,Unsupervised Generative 3D Shape Learning from Natural Images,1.000,2019,arXiv.org
HJgK0h4Ywr,arxiv_batch,109,Theory and Evaluation Metrics for Learning Disentangled Representations,1.000,2019,International Conference on Learning Representations
HJgJtT4tvB,arxiv_batch,343,ReClor: A Reading Comprehension Dataset Requiring Logical Reasoning,1.000,2020,International Conference on Learning Representations
HJgExaVtwr,arxiv_batch,1385,DivideMix: Learning with Noisy Labels as Semi-supervised Learning,1.000,2020,International Conference on Learning Representations
HJgEMpVFwB,arxiv_batch,435,Adversarial Policies: Attacking Deep Reinforcement Learning,1.000,2019,International Conference on Learning Representations
HJgC60EtwB,arxiv_batch,138,Robust Reinforcement Learning for Continuous Control with Model Misspecification,1.000,2019,International Conference on Learning Representations
HJg2b0VYDr,arxiv_batch,493,Selection Via Proxy: Efficient Data Selection For Deep Learning,1.000,2019,International Conference on Learning Representations
HJezF3VYPB,arxiv_batch,318,Federated Adversarial Domain Adaptation,1.000,2019,International Conference on Learning Representations
HJeqhA4YDS,arxiv_batch,92,Denoising and Regularization via Exploiting the Structural Bias of Convolutional Generators,1.000,2019,International Conference on Learning Representations
HJepXaVYDr,arxiv_batch,117,Stochastic AUC Maximization with Deep Neural Networks,1.000,2019,International Conference on Learning Representations
HJenn6VFvB,arxiv_batch,255,Hamiltonian Generative Networks,1.000,2019,International Conference on Learning Representations
HJem3yHKwH,arxiv_batch,69,EMPIR: Ensembles of Mixed Precision Deep Networks for Increased Robustness against Adversarial Attacks,1.000,2020,International Conference on Learning Representations
HJedXaEtvS,arxiv_batch,219,Editable Neural Networks,1.000,2020,International Conference on Learning Representations
HJe_yR4Fwr,arxiv_batch,95,Improved Sample Complexities for Deep Networks and Robust Classification via an All-Layer Margin,0.964,2019,International Conference on Learning Representations
HJe_Z04Yvr,arxiv_batch,,,,,
HJeVnCEKwH,arxiv_batch,66,A Closer Look at the Optimization Landscapes of Generative Adversarial Networks,1.000,2019,International Conference on Learning Representations
HJeTo2VFwH,arxiv_batch,174,A Signal Propagation Perspective for Pruning Neural Networks at Initialization,1.000,2019,International Conference on Learning Representations
HJeT3yrtDr,arxiv_batch,,,,,
HJeOekHKwr,arxiv_batch,66,Smoothness and Stability in GANs,1.000,2020,International Conference on Learning Representations
HJeO7RNKPr,arxiv_batch,325,DeepV2D: Video to Depth with Differentiable Structure from Motion,1.000,2018,International Conference on Learning Representations
HJe9cR4KvB,arxiv_batch,32,Learning to Contextually Aggregate Multi-Source Supervision for Sequence Labeling,1.000,2019,Annual Meeting of the Association for Computational Linguistics
HJe88xBKPr,arxiv_batch,79,Mixed Precision Training With 8-bit Floating Point,1.000,2019,arXiv.org
HJe6uANtwH,arxiv_batch,93,Capsules with Inverted Dot-Product Attention Routing,1.000,2020,International Conference on Learning Representations
HJe4Cp4KwH,arxiv_batch,189,GNN-FiLM: Graph Neural Networks with Feature-wise Linear Modulation,1.000,2019,International Conference on Machine Learning
H1xscnEKDr,arxiv_batch,147,Defending Against Physically Realizable Attacks on Image Classification,1.000,2019,International Conference on Learning Representations
H1xauR4Kvr,arxiv_batch,59,Discriminative Jackknife: Quantifying Uncertainty in Deep Learning via Higher-Order Influence Functions,0.981,2020,International Conference on Machine Learning
H1xPR3NtPB,arxiv_batch,93,Are Pre-trained Language Models Aware of Phrases? Simple but Strong Baselines for Grammar Induction,1.000,2020,International Conference on Learning Representations
H1xJhJStPS,arxiv_batch,47,Equilibrium Propagation with Continual Weight Updates,1.000,2019,arXiv.org
H1x5wRVtvS,arxiv_batch,9,Variational Hetero-Encoder Randomized GANs for Joint Image-Text Modeling,1.000,2019,International Conference on Learning Representations
H1loF2NFwr,arxiv_batch,375,Evaluating the Search Phase of Neural Architecture Search,1.000,2019,International Conference on Learning Representations
H1lmyRNFvr,arxiv_batch,159,Augmenting Genetic Algorithms with Deep Neural Networks for Exploring the Chemical Space,1.000,2019,International Conference on Learning Representations
H1lmhaVtvr,arxiv_batch,96,Dynamical Distance Learning for Semi-Supervised and Unsupervised Skill Discovery,1.000,2019,International Conference on Learning Representations
H1lj0nNFwB,arxiv_batch,92,The Implicit Bias of Depth: How Incremental Learning Drives Generalization,1.000,2019,International Conference on Learning Representations
H1lhqpEYPr,arxiv_batch,61,Actor-Critic Provably Finds Nash Equilibria of Linear-Quadratic Mean-Field Games,1.000,2019,International Conference on Learning Representations
H1lefTEKDS,arxiv_batch,394,Benchmarking Model-Based Reinforcement Learning,1.000,2019,arXiv.org
H1ldzA4tPr,arxiv_batch,137,Learning Compositional Koopman Operators for Model-Based Control,1.000,2019,International Conference on Learning Representations
H1laeJrKDB,arxiv_batch,133,Controlling generative models with continuous factors of variations,1.000,2020,International Conference on Learning Representations
H1lZJpVFvr,arxiv_batch,80,Robust Local Features for Improving the Generalization of Adversarial Training,1.000,2019,International Conference on Learning Representations
H1lNPxHKDH,arxiv_batch,178,A Function Space View of Bounded Norm Infinite Width ReLU Nets: The Multivariate Case,1.000,2019,International Conference on Learning Representations
H1l0O6EYDH,arxiv_batch,1,New pointwise convolution in Deep Neural Networks through Extremely Fast and Non Parametric Transforms,0.990,2019,arXiv.org
H1gzR2VKDH,arxiv_batch,155,Hierarchical Foresight: Self-Supervised Learning of Long-Horizon Tasks via Visual Subgoal Generation,1.000,2019,International Conference on Learning Representations
H1guaREYPr,arxiv_batch,,,,,
H1gpET4YDB,arxiv_batch,280,Blockwise Self-Attention for Long Document Understanding,1.000,2019,Findings
H1gmHaEKwB,arxiv_batch,67,Data-Independent Neural Pruning via Coresets,1.000,2019,International Conference on Learning Representations
H1gdF34FvS,arxiv_batch,869,Advantage-Weighted Regression: Simple and Scalable Off-Policy Reinforcement Learning,0.994,2019,arXiv.org
H1gX8C4YPr,arxiv_batch,646,DD-PPO: Learning Near-Perfect PointGoal Navigators from 2.5 Billion Frames,1.000,2019,International Conference on Learning Representations
H1gNOeHKPS,arxiv_batch,54,Neural Arithmetic Units,1.000,2020,International Conference on Learning Representations
H1gN6kSFwS,arxiv_batch,192,Learning Neural Causal Models from Unknown Interventions,1.000,2019,arXiv.org
H1gBhkBFDH,arxiv_batch,157,B-Spline CNNs on Lie Groups,1.000,2019,International Conference on Learning Representations
H1gB4RVKvB,arxiv_batch,50,Recurrent neural circuits for contour detection,1.000,2020,International Conference on Learning Representations
H1g8p1BYvS,arxiv_batch,248,Adversarial Filters of Dataset Biases,1.000,2020,International Conference on Machine Learning
H1g4M0EtPS,arxiv_batch,1,Gaussian MRF Covariance Modeling for Efficient Black-Box Adversarial Attacks,1.000,2019,arXiv.org
H1ezFREtwH,arxiv_batch,35,Composing Task-Agnostic Policies with Deep Reinforcement Learning,1.000,2019,International Conference on Learning Representations
H1exf64KwH,arxiv_batch,164,Exploring Model-based Planning with Policy Networks,1.000,2019,International Conference on Learning Representations
H1eqQeHFDS,arxiv_batch,10,AdvectiveNet: An Eulerian-Lagrangian Fluidic reservoir for Point Cloud Processing,1.000,2020,International Conference on Learning Representations
H1edEyBKDS,arxiv_batch,1226,Plug and Play Language Models: A Simple Approach to Controlled Text Generation,1.000,2019,International Conference on Learning Representations
H1ebhnEYDH,arxiv_batch,12,White Noise Analysis of Neural Networks,1.000,2019,International Conference on Learning Representations
H1e_cC4twS,arxiv_batch,54,Non-Autoregressive Dialog State Tracking,1.000,2020,International Conference on Learning Representations
H1eWGREFvB,arxiv_batch,,,,,
H1eRYxHYPB,arxiv_batch,19,Optimal Unsupervised Domain Translation,1.000,2019,arXiv.org
H1eF3kStPS,arxiv_batch,11,Redundancy-Free Computation Graphs for Graph Neural Networks,1.000,2019,arXiv.org
H1eCw3EKvH,arxiv_batch,127,On the Weaknesses of Reinforcement Learning for Neural Machine Translation,1.000,2019,International Conference on Learning Representations
ByxxgCEYDS,arxiv_batch,281,Inductive Matrix Completion Based on Graph Neural Networks,1.000,2019,International Conference on Learning Representations
ByxtC2VtPB,arxiv_batch,115,Mixup Inference: Better Exploiting Mixup to Defend Adversarial Attacks,1.000,2019,International Conference on Learning Representations
ByxdUySKvS,arxiv_batch,215,Adversarial AutoAugment,1.000,2019,International Conference on Learning Representations
ByxaUgrFvH,arxiv_batch,34,Mutual Information Gradient Estimation for Representation Learning,0.992,2020,International Conference on Learning Representations
Byx_YAVYPH,arxiv_batch,27,Jelly Bean World: A Testbed for Never-Ending Learning,1.000,2020,International Conference on Learning Representations
ByxT7TNFvH,arxiv_batch,268,Semantically-Guided Representation Learning for Self-Supervised Monocular Depth,1.000,2020,International Conference on Learning Representations
ByxRM0Ntvr,arxiv_batch,533,Are Transformers universal approximators of sequence-to-sequence functions?,1.000,2019,International Conference on Learning Representations
ByxQB1BKwH,arxiv_batch,75,Abstract Diagrammatic Reasoning with Multiplex Graph Networks,1.000,2020,International Conference on Learning Representations
ByxGkySKwH,arxiv_batch,,,,,
ByxCrerKvS,arxiv_batch,212,Set Functions for Time Series,1.000,2019,International Conference on Machine Learning
Byx9p2EtDH,arxiv_batch,28,MULTIPOLAR: Multi-Source Policy Aggregation for Transfer Reinforcement Learning between Diverse Environmental Dynamics,1.000,2019,International Joint Conference on Artificial Intelligence
Byx4NkrtDS,arxiv_batch,6,Implementing Inductive bias for different navigation tasks through diverse RNN attrractors,1.000,2020,International Conference on Learning Representations
BylsKkHYvH,arxiv_batch,,,,,
Bylkd0EFwr,arxiv_batch,32,Bio-Inspired Hashing for Unsupervised Similarity Search,1.000,2020,International Conference on Machine Learning
ByljMaNKwB,arxiv_batch,85,Domain Aggregation Networks for Multi-Source Domain Adaptation,1.000,2019,International Conference on Machine Learning
Bylh2krYPr,arxiv_batch,18,Probing Emergent Semantics in Predictive Agents via Question Answering,1.000,2020,International Conference on Machine Learning
BylalAEtvB,arxiv_batch,43,Lipschitz Lifelong Reinforcement Learning,1.000,2020,AAAI Conference on Artificial Intelligence
BylaUTNtPS,arxiv_batch,369,Recurrent Independent Mechanisms,1.000,2019,International Conference on Learning Representations
BylVcTNtDS,arxiv_batch,49,A Target-Agnostic Attack on Deep Models: Exploiting Security Vulnerabilities of Transfer Learning,1.000,2019,International Conference on Learning Representations
BylUMxSFwS,arxiv_batch,15,Disentangled Cumulants Help Successor Representations Transfer to New Tasks,1.000,2019,arXiv.org
BylQSxHFwr,arxiv_batch,,,,,
BylJUTEKvB,arxiv_batch,91,Cross-Iteration Batch Normalization,1.000,2019,Computer Vision and Pattern Recognition
BylA_C4tPr,arxiv_batch,1159,Composition-based Multi-Relational Graph Convolutional Networks,1.000,2019,International Conference on Learning Representations
Byl3HxBFwH,arxiv_batch,0,Efficient Deep Representation Learning by Adaptive Latent Space Sampling,1.000,2019,arXiv.org
ByglLlHFDS,arxiv_batch,16,Expected Information Maximization: Using the I-Projection for Mixture Density Estimation,1.000,2020,International Conference on Learning Representations
BygfrANKvB,arxiv_batch,53,Learning to Make Generalizable and Diverse Predictions for Retrosynthesis,1.000,2019,arXiv.org
BygdyxHFDS,arxiv_batch,67,Meta-learning curiosity algorithms,1.000,2020,International Conference on Learning Representations
Byg_vREtvB,arxiv_batch,,,,,
BygZK2VYvB,arxiv_batch,22,Utilizing Edge Features in Graph Neural Networks via Variational Information Maximization,1.000,2019,arXiv.org
BygSP6Vtvr,arxiv_batch,277,Ensemble Distribution Distillation,1.000,2019,International Conference on Learning Representations
BygIjTNtPr,arxiv_batch,43,ODE Analysis of Stochastic Gradient Methods with Optimism and Anchoring for Minimax Problems and GANs,0.995,2019,arXiv.org
BygFVAEKDH,arxiv_batch,237,Understanding Knowledge Distillation in Non-autoregressive Machine Translation,1.000,2019,International Conference on Learning Representations
Byg9bxrtwS,arxiv_batch,436,Kernel and Rich Regimes in Overparametrized Models,1.000,2019,Annual Conference Computational Learning Theory
Byg9A24tvB,arxiv_batch,,,,,
Byg5ZANtvH,arxiv_batch,30,Short-and-Sparse Deconvolution - A Geometric Approach,0.980,2019,International Conference on Learning Representations
Byg1v1HKDB,arxiv_batch,537,Abductive Commonsense Reasoning,1.000,2019,International Conference on Learning Representations
ByeqyxBKvS,arxiv_batch,,,,,
ByeWogStDS,arxiv_batch,88,Sub-policy Adaptation for Hierarchical Reinforcement Learning,1.000,2019,International Conference on Learning Representations
ByeUBANtvB,arxiv_batch,60,Learning to solve the credit assignment problem,1.000,2019,International Conference on Learning Representations
ByeSYa4KPS,arxiv_batch,,,,,
ByeNra4FDB,arxiv_batch,39,Novelty Detection Via Blurring,1.000,2019,International Conference on Learning Representations
ByeMPlHKPH,arxiv_batch,389,Lite Transformer with Long-Short Range Attention,1.000,2020,International Conference on Learning Representations
ByeL1R4FvS,arxiv_batch,2696,Unsupervised Data Augmentation for Consistency Training,1.000,2019,Neural Information Processing Systems
ByeGzlrKwH,arxiv_batch,57,Compression based bound for non-compressed network: unified generalization error analysis of large compressible deep neural network,1.000,2019,International Conference on Learning Representations
BkxtNaEYDr,arxiv_batch,4,Learning Boolean Circuits with Neural Networks,1.000,2019,arXiv.org
BkxfaTVFwH,arxiv_batch,343,GENESIS: Generative Scene Inference and Sampling with Object-Centric Latent Representations,1.000,2019,International Conference on Learning Representations
Bkxe2AVtPS,arxiv_batch,53,Shifted and Squeezed 8-bit Floating Point format for Low-Precision Training of Deep Neural Networks,1.000,2020,International Conference on Learning Representations
BkxdqA4tvB,arxiv_batch,39,Collapsed Amortized Variational Inference for Switching Nonlinear Dynamical Systems,1.000,2019,International Conference on Machine Learning
BkxXe0Etwr,arxiv_batch,51,CAQL: Continuous Action Q-Learning,1.000,2019,International Conference on Learning Representations
BkxRRkSKwr,arxiv_batch,56,TOWARDS HIERARCHICAL IMPORTANCE ATTRIBUTION: EXPLAINING COMPOSITIONAL SEMANTICS FOR NEURAL SEQUENCE MODELS,1.000,2020,International Conference on Learning Representations
BklxN0NtvB,arxiv_batch,36,Noisy Machines: Understanding Noisy Neural Networks and Enhancing Robustness to Analog Hardware Errors Using Distillation,1.000,2020,arXiv.org
Bkln2a4tPB,arxiv_batch,11,Customizing Sequence Generation with Multi-Task Dynamical Systems,1.000,2019,arXiv.org
BklmtJBKDB,arxiv_batch,98,Conditional Flow Variational Autoencoders for Structured Sequence Prediction,1.000,2019,arXiv.org
BklXkCNYDB,arxiv_batch,11,Fast Training of Sparse Graph Neural Networks on Dense Hardware,1.000,2019,arXiv.org
BklMDCVtvr,arxiv_batch,49,Discovering the Compositional Structure of Vector Representations with Role Learning Networks,1.000,2019,BlackboxNLP Workshop on Analyzing and Interpreting Neural Networks for NLP
BklLVAEKvH,arxiv_batch,4,Generalized Clustering by Learning to Optimize Expected Normalized Cuts,1.000,2019,arXiv.org
BklHF6VtPB,arxiv_batch,6,Modeling Winner-Take-All Competition in Sparse Binary Projections,1.000,2019,ECML/PKDD
Bkgq9ANKvB,arxiv_batch,286,Peer Loss Functions: Learning from Noisy Labels without Knowing Noise Rates,1.000,2019,International Conference on Machine Learning
BkgnhTEtDS,arxiv_batch,72,Feature Interaction Interpretability: A Case for Explaining Ad-Recommendation Systems via Neural Interaction Detection,1.000,2020,International Conference on Learning Representations
BkglSTNFDB,arxiv_batch,110,Q-learning with UCB Exploration is Sample Efficient for Infinite-Horizon MDP,1.000,2019,International Conference on Learning Representations
BkggGREKvS,arxiv_batch,3,Promoting Coordination through Policy Regularization in Multi-Agent Reinforcement Learning,0.973,2019,arXiv.org
BkgXT24tDS,arxiv_batch,332,Additive Powers-of-Two Quantization: An Efficient Non-uniform Discretization for Neural Networks,1.000,2019,International Conference on Learning Representations
BkgStySKPB,arxiv_batch,2767,Contrastive Multiview Coding,1.000,2019,European Conference on Computer Vision
BkgNqkHFPr,arxiv_batch,138,Enhanced Convolutional Neural Tangent Kernels,1.000,2019,arXiv.org
BkgF4kSFPB,arxiv_batch,51,Hallucinative Topological Memory for Zero-Shot Visual Planning,1.000,2020,International Conference on Machine Learning
Bkg75aVKDH,arxiv_batch,10,Training Provably Robust Models by Polyhedral Envelope Regularization,1.000,2019,IEEE Transactions on Neural Networks and Learning Systems
Bkg0u3Etwr,arxiv_batch,219,Maxmin Q-learning: Controlling the Estimation Bias of Q-learning,1.000,2020,International Conference on Learning Representations
Bkf4XgrKvS,arxiv_batch,26,Unsupervised Learning of Graph Hierarchical Abstractions with Differentiable Coarsening and Optimal Transport,1.000,2019,AAAI Conference on Artificial Intelligence
BkepbpNFwr,arxiv_batch,25,Progressive Memory Banks for Incremental Domain Adaptation,1.000,2018,International Conference on Learning Representations
BkeoaeHKDS,arxiv_batch,46,Gradients as Features for Deep Representation Learning,1.000,2020,International Conference on Learning Representations
Bkeeca4Kvr,arxiv_batch,77,Few-Shot Learning on Graphs via Super-Classes based on Graph Spectral Measures,1.000,2020,International Conference on Learning Representations
Bke_DertPB,arxiv_batch,56,Adversarial Lipschitz Regularization,1.000,2019,International Conference on Learning Representations
BkeWw6VFwr,arxiv_batch,109,Certified Robustness for Top-k Predictions against Adversarial Perturbations via Randomized Smoothing,1.000,2019,International Conference on Learning Representations
BkePHaVKwS,arxiv_batch,43,Learning Surrogate Losses,1.000,2019,arXiv.org
BkeDGJBKvB,arxiv_batch,26,Multitask Soft Option Learning,1.000,2019,Conference on Uncertainty in Artificial Intelligence
Bke8UR4FPB,arxiv_batch,27,Oblique Decision Trees from Derivatives of ReLU Networks,1.000,2019,International Conference on Learning Representations
Bke89JBtvB,arxiv_batch,83,Batch-shaping for learning conditional channel gated networks,1.000,2019,International Conference on Learning Representations
Bke6vTVYwH,arxiv_batch,23,Graph convolutional networks for learning with few clean and many noisy labels,1.000,2019,European Conference on Computer Vision
Bke-6pVKvB,arxiv_batch,69,Poisoning Attacks with Generative Adversarial Nets,1.000,2019,arXiv.org
BJxwPJHFwS,arxiv_batch,133,Robustness Verification for Transformers,1.000,2020,International Conference on Learning Representations
BJxt60VtPr,arxiv_batch,6,Embodied View-Contrastive 3D Feature Learning,0.443,2019,arXiv.org
BJxt2aVFPr,arxiv_batch,75,Optimizing Data Usage via Differentiable Rewards,1.000,2019,International Conference on Machine Learning
BJxiqxSYPB,arxiv_batch,59,Learning to Prove Theorems by Learning to Generate Theorems,1.000,2020,Neural Information Processing Systems
BJxVI04YvB,arxiv_batch,78,PAC Confidence Sets for Deep Neural Networks via Calibrated Prediction,1.000,2019,International Conference on Learning Representations
BJxSI1SKDH,arxiv_batch,,,,,
BJxQxeBYwH,arxiv_batch,101,Are Powerful Graph Neural Nets Necessary? A Dissection on Graph Classification,1.000,2019,arXiv.org
BJxI5gHKDr,arxiv_batch,,,,,
BJxH22EKPS,arxiv_batch,93,Understanding Architectures Learnt by Cell-based Neural Architecture Search,1.000,2019,International Conference on Learning Representations
BJxG_0EtDS,arxiv_batch,35,Prediction; Consistency; Curvature: Representation Learning for Locally-Linear Control,1.000,2019,International Conference on Learning Representations
BJxAHgSYDB,arxiv_batch,31,Learning to Rank Learning Curves,1.000,2020,International Conference on Machine Learning
BJx8YnEFPH,arxiv_batch,250,Data Valuation using Reinforcement Learning,1.000,2019,International Conference on Machine Learning
BJx040EFvH,arxiv_batch,1384,Fast is better than free: Revisiting adversarial training,1.000,2020,International Conference on Learning Representations
BJlzm64tDH,arxiv_batch,216,Pretrained Encyclopedia: Weakly Supervised Knowledge-Pretrained Language Model,1.000,2019,International Conference on Learning Representations
BJlowyHYPr,arxiv_batch,,,,,
BJlkgaNKvr,arxiv_batch,25,Towards Understanding the Regularization of Adversarial Robustness on Neural Networks,1.000,2020,International Conference on Machine Learning
BJliakStvH,arxiv_batch,77,Maximum Likelihood Constraint Inference for Inverse Reinforcement Learning,1.000,2019,International Conference on Learning Representations
BJlguT4YPr,arxiv_batch,72,Scalable Neural Methods for Reasoning With a Symbolic Knowledge Base,0.986,2020,International Conference on Learning Representations
BJlgt2EYwr,arxiv_batch,54,Stabilizing DARTS with Amended Gradient Estimation on Architectural Parameters,1.000,2019,arXiv.org
BJlZ5ySKPH,arxiv_batch,,,,,
BJlS634tPr,arxiv_batch,702,PC-DARTS: Partial Channel Connections for Memory-Efficient Architecture Search,1.000,2019,International Conference on Learning Representations
BJlRs34Fvr,arxiv_batch,,,,,
BJlLdhNFPr,arxiv_batch,87,Explaining a black-box using Deep Variational Information Bottleneck Approach,0.968,2019,arXiv.org
BJlBSkHtDS,arxiv_batch,121,Padé Activation Units: End-to-end Learning of Flexible Activation Functions in Deep Networks,1.000,2019,International Conference on Learning Representations
BJlAzTEKwS,arxiv_batch,16,Attraction-Repulsion Actor-Critic for Continuous Control Reinforcement Learning,1.000,2019,arXiv.org
BJl4g0NYvB,arxiv_batch,66,Causal Induction from Visual Observations for Goal Directed Tasks,1.000,2019,arXiv.org
BJl2_nVFPB,arxiv_batch,227,Automatically Discovering and Learning New Visual Categories with Ranking Statistics,1.000,2020,International Conference on Learning Representations
BJl-5pNKDB,arxiv_batch,44,On Computation and Generalization of Generative Adversarial Imitation Learning,1.000,2020,International Conference on Learning Representations
BJgy96EYvr,arxiv_batch,160,Influence-Based Multi-Agent Exploration,1.000,2019,International Conference on Learning Representations
BJgr4kSFDS,arxiv_batch,368,Query2box: Reasoning over Knowledge Graphs in Vector Space using Box Embeddings,1.000,2020,International Conference on Learning Representations
BJgd81SYwr,arxiv_batch,3,Meta Dropout: Learning to Perturb Features for Generalization,0.945,2019,arXiv.org
BJgZGeHFPH,arxiv_batch,59,Dynamics-aware Embeddings,1.000,2019,International Conference on Learning Representations
BJgWbpEtPr,arxiv_batch,,,,,
BJgWE1SFwS,arxiv_batch,2,PCMC-Net: Feature-based Pairwise Choice Markov Chains,1.000,2019,International Conference on Learning Representations
BJgQfkSYDS,arxiv_batch,,,,,
BJgQ4lSFPH,arxiv_batch,301,StructBERT: Incorporating Language Structures into Pre-training for Deep Language Understanding,1.000,2019,International Conference on Learning Representations
BJgMFxrYPB,arxiv_batch,37,Learning to Move with Affordance Maps,1.000,2020,International Conference on Learning Representations
BJg9hTNKPH,arxiv_batch,863,Behavior Regularized Offline Reinforcement Learning,1.000,2019,arXiv.org
BJg866NFvB,arxiv_batch,240,Estimating Counterfactual Treatment Outcomes over Time Through Adversarially Balanced Representations,1.000,2020,International Conference on Learning Representations
BJg73xHtvr,arxiv_batch,175,Constant Curvature Graph Convolutional Networks,1.000,2019,International Conference on Machine Learning
BJg641BKPH,arxiv_batch,,,,,
BJg4NgBKvH,arxiv_batch,254,Training Binary Neural Networks with Real-to-Binary Convolutions,1.000,2020,International Conference on Learning Representations
BJg1f6EFDB,arxiv_batch,211,On Identifiability in Transformers,1.000,2019,International Conference on Learning Representations
BJg15lrKvS,arxiv_batch,312,Towards Understanding the Spectral Bias of Deep Learning,1.000,2019,International Joint Conference on Artificial Intelligence
BJewlyStDr,arxiv_batch,74,On Bonus Based Exploration Methods In The Arcade Learning Environment,1.000,2020,International Conference on Learning Representations
BJevJCVYvB,arxiv_batch,72,Training Neural Networks for and by Interpolation,1.000,2019,International Conference on Machine Learning
BJepcaEtwB,arxiv_batch,72,Meta-Graph: Few shot Link Prediction via Meta Learning,1.000,2019,arXiv.org
BJedHRVtPB,arxiv_batch,,,,,
BJeTCAEtDB,arxiv_batch,,,,,
BJeS62EtwH,arxiv_batch,31,Knowledge Consistency between Neural Networks and Beyond,1.000,2019,International Conference on Learning Representations
BJeKwTNFvB,arxiv_batch,62,Physics-as-Inverse-Graphics: Unsupervised Physical Parameter Estimation from Video,1.000,2019,International Conference on Learning Representations
BJeKh3VYDH,arxiv_batch,14,Tranquil Clouds: Neural Networks for Learning Temporally Coherent Features in Point Clouds,1.000,2019,International Conference on Learning Representations
BJeGlJStPr,arxiv_batch,18,IMPACT: Importance Weighted Asynchronous Architectures with Clipped Target Networks,1.000,2019,International Conference on Learning Representations
BJeB5hVtvB,arxiv_batch,,,,,
BJe8pkHFwS,arxiv_batch,1204,GraphSAINT: Graph Sampling Based Inductive Learning Method,1.000,2019,International Conference on Learning Representations
BJe-_CNKPH,arxiv_batch,191,Attention Interpretability Across NLP Tasks,1.000,2019,arXiv.org
B1xybgSKwB,arxiv_batch,6,Credit Assignment as a Proxy for Transfer in Reinforcement Learning,0.806,2019,arXiv.org
B1xxAJHFwS,arxiv_batch,84,A Finite-Time Analysis of Q-Learning with Neural Network Function Approximation,0.994,2019,International Conference on Machine Learning
B1xv9pEKDS,arxiv_batch,40,LightPAFF: A Two-Stage Distillation Framework for Pre-training and Fine-tuning,1.000,2020,arXiv.org
B1xtd1HtPS,arxiv_batch,94,Quaternion Equivariant Capsule Networks for 3D Point Clouds,1.000,2019,European Conference on Computer Vision
B1xq264YvH,arxiv_batch,60,Encoder-Agnostic Adaptation for Conditional Language Generation,1.000,2019,arXiv.org
B1xfElrKPr,arxiv_batch,59,Enhancing the Transformer with Explicit Relational Encoding for Math Problem Solving,1.000,2019,arXiv.org
B1xSperKvH,arxiv_batch,354,Enabling Deep Spiking Neural Networks with Hybrid Conversion and Spike Timing Dependent Backpropagation,1.000,2020,International Conference on Learning Representations
B1xIj3VYvr,arxiv_batch,8,Weakly Supervised Clustering by Exploiting Unique Class Count,1.000,2019,International Conference on Learning Representations
B1xGGTEtDH,arxiv_batch,430,Universal Approximation with Deep Narrow Networks,1.000,2019,Annual Conference Computational Learning Theory
B1x8anVFPr,arxiv_batch,1514,On Layer Normalization in the Transformer Architecture,1.000,2020,International Conference on Machine Learning
B1x6w0EtwH,arxiv_batch,139,Graph Constrained Reinforcement Learning for Natural Language Action Spaces,1.000,2020,International Conference on Learning Representations
B1x6BTEKwr,arxiv_batch,37,Piecewise linear activations substantially shape the loss surfaces of neural networks,1.000,2020,International Conference on Learning Representations
B1x62TNtDS,arxiv_batch,248,Understanding the Limitations of Variational Mutual Information Estimators,1.000,2019,International Conference on Learning Representations
B1x3EgHtwB,arxiv_batch,92,ExpandNets: Linear Over-parameterization to Train Compact Convolutional Networks,1.000,2018,Neural Information Processing Systems
B1x2eCNFvH,arxiv_batch,14,Local Label Propagation for Large-Scale Semi-Supervised Learning,1.000,2019,arXiv.org
B1lPaCNtPB,arxiv_batch,49,Real or Not Real; that is the Question,1.000,2020,International Conference on Learning Representations
B1lGU64tDr,arxiv_batch,,,,,
B1l8L6EtDS,arxiv_batch,20,Self-Adversarial Learning with Comparative Discrimination for Text Generation,1.000,2020,International Conference on Learning Representations
B1l6y0VFPr,arxiv_batch,98,Identity Crisis: Memorization and Generalization under Extreme Overparameterization,1.000,2019,International Conference on Learning Representations
B1l4SgHKDH,arxiv_batch,150,Residual Energy-Based Models for Text Generation,1.000,2020,International Conference on Learning Representations
B1l1qnEFwH,arxiv_batch,19,Deep Audio Prior,1.000,2019,
B1l0wp4tvr,arxiv_batch,34,Information Plane Analysis of Deep Neural Networks via Matrix-Based Renyi's Entropy and Tensor Kernels,1.000,2019,arXiv.org
B1guLAVFDB,arxiv_batch,6,Span Recovery for Deep Neural Networks with Applications to Input Obfuscation,1.000,2020,International Conference on Learning Representations
B1gskyStwr,arxiv_batch,16,Frequency-based Search-control in Dyna,1.000,2020,International Conference on Learning Representations
B1gdkxHFDH,arxiv_batch,,,,,
B1gZV1HYvS,arxiv_batch,23,Multi-Agent Interactions Modeling with Correlated Policies,1.000,2020,International Conference on Learning Representations
B1gX8kBtPr,arxiv_batch,23,Universal Approximation with Certified Networks,1.000,2019,International Conference on Learning Representations
B1gHokBKwS,arxiv_batch,24,Learning to Guide Random Search,1.000,2020,International Conference on Learning Representations
B1gF56VYPH,arxiv_batch,0,Deep 3D Pan via adaptive "t-shaped" convolutions with global and local adaptive dilations,0.966,2019,arXiv.org
B1g8VkHFPH,arxiv_batch,,,,,
B1g5sA4twr,arxiv_batch,1161,Deep double descent: where bigger models and more data hurt,1.000,2019,International Conference on Learning Representations
B1eyO1BFPr,arxiv_batch,470,Don't Use Large Mini-Batches; Use Local SGD,1.000,2018,International Conference on Learning Representations
B1esx6EYvr,arxiv_batch,153,A critical analysis of self-supervision; or what we can learn from a single image,1.000,2019,International Conference on Learning Representations
B1em9h4KDS,arxiv_batch,,,,,
B1eXygBFPH,arxiv_batch,,,,,
B1eQcCEtDB,arxiv_batch,50,Calibration; Entropy Rates; and Memory in Language Models,1.000,2019,International Conference on Machine Learning
B1eB5xSFvr,arxiv_batch,514,DiffTaichi: Differentiable Programming for Physical Simulation,1.000,2019,International Conference on Learning Representations
B1e9Y2NYvS,arxiv_batch,167,On Robustness of Neural Ordinary Differential Equations,1.000,2019,International Conference on Learning Representations
B1e3OlStPB,arxiv_batch,,,,,
B1e-kxSKDH,arxiv_batch,78,Structured Object-Aware Physics Prediction for Video Modeling and Planning,1.000,2019,International Conference on Learning Representations
ryzm6BATZ,title_cached,0.0,Image Quality Assessment Techniques Improve Training and Evaluation of Energy-Based Generative Adversarial Networks,1.000,,
ryvxcPeAb,title_cached,5.0,Enhancing the Transferability of Adversarial Examples with Noise Reduced Gradient,1.000,,
rylejExC-,title_cached,32.0,Stochastic Training of Graph Convolutional Networks,1.000,,arXiv.org
ryk77mbRZ,title_cached,2.0,Noise-Based Regularizers for Recurrent Neural Networks,1.000,,
ryjw_eAaZ,title_cached,0.0,Unsupervised Deep Structure Learning by Recursive Dependency Analysis,1.000,,
rybDdHe0Z,title_cached,19.0,Sequence Transfer Learning for Neural Decoding,1.000,,bioRxiv
ryb83alCZ,title_cached,0.0,Towards Unsupervised Classification with Deep Generative Models,1.000,,
ryacTMZRZ,title_cached,6.0,Jiffy: A Convolutional Approach to Learning Time Series Similarity,1.000,,
ryZElGZ0Z,title_cached,5.0,Discovery of Predictive Representations With a Network of General Value Functions,1.000,,
ryZ3KCy0W,title_cached,3.0,Link Weight Prediction with Node Embeddings,1.000,,
ryY4RhkCZ,title_cached,11.0,Deep density networks and uncertainty in recommender systems,1.000,,arXiv.org
ryOG3fWCW,title_cached,0.0,Model Specialization for Inference Via End-to-End Distillation; Pruning; and Cascades,1.000,,
ryH_bShhW,title_cached,1.0,Doubly Stochastic Adversarial Autoencoder,1.000,,arXiv.org
ryHM_fbA-,title_cached,2.0,Learning Document Embeddings With CNNs,1.000,,arXiv.org
ryF-cQ6T-,title_cached,32.0,2 3 O ct 2 01 8 Machine Learning by Two-Dimensional Hierarchical Tensor Networks : A Quantum Information Theoretic Persp,0.938,,
ryA-jdlA-,title_cached,0.0,A closer look at the word analogy problem,1.000,,
ry9tUX_6-,title_cached,160.0,Entropy-SGD optimizes the prior of a PAC-Bayes bound: Data-dependent PAC-Bayes priors via differential privacy,1.000,,arXiv.org
ry4SNTe0-,title_cached,1.0,Improve Training Stability of Semi-supervised Generative Adversarial Networks with Collaborative Training,1.000,,
ry4S90l0b,title_cached,2.0,A Self-Training Method for Semi-Supervised GANs,1.000,,arXiv.org
rkw-jlb0W,title_cached,19.0,Deep Lipschitz networks and Dudley GANs,1.000,,
rkmtTJZCb,title_cached,0.0,Unsupervised Hierarchical Video Prediction,1.000,,
rkhxwltab,title_cached,4.0,AANN: Absolute Artificial Neural Network,1.000,,2018 3rd International Conference for Convergence in Technology (I2CT)
rkhCSO4T-,title_cached,0.0,Distributed non-parametric deep and wide networks,1.000,,
rkc_hGb0Z,title_cached,0.0,A dynamic game approach to training robust deep policies,1.000,,
rkZzY-lCb,title_cached,0.0,Feat2Vec: Dense Vector Representation for Data with Arbitrary Features,0.993,,
rkWN3g-AZ,title_cached,146.0,XGAN: Unsupervised Image-to-Image Translation for many-to-many Mappings,1.000,,Domain Adaptation for Visual Understanding
rkQsMCJCb,title_cached,1.0,Generative Adversarial Networks Using Adaptive Convolution,1.000,,Canadian Conference on Computer and Robot Vision
rkONG0xAW,title_cached,6.0,Recursive Binary Neural Network Learning Model with 2.28b/Weight Storage Requirement,0.970,,arXiv.org
rkMt1bWAZ,title_cached,0.0,Bias-Variance Decomposition for Boltzmann Machines,1.000,,
rk9kKMZ0-,title_cached,0.0,LEAP: Learning Embeddings for Adaptive Pace,1.000,,
rk8R_JWRW,title_cached,0.0,Gating out sensory noise in a spike-based Long Short-Term Memory network,1.000,,
rk6qdGgCZ,title_cached,2706.0,Fixing Weight Decay Regularization in Adam,1.000,,arXiv.org
rk3mjYRp-,title_cached,2.0,Diffusing Policies : Towards Wasserstein Policy Gradient Flows,1.000,,
rk3b2qxCW,title_cached,0.0,Policy Gradient For Multidimensional Action Spaces: Action Sampling and Entropy Bonus,1.000,,
rk1FQA0pW,title_cached,14.0,End-to-End Abnormality Detection in Medical Imaging,1.000,,arXiv.org
rJv4XWZA-,title_cached,41.0,Generating Differentially Private Datasets Using GANs,1.000,,arXiv.org
rJssAZ-0-,title_cached,0.0,TRL: Discriminative Hints for Scalable Reverse Curriculum Learning,1.000,,
rJr4kfWCb,title_cached,2.0,Lung Tumor Location and Identification with AlexNet and a Custom CNN,1.000,,
rJqfKPJ0Z,title_cached,0.0,Clipping Free Attacks Against Neural Networks,1.000,,
rJoXrxZAZ,title_cached,0.0,HybridNet: A Hybrid Neural Architecture to Speed-up Autoregressive Models,0.993,,
rJhR_pxCZ,title_cached,7.0,Interpretable Classification via Supervised Variational Autoencoders and Differentiable Decision Trees,1.000,,
rJe7FW-Cb,title_cached,8.0,A Painless Attention Mechanism for Convolutional Neural Networks,1.000,,
rJbs5gbRW,title_cached,2.0,On the Generalization Effects of DenseNet Model Structures,1.000,,
rJa90ceAb,title_cached,1.0,Learning to generate filters for convolutional neural networks,1.000,,arXiv.org
rJVruWZRW,title_cached,0.0,Dense Recurrent Neural Network with Attention Gate,1.000,,
rJUBryZ0W,title_cached,2.0,Lifelong Learning by Adjusting Priors,1.000,,arXiv.org
rJTGkKxAZ,title_cached,0.0,Learning Generative Models with Locally Disentangled Latent Factors,1.000,,
rJLTTe-0W,title_cached,6.0,Bayesian Time Series Forecasting with Change Point and Anomaly Detection,1.000,,
rJL6pz-CZ,title_cached,0.0,Transfer Learning on Manifolds via Learned Transport Operators,1.000,,
rJJzTyWCZ,title_cached,7.0,Large-scale Cloze Test Dataset Designed by Teachers,1.000,,arXiv.org
rJHcpW-CW,title_cached,0.0,NOVEL AND EFFECTIVE PARALLEL MIX-GENERATOR GENERATIVE ADVERSARIAL NETWORKS,1.000,,
rJBwoM-Cb,title_cached,1.0,Neural Tree Transducers for Tree to Tree Learning,1.000,,
rJBiunlAW,title_cached,179.0,Training RNNs as Fast as CNNs,1.000,,Conference on Empirical Methods in Natural Language Processing
rJ8rHkWRb,title_cached,0.0,A Simple Fully Connected Network for Composing Word Embeddings from Characters,1.000,,
rJ7RBNe0-,title_cached,0.0,Generative Models for Alignment and Data Efficiency in Language,1.000,,
rJ6iJmWCW,title_cached,0.0,POLICY DRIVEN GENERATIVE ADVERSARIAL NETWORKS FOR ACCENTED SPEECH GENERATION,1.000,,
rJ695PxRW,title_cached,1.0,Discovering Order in Unordered Datasets: Generative Markov Networks,1.000,,arXiv.org
rJ5C67-C-,title_cached,6.0,Hyperedge2vec: Distributed Representations for Hyperedges,1.000,,
rJ4uaX2aW,title_cached,43.0,Large Batch Training of Convolutional Networks with Layer-wise Adaptive Rate Scaling,1.000,,
rJ3fy0k0Z,title_cached,1.0,Deterministic Policy Imitation Gradient Algorithm,1.000,,
rJ1RPJWAW,title_cached,3.0,Learnability Of Learned Neural Networks,1.000,,
r1vccClCb,title_cached,1.0,Private and Shared Feature Extractors Based on Hierarchical Neighbor Encoder for Adaptive Few-Shot Knowledge Graph Compl,0.216,,IEEE International Conference on Tools with Artificial Intelligence
r1tJKuyRZ,title_cached,6.0,The Set Autoencoder: Unsupervised Representation Learning for Sets,1.000,,
r1saNM-RW,title_cached,4.0,Small Coresets to Represent Large Training Data for Support Vector Machines,1.000,,
r1nzLmWAb,title_cached,2.0,Video Action Segmentation with Hybrid Temporal Networks,1.000,,
r1nmx5l0W,title_cached,0.0,SIC-GAN: A Self-Improving Collaborative GAN for Decoding Sketch RNNs,1.000,,
r1kj4ACp-,title_cached,13.0,Understanding Deep Learning Generalization by Maximum Entropy,1.000,,arXiv.org
r1kP7vlRb,title_cached,3.0,Toward learning better metrics for sequence generation training with policy gradient,1.000,,
r1h2DllAW,title_cached,2.0,Discrete-Valued Neural Networks Using Variational Inference,1.000,,
r1cLblgCZ,title_cached,8.0,Recurrent Auto-Encoder Model for Multidimensional Time Series Representation,1.000,,
r1ayG7WRZ,title_cached,0.0,Don't encrypt the data; just approximate the model \ Towards Secure Transaction and Fair Pricing of Training Data,1.000,,
r1Zi2Mb0-,title_cached,5.0,EXPLORING NEURAL ARCHITECTURE SEARCH FOR LANGUAGE TASKS,1.000,,
r1RQdCg0W,title_cached,2.0,MACH: Embarrassingly parallel $K$-class classification in $O(d\log{K})$ memory and $O(K\log{K} + d\log{K})$ time; instea,1.000,,
r1QZ3zbAZ,title_cached,114.0,Adversarial Examples for Natural Language Classification Problems,1.000,,
r1ISxGZRb,title_cached,5.0,Generation and Consolidation of Recollections for Efficient Deep Lifelong Learning,1.000,,arXiv.org
r1BRfhiab,title_cached,6.0,The Principle of Logit Separation,1.000,,
r1AoGNlC-,title_cached,0.0,Code Synthesis with Priority Queue Training,1.000,,
r1AMITFaW,title_cached,5.0,Dependent Bidirectional RNN with Extended-long Short-term Memory,1.000,,
r15kjpHa-,title_cached,24.0,Reward Design in Cooperative Multi-agent Reinforcement Learning for Packet Routing,1.000,,arXiv.org
r111KtCp-,title_cached,2.0,Taking Apart Autoencoders: How do They Encode Geometric Shapes ?,1.000,,
SyxCqGbRZ,title_cached,21.0,Learning to Treat Sepsis with Multi-Output Gaussian Process Deep Recurrent Q-Networks,1.000,,
SyvCD-b0W,title_cached,1.0,Autostacker: an Automatic Evolutionary Hierarchical Machine Learning System,0.993,,
SyuWNMZ0W,title_cached,1.0,Directing Generative Networks with Weighted Maximum Mean Discrepancy,1.000,,
Syt0r4bRZ,title_cached,1.0,Tree2Tree Learning with Memory Unit,1.000,,
SyrYCWWRW,title_cached,4.0,Human-like Clustering with Deep Convolutional Neural Networks,1.000,,
SyqAPeWAZ,title_cached,0.0,CNNs as Inverse Problem Solvers and Double Network Superresolution,1.000,,
SyjsLqxR-,title_cached,4.0,Universality; Robustness; and Detectability of Adversarial Perturbations under Adversarial Training,1.000,,
SyhcXjy0Z,title_cached,3.0,Application of Deep Convolutional Neural Network to Prevent ATM Fraud by Facial Disguise Identification,1.000,,International Conference on Computational Intelligence and Computing Research
SybqeKgA-,title_cached,1.0,On Batch Adaptive Training for Deep Learning: Lower Loss and Larger Step Size,1.000,,
Sy_MK3lAZ,title_cached,2.0,PARAMETRIZED DEEP Q-NETWORKS LEARNING: PLAYING ONLINE BATTLE ARENA WITH DISCRETE-CONTINUOUS HYBRID ACTION SPACE,1.000,,
SyYYPdg0-,title_cached,4.0,Counterfactual Image Networks,1.000,,
SySpa-Z0Z,title_cached,0.0,From Information Bottleneck To Activation Norm Penalty,1.000,,
SySisz-CW,title_cached,0.0,On the difference between building and extracting patterns: a causal analysis of deep generative models.,1.000,,
SyGT_6yCZ,title_cached,1.0,Simple Fast Convolutional Feature Learning,1.000,,
SyF7Erp6W,title_cached,0.0,Learning to play slot cars and Atari 2600 games in just minutes,1.000,,
Sy5OAyZC-,title_cached,9.0,On the Use of Word Embeddings Alone to Represent Natural Language Sequences,1.000,,
SkymMAxAb,title_cached,12.0,AirNet: a machine learning dataset for air quality forecasting,1.000,,
SkxqZngC-,title_cached,2.0,A Bayesian Nonparametric Topic Model with Variational Auto-Encoders,1.000,,
SkwAEQbAb,title_cached,0.0,A novel method to determine the number of latent dimensions with SVD,1.000,,
Sktm4zWRb,title_cached,58.0,Rover-IRL: Inverse Reinforcement Learning With Soft Value Iteration Networks for Planetary Rover Path Planning,0.737,,IEEE Robotics and Automation Letters
SkrHeXbCW,title_cached,2.0,Learning Representations for Faster Similarity Search,1.000,,
SknC0bW0-,title_cached,20.0,Continuous-fidelity Bayesian Optimization with Knowledge Gradient,1.000,,
SkmM6M_pW,title_cached,0.0,Egocentric Spatial Memory Network,1.000,,
SkiCjzNTZ,title_cached,1.0,Spontaneous Symmetry Breaking in Deep Neural Networks,1.000,,
SkffVjUaW,title_cached,0.0,Building effective deep neural networks one feature at a time,1.000,,
SkfNU2e0Z,title_cached,0.0,Statestream: A toolbox to explore layerwise-parallel deep neural networks,1.000,,
SkaPsfZ0W,title_cached,0.0,Network of Graph Convolutional Networks Trained on Random Walks,1.000,,
SkZ-BnyCW,title_cached,1.0,Learning Deep Generative Models With Discrete Latent Variables,1.000,,
SkYXvCR6W,title_cached,0.0,Compact Encoding of Words for Efficient Character-level Convolutional Neural Networks Text Classification,1.000,,
SkNQeiRpb,title_cached,5.0,Training Deep AutoEncoders for Recommender Systems,1.000,,
SkJd_y-Cb,title_cached,0.0,Word2net: Deep Representations of Language,1.000,,
SkJKHMW0Z,title_cached,31.0,Recurrent Relational Networks for Complex Relational Reasoning,1.000,,arXiv.org
SkFvV0yC-,title_cached,0.0,Network Iterative Learning for Dynamic Deep Neural Networks via Morphism,1.000,,
SkFEGHx0Z,title_cached,9.0,Nearest Neighbour Radial Basis Function Solvers for Deep Neural Networks,1.000,,arXiv.org
SkERSm-0-,title_cached,0.0,Preliminary theoretical troubleshooting in Variational Autoencoder,1.000,,
SkBcLugC-,title_cached,1.0,Fast and Accurate Inference with Adaptive Ensemble Prediction for Deep Networks,1.000,,
SkBHr1WRW,title_cached,0.0,Ego-CNN: An Ego Network-based Representation of Graphs Detecting Critical Structures,1.000,,
SkAK2jg0b,title_cached,20.0,An Out-of-the-box Full-Network Embedding for Convolutional Neural Networks,1.000,,International Conference on Big Knowledge
Sk7cHb-C-,title_cached,0.0,Representing dynamically: An active process for describing sequential data,1.000,,
Sk0pHeZAW,title_cached,0.0,Sparse Regularized Deep Neural Networks For Efficient Embedded Learning,1.000,,
Sk03Yi10Z,title_cached,112.0,An Ensemble of Retrieval-Based and Generation-Based Human-Computer Conversation Systems,1.000,,International Joint Conference on Artificial Intelligence
SJzmJEq6W,title_cached,4.0,Learning non-linear transform with discriminative and minimum information loss priors,1.000,,
SJxE3jlA-,title_cached,5.0,Now I Remember! Episodic Memory For Reinforcement Learning,1.000,,
SJu63o10b,title_cached,0.0,UNSUPERVISED METRIC LEARNING VIA NONLINEAR FEATURE SPACE TRANSFORMATIONS,1.000,,
SJtfOEn6-,title_cached,5.0,ResBinNet: Residual Binary Neural Network,1.000,,arXiv.org
SJtChcgAW,title_cached,0.0,Cheap DNN Pruning with Performance Guarantees,1.000,,
SJme6-ZR-,title_cached,2.0,A Deep Learning Approach for Survival Clustering without End-of-life Signals,1.000,,
SJiHOSeR-,title_cached,3.0,Contextual memory bandit for pro-active dialog engagement,1.000,,
SJa1Nk10b,title_cached,10.0,Anytime Neural Network: a Versatile Trade-off Between Computation and Accuracy,1.000,,
SJZsR7kCZ,title_cached,0.0,Iterative Deep Compression : Compressing Deep Networks for Classification and Semantic Segmentation,1.000,,
SJSVuReCZ,title_cached,2.0,SHADE: SHAnnon DEcay Information-Based Regularization for Deep Learning,1.000,,
SJPpHzW0-,title_cached,80.0,Influence-Directed Explanations for Deep Convolutional Networks,1.000,,International Test Conference
SJOl4DlCZ,title_cached,2.0,Classifier-to-Generator Attack: Estimation of Training Data Distribution from Classifier,1.000,,
SJICXeWAb,title_cached,0.0,Depth separation and weight-width trade-offs for sigmoidal neural networks,1.000,,International Conference on Learning Representations
SJFM0ZWCb,title_cached,137.0,Deep Temporal Clustering : Fully Unsupervised Learning of Time-Domain Features,0.993,,arXiv.org
SJDYgPgCZ,title_cached,2.0,Understanding Local Minima in Neural Networks by Loss Surface Decomposition,1.000,,
SJ3dBGZ0Z,title_cached,3.0,LSH Softmax: Sub-Linear Learning and Inference of the Softmax Layer in Deep Architectures,1.000,,
SJ1fQYlCZ,title_cached,4.0,Training with Growing Sets: A Simple Alternative to Curriculum Learning and Self Paced Learning,1.000,,
S1xDcSR6W,title_cached,0.0,HYBED: HYPERBOLIC NEURAL GRAPH EMBEDDING,1.000,,
S1viikbCW,title_cached,12.0,TCAV: Relative concept importance testing with Linear Concept Activation Vectors,1.000,,
S1sRrN-CW,title_cached,3.0,Revisiting Knowledge Base Embedding as Tensor Decomposition,1.000,,
S1q_Cz-Cb,title_cached,0.0,Training Neural Machines with Partial Traces,1.000,,
S1Y7OOlRZ,title_cached,519.0,A System for Massively Parallel Hyperparameter Tuning,0.860,,Conference on Machine Learning and Systems
S1XXq6lRW,title_cached,1.0,Zero-shot Cross Language Text Classification,1.000,,
S1PWi_lC-,title_cached,7.0,Multi-task Learning on MNIST Image Datasets,1.000,,
S1Ow_e-Rb,title_cached,13.0,How do deep convolutional neural networks learn from raw audio waveforms,1.000,,
S1NHaMW0b,title_cached,179.0,Shakedrop Regularization for Deep Residual Learning,0.640,,IEEE Access
S1GDXzb0b,title_cached,0.0,Model-based imitation learning from state trajectories,1.000,,
S1FQEfZA-,title_cached,16.0,A Classification-Based Perspective on GAN Distributions,1.000,,arXiv.org
S1FFLWWCZ,title_cached,0.0,LSD-Net: Look; Step and Detect for Joint Navigation and Multi-View Recognition with Deep Reinforcement Learning,1.000,,
S1EzRgb0W,title_cached,0.0,Explaining the Mistakes of Neural Networks with Latent Sympathetic Examples,1.000,,
S1EfylZ0Z,title_cached,328.0,Anomaly Detection with Generative Adversarial Networks for Multivariate Time Series,0.788,,arXiv.org
S16FPMgRZ,title_cached,4.0,Tensor Contraction & Regression Networks,1.000,,
S1680_1Rb,title_cached,0.0,CAYLEYNETS: SPECTRAL GRAPH CNNS WITH COMPLEX RATIONAL FILTERS,1.000,,
HyxjwgbRZ,title_cached,10.0,Convergence rate of sign stochastic gradient descent for non-convex functions,1.000,,
HyunpgbR-,title_cached,6.0,Structured Exploration via Hierarchical Variational Policy Networks,1.000,,
Hyp-JJJRW,title_cached,5.0,Style Memory: Making a Classifier Network Generative,1.000,,IEEE International Conference on Cognitive Informatics and Cognitive Computing
HyowcvgAZ,title_cached,54.0,Distributional Inclusion Vector Embedding for Unsupervised Hypernymy Detection,1.000,,North American Chapter of the Association for Computational Linguistics
HylgYB3pZ,title_cached,1.0,Linearly Constrained Weights: Resolving the Vanishing Gradient Problem by Reducing Angle Bias,1.000,,
Hyig0zb0Z,title_cached,0.0,Gated ConvNets for Letter-Based ASR,1.000,,
HyiRazbRb,title_cached,1.0,Demystifying overcomplete nonlinear auto-encoders: fast SGD convergence towards sparse representation from random initia,1.000,,
Hy_o3x-0b,title_cached,1.0,Feature Map Variational Auto-Encoders,1.000,,
HyY0Ff-AZ,title_cached,0.0,Representing Entropy : A short proof of the equivalence between soft Q-learning and policy gradients,1.000,,
HyTrSegCb,title_cached,0.0,Achieving morphological agreement with Concorde,1.000,,
HyPpD0g0Z,title_cached,4.0,Grouping-By-ID: Guarding Against Adversarial Domain Shifts,1.000,,
HyN-ZvlC-,title_cached,28.0,Large Margin Neural Language Model,0.986,,Conference on Empirical Methods in Natural Language Processing
HyKZyYlRZ,title_cached,0.0,Large Scale Multi-Domain Multi-Task Learning with MultiModel,1.000,,
HyIFzx-0b,title_cached,0.0,BinaryFlex: On-the-Fly Kernel Generation in Binary Convolutional Networks,1.000,,
HyI6s40a-,title_cached,5.0,Towards Safe Deep Learning: Unsupervised Defense Against Generic Adversarial Attacks,1.000,,
HyFaiGbCW,title_cached,1.0,Generalization of Learning using Reservoir Computing,1.000,,
Hy8hkYeRb,title_cached,7.0,A Deep Predictive Coding Network for Learning Latent Representations,1.000,,bioRxiv
Hy3MvSlRW,title_cached,0.0,Adversarial reading networks for machine comprehension,1.000,,
HkwrqtlR-,title_cached,1.0,WHAT ARE GANS USEFUL FOR,1.000,,
HktXuGb0-,title_cached,0.0,Reward Estimation via State Prediction,1.000,,
Hkp3uhxCW,title_cached,1.0,Revisiting Bayes by Backprop,1.000,,
HkinqfbAb,title_cached,0.0,Automatic Parameter Tying in Neural Networks,1.000,,
Hki-ZlbA-,title_cached,91.0,Ground-Truth Adversarial Examples,1.000,,arXiv.org
HkeJVllRW,title_cached,14.0,SC-Conv: Sparse-Complementary Convolution for Efficient Model Utilization on CNNs,0.953,,IEEE International Symposium on Multimedia
HkbmWqxCZ,title_cached,35.0,The Mutual Autoencoder: Controlling Information in Latent Code Representations,1.000,,
HkanP0lRW,title_cached,0.0,Data-driven Feature Sampling for Deep Hyperspectral Classification and Segmentation,1.000,,arXiv.org
Hk__kGbCW,title_cached,8.0,Agreement on Target-Bidirectional Recurrent Neural Networks for Sequence-to-Sequence Learning,0.793,,Journal of Artificial Intelligence Research
HkPCrEZ0Z,title_cached,8.0,Combining Model-based and Model-free RL via Multi-step Control Variates,1.000,,
HkMhoDITb,title_cached,0.0,Reinforcement Learning via Replica Stacking of Quantum Measurements for the Training of Quantum Boltzmann Machines,1.000,,
HkJ1rgbCb,title_cached,0.0,Using Deep Reinforcement Learning to Generate Rationales for Molecules,1.000,,
HkCvZXbC-,title_cached,1.0,3C-GAN: AN CONDITION-CONTEXT-COMPOSITE GENERATIVE ADVERSARIAL NETWORKS FOR GENERATING IMAGES SEPARATELY,1.000,,
HJw8fAgA-,title_cached,2.0,Learning Dynamic State Abstractions for Model-Based Reinforcement Learning,1.000,,
HJsk5-Z0W,title_cached,0.0,Structured Deep Factorization Machine: Towards General-Purpose Architectures,1.000,,
HJrJpzZRZ,title_cached,0.0,Self-Supervised Learning of Object Motion Through Adversarial Video Prediction,1.000,,
HJr4QJ26W,title_cached,3.0,Improving image generative models with human interactions,1.000,,arXiv.org
HJqUtdOaZ,title_cached,0.0,ENRICHMENT OF FEATURES FOR CLASSIFICATION USING AN OPTIMIZED LINEAR/NON-LINEAR COMBINATION OF INPUT FEATURES,1.000,,
HJjePwx0-,title_cached,0.0,Better Generalization by Efficient Trust Region Method,1.000,,
HJg1NTGZRZ,title_cached,2.0,Bit-Regularized Optimization of Neural Nets,1.000,,
HJ_X8GupW,title_cached,0.0,Multi-label Learning for Large Text Corpora using Latent Variable Model with Provable Gurantees,1.000,,
HJYoqzbC-,title_cached,4.0,A comparison of second-order methods for deep convolutional neural networks,1.000,,
HJXyS7bRb,title_cached,4.0,A Goal-oriented Neural Conversation Model by Self-Play,1.000,,
HJXOfZ-AZ,title_cached,1.0,When and where do feed-forward neural networks learn localist representations?,1.000,,arXiv.org
HJPSN3gRW,title_cached,0.0,Learning to navigate by distilling visual information and natural language instructions,1.000,,
HJNGGmZ0Z,title_cached,0.0,What is image captioning made of,1.000,,
HJMN-xWC-,title_cached,0.0,Learning Parsimonious Deep Feed-forward Networks,1.000,,
HJJ0w--0W,title_cached,146.0,Long-term Forecasting using Tensor-Train RNNs,1.000,,arXiv.org
HJGcNz-0W,title_cached,2.0,Convolutional Mesh Autoencoders for 3D Face Representation,1.000,,
HJDUjKeA-,title_cached,2.0,Learning objects from pixels,1.000,,
HJBhEMbRb,title_cached,13.0,A Spectral Approach to Generalization and Optimization in Neural Networks,1.000,,
HJ8W1Q-0Z,title_cached,2.0,GATED FAST WEIGHTS FOR ASSOCIATIVE RETRIEVAL,1.000,,
HJ4YGZ-AW,title_cached,3.0,A Neural-Symbolic Approach to Natural Language Tasks,1.000,,arXiv.org
HJ39YKiTb,title_cached,0.0,Associative Conversation Model: Generating Visual Information from Textual Information,1.000,,
HJ1HFlZAb,title_cached,3.0,Evaluation of generative networks through their data augmentation capacity,1.000,,
H1vCXOe0b,title_cached,0.0,Interpreting Deep Classification Models With Bayesian Inference,1.000,,
H1u8fMW0b,title_cached,3.0,Toward predictive machine learning for active vision,1.000,,arXiv.org
H1srNebAZ,title_cached,1.0,Discovering the mechanics of hidden neurons,1.000,,
H1rRWl-Cb,title_cached,86.0,An Information-Theoretic Analysis of Deep Latent-Variable Models,1.000,,arXiv.org
H1l8sz-AW,title_cached,0.0,Improving generalization by regularizing in $L^2$ function space,1.000,,
H1kMMmb0-,title_cached,0.0,Sequential Coordination of Deep Models for Learning Visual Arithmetic,1.000,,arXiv.org
H1a37GWCZ,title_cached,3.0,Unsupervised Sentence Embedding Using Document Structure-Based Context,1.000,,ECML/PKDD
H1Ww66x0-,title_cached,2.0,Lifelong Learning with Output Kernels,1.000,,
H1OQukZ0-,title_cached,1.0,Online Hyper-Parameter Optimization,1.000,,
H1O0KGC6b,title_cached,0.0,Post-training for Deep Learning,1.000,,
H1Nyf7W0Z,title_cached,2.0,Alpha-divergence bridges maximum likelihood and reinforcement learning in neural sequence generation,1.000,,
H1LAqMbRW,title_cached,4.0,Latent forward model for Real-time Strategy game planning with incomplete information,1.000,,
H1K6Tb-AZ,title_cached,0.0,TESLA: Task-wise Early Stopping and Loss Aggregation for Dynamic Neural Network Inference,1.000,,
H1BO9M-0Z,title_cached,1.0,Lifelong Word Embedding via Meta-Learning,1.000,,
H1BHbmWCZ,title_cached,0.0,TOWARDS ROBOT VISION MODULE DEVELOPMENT WITH EXPERIENTIAL ROBOT LEARNING,1.000,,
H1A5ztj3b,title_cached,526.0,Super-Convergence: Very Fast Training of Residual Networks Using Large Learning Rates,1.000,,arXiv.org
H15RufWAW,title_cached,5.0,GraphGAN: Generating Graphs via Random Walks,1.000,,
H139Q_gAW,title_cached,6.0,Learning Graph Convolution Filters from Data Manifold,1.000,,arXiv.org
H1-oTz-Cb,title_cached,2.0,Parametrizing filters of a CNN with a GAN,1.000,,arXiv.org
ByzvHagA-,title_cached,3.0,Disentangled activations in deep networks,1.000,,
ByuI-mW0W,title_cached,4.0,Towards a Testable Notion of Generalization for Generative Adversarial Networks,1.000,,
Bys_NzbC-,title_cached,5.0,Achieving Strong Regularization for Deep Neural Networks,1.000,,
Bym0cU1CZ,title_cached,5.0,Towards Interpretable Chit-chat: Open Domain Dialogue Generation with Dialogue Acts,1.000,,
Byj54-bAW,title_cached,7.0,A Tensor Analysis on Dense Connectivity via Convolutional Arithmetic Circuits,1.000,,
ByhthReRb,title_cached,0.0,A Neural Method for Goal-Oriented Dialog Systems to interact with Named Entities,1.000,,
Byht0GbRZ,title_cached,22.0,Structured Alignment Networks for Matching Sentences,0.716,,Conference on Empirical Methods in Natural Language Processing
BybQ7zWCb,title_cached,15.0,“Style” Transfer for Musical Audio Using Multiple Time-Frequency Representations,1.000,,
ByZmGjkA-,title_cached,32.0,Understanding Grounded Language Learning Agents,1.000,,arXiv.org
ByYPLJA6W,title_cached,4.0,Theoretical and experimental analysis on the generalizability of distribution regression network,0.488,,Neurocomputing
ByW5yxgA-,title_cached,3.0,Multiscale Hidden Markov Models For Covariance Prediction,1.000,,
ByUEelW0-,title_cached,0.0,Modifying memories in a Recurrent Neural Network Unit,1.000,,
ByL48G-AW,title_cached,18.0,Simple Nearest Neighbor Policy Method for Continuous Control Tasks,1.000,,
ByJbJwxCW,title_cached,0.0,Relational Multi-Instance Learning for Concept Annotation from Medical Time Series,1.000,,
ByJ7obb0b,title_cached,2.0,Understanding and Exploiting the Low-Rank Structure of Deep Networks,1.000,,
ByED-X-0W,title_cached,5.0,Parametric Information Bottleneck to \\Optimize Stochastic Neural Networks,1.000,,
ByCPHrgCW,title_cached,4.0,Deep Learning Inferences with Hybrid Homomorphic Encryption,1.000,,
By5SY2gA-,title_cached,0.0,Towards Building Affect sensitive Word Distributions,1.000,,
By0ANxbRW,title_cached,3.0,DNN Model Compression Under Accuracy Constraints,1.000,,
By-IifZRW,title_cached,5.0,Gaussian Process Neurons Learn Stochastic Activation Functions,0.558,,arXiv.org
BkpXqwUTZ,title_cached,0.0,Iterative temporal differencing with fixed random feedback alignment support spike-time dependent plasticity in vanilla ,1.000,,
BkoCeqgR-,title_cached,0.0,On the Construction and Evaluation of Color Invariant Networks,1.000,,
BkiIkBJ0b,title_cached,3.0,Do Deep Reinforcement Learning Algorithms really Learn to Navigate,1.000,,
Bki1Ct1AW,title_cached,0.0,Baseline-corrected space-by-time non-negative matrix factorization for decoding single trial population spike trains,1.000,,
BkeC_J-R-,title_cached,2.0,Combination of Supervised and Reinforcement Learning For Vision-Based Autonomous Control,1.000,,
Bk_fs6gA-,title_cached,0.0,Long Term Memory Network for Combinatorial Optimization Problems,1.000,,
BkUDW_lCb,title_cached,40.0,Pointing Out SQL Queries From Text,1.000,,
BkS3fnl0W,title_cached,8.0,Semi-Supervised Outlier Detection Using a Generative and Adversary Framework,0.986,,
BkPrDFgR-,title_cached,73.0,Piecewise Linear Neural Network verification: A comparative study,0.992,,arXiv.org
BkDB51WR-,title_cached,2.0,Learning temporal evolution of probability distribution with Recurrent Neural Network,1.000,,
Bk7wvW-C-,title_cached,7.0,Exploring Asymmetric Encoder-Decoder Structure for Context-based Sentence Representation Learning,1.000,,arXiv.org
Bk-ofQZRb,title_cached,17.0,TD Learning with Constrained Gradients,1.000,,
BJvVbCJCb,title_cached,0.0,Neural Clustering By Predicting And Copying Noise,1.000,,
BJjBnN9a-,title_cached,1.0,Continuous Convolutional Neural Networks for Image Classification,1.000,,
BJhxcGZCW,title_cached,1.0,Generative Discovery of Relational Medical Entity Pairs,1.000,,
BJgd7m0xRZ,title_cached,5.0,Unsupervised Adversarial Anomaly Detection using One-Class Support Vector Machines,0.994,,
BJgVaG-Ab,title_cached,5.0,Automata Guided Hierarchical Reinforcement Learning for Zero-shot Skill Composition,1.000,,arXiv.org
BJgPCveAW,title_cached,11.0,Characterizing Sparse Connectivity Patterns in Neural Networks,1.000,,Information Theory and Applications Workshop
BJcAWaeCW,title_cached,0.0,Graph Topological Features via GAN,1.000,,
BJaU__eCZ,title_cached,1.0,Hallucinating brains with artificial brains,1.000,,
BJ_QxP1AZ,title_cached,4.0,Unleashing the Potential of CNNs for Interpretable Few-Shot Learning,1.000,,arXiv.org
BJRxfZbAW,title_cached,1.0,The Context-Aware Learner,1.000,,
BJLmN8xRW,title_cached,134.0,Character Level based Detection of DGA Domain Names,1.000,,IEEE International Joint Conference on Neural Network
BJInMmWC-,title_cached,1.0,Generative Entity Networks: Disentangling Entitites and Attributes in Visual Scenes using Partial Natural Language Descr,1.000,,
BJDEbngCZ,title_cached,63.0,Global Convergence of Policy Gradient Methods for Linearized Control Problems,0.994,,International Conference on Machine Learning
BJB7fkWR-,title_cached,1.0,Domain Adaptation for Deep Reinforcement Learning in Visually Distinct Games,1.000,,
BJ7d0fW0b,title_cached,0.0,Faster Reinforcement Learning with Expert State Sequences,1.000,,
BJ4prNx0W,title_cached,0.0,Learning what to learn in a neural program,1.000,,
B1uvH_gC-,title_cached,3.0,Parametric Manifold Learning Via Sparse Multidimensional Scaling,1.000,,arXiv.org
B1tExikAW,title_cached,23.0,LatentPoison - Adversarial Attacks On The Latent Space,1.000,,arXiv.org
B1suU-bAW,title_cached,0.0,Learning Covariate-Specific Embeddings with Tensor Decompositions,1.000,,
B1nLkl-0Z,title_cached,3.0,Learning Gaussian Policies from Smoothed Action Value Functions,1.000,,
B1mAkPxCZ,title_cached,0.0,VOCABULARY-INFORMED VISUAL FEATURE AUGMENTATION FOR ONE-SHOT LEARNING,1.000,,
B1kIr-WRb,title_cached,1.0,LEARNING SEMANTIC WORD RESPRESENTATIONS VIA TENSOR FACTORIZATION,1.000,,
B1NOXfWR-,title_cached,1.0,Neural Task Graph Execution,1.000,,
B1EVwkqTW,title_cached,1.0,Make SVM great again with Siamese kernel for few-shot learning,0.992,,
B1EGg7ZCb,title_cached,2.0,Autonomous Vehicle Fleet Coordination With Deep Reinforcement Learning,1.000,,
B1D6ty-A-,title_cached,0.0,Training Autoencoders by Alternating Minimization,1.000,,
B1CQGfZ0b,title_cached,2.0,Learning to select examples for program synthesis,1.000,,arXiv.org
B16yEqkCZ,title_cached,0.0,Avoiding Catastrophic States with Intrinsic Fear,1.000,,
B16_iGWCW,title_cached,0.0,Deep Boosting of Diverse Experts,1.000,,
B13EC5u6W,title_cached,0.0,Thinking like a machine — generating visual rationales through latent space optimization,1.000,,
ryzfcoR5YQ,title_cached,4.0,Layerwise Recurrent Autoencoder for General Real-world Traffic Flow Forecasting,1.000,,
ryza73R9tQ,title_cached,1.0,Machine Translation With Weakly Paired Bilingual Documents,1.000,,
ryzHXnR5Y7,title_cached,10.0,Select Via Proxy: Efficient Data Selection For Training Deep Networks,1.000,,
ryxyHnR5tX,title_cached,0.0,Accelerated Sparse Recovery Under Structured Measurements,1.000,,
ryxsS3A5Km,title_cached,0.0,Continual Learning via Explicit Structure Learning,1.000,,
ryxjH3R5KQ,title_cached,100.0,You Only Search Once: Single Shot Neural Architecture Search via Direct Sparse Optimization,0.868,,IEEE Transactions on Pattern Analysis and Machine Intelligence
ryxhynC9KX,title_cached,1.0,CNNSAT: Fast; Accurate Boolean Satisfiability using Convolutional Neural Networks,1.000,,
ryxeB30cYX,title_cached,2.0,Stochastic Quantized Activation: To prevent Overfitting in Fast Adversarial Training,1.000,,
ryxaSsActQ,title_cached,5.0,Dual Skew Divergence Loss for Neural Machine Translation,1.000,,arXiv.org
ryxOIsA5FQ,title_cached,2.0,Stacking for Transfer Learning,1.000,,
ryxMX2R9YQ,title_cached,14.0,CGNF: Conditional Graph Neural Fields,1.000,,
ryxLG2RcYX,title_cached,5.0,Learning Abstract Models for Long-Horizon Exploration,1.000,,
ryxHii09KQ,title_cached,0.0,In Your Pace: Learning the Right Example at the Right Time,1.000,,
ryxDUs05KQ,title_cached,0.0,Difference-Seeking Generative Adversarial Network,1.000,,
ryx3_iAcY7,title_cached,2.0,Contextualized Role Interaction for Neural Machine Translation,1.000,,
rylxxhRctX,title_cached,4.0,Coverage and Quality Driven Training of Generative Image Models,1.000,,arXiv.org
ryljV2A5KX,title_cached,31.0,IB-GAN: Disentangled Representation Learning with Information Bottleneck GAN,1.000,,
rylhToC5YQ,title_cached,0.0,Unsupervised Neural Multi-Document Abstractive Summarization of Reviews,1.000,,
rylbWhC5Ym,title_cached,0.0,HR-TD: A Regularized TD Method to Avoid Over-Generalization,1.000,,
rylWVnR5YQ,title_cached,1.0,Context Dependent Modulation of Activation Function,1.000,,
rylIy3R9K7,title_cached,9.0,Understand the dynamics of GANs via Primal-Dual Optimization,1.000,,
rygk9oA9Ym,title_cached,48.0,3D-RelNet: Joint Object and Relational Network for 3D Prediction,1.000,,IEEE International Conference on Computer Vision
rygVV205KQ,title_cached,4.0,Visual Imitation with a Minimal Adversary,1.000,,
rygFmh0cKm,title_cached,0.0,On Difficulties of Probability Distillation,1.000,,
ryfcCo0ctQ,title_cached,16.0,Convergent Reinforcement Learning with Function Approximation: A Bilevel Optimization Perspective,1.000,,
ryeyti0qKX,title_cached,0.0,On the Statistical and Information Theoretical Characteristics of DNN Representations,1.000,,
ryeoxnRqKQ,title_cached,4.0,NATTACK: A STRONG AND UNIVERSAL GAUSSIAN BLACK-BOX ADVERSARIAL ATTACK,1.000,,
ryemosC9tm,title_cached,1.0,Representation-Constrained Autoencoders and an Application to Wireless Positioning,1.000,,
ryekdoCqF7,title_cached,0.0,Incremental training of multi-generative adversarial networks,1.000,,
ryeaZhRqFm,title_cached,13.0,Link Prediction in Hypergraphs using Graph Convolutional Networks,1.000,,
ryeAy3AqYm,title_cached,8.0,Distilled Agent DQN for Provable Adversarial Robustness,1.000,,
rye7XnRqFm,title_cached,6.0,Q-map: a Convolutional Approach for Goal-Oriented Reinforcement Learning,1.000,,arXiv.org
ryM07h0cYX,title_cached,0.0,Reinforced Pipeline Optimization: Behaving Optimally with Non-Differentiabilities,1.000,,
ryGpEiAcFQ,title_cached,0.0,A Synaptic Neural Network and Synapse Learning,1.000,,
ryGDEjCcK7,title_cached,0.0,Controlling Covariate Shift using Equilibrium Normalization of Weights,1.000,,arXiv.org
ryG8UsR5t7,title_cached,4.0,n-MeRCI: A new Metric to Evaluate the Correlation Between Predictive Uncertainty and True Error,0.995,,IEEE/RJS International Conference on Intelligent RObots and Systems
ryG2Cs09Y7,title_cached,13.0,Feature prioritization and regularization improve standard accuracy and adversarial robustness,1.000,,International Joint Conference on Artificial Intelligence
rkzfuiA9F7,title_cached,14.0,Projective Subspace Networks For Few-Shot Learning,1.000,,
rkxtl3C5YX,title_cached,1.0,Understanding & Generalizing AlphaGo Zero,1.000,,
rkxkHnA5tX,title_cached,1.0,Learning from Noisy Demonstration Sets via Meta-Learned Suitability Assessor,1.000,,
rkxd2oR9Y7,title_cached,21.0,The Case for Full-Matrix Adaptive Regularization,1.000,,arXiv.org
rkx8l3Cctm,title_cached,11.0,Safe Policy Learning from Observations,1.000,,arXiv.org
rkx0g3R5tX,title_cached,0.0,Partially Mutual Exclusive Softmax for Positive and Unlabeled data,1.000,,
rklhb2R9Y7,title_cached,3.0,Reinforced Imitation Learning from Observations,1.000,,
rkle3i09K7,title_cached,6.0,Robust Determinantal Generative Classifier for Noisy Labels and Adversarial Attacks,1.000,,
rklQas09tm,title_cached,8.0,Learning Corresponded Rationales for Text Matching,1.000,,
rklEUjR5tm,title_cached,0.0,SHE2: Stochastic Hamiltonian Exploration and Exploitation for Derivative-Free Optimization,1.000,,
rkl4M3R5K7,title_cached,0.0,Optimal Attacks against Multiple Classifiers,1.000,,
rkl42iA5t7,title_cached,22.0,NETWORK COMPRESSION USING CORRELATION ANALYSIS OF LAYER RESPONSES,1.000,,
rkl3-hA5Y7,title_cached,4.0,Towards Decomposed Linguistic Representation with Holographic Reduced Representation,1.000,,
rkgv9oRqtQ,title_cached,11.0,Compound Density Networks for Risk Prediction using Electronic Health Records,0.490,,IEEE International Conference on Bioinformatics and Biomedicine
rkgqCiRqKQ,title_cached,4.0,Inferring Reward Functions from Demonstrators with Unknown Biases,1.000,,
rkgpCoRctm,title_cached,23.0,Detecting Out-Of-Distribution Samples Using Low-Order Deep Features Statistics,1.000,,
rkglvsC9Ym,title_cached,43.0,Log Hyperbolic Cosine Loss Improves Variational Auto-Encoder,1.000,,
rkgfWh0qKX,title_cached,18.0,Do Language Models Have Common Sense,1.000,,
rkgZ3oR9FX,title_cached,3.0,Learning to Refer to 3D Objects with Natural Language,1.000,,
rkgMNnC9YQ,title_cached,0.0,ATTENTIVE EXPLAINABILITY FOR PATIENT TEMPORAL EMBEDDING,1.000,,
rkg5fh0ctQ,title_cached,0.0,Transferring SLU Models in Novel Domains,1.000,,
rkeqCoA5tX,title_cached,0.0,LEARNING GENERATIVE MODELS FOR DEMIXING OF STRUCTURED SIGNALS FROM THEIR SUPERPOSITION USING GANS,1.000,,
rkeX-3Rqtm,title_cached,0.0,Training Hard-Threshold Networks with Combinatorial Search in a Discrete Target Propagation Setting,1.000,,
rkGcYi09Km,title_cached,0.0,NUTS: Network for Unsupervised Telegraphic Summarization,1.000,,
rkGG6s0qKQ,title_cached,159.0,The GAN Landscape: Losses; Architectures; Regularization; and Normalization,1.000,,arXiv.org
rJzoujRct7,title_cached,2.0,A Solution to China Competitive Poker Using Deep Learning,1.000,,
rJxpuoCqtQ,title_cached,3.0,Set Cross Entropy: Likelihood-based Permutation Invariant Loss Function for Probability Distributions,0.900,,arXiv.org
rJxcHnRqYQ,title_cached,2.0,Local Binary Pattern Networks for Character Recognition,1.000,,
rJx_b3RqY7,title_cached,1.0,AIM: Adversarial Inference by Matching Priors and Conditionals,1.000,,
rJxF73R9tX,title_cached,9.0,Knows When it Doesn’t Know: Deep Abstaining Classifiers,1.000,,
rJlpUiAcYX,title_cached,4.0,Holographic and other Point Set Distances for Machine Learning,1.000,,
rJlcV2Actm,title_cached,0.0,MahiNet: A Neural Network for Many-Class Few-Shot Learning with Class Hierarchy,1.000,,
rJl_NhR9K7,title_cached,5.0,ISA-VAE: Independent Subspace Analysis with Variational Autoencoders,1.000,,
rJlRKjActQ,title_cached,39.0,Manifold Mixup: Learning Better Representations by Interpolating Hidden States,1.000,,
rJlMBjAcYX,title_cached,12.0,Optimizing for Generalization in Machine Learning with Cross-Validation Gradients,1.000,,arXiv.org
rJlJ-2CqtX,title_cached,2.0,Success at any cost: value constrained model-free continuous control,1.000,,
rJl8FoRcY7,title_cached,0.0,Deep Generative Models for learning Coherent Latent Representations from Multi-Modal Data,1.000,,
rJl8BhRqF7,title_cached,1.0,Improving machine classification using human uncertainty measurements,1.000,,
rJl6M2C5Y7,title_cached,0.0,Online Hyperparameter Adaptation via Amortized Proximal Optimization,1.000,,
rJl3S2A9t7,title_cached,6.0,Policy Optimization via Stochastic Recursive Gradient Algorithm,1.000,,
rJgz8sA5F7,title_cached,0.0,HC-Net: Memory-based Incremental Dual-Network System for Continual learning,1.000,,arXiv.org
rJg_NjCqtX,title_cached,0.0,Chemical Names Standardization using Neural Sequence to Sequence Model,1.000,,arXiv.org
rJgTciR9tm,title_cached,0.0,Learning Information Propagation in the Dynamical Systems via Information Bottleneck Hierarchy,1.000,,
rJgP7hR5YQ,title_cached,0.0,Composition and decomposition of GANs,1.000,,arXiv.org
rJedbn0ctQ,title_cached,6.0,Zero-training Sentence Embedding via Orthogonal Basis,1.000,,arXiv.org
rJeQYjRqYX,title_cached,0.0,Effective Path: Know the Unknowns of Neural Network,1.000,,
rJeEqiC5KQ,title_cached,0.0,ON THE USE OF CONVOLUTIONAL AUTO-ENCODER FOR INCREMENTAL CLASSIFIER LEARNING IN CONTEXT AWARE ADVERTISEMENT,1.000,,
rJe1y3CqtX,title_cached,0.0,Deep Reinforcement Learning of Universal Policies with Diverse Environment Summaries,1.000,,
rJG8asRqKX,title_cached,1.0,A Deep Learning Approach for Dynamic Survival Analysis with Competing Risks,1.000,,
rJEyrjRqYX,title_cached,0.0,Reduced-Gate Convolutional LSTM Design Using Predictive Coding for Next-Frame Video Prediction,1.000,,
rJ4vlh0qtm,title_cached,0.0,SSoC: Learning Spontaneous and Self-Organizing Communication for Multi-Agent Collaboration,1.000,,
rJ4qXnCqFX,title_cached,1.0,Stat-n-Ball: Enhancing Probabilistic Knowledge Graph Embeddings with Geometric and Confidence-Aware Models,0.563,,The Web Conference
r1ztwiCcYQ,title_cached,0.0,VARIATIONAL SGD: DROPOUT ; GENERALIZATION AND CRITICAL POINT AT THE END OF CONVEXITY,1.000,,
r1znKiAcY7,title_cached,13.0,Few-shot Classification on Graphs with Structural Regularized GCNs,1.000,,
r1xyx3R9tQ,title_cached,25.0,Prototypical Examples in Deep Learning: Metrics; Characteristics; and Utility,1.000,,
r1xywsC9tQ,title_cached,0.0,Mapping the hyponymy relation of wordnet onto vector Spaces,1.000,,
r1xwqjRcY7,title_cached,1.0,Probabilistic Semantic Embedding,1.000,,
r1xwS3RqKQ,title_cached,14.0,Neural Variable-Order Fractional Differential Equation Networks,0.652,,AAAI Conference on Artificial Intelligence
r1xurn0cKQ,title_cached,12.0,Correction Networks: Meta-Learning for Zero-Shot Learning,1.000,,
r1xrb3CqtQ,title_cached,1.0,Latent Domain Transfer: Crossing modalities with Bridging Autoencoders,1.000,,
r1xkIjA9tX,title_cached,1.0,q-Neurons: Neuron Activations Based on Stochastic Jackson’s Derivative Operators,1.000,,IEEE Transactions on Neural Networks and Learning Systems
r1xRW3A9YX,title_cached,13.0,Riemannian TransE: Multi-relational Graph Embedding in Non-Euclidean Space,1.000,,
r1xFE3Rqt7,title_cached,28.0,Adaptive Mixture of Low-Rank Factorizations for Compact Neural Modeling,1.000,,
r1luCsCqFm,title_cached,0.0,Learn From Neighbour: A Curriculum That Train Low Weighted Samples By Imitating,1.000,,
r1ledo0ctX,title_cached,1.0,Consistency-based anomaly detection with adaptive multiple-hypotheses predictions,1.000,,arXiv.org
r1lM_sA5Fm,title_cached,0.0,Assumption Questioning: Latent Copying and Reward Exploitation in Question Generation,1.000,,
r1lFIiR9tQ,title_cached,4.0,Training generative latent models by variational f-divergence minimization,0.993,,
r1l3NiCqY7,title_cached,59.0,Lipschitz regularized Deep Neural Networks generalize and are adversarially robust,0.785,,
r1l-e3Cqtm,title_cached,24.0,Deep Probabilistic Video Compression,1.000,,arXiv.org
r1gnQ20qYX,title_cached,0.0,Pearl: Prototype lEArning via Rule Lists,1.000,,
r1glehC5tQ,title_cached,0.0,Distinguishability of adversarial examples,1.000,,ARES
r1gkAoA5FQ,title_cached,0.0,A bird's-eye view on coherence; and a worm's-eye view on cohesion,0.984,,arXiv.org
r1ge8sCqFX,title_cached,11.0,An Exhaustive Analysis of Lazy vs. Eager Learning Methods for Real-Estate Property Investment,1.000,,
r1gRCiA5Ym,title_cached,1.0,Jumpout: Improved Dropout for Deep Neural Networks with Rectified Linear Units,1.000,,
r1gOe209t7,title_cached,14.0,Reconciling Feature-Reuse and Overfitting in DenseNet with Specialized Dropout,1.000,,IEEE International Conference on Tools with Artificial Intelligence
r1gKNs0qYX,title_cached,0.0,Filter Training and Maximum Response: Classification via Discerning,1.000,,
r1gGpjActQ,title_cached,21.0,Hint-based Training for Non-Autoregressive Translation,1.000,,
r1g7y2RqYX,title_cached,2.0,Label Propagation Networks,1.000,,
r1g5b2RcKm,title_cached,50.0,MLPrune: Multi-Layer Pruning for Automated Neural Network Compression,1.000,,
r1fiFs09YX,title_cached,0.0,Sample-efficient policy learning in multi-agent Reinforcement Learning via meta-learning,1.000,,
r1fWmnR5tm,title_cached,8.0,Learning to Search Efficient DenseNet with Layer-wise Pruning,1.000,,IEEE International Joint Conference on Neural Network
r1fO8oC9Y7,title_cached,1.0,Multi-Task Learning for Semantic Parsing with Cross-Domain Sketch,1.000,,
r1ez_sRcFQ,title_cached,1.0,Pixel Redrawn For A Robust Adversarial Defense,1.000,,
r1exVhActQ,title_cached,2.0,DEEP-TRIM: REVISITING L1 REGULARIZATION FOR CONNECTION PRUNING OF DEEP NETWORK,1.000,,
r1espiA9YQ,title_cached,0.0,Towards More Theoretically-Grounded Particle Optimization Sampling for Deep Learning,1.000,,
r1erRoCqtX,title_cached,0.0,LSH Microbatches for Stochastic Gradients: Value in Rearrangement,0.992,,arXiv.org
r1eO_oCqtQ,title_cached,2.0,Gaussian-gated LSTM: Improved convergence by reducing state updates,1.000,,
r1eJssCqY7,title_cached,55.0,TabNN: A Universal Neural Network Solution for Tabular Data,1.000,,
r1Vx_oA5YQ,title_cached,3.0,Integrated Steganography and Steganalysis with Generative Adversarial Networks,1.000,,
r1Nb5i05tX,title_cached,10.0,The effectiveness of layer-by-layer training using the information bottleneck principle,1.000,,
r1NDBsAqY7,title_cached,11.0,Unsupervised Word Discovery with Segmental Neural Language Models,1.000,,arXiv.org
r1MxciCcKm,title_cached,24.0,Connecting the Dots Between MLE and RL for Sequence Generation,1.000,,DeepRLStructPred@ICLR
r1Gsk3R9Fm,title_cached,5.0,Shallow Learning For Deep Networks,1.000,,
r1GgDj0cKX,title_cached,0.0,PRUNING IN TRAINING: LEARNING AND RANKING SPARSE CONNECTIONS IN DEEP CONVOLUTIONAL NETWORKS,1.000,,
r1E0OsA9tX,title_cached,2.0,Learning From the Experience of Others: Approximate Empirical Bayes in Neural Networks,1.000,,
r14Aas09Y7,title_cached,3.0,COCO-GAN: Conditional Coordinate Generative Adversarial Network,1.000,,
SyzrLjA5FQ,title_cached,4.0,Selective Self-Training for semi-supervised Learning,1.000,,
Syzn9i05Ym,title_cached,31.0,Learning Neural Random Fields with Inclusive Auxiliary Generators,1.000,,arXiv.org
SyzjBiR9t7,title_cached,1.0,MANIFOLDNET: A DEEP NEURAL NETWORK FOR MANIFOLD-VALUED DATA,1.000,,
SyxwW2A5Km,title_cached,1.0,Learning Representations of Categorical Feature Combinations via Self-Attention,1.000,,
SyxvSiCcFQ,title_cached,0.0,Neural Network Cost Landscapes as Quantum States,1.000,,
SyxnvsAqFm,title_cached,4.0,Computation-Efficient Quantization Method for Deep Neural Networks,1.000,,
SyxknjC9KQ,title_cached,26.0,Dense Morphological Network: An Universal Function Approximator,1.000,,arXiv.org
Syxgbh05tQ,title_cached,2.0,Lyapunov-based Safe Policy Optimization,1.000,,
SyxaYsAqY7,title_cached,125.0,Second-Order Adversarial Attack and Certifiable Robustness,1.000,,arXiv.org
SyxZOsA9tX,title_cached,4.0,Accelerated value iteration via Anderson mixing,1.000,,Science China Information Sciences
SyxYEoA5FX,title_cached,0.0,Invariance and Inverse Stability under ReLU,1.000,,
SyxXhsAcFQ,title_cached,0.0,Cohen Welling bases & SO(2)-Equivariant classifiers using Tensor nonlinearity.,1.000,,
SyxMWh09KX,title_cached,31.0,Attentive Task-Agnostic Meta-Learning for Few-Shot Text Classification,1.000,,
SyxHKjAcYX,title_cached,20.0,Zero-Resource Multilingual Model Transfer: Learning What to Share,1.000,,
Syx9rnRcYm,title_cached,0.0,A CASE STUDY ON OPTIMAL DEEP LEARNING MODEL FOR UAVS,1.000,,
Syx4_iCqKQ,title_cached,0.0,Polar Prototype Networks,1.000,,
Syl6tjAqKX,title_cached,0.0,BEHAVIOR MODULE IN NEURAL NETWORKS,1.000,,
SygxYoC5FX,title_cached,1.0,BIGSAGE: unsupervised inductive representation learning of graph via bi-attended sampling and global-biased aggregating,1.000,,
SygK6sA5tX,title_cached,2.0,Graph Classification with Geometric Scattering,1.000,,arXiv.org
SygJSiA5YQ,title_cached,0.0,Weak contraction mapping and optimization,1.000,,
SygInj05Fm,title_cached,0.0,Physiological Signal Embeddings (PHASE) via Interpretable Stacked Models,1.000,,
SygHGnRqK7,title_cached,9.0,Probabilistic Federated Neural Matching,1.000,,
Syfz6sC9tQ,title_cached,3.0,Generative Feature Matching Networks,1.000,,
SyfXKoRqFQ,title_cached,0.0,ADA-BOUNDARY : ACCELERATING THE DNN TRAINING VIA ADAPTIVE BOUNDARY BATCH SELECTION,0.994,,
Syez3j0cKX,title_cached,2.0,Dissecting an Adversarial framework for Information Retrieval,1.000,,
SyerAiCqt7,title_cached,0.0,Hierarchical Bayesian Modeling for Clustering Sparse Sequences in the Context of Group Profiling,1.000,,
Syeil309tX,title_cached,2.0,Optimized Gated Deep Learning Architectures for Sensor Fusion,1.000,,arXiv.org
Syeben09FQ,title_cached,8.0,Evaluating GANs via Duality,1.000,,arXiv.org
SyeLno09Fm,title_cached,5.0,Few-Shot Intent Inference via Meta-Inverse Reinforcement Learning,1.000,,
SyeBqsRctm,title_cached,0.0,Step-wise Sensitivity Analysis: Identifying Partially Distributed Representations for Interpretable Deep Learning,1.000,,
Sye7qoC5FQ,title_cached,30.0,Adversarial Attacks on Node Embeddings,1.000,,International Conference on Machine Learning
Sye2doC9tX,title_cached,0.0,Exploration by Uncertainty in Reward Space,1.000,,
SyVpB2RqFX,title_cached,1.0,INFORMATION MAXIMIZATION AUTO-ENCODING,1.000,,
SyVhg20cK7,title_cached,1.0,Inducing Cooperation via Learning to reshape rewards in semi-cooperative multi-agent reinforcement learning,1.000,,
SyNbRj09Y7,title_cached,2.0,Visual Imitation Learning with Recurrent Siamese Networks,1.000,,arXiv.org
SyGjQ30qFX,title_cached,3.0,TopicGAN: Unsupervised Text Generation from Explainable Latent Topics,1.000,,
SyG4RiR5Ym,title_cached,0.0,Neural Distribution Learning for generalized time-to-event prediction,1.000,,
SkzeJ3A9F7,title_cached,2.0,Beyond Games: Bringing Exploration to Robots in Real-world,1.000,,
SkzK4iC5Ym,title_cached,15.0,Diminishing Batch Normalization,1.000,,IEEE Transactions on Neural Networks and Learning Systems
Skz3Q2CcFX,title_cached,10.0,Parallax: Visualizing and Understanding the Semantics of Embedding Spaces via Algebraic Formulae,0.950,,Annual Meeting of the Association for Computational Linguistics
SkxZFoAqtQ,title_cached,1.0,Improving Composition of Sentence Embeddings through the Lens of Statistical Relational Learning,1.000,,
SkxYOiCqKX,title_cached,0.0,Pixel Chem: A Representation for Predicting Material Properties with Neural Network,1.000,,
SkxXwo0qYm,title_cached,1.0,An Automatic Operation Batching Strategy for the Backward Propagation of Neural Networks Having Dynamic Computation Grap,1.000,,
SkxJ-309FQ,title_cached,183.0,Hallucinations in Neural Machine Translation,1.000,,
SkxANsC9tQ,title_cached,0.0,Learning Graph Representations by Dendrograms,1.000,,arXiv.org
SklzIjActX,title_cached,1.0,HIGHLY EFFICIENT 8-BIT LOW PRECISION INFERENCE OF CONVOLUTIONAL NEURAL NETWORKS,1.000,,
Skluy2RcK7,title_cached,1.0,Selectivity metrics can overestimate the selectivity of units: a case study on AlexNet,1.000,,
SklrrhRqFX,title_cached,0.0,Learning Physics Priors for Deep Reinforcement Learing,1.000,,
Sklqvo0qt7,title_cached,25.0,A Priori Estimates of the Generalization Error for Two-layer Neural Networks,0.993,,arXiv.org
SklcFsAcKX,title_cached,17.0,Deep Denoising: Rate-Optimal Recovery of Structured Signals with a Deep Prior,1.000,,arXiv.org
SklR_iCcYm,title_cached,7.0,Faster Training by Selecting Samples Using Embeddings,1.000,,IEEE International Joint Conference on Neural Network
Skl6k209Ym,title_cached,0.0,Alignment Based Matching Networks for One-Shot Classification and Open-Set Recognition,0.994,,arXiv.org
Skl3M20qYQ,title_cached,1.0,Non-Synergistic Variational Autoencoders,1.000,,
SkguE30ct7,title_cached,11.0,Neural Model-Based Reinforcement Learning for Recommendation,1.000,,arXiv.org
SkgiX2Aqtm,title_cached,10.0,PIE: Pseudo-Invertible Encoder,1.000,,arXiv.org
Skgge3R9FQ,title_cached,9.0,Controlling Over-generalization and its Effect on Adversarial Examples Generation and Detection,0.851,,arXiv.org
SkgZNnR5tX,title_cached,18.0,Uncovering Surprising Behaviors in Reinforcement Learning via Worst-case Analysis,1.000,,
SkgToo0qFm,title_cached,0.0,Transferrable End-to-End Learning for Protein Interface Prediction,1.000,,
SkgE8sRcK7,title_cached,2.0,Sample Efficient Deep Neuroevolution in Low Dimensional Latent Space,1.000,,
SkgCV205tQ,title_cached,0.0,Accelerating First-Order Optimization Algorithms,0.989,,
SkfTIj0cKX,title_cached,0.0,Purchase as Reward : Session-based Recommendation by Imagination Reconstruction,0.994,,
SkenUj0qYm,title_cached,1.0,Semi-supervised Learning with Multi-Domain Sentiment Word Embeddings,1.000,,
SkeUG30cFQ,title_cached,0.0,The Expressive Power of Deep Neural Networks with Circulant Matrices,1.000,,
SkeQniAqK7,title_cached,1.0,Combining Learned Representations for Combinatorial Optimization,1.000,,arXiv.org
SkeL6sCqK7,title_cached,28.0,REPRESENTATION COMPRESSION AND GENERALIZATION IN DEEP NEURAL NETWORKS,1.000,,
Ske6wiAcKQ,title_cached,4.0,Real-time Neural-based Input Method,1.000,,arXiv.org
Ske25sC9FQ,title_cached,0.0,Robustness and Equivariance of Neural Networks,1.000,,
Ske1-209Y7,title_cached,1.0,Probabilistic Model-Based Dynamic Architecture Search,1.000,,
SkVRTj0cYQ,title_cached,1668.0,Differentially Private Federated Learning: A Client Level Perspective,1.000,,arXiv.org
SkNSOjR9Y7,title_cached,0.0,Training Variational Auto Encoders with Discrete Latent Representations using Importance Sampling,1.000,,
SkMx_iC9K7,title_cached,0.0,DelibGAN: Coarse-to-Fine Text Generation via Adversarial Network,1.000,,
SkMON20ctX,title_cached,4.0,On the Trajectory of Stochastic Gradient Descent in the Information Plane,1.000,,
SkGtjjR5t7,title_cached,0.0,Learning to Drive by Observing the Best and Synthesizing the Worst,1.000,,
SkGT6sRcFX,title_cached,0.0,Infinitely Deep Infinite-Width Networks,1.000,,
SkGQujR5FX,title_cached,1.0,DANA: Scalable Out-of-the-box Distributed ASGD Without Retuning,1.000,,
SkGNrnC9FQ,title_cached,1.0,Manifold Alignment via Feature Correspondence,1.000,,
SkGH2oRcYX,title_cached,0.0,DEEP ADVERSARIAL FORWARD MODEL,1.000,,
SJxJtiRqt7,title_cached,1.0,Generating Images from Sounds Using Multimodal Features and GANs,1.000,,
SJxFN3RcFX,title_cached,5.0,Functional Bayesian Neural Networks for Model Uncertainty Quantification,1.000,,
SJx5kn0cK7,title_cached,0.0,HAPPIER: Hierarchical Polyphonic Music Generative RNN,1.000,,
SJlt6oA9Fm,title_cached,0.0,Selective Convolutional Units: Improving CNNs via Channel Selectivity,1.000,,
SJlh2jR9FX,title_cached,5.0,Learning with Reflective Likelihoods,1.000,,
SJlgOjAqYQ,title_cached,5.0,A quantifiable testing of global translational invariance in Convolutional and Capsule Networks,1.000,,
SJldZ2RqFX,title_cached,0.0,D-GAN: Divergent generative adversarial network for positive unlabeled learning and counter-examples generation,1.000,,
SJl8gnAqtX,title_cached,1.0,Prob2Vec: Mathematical Semantic Embedding for Problem Retrieval in Adaptive Tutoring,1.000,,American Control Conference
SJl8J30qFX,title_cached,112.0,Learning Global Additive Explanations for Neural Nets Using Model Distillation,1.000,,
SJl2ps0qKQ,title_cached,0.0,Learning to Decompose Compound Questions with Reinforcement Learning,1.000,,
SJgiNo0cKX,title_cached,3.0,Multiple Encoder-Decoders Net for Lane Detection,1.000,,
SJgTps0qtQ,title_cached,0.0,Exploiting Environmental Variation to Improve Policy Robustness in Reinforcement Learning,0.994,,
SJg7IsC5KQ,title_cached,3.0,On the Convergence and Robustness of Batch Normalization,1.000,,arXiv.org
SJg6nj09F7,title_cached,15.0,Neural Malware Control with Deep Reinforcement Learning,1.000,,IEEE Military Communications Conference
SJg013C5KX,title_cached,0.0,Teaching to Teach by Structured Dark Knowledge,1.000,,
SJfHg2A5tQ,title_cached,115.0,BNN+: Improved Binary Network Training,1.000,,arXiv.org
SJfFTjA5KQ,title_cached,0.0,Unification of Recurrent Neural Network Architectures and Quantum Inspired Stable Design,0.983,,
SJf6BhAqK7,title_cached,5.0,Variadic Learning by Bayesian Nonparametric Deep Embedding,1.000,,
SJerEhR5Km,title_cached,6.0,Novel positional encodings to enable tree-structured transformers,1.000,,
SJeT_oRcY7,title_cached,2.0,Localized random projections challenge benchmarks for bio-plausible deep learning,1.000,,
SJeFNoRcFQ,title_cached,174.0,Traditional and Heavy-Tailed Self Regularization in Neural Network Models,0.993,,International Conference on Machine Learning
SJe8DsR9tm,title_cached,0.0,Dynamic Early Terminating of Multiply Accumulate Operations for Saving Computation Cost in Convolutional Neural Networks,1.000,,
SJe2so0qF7,title_cached,1.0,Learning data-derived privacy preserving representations from information metrics,1.000,,
SJNceh0cFX,title_cached,15.0,A Recurrent Neural Cascade-based Model for Continuous-Time Diffusion,0.930,,International Conference on Machine Learning
SJMeTo09YQ,title_cached,2.0,Guided Exploration in Deep Reinforcement Learning,1.000,,
SJMZRsC9Y7,title_cached,0.0,A NON-LINEAR THEORY FOR SENTENCE EMBEDDING,0.988,,
SJMBM2RqKQ,title_cached,2.0,Uncertainty-guided Lifelong Learning in Bayesian Networks,1.000,,
SJG1wjRqFQ,title_cached,0.0,Discrete Structural Planning for Generating Diverse Translations,1.000,,
S1zlmnA5K7,title_cached,1.0,Where Off-Policy Deep Reinforcement Learning Fails,1.000,,
S1z9ehAqYX,title_cached,1.0,Shrinkage-based Bias-Variance Trade-off for Deep Reinforcement Learning,1.000,,
S1xzyhR9Y7,title_cached,4.0,Improving Sentence Representations with Multi-view Frameworks,1.000,,arXiv.org
S1xjdoC9Fm,title_cached,1.0,Offline Deep models calibration with bayesian neural networks,1.000,,
S1xLZ2R5KQ,title_cached,4.0,Maximum a Posteriori on a Submanifold: a General Image Restoration Method with GAN,1.000,,IEEE International Joint Conference on Neural Network
S1x8WnA5Ym,title_cached,74.0,GDPP: Learning Diverse Generations Using Determinantal Point Process,0.947,,International Conference on Machine Learning
S1x2aiRqFX,title_cached,3.0,Differentiable Expected BLEU for Text Generation,1.000,,
S1lwRjR9YX,title_cached,0.0,Stability of Stochastic Gradient Method with Momentum for Strongly Convex Loss Functions,1.000,,
S1llBiR5YX,title_cached,0.0,Accidental exploration through value predictors,1.000,,
S1lVniC5Y7,title_cached,56.0,From Nodes to Networks: Evolving Recurrent Neural Networks,1.000,,arXiv.org
S1lTg3RcFm,title_cached,10.0,Perception-Aware Point-Based Value Iteration for Partially Observable Markov Decision Processes,1.000,,International Joint Conference on Artificial Intelligence
S1lPShAqFm,title_cached,4.0,Empirically Characterizing Overparameterization Impact on Convergence,1.000,,
S1lKSjRcY7,title_cached,0.0,Improved Gradient Estimators for Stochastic Discrete Variables,1.000,,
S1grRoR9tQ,title_cached,2.0,Bayesian Deep Learning via Stochastic Gradient MCMC with a Stochastic Approximation Adaptation,1.000,,
S1giVsRcYm,title_cached,210.0,Count-Based Exploration with the Successor Representation,1.000,,AAAI Conference on Artificial Intelligence
S1geJhC9Km,title_cached,3.0,Feature quantization for parsimonious and interpretable predictive models,1.000,,
S1gd7nCcF7,title_cached,178.0,Self-Supervised Generalisation with Meta Auxiliary Learning,1.000,,Neural Information Processing Systems
S1g_EsActm,title_cached,0.0,Attention Incorporate Network: A network can adapt various data size,1.000,,arXiv.org
S1gWz2CcKX,title_cached,1.0,Neural MMO: A massively multiplayer game environment for intelligent agents,1.000,,
S1gUVjCqKm,title_cached,0.0,Unsupervised classification into unknown number of classes,1.000,,
S1gDCiCqtQ,title_cached,48.0,Learning Representations in Model-Free Hierarchical Reinforcement Learning,1.000,,AAAI Conference on Artificial Intelligence
S1gBz2C9tX,title_cached,0.0,Importance Resampling for Off-policy Policy Evaluation,1.000,,
S1gBgnR9Y7,title_cached,1.0,End-to-end learning of pharmacological assays from high-resolution microscopy images,1.000,,
S1gARiAcFm,title_cached,3.0,Modeling Dynamics of Biological Systems with Deep Generative Neural Networks,1.000,,
S1g9N2A5FX,title_cached,27.0,Language Guided Concept Bottleneck Models for Interpretable Continual Learning,0.582,,Computer Vision and Pattern Recognition
S1fDssA5Y7,title_cached,1.0,Distributionally Robust Optimization Leads to Better Generalization: on SGD and Beyond,1.000,,
S1ej8o05tm,title_cached,0.0,Object detection deep learning networks for Optical Character Recognition,1.000,,
S1e_ssC5F7,title_cached,0.0,Hyper-Regularization: An Adaptive Choice for the Learning Rate in Gradient Descent,1.000,,
S1eX-nA5KX,title_cached,0.0,VHEGAN: Variational Hetero-Encoder Randomized GAN for Zero-Shot Learning,1.000,,
S1eVe2AqKX,title_cached,0.0,PCNN: Environment Adaptive Model Without Finetuning,1.000,,
S1eFtj0cKQ,title_cached,171.0,Generative Models from the perspective of Continual Learning,1.000,,IEEE International Joint Conference on Neural Network
S1eEmn05tQ,title_cached,21.0,Uncertainty in Multitask Transfer Learning,1.000,,arXiv.org
S1eEdj0cK7,title_cached,0.0,On the Relationship between Neural Machine Translation and Word Alignment,1.000,,
S1eBzhRqK7,title_cached,43.0,Evolutionary-Neural Hybrid Agents for Architecture Search,1.000,,arXiv.org
S1eB3sRqtm,title_cached,0.0,Exploring Curvature Noise in Large-Batch Stochastic Optimization,1.000,,
S1MQ6jCcK7,title_cached,10.0,ChoiceNet: Robust Learning by Revealing Output Correlations,0.991,,arXiv.org
S1MAriC5F7,title_cached,519.0,A System for Massively Parallel Hyperparameter Tuning,0.860,,Conference on Machine Learning and Systems
S1G_cj05YQ,title_cached,0.0,Activity Regularization for Continual Learning,1.000,,
S1E64jC5tm,title_cached,0.0,The Forward-Backward Embedding of Directed Graphs,1.000,,
S14g5s09tm,title_cached,0.0,Unseen Action Recognition with Unpaired Adversarial Multimodal Learning,1.000,,
Hyxu6oAqYX,title_cached,1.0,An Energy-Based Framework for Arbitrary Label Noise Correction,1.000,,
Hyxtso0qtX,title_cached,2.0,Adversarial Exploration Strategy for Self-Supervised Imitation Learning,1.000,,arXiv.org
HyxpNnRcFX,title_cached,7.0,Modulating transfer between tasks in gradient-based meta-learning,1.000,,
HyxhusA9Fm,title_cached,130.0,Talk the Walk: Navigating New York City through Grounded Dialogue,0.934,,arXiv.org
HyxUIj09KX,title_cached,0.0,S-System; Geometry; Learning; and Optimization: A Theory of Neural Networks,1.000,,
HyxSBh09t7,title_cached,0.0,Graph Generation via Scattering,1.000,,arXiv.org
Hylyui09tm,title_cached,5.0,EMI: Exploration with Mutual Information Maximizing State and Action Embeddings,1.000,,arXiv.org
Hyls7h05FQ,title_cached,1.0,A Differentiable Self-disambiguated Sense Embedding Model via Scaled Gumbel Softmax,1.000,,
Hylnis0qKX,title_cached,2.0,Task-GAN for Improved GAN based Image Restoration,1.000,,
HyllasActm,title_cached,39.0,End-to-End Learning of Video Compression using Spatio-Temporal Autoencoders,1.000,,IEEE Workshop on Signal Processing Systems
HylRk2A5FQ,title_cached,18.0,Graph Learning Network: A Structure Learning Algorithm,1.000,,arXiv.org
HylJtiRqYQ,title_cached,0.0,VECTORIZATION METHODS IN RECOMMENDER SYSTEM,1.000,,
HylDpoActX,title_cached,4.0,N-Ary Quantization for CNN Model Compression and Inference Acceleration,1.000,,
Hygv0sC5F7,title_cached,19.0,When will gradient methods converge to max‐margin classifier under ReLU models?,1.000,,Stat
HygqJnCqtm,title_cached,2.0,Rating Continuous Actions in Spatial Multi-Agent Problems,1.000,,
Hyghb2Rct7,title_cached,0.0,SIMILE: Introducing Sequential Information towards More Effective Imitation Learning,1.000,,
HygcvsAcFX,title_cached,4.0,Optimal Margin Distribution Network,1.000,,arXiv.org
HygYqs0qKX,title_cached,0.0,Conscious Inference for Object Detection,1.000,,
HygTE309t7,title_cached,2.0,Outlier Detection from Image Data,1.000,,
HygT9oRqFX,title_cached,8.0,MixFeat: Mix Feature in Latent Space Learns Discriminative Space,1.000,,
HygQro05KX,title_cached,0.0,$A^*$ sampling with probability matching,1.000,,
Hyg1Ls0cKQ,title_cached,0.0,Learning Latent Semantic Representation from Pre-defined Generative Model,1.000,,
HyfyN30qt7,title_cached,68.0,NICE: Noise Injection and Clamping Estimation for Neural Network Quantization,1.000,,Mathematics
Hyffti0ctQ,title_cached,2.0,PRUNING WITH HINTS: AN EFFICIENT FRAMEWORK FOR MODEL ACCELERATION,1.000,,
HyevnsCqtQ,title_cached,4.0,Integral Pruning on Activations and Weights for Efficient Neural Networks,1.000,,
HyesW2C9YQ,title_cached,50.0,I Know the Feeling: Learning to Converse with Empathy,1.000,,arXiv.org
HyefgnCqFm,title_cached,7.0,Learning Partially Observed PDE Dynamics with Neural Networks,1.000,,
HyeU1hRcFX,title_cached,0.0,Unsupervised Conditional Generation using noise engineered mode matching GAN,1.000,,
HyeS73ActX,title_cached,0.0,Multi-Objective Value Iteration with Parameterized Threshold-Based Safety Constraints,1.000,,
Hye6uoC9tm,title_cached,1.0,Incremental Hierarchical Reinforcement Learning with Multitask LMDPs,1.000,,
Hye64hA9tm,title_cached,0.0,Measuring Density and Similarity of Task Relevant Information in Neural Representations,1.000,,
HyVxPsC9tm,title_cached,1.0,DynCNN: An Effective Dynamic Architecture on Convolutional Neural Network for Surveillance Videos,1.000,,
HyVbhi0cYX,title_cached,13.0,Complexity of Training ReLU Neural Networks,1.000,,
HyNbtiR9YX,title_cached,6.0,Unsupervised Document Representation using Partition Word-Vectors Averaging,1.000,,
HyMxAi05Km,title_cached,12.0,Dual Learning: Theoretical Study and an Algorithmic Extension,0.966,,SN Computer Science
HyMuaiAqY7,title_cached,0.0,Deli-Fisher GAN: Stable and Efficient Image Generation With Structured Latent Generative Space,1.000,,
HyMnYiR9Y7,title_cached,0.0,DOMAIN ADAPTATION VIA DISTRIBUTION AND REPRESENTATION MATCHING: A CASE STUDY ON TRAINING DATA SELECTION VIA REINFORCEMEN,1.000,,
HyMS8iRcK7,title_cached,0.0,SEQUENCE MODELLING WITH AUTO-ADDRESSING AND RECURRENT MEMORY INTEGRATING NETWORKS,1.000,,
HyMRUiC9YX,title_cached,0.0,Exploring and Enhancing the Transferability of Adversarial Examples,1.000,,
HyM8V2A9Km,title_cached,3.0,ACTRCE: Augmenting Experience via Teacher’s Advice,1.000,,
HyGySsAct7,title_cached,201.0,Targeted Adversarial Examples for Black Box Audio Systems,1.000,,2019 IEEE Security and Privacy Workshops (SPW)
HyGLy2RqtQ,title_cached,7.0,Over-parameterization Improves Generalization in the XOR Detection Problem,1.000,,arXiv.org
HyGDdsCcFQ,title_cached,5.0,Better Generalization with On-the-fly Dataset Denoising,1.000,,
HyG1_j0cYQ,title_cached,17.0,Pumpout: A Meta Approach for Robustly Training Deep Neural Networks with Noisy Labels,1.000,,arXiv.org
Hy4R2oRqKQ,title_cached,0.0,Canonical Correlation Analysis with Implicit Distributions,1.000,,
HkzyX3CcFQ,title_cached,0.0,Contextual Recurrent Convolutional Model for Robust Visual Learning,1.000,,
HkzOWnActX,title_cached,1.0,Model-Agnostic Meta-Learning for Multimodal Task Distributions,1.000,,
HkzNXhC9KQ,title_cached,0.0,Adaptive Sample-space & Adaptive Probability coding: a neural-network based approach for compression,1.000,,
Hkxx3o0qFX,title_cached,0.0,High Resolution and Fast Face Completion via Progressively Attentive GANs,1.000,,
Hkxr1nCcFm,title_cached,130.0,An investigation of model-free planning,1.000,,International Conference on Machine Learning
Hkxarj09Y7,title_cached,0.0,Unified recurrent network for many feature types,1.000,,
HkxWrsC5FQ,title_cached,0.0,Provable Guarantees on Learning Hierarchical Generative Models with Deep CNNs,1.000,,
HkxOoiAcYX,title_cached,0.0,Estimating Information Flow in DNNs,1.000,,
HkxCenR5F7,title_cached,1.0,Variational recurrent models for representation learning,1.000,,
HkxCEhAqtQ,title_cached,3.0,Accelerated Gradient Flow for Probability Distributions,1.000,,
Hkx-ii05FQ,title_cached,0.0,The Cakewalk Method,1.000,,
HklnzhR9YQ,title_cached,3.0,Approximation and non-parametric estimation of ResNet-type convolutional neural networks via block-sparse fully-connecte,1.000,,
Hklgis0cF7,title_cached,0.0,Radial Basis Feature Transformation to Arm CNNs Against Adversarial Attacks,1.000,,
HklbTjRcKX,title_cached,12.0,What Information Does a ResNet Compress?,1.000,,arXiv.org
HklVTi09tm,title_cached,0.0,Tracking Topological Defects in 2D Active Nematics Using Convolutional Neural Networks,0.960,,
HklVMnR5tQ,title_cached,5.0,Exploring the interpretability of LSTM neural networks over multi-variable data,1.000,,
HklKWhC5F7,title_cached,43.0,How Training Data Affect the Accuracy and Robustness of Neural Networks for Image Classification,1.000,,
HklJV3A9Ym,title_cached,18.0,Approximation capability of neural networks on spaces of probability measures and tree-structured domains,0.946,,arXiv.org
HklAhi09Y7,title_cached,0.0,Question Generation using a Scratchpad Encoder,1.000,,
Hkl84iCcFm,title_cached,0.0,Residual networks classify inputs based on their neural transient dynamics,1.000,,arXiv.org
HkgxasA5Ym,title_cached,77.0,Reliable Uncertainty Estimates in Deep Neural Networks using Noise Contrastive Priors,1.000,,arXiv.org
HkgnpiR9Y7,title_cached,0.0,Recycling the discriminator for improving the inference mapping of GAN,1.000,,
Hkgnii09Ym,title_cached,0.0,Convolutional Set Transformer,0.682,,arXiv.org
HkghV209tm,title_cached,0.0,Optimistic Acceleration for Optimization,1.000,,
HkgDTiCctQ,title_cached,15.0,Knowledge Distillation from Few Samples,1.000,,arXiv.org
Hkg1csA5Y7,title_cached,7.0,A fast quasi-Newton-type method for large-scale stochastic optimisation,1.000,,IFAC-PapersOnLine
HkfwpiA9KX,title_cached,0.0,Automata Guided Skill Composition,1.000,,
HkezfhA5Y7,title_cached,0.0,A Rate-Distortion Theory of Adversarial Examples,1.000,,
HketHo0qFm,title_cached,0.0,Hybrid Policies Using Inverse Rewards for Reinforcement Learning,1.000,,
Hkesr205t7,title_cached,1.0,Learning shared manifold representation of images and attributes for generalized zero-shot learning,1.000,,
Hkes0iR9KX,title_cached,0.0,DEEP GEOMETRICAL GRAPH CLASSIFICATION,1.000,,
Hkemdj09YQ,title_cached,0.0,Rectified Gradient: Layer-wise Thresholding for Sharp and Coherent Attribution Maps,1.000,,
HkeWSnR5Y7,title_cached,0.0,Provable Defenses against Spatially Transformed Adversarial Inputs: Impossibility and Possibility Results,1.000,,
HkeKVh05Fm,title_cached,1.0,Multi-Grained Entity Proposal Network for Named Entity Recognition,1.000,,
HkeILsRqFQ,title_cached,0.0,An experimental study of layer-level training speed and its impact on generalization,1.000,,
Hke8Do0cF7,title_cached,1.0,Deep processing of structured data,1.000,,arXiv.org
HkMlGnC9KQ,title_cached,15.0,On Regularization and Robustness of Deep Neural Networks,1.000,,arXiv.org
HkM3vjCcF7,title_cached,3.0,Multi-Scale Stacked Hourglass Network for Human Pose Estimation,1.000,,
HkGzUjR5tQ,title_cached,2.0,DATNet: Dual Adversarial Transfer for Low-resource Named Entity Recognition,1.000,,
HkGsHj05tQ,title_cached,21.0,Effective and Efficient Batch Normalization Using a Few Uncorrelated Data for Statistics Estimation,0.990,,IEEE Transactions on Neural Networks and Learning Systems
HkGTwjCctm,title_cached,5.0,Pyramid Recurrent Neural Networks for Multi-Scale Change-Point Detection,1.000,,
HkGSniC9FQ,title_cached,1.0,An Analysis of Composite Neural Network Performance from Function Composition Perspective,1.000,,
HkGGfhC5Y7,title_cached,13.0,Towards a better understanding of Vector Quantized Autoencoders,1.000,,
Hk41X2AqtQ,title_cached,3.0,Hierarchically-Structured Variational Autoencoders for Long Text Generation,1.000,,
HJxwAo09KQ,title_cached,9.0,Learned optimizers that outperform on wall-clock and validation loss,1.000,,
HJxqMhC5YQ,title_cached,127.0,MIMO-Speech: End-to-End Multi-Channel Multi-Speaker Speech Recognition,0.821,,Automatic Speech Recognition & Understanding
HJxdAoCcYX,title_cached,24.0,Characterizing Malicious Edges targeting on Graph Neural Networks,1.000,,
HJxXynC9t7,title_cached,0.0,Expressiveness in Deep Reinforcement Learning,1.000,,
HJxFrs09YQ,title_cached,0.0,GENERALIZED ADAPTIVE MOMENT ESTIMATION,1.000,,
HJx4KjRqYQ,title_cached,8.0,Ergodic Measure Preserving Flows,1.000,,
HJx38iC5KX,title_cached,12.0,Domain Generalization via Invariant Representation under Domain-Class Dependency,1.000,,
HJlt7209Km,title_cached,0.0,Theoretical and Empirical Study of Adversarial Examples,1.000,,
HJlmhs05tm,title_cached,1.0,EnGAN: Latent Space MCMC and Maximum Entropy Generators for Energy-based Models,1.000,,
HJldzhA5tQ,title_cached,0.0,Learning powerful policies and better dynamics models by encouraging consistency,1.000,,
HJlYzhR9tm,title_cached,2.0,Language Modeling with Graph Temporal Convolutional Networks,1.000,,
HJlY0jA5F7,title_cached,1.0,Improving Sample-based Evaluation for Generative Adversarial Networks,1.000,,
HJlWXhC5Km,title_cached,2.0,Learning to Control Visual Abstractions for Structured Exploration in Deep Reinforcement Learning,1.000,,
HJlEUoR9Km,title_cached,0.0,Improved resistance of neural networks to adversarial images through generative pre-training,1.000,,
HJl2Ns0qKX,title_cached,56.0,Generative adversarial interpolative autoencoding: adversarial training on latent space interpolations encourage convex ,0.996,,arXiv.org
HJl1ujCct7,title_cached,0.0,A Multi-modal one-class generative adversarial network for anomaly detection in manufacturing,1.000,,
HJglg2A9FX,title_cached,4.0,Iteratively Learning from the Best,1.000,,arXiv.org
HJgZrsC5t7,title_cached,0.0,Improving On-policy Learning with Statistical Reward Accumulation,1.000,,arXiv.org
HJgTHnActQ,title_cached,0.0,Local Image-to-Image Translation via Pixel-wise Highway Adaptive Instance Normalization,1.000,,
HJgODj05KX,title_cached,0.0,A preconditioned accelerated stochastic gradient descent algorithm,1.000,,The European Symposium on Artificial Neural Networks
HJgJS30qtm,title_cached,0.0,REVISTING NEGATIVE TRANSFER USING ADVERSARIAL LEARNING,1.000,,
HJg6e2CcK7,title_cached,323.0,Clean-Label Backdoor Attacks on Video Recognition Models,0.659,,Computer Vision and Pattern Recognition
HJg3rjA5tQ,title_cached,5.0,Spread Divergences,1.000,,arXiv.org
HJfxbhR9KQ,title_cached,3.0,Mimicking actions is a good strategy for beginners: Fast Reinforcement Learning with Expert Action Sequences,1.000,,
HJfQrs0qt7,title_cached,1.0,Convergence Properties of Deep Neural Networks on Separable Data,1.000,,
HJf7ts0cFm,title_cached,0.0,State-Regularized Recurrent Networks,1.000,,
HJex0o05F7,title_cached,0.0,UaiNets: From Unsupervised to Active Deep Anomaly Detection,1.000,,
HJerDj05tQ,title_cached,0.0,Optimization on Multiple Manifolds,1.000,,
HJepJh0qKX,title_cached,15.0,Empirical Study of Easy and Hard Examples in CNN Training,1.000,,International Conference on Neural Information Processing
HJej6jR5Fm,title_cached,3.0,Meta-Learning to Guide Segmentation,1.000,,
HJej3s09Km,title_cached,5.0,On the Effect of the Activation Function on the Distribution of Hidden Nodes in a Deep Network,1.000,,Neural Computation
HJei-2RcK7,title_cached,1669.0,Heterogeneous Graph Transformer,0.708,,The Web Conference
HJehSnCcFX,title_cached,0.0,Inference of unobserved event streams with neural Hawkes particle smoothing,1.000,,
HJedho0qFX,title_cached,0.0,Using Word Embeddings to Explore the Learned Representations of Convolutional Neural Networks,1.000,,
HJeRm3Aqt7,title_cached,1.0,GenEval: A Benchmark Suite for Evaluating Generative Models,1.000,,
HJeQbnA5tm,title_cached,0.0,Noisy Information Bottlenecks for Generalization,1.000,,
HJePy3RcF7,title_cached,14.0,Rethinking learning rate schedules for stochastic optimization,1.000,,
HJePno0cYm,title_cached,72.0,Transformer-XL: Language Modeling with Longer-Term Dependency,1.000,,
HJeOMhA5K7,title_cached,0.0,Human-Guided Column Networks: Augmenting Deep Learning with Advice,1.000,,
HJeNIjA5Y7,title_cached,0.0,Image Score: How to Select Useful Samples,1.000,,arXiv.org
HJe3TsR5K7,title_cached,1.0,Learning Joint Wasserstein Auto-Encoders for Joint Distribution Matching,1.000,,
HJMsiiRctX,title_cached,0.0,Probabilistic Program Induction for Intuitive Physics Game Play,1.000,,
HJMjW3RqtX,title_cached,26.0,One-Shot High-Fidelity Imitation: Training Large-Scale Deep Nets with RL,1.000,,arXiv.org
HJMXus0ct7,title_cached,1.0,iRDA Method for Sparse Convolutional Neural Networks,1.000,,
HJMXTsCqYQ,title_cached,78.0,Constrained Bayesian Optimization for Automatic Chemical Design,1.000,,
HJMRvsAcK7,title_cached,45.0,Dynamic Pricing on E-commerce Platform with Deep Reinforcement Learning,1.000,,arXiv.org
HJM4rsRqFX,title_cached,0.0,Neural Variational Inference For Embedding Knowledge Graphs,1.000,,
HJGtFoC5Fm,title_cached,96.0,On the Margin Theory of Feedforward Neural Networks,1.000,,arXiv.org
HJG1Uo09Fm,title_cached,1.0,Learning to Reinforcement Learn by Imitation,1.000,,
H1zxjsCqKQ,title_cached,1.0,Gradient-based learning for F-measure and other performance metrics,1.000,,
H1z_Z2A5tX,title_cached,0.0,DON’T JUDGE A BOOK BY ITS COVER - ON THE DYNAMICS OF RECURRENT NEURAL NETWORKS,1.000,,
H1xpe2C5Km,title_cached,1.0,Trace-back Along Capsules and Its Application on Semantic Segmentation,1.000,,arXiv.org
H1xmqiAqFm,title_cached,6.0,Investigating CNNs' Learning Representation under label noise,1.000,,
H1xAH2RqK7,title_cached,4.0,Generative Adversarial Models for Learning Private and Fair Representations,1.000,,
H1x3SnAcYQ,title_cached,1.0,A Better Baseline for Second Order Gradient Estimation in Stochastic Computation Graphs,1.000,,
H1lo3sC9KX,title_cached,1.0,Asynchronous SGD without gradient delay for efficient distributed training,1.000,,
H1lUOsA9Fm,title_cached,0.0,Synthnet: Learning synthesizers end-to-end,1.000,,
H1lS8oA5YQ,title_cached,2.0,Feature Attribution As Feature Selection,1.000,,
H1lPUiRcYQ,title_cached,92.0,Computing Committor Functions for the Study of Rare Events Using Deep Learning,0.862,,Journal of Chemical Physics
H1lIzhC9FX,title_cached,1.0,Learning to remember: Dynamic Generative Memory for Continual Learning,1.000,,
H1lFZnR5YX,title_cached,0.0,An Interpretable Power System Transient Stability Assessment Method with Expert Guiding Neural-Regression-Tree,0.308,,arXiv.org
H1lADsCcFQ,title_cached,1.0,LEARNING ADVERSARIAL EXAMPLES WITH RIEMANNIAN GEOMETRY,1.000,,
H1l-SjA5t7,title_cached,2.0,Explicit Information Placement on Latent Variables using Auxiliary Generative Modelling Task,1.000,,
H1gupiC5KQ,title_cached,17.0,The Wisdom of the Crowd: Reliable Deep Reinforcement Learning Through Ensembles of Q-Functions,1.000,,IEEE Transactions on Neural Networks and Learning Systems
H1glKiCqtm,title_cached,2.0,The Effectiveness of Pre-trained Code Embeddings,1.000,,Advances in Data Science and Information Engineering
H1gZV30qKQ,title_cached,0.0,Transfer Value or Policy? A Value-centric Framework Towards Transferrable Continuous Reinforcement Learning,1.000,,
H1gRM2A5YX,title_cached,0.0,Analysis of Memory Organization for Dynamic Neural Networks,1.000,,
H1gNHs05FX,title_cached,1.0,Clinical Risk: wavelet reconstruction networks for marked point processes,1.000,,
H1gDgn0qY7,title_cached,2.0,A Study of Robustness of Neural Nets Using Approximate Feature Collisions,1.000,,
H1g0piA9tQ,title_cached,16.0,Evaluation Methodology for Attacks Against Confidence Thresholding Models,1.000,,
H1fsUiRcKQ,title_cached,1.0,Fast adversarial training for semi-supervised learning,1.000,,
H1fevoAcKX,title_cached,6.0,Globally Soft Filter Pruning For Efficient Convolutional Neural Networks,1.000,,
H1faSn0qY7,title_cached,198.0,DL2: Training and Querying Neural Networks with Logic,1.000,,International Conference on Machine Learning
H1f7S3C9YQ,title_cached,3.0,SynonymNet: Multi-context Bilateral Matching for Entity Synonyms,1.000,,arXiv.org
H1eqviAqYX,title_cached,8.0,Why Do Neural Response Generation Models Prefer Universal Replies?,1.000,,arXiv.org
H1eiZnAqKm,title_cached,0.0,The Expressive Power of Gated Recurrent Units as a Continuous Dynamical System,1.000,,
H1eadi0cFQ,title_cached,9.0,Escaping Flat Areas via Function-Preserving Structural Network Modifications,1.000,,
H1eMBn09Km,title_cached,0.0,Using GANs for Generation of Realistic City-Scale Ride Sharing/Hailing Data Sets,1.000,,
H1eH4n09KX,title_cached,5.0,Adversarial Audio Super-Resolution with Unsupervised Feature Losses,1.000,,
H1e0-30qKm,title_cached,2.0,Unlabeled Disentangling of GANs with Guided Siamese Networks,1.000,,
H1MzKs05F7,title_cached,49.0,Adversarial Vulnerability of Neural Networks Increases With Input Dimension,1.000,,arXiv.org
H1Gfx3Rqtm,title_cached,5.0,End-to-End Hierarchical Text Classification with Label Assignment Policy,1.000,,
H1GaLiAcY7,title_cached,8.0,Learning to Separate Domains in Generalized Zero-Shot and Open Set Learning: a probabilistic perspective,1.000,,arXiv.org
H1GLm2R9Km,title_cached,0.0,Learning Backpropagation-Free Deep Architectures with Kernels,1.000,,
Byxz4n09tQ,title_cached,10.0,Model Compression with Generative Adversarial Networks,1.000,,arXiv.org
Byxr73R5FQ,title_cached,5.0,Successor Options : An Option Discovery Algorithm for Reinforcement Learning,1.000,,
ByxkCj09Fm,title_cached,0.0,DEEP HIERARCHICAL MODEL FOR HIERARCHICAL SELECTIVE CLASSIFICATION AND ZERO SHOT LEARNING,1.000,,
ByxZdj09tX,title_cached,1.0,FROM DEEP LEARNING TO DEEP DEDUCING: AUTOMATICALLY TRACKING DOWN NASH EQUILIBRIUM THROUGH AUTONOMOUS NEURAL AGENT; A POS,1.000,,
ByxF-nAqYX,title_cached,0.0,Locally Linear Unsupervised Feature Selection,1.000,,
ByxAOoR5K7,title_cached,9.0,Policy Generalization In Capacity-Limited Reinforcement Learning,1.000,,
Byx93sC9tm,title_cached,48.0,Deep Ensemble Bayesian Active Learning : Addressing the Mode Collapse issue in Monte Carlo dropout via Ensembles,0.995,,arXiv.org
Byx7LjRcYm,title_cached,1.0,Human Action Recognition Based on Spatial-Temporal Attention,1.000,,
Byx1VnR9K7,title_cached,2.0,Trajectory VAE for multi-modal imitation,1.000,,
BylkG20qYm,title_cached,0.0,On Meaning-Preserving Adversarial Perturbations for Sequence-to-Sequence Models,1.000,,
Byldr3RqKX,title_cached,1.0,Tinkering with black boxes: counterfactuals uncover modularity in generative models,1.000,,
BylctiCctX,title_cached,0.0,Guiding Physical Intuition with Neural Stethoscopes,1.000,,
Byl_ciRcY7,title_cached,0.0,ON BREIMAN’S DILEMMA IN NEURAL NETWORKS: SUCCESS AND FAILURE OF NORMALIZED MARGINS,1.000,,
BylRVjC9K7,title_cached,1.0,Explaining Adversarial Examples with Knowledge Representation,1.000,,
BylBns0qtX,title_cached,2.0,On Learning Heteroscedastic Noise Models within Differentiable Bayes Filters,1.000,,
BylBfnRqFm,title_cached,38.0,CAML: Fast Context Adaptation via Meta-Learning,1.000,,arXiv.org
BygrtoC9Km,title_cached,5.0,Meta-Learning with Individualized Feature Space for Few-Shot Classification,1.000,,
BygmRoA9YQ,title_cached,11.0,Mixture of Pre-processing Experts Model for Noise Robust Deep Learning on Resource Constrained Platforms,1.000,,IEEE International Joint Conference on Neural Network
BygRNn0qYX,title_cached,0.0,P^2IR: Universal Deep Node Representation via Partial Permutation Invariant Set Functions,1.000,,
BygREjC9YQ,title_cached,4.0,A unified theory of adaptive stochastic gradient descent as Bayesian filtering,1.000,,arXiv.org
BygIV2CcKm,title_cached,1.0,Learning to Augment Influential Data,1.000,,
BygGNnCqKQ,title_cached,0.0,REACH: Interpretability-Driven Feature Identification and Architecture Compression for Multi-Channel Vehicular Channel E,0.320,,
ByfbnsA9Km,title_cached,12.0,Cross-Entropy Loss Leads To Poor Margins,1.000,,
ByfXe2C5tm,title_cached,0.0,NLProlog: Reasoning with Weak Unification for Natural Language Question Answering,1.000,,
ByezgnA5tm,title_cached,0.0,Constraining Action Sequences with Formal Languages for Deep Reinforcement Learning,1.000,,
ByeWdiR5Ym,title_cached,334.0,Pixel-Adaptive Convolutional Neural Networks,0.938,,Computer Vision and Pattern Recognition
ByePUo05K7,title_cached,3.0,What a difference a pixel makes: An empirical examination of features used by CNNs for categorisation,1.000,,
ByeNFoRcK7,title_cached,24.0,PA-GAN: Improving GAN Training by Progressive Augmentation,1.000,,arXiv.org
ByeLmn0qtX,title_cached,2.0,Unsupervised variational domain adaptation,0.817,,Machine-mediated learning
ByeDojRcYQ,title_cached,5.0,COLLABORATIVE MULTIAGENT REINFORCEMENT LEARNING IN HOMOGENEOUS SWARMS,0.993,,
Bye5OiR5F7,title_cached,50.0,Wasserstein Proximal of GANs,1.000,,International Conference on Geometric Science of Information
ByGq7hRqKX,title_cached,2.0,Cross-Task Knowledge Transfer for Visually-Grounded Navigation,1.000,,
ByGVui0ctm,title_cached,10.0,Three continual learning scenarios and a case for generative replay,1.000,,
ByGUFsAqYm,title_cached,10.0,Downsampling leads to Image Memorization in Convolutional Autoencoders,1.000,,arXiv.org
ByGOuo0cYm,title_cached,21.0,Meta-Learning with Domain Adaptation for Few-Shot Learning under Domain Shift,1.000,,
ByEtPiAcY7,title_cached,0.0,Characterizing the Accuracy/Complexity Landscape of Explanations of Deep Networks through Knowledge Extraction,1.000,,
BkxkH30cFm,title_cached,0.0,Object-Oriented Model Learning through Multi-Level Abstraction,1.000,,
Bkxdqj0cFQ,title_cached,0.0,Calibration of neural network logit vectors to combat adversarial attacks,1.000,,
Bkx_Dj09tQ,title_cached,1.0,Causal importance of orientation selectivity for generalization in image recognition,1.000,,
BkxAUjRqY7,title_cached,7.0,An Information-Theoretic Metric of Transferability for Task Transfer Learning,1.000,,
BklMYjC9FQ,title_cached,0.0,microGAN: Promoting Variety through Microbatch Discrimination,1.000,,
BklAEsR5t7,title_cached,1.0,Large-Scale Classification of Structured Objects using a CRF with Deep Class Embedding,1.000,,
BklACjAqFm,title_cached,57.0,Successor Uncertainties: exploration and uncertainty in temporal difference learning,1.000,,Neural Information Processing Systems
Bkl87h09FX,title_cached,28.0,Looking for ELMo's friends: Sentence-Level Pretraining Beyond Language Modeling,1.000,,arXiv.org
BkgiM20cYX,title_cached,0.0,A Self-Supervised Method for Mapping Human Instructions to Robot Policies,1.000,,
BkgYIiAcFQ,title_cached,0.0,DecayNet: A Study on the Cell States of Long Short Term Memories,1.000,,
BkgGmh09FQ,title_cached,0.0,Understanding Opportunities for Efficiency in Single-image Super Resolution Networks,1.000,,
BkgFqiAqFX,title_cached,0.0,Recovering the Lowest Layer of Deep Networks with High Threshold Activations,1.000,,
Bkg93jC5YX,title_cached,3.0,BLISS in Non-Isometric Embedding Spaces,1.000,,
Bkg5aoAqKm,title_cached,0.0,Fast Binary Functional Search on Graph,1.000,,
BkfxKj09Km,title_cached,2.0,DiffraNet: Automatic Classification of Serial Crystallography Diffraction Patterns,1.000,,
BkfhZnC9t7,title_cached,7.0,Zero-shot Learning for Speech Recognition with Universal Phonetic Model,1.000,,
BkfPnoActQ,title_cached,0.0,Towards Consistent Performance on Atari using Expert Demonstrations,1.000,,
BkesJ3R9YX,title_cached,9.0,Where and When to Look? Spatio-temporal Attention for Action Recognition in Videos,0.981,,arXiv.org
BkesGnCcFX,title_cached,2.0,Learning Goal-Conditioned Value Functions with one-step Path rewards rather than Goal-Rewards,1.000,,
Bke0rjR5F7,title_cached,0.0,Stochastic Learning of Additive Second-Order Penalties with Applications to Fairness,0.994,,
BkVVOi0cFX,title_cached,0.0,Denoise while Aggregating: Collaborative Learning in Open-Domain Question Answering,1.000,,
BkNUFjR5KQ,title_cached,0.0,Learning Internal Dense But External Sparse Structures of Deep Neural Network,1.000,,
BkMq0oRqFQ,title_cached,0.0,Normalization Gradients are Least-squares Residuals,1.000,,
BkMn9jAcYQ,title_cached,2.0,Countering Language Drift via Grounding,1.000,,International Joint Conference on Natural Language Processing
BkE8NjCqYm,title_cached,2.0,Unconstrained) Beam Search is Sensitive to Large Search Discrepancies,1.000,,
BJzuKiC9KX,title_cached,56.0,Revisiting Reweighted Wake-Sleep for Models with Stochastic Control Flow,0.608,,Conference on Uncertainty in Artificial Intelligence
BJzmzn0ctX,title_cached,2.0,Scalable Neural Theorem Proving on Knowledge Bases and Natural Language,1.000,,
BJxmXhRcK7,title_cached,0.0,TENSOR RING NETS ADAPTED DEEP MULTI-TASK LEARNING,1.000,,
BJxYEsAqY7,title_cached,0.0,FEED: Feature-level Ensemble Effect for knowledge Distillation,1.000,,
BJxRVnC5Fm,title_cached,4.0,Mean Replacement Pruning,1.000,,
BJx9f305t7,title_cached,8.0,W2GAN: RECOVERING AN OPTIMAL TRANSPORT MAP WITH A GAN,1.000,,
BJlyznAcFm,title_cached,3.0,Implementation of Advocacy Learning Model as A Predictor of Student’s Learning Outcomes,0.330,,
BJlpCsC5Km,title_cached,0.0,Learning Gibbs-regularized GANs with variational discriminator reparameterization,1.000,,
BJll6o09tm,title_cached,5.0,ICLR Reproducibility Challenge Report (Padam : Closing The Generalization Gap Of Adaptive Gradient Methods in Training D,0.834,,arXiv.org
BJleciCcKQ,title_cached,0.0,EXPLORATION OF EFFICIENT ON-DEVICE ACOUSTIC MODELING WITH NEURAL NETWORKS,1.000,,
BJlc6iA5YX,title_cached,0.0,ACE: Artificial Checkerboard Enhancer to Induce and Evade Adversarial Attacks,1.000,,
BJl_VnR9Km,title_cached,0.0,A Model Cortical Network for Spatiotemporal Sequence Learning and Prediction,0.993,,
BJlVhsA5KX,title_cached,0.0,Sequenced-Replacement Sampling for Deep Learning,1.000,,arXiv.org
BJlSHsAcK7,title_cached,0.0,Overcoming catastrophic forgetting through weight consolidation and long-term memory,1.000,,
BJlMcjC5K7,title_cached,4.0,Neural Random Projections for Language Modelling,1.000,,arXiv.org
BJl65sA9tm,title_cached,1.0,Improving Generative Adversarial Imitation Learning with Non-expert Demonstrations,1.000,,
BJgvg30ctX,title_cached,1.0,Information Regularized Neural Networks,1.000,,
BJgnmhA5KQ,title_cached,1.0,Diverse Machine Translation with a Single Multinomial Latent Variable,1.000,,
BJgbzhC5Ym,title_cached,40.0,NECST: Neural Joint Source-Channel Coding,1.000,,arXiv.org
BJgTZ3C5FX,title_cached,6.0,Generative model based on minimizing exact empirical Wasserstein distance,1.000,,
BJgQB20qFQ,title_cached,9.0,Learning to Progressively Plan,1.000,,arXiv.org
BJgEjiRqYX,title_cached,20.0,A Case for Object Compositionality in Deep Generative Models of Images,1.000,,arXiv.org
BJfvknCqFQ,title_cached,386.0,A Rotation and a Translation Suffice: Fooling CNNs with Simple Transformations,1.000,,arXiv.org
BJfvAoC9YQ,title_cached,0.0,Feature Transformers: A Unified Representation Learning Framework for Lifelong Learning,1.000,,
BJeem3C9F7,title_cached,8.0,Pix2Scene: Learning Implicit 3D Representations from Images,1.000,,
BJeapjA5FX,title_cached,0.0,GEOMETRIC AUGMENTATION FOR ROBUST NEURAL NETWORK CLASSIFIERS,1.000,,
BJeY6sR9KX,title_cached,1.0,Aligning Artificial Neural Networks to the Brain yields Shallow Recurrent Architectures,1.000,,
BJeRg205Fm,title_cached,10.0,Neural Network Regression with Beta; Dirichlet; and Dirichlet-Multinomial Outputs,1.000,,
BJe1hsCcYQ,title_cached,146.0,Lorentzian Distance Learning for Hyperbolic Representations,0.644,,International Conference on Machine Learning
BJMvBjC5YQ,title_cached,7.0,Cutting Down Training Memory by Re-fowarding,1.000,,arXiv.org
BJG__i0qF7,title_cached,2.0,Learning to encode spatial relations from natural language,1.000,,
BJEOOsCqKm,title_cached,0.0,Psychophysical vs. learnt texture representations in novelty detection,1.000,,
BJ4BVhRcYX,title_cached,4.0,Interpretable Convolutional Filter Pruning,1.000,,arXiv.org
BJ4AFsRcFQ,title_cached,2.0,Total Style Transfer with a Single Feed-Forward Network,1.000,,Italian National Conference on Sensors
B1zMDjAqKQ,title_cached,0.0,Unsupervised Expectation Learning for Multisensory Binding,1.000,,
B1xnPsA5KX,title_cached,12.0,MXFusion: A Modular Deep Probabilistic Programming Library,0.800,,
B1xU4nAqK7,title_cached,1.0,Unsupervised Exploration with Deep Model-Based Reinforcement Learning,1.000,,
B1xOYoA5tQ,title_cached,2.0,Multi-way Encoding for Robustness to Adversarial Attacks,1.000,,
B1xFxh0cKX,title_cached,22.0,Guided evolutionary strategies: escaping the curse of dimensionality in random search,1.000,,arXiv.org
B1xFhiC9Y7,title_cached,3.0,Domain Adaptation for Structured Output via Disentangled Patch Representations,1.000,,
B1x9siCcYQ,title_cached,3.0,SENSE: Semantically Enhanced Node Sequence Embedding,1.000,,2019 IEEE International Conference on Big Data (Big Data)
B1x5KiCcFX,title_cached,1.0,Understanding GANs via Generalization Analysis for Disconnected Support,1.000,,
B1x33sC9KQ,title_cached,107.0,ACIQ: Analytical Clipping for Integer Quantization of neural networks,1.000,,arXiv.org
B1x0enCcK7,title_cached,0.0,Automatic generation of object shapes with desired functionalities,1.000,,arXiv.org
B1lx42A9Ym,title_cached,8.0,Neural Rendering Model: Joint Generation and Prediction for Semi-Supervised Learning,1.000,,arXiv.org
B1lnjo05Km,title_cached,3.0,Graph Spectral Regularization for Neural Network Interpretability,1.000,,arXiv.org
B1lXGnRctX,title_cached,0.0,Classification in the dark using tactile exploration,1.000,,
B1lKtjA9FQ,title_cached,0.0,Overfitting Detection of Deep Neural Networks without a Hold Out Set,1.000,,
B1lG42C9Km,title_cached,58.0,Intrinsic Social Motivation via Causal Influence in Multi-Agent RL,1.000,,arXiv.org
B1l9qsA5KQ,title_cached,0.0,Mental Fatigue Monitoring using Brain Dynamics Preferences,1.000,,
B1l1b205KX,title_cached,0.0,Unsupervised Disentangling Structure and Appearance,1.000,,
B1ggosR9Ym,title_cached,2.0,Using Deep Siamese Neural Networks to Speed up Natural Products Research,1.000,,
B1gJOoRcYQ,title_cached,3.0,S3TA: A Soft; Spatial; Sequential; Top-Down Attention Model,1.000,,
B1gIf305Ym,title_cached,88.0,NSGA-NET: A Multi-Objective Genetic Algorithm for Neural Architecture Search,1.000,,arXiv.org
B1g29oAqtm,title_cached,7.0,Understanding the Asymptotic Performance of Model-Based RL Methods,1.000,,
B1g-X3RqKm,title_cached,0.0,A Proposed Hierarchy of Deep Learning Tasks,1.000,,
B1fPYj0qt7,title_cached,0.0,Riemannian Stochastic Gradient Descent for Tensor-Train Recurrent Neural Networks,1.000,,
B1fA3oActQ,title_cached,6.0,GraphSeq2Seq: Graph-Sequence-to-Sequence for Neural Machine Translation,1.000,,
B1excoAqKQ,title_cached,2.0,What Would pi* Do?: Imitation Learning via Off-Policy Reinforcement Learning,1.000,,
B1ethsR9Ym,title_cached,1.0,Look Ma; No GANs! Image Transformation with ModifAE,1.000,,
B1epooR5FX,title_cached,2.0,Predicted Variables in Programming,1.000,,arXiv.org
B1edvs05Y7,title_cached,243.0,Sparse Binary Compression: Towards Distributed Deep Learning with minimal Communication,1.000,,IEEE International Joint Conference on Neural Network
B1eZRiC9YX,title_cached,2.0,Sufficient Conditions for Robustness to Adversarial Examples: a Theoretical and Empirical Study with Bayesian Neural Net,1.000,,
B1ePui0ctQ,title_cached,0.0,SnapQuant: A Probabilistic and Nested Parameterization for Binary Networks,1.000,,
B1eO9oA5Km,title_cached,0.0,A Guider Network for Multi-Dual Learning,1.000,,
B1eKk2CcKm,title_cached,1.0,Towards the Latent Transcriptome,1.000,,arXiv.org
B1eEKi0qYQ,title_cached,0.0,Interactive Parallel Exploration for Reinforcement Learning in Continuous Action Spaces,1.000,,
B1eCCoR5tm,title_cached,0.0,Pseudosaccades: A simple ensemble scheme for improving classification performance of deep nets,1.000,,
B1e9W3AqFX,title_cached,0.0,Multi-task Learning with Gradient Communication,1.000,,
B1e8CsRctX,title_cached,85.0,Generative Ensembles for Robust Anomaly Detection,1.000,,arXiv.org
B1e7hs05Km,title_cached,180.0,Efficient Exploration Through Bayesian Deep Q-Networks,1.000,,Information Theory and Applications Workshop
B1MhpiRqFm,title_cached,0.0,A Convergent Variant of the Boltzmann Softmax Operator in Reinforcement Learning,1.000,,
B1MX5j0cFX,title_cached,0.0,Universal Attacks on Equivariant Networks,1.000,,
B1MUroRct7,title_cached,4.0,Online learning for supervised dimension reduction,1.000,,Mathematical Foundations of Computing
B1M9FjC5FQ,title_cached,2.0,Gradient Acceleration in Activation Functions,1.000,,arXiv.org
B1GIQhCcYm,title_cached,3.0,Unsupervised one-to-many image translation,0.988,,
B1GIB3A9YX,title_cached,4.0,Explicit Recall for Efficient Exploration,1.000,,
B1GHJ3R9tQ,title_cached,0.0,HyperGAN: Exploring the Manifold of Neural Networks,0.990,,
B1EjKsRqtQ,title_cached,2.0,Hierarchical Attention: What Really Counts in Various NLP Tasks,1.000,,arXiv.org
B14rPj0qY7,title_cached,42.0,Rethinking Self-driving: Multi-task Knowledge for Better Generalization and Accident Explanation Ability,0.990,,arXiv.org
B14ejsA5YQ,title_cached,0.0,Neural Causal Discovery with Learnable Input Noise,1.000,,
ryxtWgSKPB,title_cached,10.0,Quantum Optical Experiments Modeled by Long Short-Term Memory,1.000,,Photonics
ryxsUySFwr,title_cached,5.0,Neural Network Out-of-Distribution Detection for Regression Tasks,1.000,,
ryxmrpNtvH,title_cached,55.0,Deeper Insights into Weight Sharing in Neural Architecture Search,1.000,,arXiv.org
ryxW804FPH,title_cached,3.0,ADAPTING PRETRAINED LANGUAGE MODELS FOR LONG DOCUMENT CLASSIFICATION,1.000,,
ryxUkTVYvH,title_cached,0.0,Towards Controllable and Interpretable Face Completion via Structure-Aware and Frequency-Oriented Attentive GANs,0.995,,
ryxUMREYPr,title_cached,0.0,Is There Mode Collapse? A Case Study on Face Generation and Its Black-box Calibration,1.000,,
ryxQ6T4YwB,title_cached,31.0,GraphNVP: an Invertible Flow-based Model for Generating Molecular Graphs,1.000,,
ryxPbkrtvr,title_cached,1.0,BOSH: An Efficient Meta Algorithm for Decision-based Attacks,1.000,,
ryxPRpEtvH,title_cached,0.0,Omnibus Dropout for Improving The Probabilistic Classification Outputs of ConvNets,1.000,,
ryxOBgBFPH,title_cached,4.0,Preventing Imitation Learning with Adversarial Policy Ensembles,1.000,,arXiv.org
ryxIZR4tvS,title_cached,107.0,Knowledge Hypergraphs: Prediction Beyond Binary Relations,1.000,,International Joint Conference on Artificial Intelligence
ryxAY34YwB,title_cached,20.0,Make Lead Bias in Your Favor: A Simple and Effective Method for News Summarization,1.000,,arXiv.org
ryx4TlHKDS,title_cached,0.0,EXACT ANALYSIS OF CURVATURE CORRECTED LEARNING DYNAMICS IN DEEP LINEAR NETWORKS,1.000,,
ryx4PJrtvS,title_cached,3.0,A Copula approach for hyperparameter transfer learning,1.000,,arXiv.org
ryx0nnEKwH,title_cached,3.0,Improving Batch Normalization with Skewness Reduction for Deep Neural Networks,1.000,,International Conference on Pattern Recognition
rylztAEYvr,title_cached,0.0,Iterative Target Augmentation for Effective Conditional Generation,1.000,,
rylxpA4YwH,title_cached,50.0,On the Evaluation of Conditional GANs,1.000,,arXiv.org
rylvAA4YDB,title_cached,20.0,IsoNN: Isomorphic Neural Network for Graph Representation Learning and Classification,1.000,,arXiv.org
rylrI1HtPr,title_cached,1.0,Pixel Co-Occurence Based Loss Metrics for Super Resolution Texture Recovery,1.000,,
rylqmxBKvH,title_cached,0.0,Unsupervised Spatiotemporal Data Inpainting,1.000,,
ryljMpNtwr,title_cached,570.0,Benchmarking Robustness in Object Detection: Autonomous Driving when Winter is Coming,1.000,,arXiv.org
rylZKTNYPr,title_cached,7.0,Inferring Dynamical Systems with Long-Range Dependencies through Line Attractor Regularization,1.000,,arXiv.org
rylVTTVtvH,title_cached,3.0,Tensor Graph Convolutional Networks for Prediction on Dynamic Graphs,1.000,,arXiv.org
rylUOn4Yvr,title_cached,0.0,ROBUST DISCRIMINATIVE REPRESENTATION LEARNING VIA GRADIENT RESCALING: AN EMPHASIS REGULARISATION PERSPECTIVE,1.000,,
rylT0AVtwH,title_cached,0.0,Learning from Partially-Observed Multimodal Data with Variational Autoencoders,1.000,,
rylNJlStwB,title_cached,1.0,Learning to Infer User Interface Attributes from Images,1.000,,arXiv.org
rylDzTEKwr,title_cached,0.0,Variational Hashing-based Collaborative Filtering with Self-Masking,1.000,,
ryl5CJSFPS,title_cached,0.0,GENERALIZATION GUARANTEES FOR NEURAL NETS VIA HARNESSING THE LOW-RANKNESS OF JACOBIAN,1.000,,
ryl4-pEKvB,title_cached,0.0,DeepAGREL: Biologically plausible deep learning via direct reinforcement,1.000,,
ryl3blSFPr,title_cached,0.0,Denoising Improves Latent Space Geometry in Text Autoencoders,1.000,,
ryl1r1BYDS,title_cached,0.0,Multiagent Reinforcement Learning in Games with an Iterated Dominance Solution,1.000,,
ryl0cAVtPH,title_cached,24.0,On the Difficulty of Warm-Starting Neural Network Training,1.000,,arXiv.org
rygxdA4YPS,title_cached,4.0,AdaScale SGD: A Scale-Invariant Algorithm for Distributed Training,1.000,,
rygw7aNYDS,title_cached,0.0,Efficient Inference and Exploration for Reinforcement Learning,1.000,,arXiv.org
rygtPhVtDS,title_cached,38.0,Noise Regularization for Conditional Density Estimation,1.000,,arXiv.org
rygoURNYvS,title_cached,83.0,Pre-trained Contextual Embedding of Source Code,1.000,,arXiv.org
ryghPCVYvH,title_cached,15.0,Generative Restricted Kernel Machines,1.000,,Neural Networks
rygfC0VKPS,title_cached,0.0,Improved Modeling of Complex Systems Using Hybrid Physics/Machine Learning/Stochastic Models,1.000,,
rygePJHYPH,title_cached,45.0,Towards Trustworthy Predictions from Deep Neural Networks with Fast Adversarial Calibration,1.000,,AAAI Conference on Artificial Intelligence
rygUoeHKvB,title_cached,0.0,Deep exploration by novelty-pursuit with maximum state entropy,1.000,,
rygT_JHtDr,title_cached,5.0,Scalable Deep Neural Networks via Low-Rank Matrix Factorization,1.000,,arXiv.org
rygRP2VYwB,title_cached,0.0,Stochastically Controlled Compositional Gradient for the Composition problem,1.000,,
rygPm64tDH,title_cached,85.0,Learning Explainable Models Using Attribution Priors,1.000,,arXiv.org
rygMWT4twS,title_cached,46.0,Stochastic Gradient Descent with Biased but Consistent Gradient Estimators,1.000,,arXiv.org
ryg8WJSKPr,title_cached,5.0,ConQUR: Mitigating Delusional Bias in Deep Q-learning,1.000,,International Conference on Machine Learning
ryex8CEKPr,title_cached,2.0,Knockoff-Inspired Feature Selection via Generative Models,1.000,,
ryesZANKPB,title_cached,126.0,Meta Learning via Learned Loss,1.000,,International Conference on Pattern Recognition
ryefmpEYPr,title_cached,4.0,iSparse: Output Informed Sparsification of Neural Network,0.991,,International Conference on Multimedia Retrieval
ryefE1SYDr,title_cached,21.0,LIA: Latently Invertible Autoencoder with Adversarial Learning,1.000,,arXiv.org
ryedjkSFwr,title_cached,8.0,Global Momentum Compression for Sparse Communication in Distributed SGD,1.000,,arXiv.org
ryeUg0VFwr,title_cached,71.0,Striving for Simplicity in Off-policy Deep Reinforcement Learning,1.000,,arXiv.org
ryeT10VKDH,title_cached,2.0,Adapt-to-Learn: Policy Transfer in Reinforcement Learning,1.000,,
ryeRwlSYPH,title_cached,1.0,Learning transitional skills with intrinsic motivation,1.000,,
ryeRn3NtPH,title_cached,2.0,Adversarial Inductive Transfer Learning with input and output space adaptation,1.000,,
ryeQmCVYPS,title_cached,7.0,Defective Convolutional Layers Learn Robust CNNs,1.000,,arXiv.org
ryeN5aEYDH,title_cached,1.0,Deep RL for Blood Glucose Control: Lessons; Challenges; and Opportunities,1.000,,
ryGWhJBtDB,title_cached,0.0,Hyperparameter Tuning and Implicit Regularization in Minibatch SGD,1.000,,
rkxmPgrKwB,title_cached,2.0,Weight-space symmetry in neural network loss landscapes revisited,1.000,,
rkxgHerKvH,title_cached,0.0,DEEP GRAPH SPECTRAL EVOLUTION NETWORKS FOR GRAPH TOPOLOGICAL TRANSFORMATION,1.000,,
rkxdexBYPB,title_cached,1.0,Group-Transformer: Towards A Lightweight Character-level Language Model,1.000,,
rkxZCJrtwS,title_cached,2.0,D3PG: Deep Differentiable Deterministic Policy Gradients,1.000,,
rkxXNR4tvH,title_cached,0.0,Semantic Pruning for Single Class Interpretability,1.000,,
rkxUfANKwB,title_cached,3.0,All SMILES Variational Autoencoder for Molecular Property Prediction and Optimization,1.000,,
rkxNelrKPB,title_cached,9.0,On Stochastic Sign Descent Methods,1.000,,
rkxMKerYwr,title_cached,0.0,Towards Interpreting Deep Neural Networks via Understanding Layer Behaviors,1.000,,
rkxKwJrKPS,title_cached,5.0,QXplore: Q-learning Exploration by Maximizing Temporal Difference Error,1.000,,arXiv.org
rkxEKp4Fwr,title_cached,8.0,Training Data Distribution Search with Ensemble Active Learning,1.000,,
rkxDon4Yvr,title_cached,0.0,DISCRIMINATOR BASED CORPUS GENERATION FOR GENERAL CODE SYNTHESIS,1.000,,
rkx35lHKwB,title_cached,0.0,Generalizing Reinforcement Learning to Unseen Actions,1.000,,
rkx1b64Fvr,title_cached,0.0,A New Multi-input Model with the Attention Mechanism for Text Classification,1.000,,
rkx-wA4YPS,title_cached,14.0,Adapting to Label Shift with Bias-Corrected Calibration,1.000,,
rklz16Vtvr,title_cached,3.0,ISBNet: Instance-aware Selective Branching Network,0.990,,arXiv.org
rklxF0NtDr,title_cached,0.0,Policy Message Passing: A New Algorithm for Probabilistic Graph Inference,1.000,,arXiv.org
rklw4AVtDH,title_cached,1.0,Optimistic Adaptive Acceleration for Optimization,1.000,,arXiv.org
rklv-a4tDB,title_cached,0.0,Mesh-Free Unsupervised Learning-Based PDE Solver of Forward and Inverse problems,1.000,,
rklraTNFwB,title_cached,2.0,Robust Instruction-Following in a Situated Agent via Transfer-Learning from Text,1.000,,
rklj3gBYvH,title_cached,0.0,NORML: Nodal Optimization for Recurrent Meta-Learning,1.000,,
rklhqkHFDB,title_cached,2.0,Large scale representation learning from triplet comparisons,1.000,,arXiv.org
rklfIeSFwS,title_cached,3.0,CNAS: CHANNEL-LEVEL NEURAL ARCHITECTURE SEARCH,1.000,,
rkl_f6EFPS,title_cached,2.0,The Probabilistic Fault Tolerance of Neural Networks in the Continuous Limit,1.000,,
rkl_Ch4YwS,title_cached,4.0,A TWO-STAGE FRAMEWORK FOR MATHEMATICAL EXPRESSION RECOGNITION,1.000,,
rklVOnNtwH,title_cached,1.0,Out-of-Distribution Detection Using Layerwise Uncertainty in Deep Neural Networks,1.000,,
rklPITVKvS,title_cached,0.0,Bridging adversarial samples and adversarial networks,1.000,,arXiv.org
rklJ2CEYPH,title_cached,20.0,ProActive: Self-Attentive Temporal Point Process Flows for Activity Sequences,0.404,,Knowledge Discovery and Data Mining
rkl44TEtwH,title_cached,1.0,Composable Semi-parametric Modelling for Long-range Motion Generation,1.000,,
rkl2s34twS,title_cached,0.0,Wildly Unsupervised Domain Adaptation and Its Powerful and Efficient Solution,1.000,,
rkguLC4tPB,title_cached,1.0,Unknown-Aware Deep Neural Network,1.000,,
rkgrbTNtDr,title_cached,0.0,Style-based Encoder Pre-training for Multi-modal Image Synthesis,1.000,,
rkglZyHtvH,title_cached,4.0,Refining the variational posterior through iterative optimization,1.000,,
rkgl51rKDB,title_cached,2.0,Efficient meta reinforcement learning via meta goal generation,1.000,,arXiv.org
rkgiURVFDS,title_cached,2.0,Certified Robustness to Adversarial Label-Flipping Attacks via Randomized Smoothing,1.000,,
rkgb9kSKwS,title_cached,2.0,A Spectral Nonlocal Block for Neural Networks,0.966,,arXiv.org
rkgTdkrtPH,title_cached,3.0,NoiGAN: NOISE AWARE KNOWLEDGE GRAPH EMBEDDING WITH GAN,1.000,,
rkgQL6VFwr,title_cached,0.0,Learning Generative Image Object Manipulations from Language Instructions,1.000,,
rkgIllBtwB,title_cached,0.0,Exploring the Correlation between Likelihood of Flow-based Generative Models and Image Semantics,1.000,,
rkgFXR4KPr,title_cached,2.0,A Simple Recurrent Unit with Reduced Tensor Product Representations,1.000,,
rkgCJ64tDB,title_cached,22.0,Scale-Equivariant Neural Networks with Decomposed Convolutional Filters,1.000,,arXiv.org
rkgAb1Btvr,title_cached,1.0,Fourier networks for uncertainty estimates and out-of-distribution detection,1.000,,
rkg98yBFDr,title_cached,1.0,Reject Illegal Inputs: Scaling Generative Classifiers with Supervised Deep Infomax,1.000,,
rkg8xTEtvB,title_cached,2.0,Hierarchical disentangling network for object representation learning,0.971,,Pattern Recognition
rkg6PhNKDr,title_cached,0.0,HOW IMPORTANT ARE NETWORK WEIGHTS? TO WHAT EXTENT DO THEY NEED AN UPDATE?,1.000,,
rkg6FgrtPB,title_cached,2.0,Biologically Plausible Neural Networks via Evolutionary Dynamics and Dopaminergic Plasticity,1.000,,
rkg3kRNKvH,title_cached,0.0,Linguistic Embeddings as a Common-Sense Knowledge Repository: Challenges and Opportunities,1.000,,
rkg0_eHtDr,title_cached,5.0,Benefits of Overparameterization in Single-Layer Latent Variable Generative Models,1.000,,arXiv.org
rkewaxrtvr,title_cached,1.0,Privacy-preserving Representation Learning by Disentanglement,1.000,,
rketraEtPr,title_cached,0.0,Learning Time-Aware Assistance Functions for Numerical Fluid Solvers,1.000,,
rkesVkHtDr,title_cached,0.0,Meta-Learning Runge-Kutta,1.000,,
rkeqn1rtDH,title_cached,15.0,Hierarchical Graph Matching Networks for Deep Graph Similarity Learning,1.000,,arXiv.org
rkej86VYvB,title_cached,0.0,Temporal Difference Weighted Ensemble For Reinforcement Learning,1.000,,
rkehoAVtvS,title_cached,0.0,Adversarial Paritial Multi-label Learning,1.000,,
rkegcC4YvS,title_cached,5.0,Reducing the Representation Error of GAN Image Priors Using the Deep Decoder,0.961,,arXiv.org
rkeeoeHYvr,title_cached,6.0,AdvCodec: Towards A Unified Framework for Adversarial Text Generation,1.000,,arXiv.org
rked_6NFwH,title_cached,0.0,Path Space for Recurrent Neural Networks with ReLU Activations,1.000,,
rkedXgrKDH,title_cached,0.0,Trajectory growth through random deep ReLU networks,1.000,,
rkeZ9a4Fwr,title_cached,5.0,Disentangling Improves VAEs' Robustness to Adversarial Attacks,1.000,,arXiv.org
rkeYvaNKPr,title_cached,2.0,Trajectory representation learning for Multi-Task NMRDP planning,0.992,,International Conference on Pattern Recognition
rkePU0VYDr,title_cached,0.0,A Perturbation Analysis of Input Transformations for Adversarial Attacks,1.000,,
rkeO-lrYwr,title_cached,1.0,Mode Connectivity and Sparse Neural Networks,1.000,,
rke3OxSKwr,title_cached,0.0,Improved Training Techniques for Online Neural Machine Translation,1.000,,
rJxwDTVFDB,title_cached,13.0,Pushing the bounds of dropout,1.000,,arXiv.org
rJxt0JHKvS,title_cached,87.0,Coloring graph neural networks for node disambiguation,1.000,,International Joint Conference on Artificial Intelligence
rJxq3kHKPH,title_cached,2.0,A Simple Approach to the Noisy Label Problem Through the Gambler's Loss,1.000,,
rJxotpNYPS,title_cached,17.0,DIVA: Domain Invariant Variational Autoencoder,1.000,,International Conference on Learning Representations
rJxYMCEFDr,title_cached,0.0,Leveraging Adversarial Examples to Obtain Robust Second-Order Representations,1.000,,
rJxRmlStDB,title_cached,3.0,Self-Induced Curriculum Learning in Neural Machine Translation,1.000,,arXiv.org
rJxRJeStvB,title_cached,1.0,Learning scalable and transferable multi-robot/machine sequential assignment planning via graph embedding,1.000,,
rJxGGlSKwH,title_cached,0.0,Sentence embedding with contrastive multi-views learning,1.000,,
rJxFpp4Fvr,title_cached,1.0,Feature-Robustness; Flatness and Generalization Error for Deep Neural Networks,1.000,,arXiv.org
rJx9vaVtDS,title_cached,3.0,Individualised Dose-Response Estimation using Generative Adversarial Nets,1.000,,
rJx8ylSKvr,title_cached,0.0,Leveraging Entanglement Entropy for Deep Understanding of Attention Matrix in Text Matching,0.995,,
rJx8I1rFwr,title_cached,0.0,Meta-Learning by Hallucinating Useful Examples,1.000,,
rJx7wlSYvB,title_cached,0.0,Differentiable Bayesian Neural Network Inference for Data Streams,1.000,,arXiv.org
rJx2slSKDS,title_cached,1.0,Latent Variables on Spheres for Sampling and Inference,1.000,,
rJlwAa4YwS,title_cached,1.0,Lattice Representation Learning,1.000,,arXiv.org
rJlqoTEtDB,title_cached,59.0,pbSGD: Powered Stochastic Gradient Descent Methods for Accelerated Non-Convex Optimization,0.972,,International Joint Conference on Artificial Intelligence
rJlk71rYvH,title_cached,0.0,Counterfactual Regularization for Model-Based Reinforcement Learning,1.000,,
rJlf_RVKwr,title_cached,3.0,Robust Sensible Adversarial Learning of Deep Neural Networks for Image Classification,0.509,,Annals of Applied Statistics
rJlYsn4YwS,title_cached,16.0,Accelerated Gradient-free Neural Network Training by Multi-convex Alternating Optimization,0.927,,Neurocomputing
rJlTXxSFPr,title_cached,0.0,A Quality-Diversity Controllable GAN for Text Generation,1.000,,
rJlDoT4twr,title_cached,43.0,Unified Probabilistic Deep Continual Learning through Generative Replay and Open Set Recognition,1.000,,Journal of Imaging
rJl5rRVFvH,title_cached,397.0,Way Off-Policy Batch Deep Reinforcement Learning of Implicit Human Preferences in Dialog,0.945,,arXiv.org
rJl5MeHKvB,title_cached,1.0,Learning Through Limited Self-Supervision: Improving Time-Series Classification Without Additional Data via Auxiliary Ta,1.000,,
rJl3YC4YPH,title_cached,0.0,GUIDEGAN: ATTENTION BASED SPATIAL GUIDANCE FOR IMAGE-TO-IMAGE TRANSLATION,0.966,,
rJl0ceBtDH,title_cached,0.0,Semi-Supervised Boosting via Self Labelling,1.000,,
rJl05AVtwB,title_cached,1.0,Chordal-GCN: Exploiting sparsity in training large-scale graph convolutional networks,1.000,,
rJguRyBYvr,title_cached,1.0,Improved Detection of Adversarial Attacks via Penetration Distortion Maximization,1.000,,arXiv.org
rJgqalBKvH,title_cached,0.0,Deceptive Opponent Modeling with Proactive Network Interdiction for Stochastic Goal Recognition Control,1.000,,
rJgffkSFPS,title_cached,32.0,Multi-objective Neural Architecture Search via Predictive Network Performance Optimization,1.000,,arXiv.org
rJgSk04tDH,title_cached,121.0,Why Does Hierarchy (Sometimes) Work So Well in Reinforcement Learning?,1.000,,arXiv.org
rJgPFgHFwr,title_cached,4.0,Laconic Image Classification: Human vs. Machine Performance,1.000,,International Conference on Information and Knowledge Management
rJgLlAVYPr,title_cached,0.0,White Box Network: Obtaining a right composition ordering of functions,1.000,,
rJgHC2VKvB,title_cached,2.0,Recurrent Neural Networks are Universal Filters,1.000,,
rJgFjREtwr,title_cached,1.0,Distribution-Guided Local Explanation for Black-Box Classifiers,1.000,,
rJgFDnEYPr,title_cached,0.0,Count-guided Weakly Supervised Localization Based on Density Map,1.000,,
rJgDT04twH,title_cached,2.0,Deep Reinforcement Learning with Implicit Human Feedback,1.000,,
rJgCOySYwH,title_cached,0.0,Function Feature Learning of Neural Networks,1.000,,
rJg8NertPr,title_cached,0.0,Top-down training for neural networks,1.000,,
rJg851rYwH,title_cached,65.0,Making the Shoe Fit: Architectures; Initializations; and Tuning for Learning with Privacy,1.000,,
rJg7BA4YDr,title_cached,45.0,Neural Execution Engines: Learning to Execute Subroutines,0.600,,Neural Information Processing Systems
rJejta4KDS,title_cached,0.0,SELF-KNOWLEDGE DISTILLATION ADVERSARIAL ATTACK,1.000,,
rJehllrtDS,title_cached,88.0,Rethinking deep active learning: Using unlabeled data at model training,1.000,,International Conference on Pattern Recognition
rJehf0VKwS,title_cached,0.0,Proactive Sequence Generator via Knowledge Acquisition,1.000,,
rJecSyHtDS,title_cached,0.0,Learning to Recognize the Unseen Visual Predicates,1.000,,
rJe_cyrKPB,title_cached,0.0,GroSS Decomposition: Group-Size Series Decomposition for Whole Search-Space Training,1.000,,
rJeIGkBKPS,title_cached,0.0,Improving Confident-Classifiers For Out-of-distribution Detection,1.000,,
rJeGJaEtPH,title_cached,6.0,MIST: Multiple Instance Spatial Transformer Network,0.990,,arXiv.org
rJeB22VFvS,title_cached,0.0,Towards More Realistic Neural Network Uncertainties,1.000,,
rJeA_aVtPB,title_cached,11.0,Decaying momentum helps neural network training,1.000,,arXiv.org
rJe9fTNtPS,title_cached,0.0,AHash: A Load-Balanced One Permutation Hash,1.000,,
rJe7CkrFvS,title_cached,3.0,Improving Exploration of Deep Reinforcement Learning using Planning for Policy Search,1.000,,
rJe1DTNYPH,title_cached,2.0,Understanding Adversarial Behavior of DNNs by Disentangling Non-Robust and Robust Components in Performance Metric,0.777,,arXiv.org
rJe04p4YDB,title_cached,6.0,Semi-supervised Learning by Coaching,1.000,,
r1xxKJBKvr,title_cached,1.0,PassNet: Learning pass probability surfaces from single-location labels. An architecture for visually-interpretable socc,1.000,,
r1xwA34KDB,title_cached,2.0,Learning Invariants through Soft Unification,1.000,,Neural Information Processing Systems
r1xpF0VYDS,title_cached,0.0,Quantum Algorithm for Finding the Negative Curvature Direction,1.000,,
r1xfECEKvr,title_cached,123.0,Analyzing the role of model uncertainty for electronic health records,1.000,,ACM Conference on Health; Inference; and Learning
r1xbj2VKvr,title_cached,0.0,iDRKAN: Interpretable miRNA-Disease Association Prediction Based on Dual-Graph Representation Learning and Kolmogorov–Ar,0.407,,bioRxiv
r1xapAEKwS,title_cached,1.0,SDGM: Sparse Bayesian Classifier Based on a Discriminative Gaussian Mixture Model,1.000,,arXiv.org
r1xa9TVFvH,title_cached,3.0,NeuralUCB: Contextual Bandits with Neural Network-Based Exploration,1.000,,
r1xQNlBYPS,title_cached,0.0,Multichannel Generative Language Models,1.000,,
r1xNJ0NYDH,title_cached,0.0,The Effect of Neural Net Architecture on Gradient Confusion & Training Performance,1.000,,
r1xMnCNYvB,title_cached,41.0,JAX; M.D.: End-to-End Differentiable; Hardware Accelerated; Molecular Dynamics in Pure Python,1.000,,
r1xI-gHFDH,title_cached,0.0,How can we generalise learning distributed representations of graphs,1.000,,
r1xHxgrKwr,title_cached,7.0,Anomaly Detection Based on Unsupervised Disentangled Representation Learning in Combination with Manifold Learning,1.000,,IEEE International Joint Conference on Neural Network
r1xH5xHYwH,title_cached,0.0,Effects of Linguistic Labels on Learned Visual Representations in Convolutional Neural Networks: Labels matter!,1.000,,
r1xF7lSYDS,title_cached,9.0,Transferable Recognition-Aware Image Processing,1.000,,arXiv.org
r1x63grFvH,title_cached,3.0,Limitations for Learning from Point Clouds,1.000,,
r1x3unVKPS,title_cached,0.0,Support-guided Adversarial Imitation Learning,1.000,,
r1nSxrKPH,title_cached,0.0,Learning Functionally Decomposed Hierarchies for Continuous Navigation Tasks,1.000,,
r1ltnp4KwS,title_cached,0.0,Training Interpretable Convolutional Neural Networks towards Class-specific Filters,1.000,,
r1ln504YvH,title_cached,0.0,Actor-Critic Approach for Temporal Predictive Clustering,1.000,,
r1lkKn4KDS,title_cached,4.0,Learning Reusable Options for Multi-Task Reinforcement Learning,1.000,,arXiv.org
r1lh6C4FDr,title_cached,0.0,COMBINED FLEXIBLE ACTIVATION FUNCTIONS FOR DEEP NEURAL NETWORKS,1.000,,
r1lfga4KvS,title_cached,0.0,Extreme Value k-means Clustering,1.000,,
r1lczkHKPr,title_cached,6.0,Off-policy Multi-step Q-learning,1.000,,arXiv.org
r1lclxBYDS,title_cached,0.0,On the implicit minimization of alternative loss functions when training deep networks,1.000,,
r1lUdpVtwB,title_cached,28.0,Context based machine translation with recurrent neural network for English–Amharic translation,1.000,,Machine Translation
r1lQQeHYPr,title_cached,26.0,Embodied Multimodal Multitask Learning,1.000,,International Joint Conference on Artificial Intelligence
r1lEjlHKPH,title_cached,0.0,Better Knowledge Retention through Metric Learning,1.000,,arXiv.org
r1lEd64YwH,title_cached,0.0,Learning Semantically Meaningful Representations Through Embodiment,1.000,,
r1l7E1HFPH,title_cached,1.0,Multi-step Greedy Policies in Model-Free Deep Reinforcement Learning,1.000,,arXiv.org
r1l0VCNKwB,title_cached,0.0,LOSSLESS SINGLE IMAGE SUPER RESOLUTION FROM LOW-QUALITY JPG IMAGES,1.000,,
r1gzdhEKvH,title_cached,31.0,Deep Neural Linear Bandits: Overcoming Catastrophic Forgetting through Likelihood Matching,0.971,,arXiv.org
r1gx60NKPS,title_cached,0.0,JAUNE: Justified And Unified Neural language Evaluation,1.000,,
r1glygHtDB,title_cached,11.0,A multi-task U-net for segmentation with lazy labels,1.000,,arXiv.org
r1glDpNYwS,title_cached,1.0,LabelFool: A Trick In The Label Space,1.000,,IEEE International Joint Conference on Neural Network
r1ghgxHtPH,title_cached,0.0,Blurring Structure and Learning to Optimize and Adapt Receptive Fields,1.000,,
r1gV3nVKPS,title_cached,0.0,Beyond Classical Diffusion: Ballistic Graph Neural Network,1.000,,
r1gIwgSYwr,title_cached,1.0,Localized Meta-Learning: A PAC-Bayes Analysis for Meta-Leanring Beyond Global Prior,1.000,,
r1gEXgBYDH,title_cached,1.0,Defensive Tensorization: Randomized Tensor Parametrization for Robust Neural Networks,1.000,,
r1g6MCEtwr,title_cached,8.0,Zero-Shot Out-of-Distribution Detection with Feature Correlations,1.000,,
r1g1CAEKDH,title_cached,3.0,Wyner VAE: A Variational Autoencoder with Succinct Common Representation Learning,1.000,,
r1ezqaEFPr,title_cached,1.0,Multi-Task Learning via Scale Aware Feature Pyramid Networks and Effective Joint Head,1.000,,2019 IEEE/CVF International Conference on Computer Vision Workshop (ICCVW)
r1erNxBtwr,title_cached,10.0,Demystifying Graph Neural Network Via Graph Filter Assessment,1.000,,
r1enqkBtwr,title_cached,43.0,Asymptotic learning curves of kernel methods: empirical data v.s. Teacher-Student paradigm,1.000,,arXiv.org
r1eX1yrKwB,title_cached,1.0,Distribution Matching Prototypical Network for Unsupervised Domain Adaptation,1.000,,
r1eWdlBFwS,title_cached,0.0,Isolating Latent Structure with Cross-population Variational Autoencoders,1.000,,
r1eVXa4KvH,title_cached,0.0,Concise Multi-head Attention Models,1.000,,
r1eUukrtwH,title_cached,3.0,The Variational InfoMax AutoEncoder,1.000,,IEEE International Joint Conference on Neural Network
r1eU1gHFvH,title_cached,0.0,Under what circumstances do local codes emerge in feed-forward neural networks,1.000,,
r1eOnh4YPB,title_cached,220.0,How Does Learning Rate Decay Help Modern Neural Networks,1.000,,
r1eCy0NtDH,title_cached,35.0,Mean-field Behaviour of Neural Tangent Kernel for Deep Neural Networks,1.000,,
r1eCukHYDH,title_cached,0.0,Manifold Learning and Alignment with Generative Adversarial Networks,1.000,,
r1e8qpVKPS,title_cached,0.0,ROLE OF TWO LEARNING RATES IN CONVERGENCE OF MODEL-AGNOSTIC META-LEARNING,1.000,,
r1e8WTEYPB,title_cached,9.0,Sparse And Structured Visual Attention,1.000,,International Conference on Information Photonics
r1e7NgrYvH,title_cached,0.0,DO-AutoEncoder: Learning and Intervening Bivariate Causal Mechanisms in Images,1.000,,
r1e74a4twH,title_cached,0.0,CZ-GEM: A FRAMEWORK FOR DISENTANGLED REPRESENTATION LEARNING,0.975,,
r1e4MkSFDr,title_cached,1.0,Continuous Convolutional Neural Network forNonuniform Time Series,1.000,,
r1e30AEKPr,title_cached,1.0,A Group-Theoretic Framework for Knowledge Graph Embedding,1.000,,arXiv.org
Syxwsp4KDB,title_cached,66.0,TED: A Pretrained Unsupervised Summarization Model with Theme Modeling and Denoising,1.000,,Findings
SyxjVRVKDB,title_cached,0.0,Switched linear projections and inactive state sensitivity for deep neural network interpretability,1.000,,arXiv.org
Syxi6grFwH,title_cached,0.0,HIPPOCAMPAL NEURONAL REPRESENTATIONS IN CONTINUAL LEARNING,1.000,,
SyxhaxBKPS,title_cached,2.0,Smart Ternary Quantization,1.000,,arXiv.org
SyxdC6NKwH,title_cached,0.0,Uncertainty-Aware Prediction for Graph Neural Networks,1.000,,
Syxc1yrKvr,title_cached,0.0,Implicit λ-Jeffreys Autoencoders: Taking the Best of Both Worlds,1.000,,
Syx_f6EFPr,title_cached,0.0,Supervised learning with incomplete data via sparse representations,1.000,,
SyxM51BYPB,title_cached,4.0,A new perspective in understanding of Adam-Type algorithms and beyond,1.000,,
SyxJU64twr,title_cached,1.0,Model Ensemble-Based Intrinsic Reward for Sparse Reward Reinforcement Learning,1.000,,
SyxIterYwS,title_cached,1.0,Dynamical System Embedding for Efficient Intrinsically Motivated Artificial Agents,1.000,,
SyxGoJrtPr,title_cached,0.0,SPROUT: Self-Progressing Robust Training,1.000,,
SyxD7lrFPH,title_cached,5.0,Frequency Pooling: Shift-Equivalent and Anti-Aliasing Downsampling,0.992,,arXiv.org
SyxC9TEtPH,title_cached,8.0,Conditional Invertible Neural Networks for Guided Image Generation,1.000,,
SyxBgkBFPS,title_cached,0.0,Guided Adaptive Credit Assignment for Sample Efficient Policy Optimization,1.000,,
Syx9ET4YPB,title_cached,87.0,Do Image Classifiers Generalize Across Time?,1.000,,IEEE International Conference on Computer Vision
Syx5eT4KDS,title_cached,2.0,Discrete Infomax Codes for Meta-Learning,1.000,,arXiv.org
Syx33erYwH,title_cached,0.0,ASYNCHRONOUS MULTI-AGENT GENERATIVE ADVERSARIAL IMITATION LEARNING,1.000,,
Syx-bCEFPS,title_cached,3.0,Synthetic vs Real: Deep Learning on Controlled Noise,1.000,,arXiv.org
SylwBpNKDr,title_cached,0.0,Boosting Network: Learn by Growing Filters and Layers via SplitLBI,1.000,,
SylurJHFPS,title_cached,0.0,The Detection of Distributional Discrepancy for Text Generation,1.000,,arXiv.org
SylkzaEYPS,title_cached,1.0,Encoder-decoder Network as Loss Function for Summarization,1.000,,
Syld53NtvH,title_cached,0.0,Expected Tight Bounds for Robust Deep Neural Network Training,1.000,,
SylUzpNFDS,title_cached,2.0,SoftLoc: Robust Temporal Localization under Label Misalignment,1.000,,
Syl89aNYwS,title_cached,0.0,Robust saliency maps with distribution-preserving decoys,1.000,,
Syl38yrFwr,title_cached,0.0,Near-Zero-Cost Differentially Private Deep Learning with Teacher Ensembles,1.000,,
Syl-xpNtwS,title_cached,15.0,Learning Representations in Reinforcement Learning: An Information Bottleneck Approach,1.000,,arXiv.org
Sygn20VtwH,title_cached,1.0,Metagross: Meta Gated Recursive Controller Units for Sequence Modeling,1.000,,
SyglyANFDr,title_cached,4.0,SGD with Hardness Weighted Sampling for Distributionally Robust Deep Learning,1.000,,arXiv.org
SygkSkSFDB,title_cached,0.0,On the expected running time of nonconvex optimization with early stopping,1.000,,
Sygg3JHtwB,title_cached,9.0,Step-size Optimization for Continual Learning,0.636,,arXiv.org
SygeY1SYvr,title_cached,3.0,Are Few-shot Learning Benchmarks Too Simple ?,1.000,,
SygcSlHFvS,title_cached,9.0,On Understanding Knowledge Graph Representation,1.000,,arXiv.org
SygSLlStwS,title_cached,0.0,Consistent Meta-Reinforcement Learning via Model Identification and Experience Relabeling,1.000,,
SygRikHtvS,title_cached,2.0,Coresets for Accelerating Incremental Gradient Methods,1.000,,
SygLu0VtPH,title_cached,4.0,Improving Deep Neuroevolution via Deep Innovation Protection,0.605,,arXiv.org
SygD31HFvB,title_cached,4.0,A General Analysis Framework of Lower Complexity Bounds for Finite-Sum Optimization,0.963,,arXiv.org
SygBIxSFDS,title_cached,21.0,An Empirical and Comparative Analysis of Data Valuation with Scalable Algorithms,1.000,,arXiv.org
SyezSCNYPB,title_cached,0.0,Disentangled GANs for Controllable Generation of High-Resolution Images,1.000,,
SyeyF0VtDr,title_cached,49.0,Recurrent Event Network : Global Structure Inference Over Temporal Knowledge Graph,1.000,,
Syeu8CNYvS,title_cached,0.0,MODELLING BIOLOGICAL ASSAYS WITH ADAPTIVE DEEP KERNEL LEARNING,0.954,,
Syetja4KPH,title_cached,1.0,Deep Randomized Least Squares Value Iteration,1.000,,
Syejj0NYvr,title_cached,32.0,Adversarial Interpolation Training: A Simple Approach for Improving Model Robustness,1.000,,
SyegvgHtwr,title_cached,3.0,Localised Generative Flows,1.000,,arXiv.org
SyedHyBFwS,title_cached,1.0,Relative Pixel Prediction For Autoregressive Image Generation,1.000,,
SyeZIkrKwS,title_cached,106.0,DyNet: Dynamic Convolution for Accelerating Convolutional Neural Networks,0.986,,arXiv.org
SyeYiyHFDH,title_cached,13.0,Convergence Analysis of a Momentum Algorithm with Adaptive Step Size for Non Convex Optimization,0.995,,arXiv.org
SyeUMRNYDr,title_cached,6.0,Generating Dialogue Responses from a Semantic Latent Space,1.000,,Conference on Empirical Methods in Natural Language Processing
SyeRIgBYDB,title_cached,0.0,Semi-implicit back propagation,1.000,,Journal of Nonlinear and Variational Analysis
SyeLGlHtPS,title_cached,2.0,Learning vector representation of local content and matrix representation of local motion; with implications for V1,1.000,,
SyeKGgStDB,title_cached,1.0,Training a Constrained Natural Media Painting Agent using Reinforcement Learning,1.000,,
SyeHPgHFDr,title_cached,0.0,Finding Deep Local Optima Using Network Pruning,1.000,,
Sye2s2VtDr,title_cached,1.0,Automatically Learning Feature Crossing from Model Interpretation for Tabular Data,1.000,,
SkxzSgStPS,title_cached,4.0,Exploration via Flow-Based Intrinsic Rewards,1.000,,arXiv.org
SkxoqRNKwr,title_cached,11.0,Adversarial Privacy Preservation under Attribute Inference Attack,1.000,,
Skxn-JSYwr,title_cached,1.0,EXPLOITING SEMANTIC COHERENCE TO IMPROVE PREDICTION IN SATELLITE SCENE IMAGE ANALYSIS: APPLICATION TO DISEASE DENSITY ES,1.000,,
SkxlElBYDS,title_cached,3.0,Continual Learning via Principal Components Projection,1.000,,
SkxcSpEKPS,title_cached,0.0,Generative Adversarial Networks For Data Scarcity Industrial Positron Images With Attention,1.000,,
SkxV7kHKvr,title_cached,0.0,TWIN GRAPH CONVOLUTIONAL NETWORKS: GCN WITH DUAL GRAPH SUPPORT FOR SEMI-SUPERVISED LEARNING,1.000,,
SkxV0RVYDH,title_cached,0.0,Versatile Anomaly Detection with Outlier Preserving Distribution Mapping Autoencoders,1.000,,
SkxUrTVKDH,title_cached,0.0,Split LBI for Deep Learning: Structural Sparsity via Differential Inclusion Paths,1.000,,
SkxOhANKDr,title_cached,0.0,Generative Cleaning Networks with Quantized Nonlinear Transform for Deep Neural Network Defense,0.990,,
SkxMjxHYPS,title_cached,0.0,Filter redistribution templates for iteration-lessconvolutional model reduction,1.000,,
SkxG-CVFDH,title_cached,65.0,GraphMix: Regularized Training of Graph Neural Networks for Semi-Supervised Learning,1.000,,arXiv.org
Skx73lBFDS,title_cached,0.0,Combining graph and sequence information to learn protein representations,1.000,,
Skx24yHFDr,title_cached,0.0,Discovering Topics With Neural Topic Models Built From PLSA Loss,1.000,,
Sklyn6EYvH,title_cached,1.0,Disentangled Representation Learning with Sequential Residual Variational Autoencoder,1.000,,
SklwGlHFvH,title_cached,0.0,Learning Curves for Deep Neural Networks: A field theory perspective,1.000,,
SkluFgrFwH,title_cached,1.0,Learning Mahalanobis Metric Spaces via Geometric Approximation Algorithms,1.000,,arXiv.org
SklnVAEFDB,title_cached,15.0,BERT-AL: BERT for Arbitrarily Long Document Understanding,1.000,,
SklibJBFDB,title_cached,5.0,Evaluating Semantic Representations of Source Code,1.000,,arXiv.org
SklgfkSFPH,title_cached,3.0,Better PAC-Bayes Bounds for Deep Neural Networks using the Loss Curvature,0.943,,arXiv.org
SklfY6EFDH,title_cached,1.0,Representation Quality Explains Adversarial Attacks.,0.990,,
Skld1aVtPB,title_cached,0.0,Deep Mining: Detecting Anomalous Patterns in Neural Network Activations with Subset Scanning,1.000,,
SklcyJBtvB,title_cached,87.0,Off-policy Bandits with Deficient Support,1.000,,Knowledge Discovery and Data Mining
SklVqa4YwH,title_cached,2.0,Realism Index: Interpolation in Generative Models With Arbitrary Prior,1.000,,
SklViCEFPH,title_cached,8.0,Simple is Better: Training an End-to-end Contract Bridge Bidding Agent without Human Knowledge,1.000,,
SklVI1HKvH,title_cached,0.0,Sample-Based Point Cloud Decoder Networks,1.000,,
SklR6aEtwH,title_cached,3.0,Neural Architecture Search by Learning Action Space for Monte Carlo Tree Search,1.000,,
SklOypVKvS,title_cached,1.0,A Data-Efficient Mutual Information Neural Estimator for Statistical Dependency Testing,1.000,,
SklEhlHtPr,title_cached,0.0,DeepPCM: Predicting Protein-Ligand Binding using Unsupervised Learned Representations,1.000,,
Skl6peHFwS,title_cached,1.0,Best feature performance in codeswitched hate speech texts,1.000,,
Skl4LTEtDS,title_cached,50.0,Growing Action Spaces,1.000,,International Conference on Machine Learning
Skl-fyHKPH,title_cached,0.0,A Mean-Field Theory for Kernel Alignment with Random Features in Generative Adversarial Networks,0.989,,arXiv.org
SkgvvCVtDS,title_cached,2.0,DeepSimplex: Reinforcement Learning of Pivot Rules Improves the Efficiency of Simplex Algorithm in Solving Linear Progra,1.000,,
SkgtbaVYvH,title_cached,2.0,AutoLR: A Method for Automatic Tuning of Learning Rate,1.000,,
Skgq1ANFDB,title_cached,1.0,Curvature-based Robustness Certificates against Adversarial Examples,1.000,,
SkglVlSFPS,title_cached,8.0,Uncertainty-sensitive Learning and Planning with Ensembles,0.983,,arXiv.org
Skgfr1rYDH,title_cached,2.0,SoftAdam: Unifying SGD and Adam for better stochastic gradient descent,1.000,,
Skgaia4tDH,title_cached,0.0,Localized Generations with Deep Neural Networks for Multi-Scale Structured Datasets,1.000,,
SkgWIxSFvr,title_cached,0.0,FLAT MANIFOLD VAES,1.000,,
SkgTR3VFvH,title_cached,0.0,Pipelined Training with Stale Weights of Deep Convolutional Neural Networks,1.000,,arXiv.org
SkgS2lBFPS,title_cached,34.0,A Bilingual Generative Transformer for Semantic Sentence Embedding,1.000,,Conference on Empirical Methods in Natural Language Processing
SkgQwpVYwH,title_cached,0.0,Credible Sample Elicitation by Deep Learning; for Deep Learning,1.000,,arXiv.org
SkgOzlrKvH,title_cached,1.0,The Role of Embedding Complexity in Domain-invariant Representations,1.000,,arXiv.org
SkgODpVFDr,title_cached,3.0,Incorporating Horizontal Connections in Convolution by Spatial Shuffling,1.000,,
SkgJOAEtvr,title_cached,0.0,INTERNAL-CONSISTENCY CONSTRAINTS FOR EMERGENT COMMUNICATION,1.000,,
Skg9jnVFvH,title_cached,1.0,Progressive Upsampling Audio Synthesis via Effective Adversarial Training,1.000,,
Skg8gJBFvr,title_cached,10.0,Filling the Soap Bubbles: Efficient Black-Box Adversarial Certification with Non-Gaussian Smoothing,1.000,,
SkezP1HYvS,title_cached,0.0,Diagonal Graph Convolutional Networks with Adaptive Neighborhood Aggregation,1.000,,
SkevphEYPB,title_cached,0.0,POP-Norm: A Theoretically Justified and More Accelerated Normalization Approach,1.000,,
SkejkR4KDr,title_cached,0.0,Layer Flexible Adaptive Computation Time for Recurrent Neural Networks,1.000,,
Skeh-xBYDH,title_cached,6.0,On Symmetry and Initialization for Neural Networks,1.000,,Latin American Symposium on Theoretical Informatics
SkeXL0NKwH,title_cached,6.0,Low-Rank Training of Deep Neural Networks for Emerging Memory Technology,0.993,,arXiv.org
SkeWc2EKPH,title_cached,0.0,Model-free Learning Control of Nonlinear Stochastic Systems with Stability Guarantee,1.000,,
SkeP3yBFDS,title_cached,0.0,Reducing Computation in Recurrent Networks by Selectively Updating State Neurons,1.000,,
SkeKtyHYPS,title_cached,41.0,Data Augmentation in Training CNNs: Injecting Noise to Images,1.000,,arXiv.org
SkeBBJrFPH,title_cached,0.0,Characterize and Transfer Attention in Graph Neural Networks,1.000,,
Ske6qJSKPH,title_cached,7.0,Scheduling the Learning Rate via Hypergradients: New Insights and a New Algorithm,1.000,,arXiv.org
Ske-ih4FPS,title_cached,27.0,Unsupervised Few-shot Learning via Self-supervised Training,0.991,,arXiv.org
SJxyCRVKvB,title_cached,0.0,Granger Causal Structure Reconstruction from Heterogeneous Multivariate Time Series,1.000,,
SJxmfgSYDB,title_cached,0.0,Representing Unordered Data Using Multiset Automata and Complex Numbers,1.000,,International Conference on Machine Learning
SJxjPxSYDH,title_cached,4.0,Discriminative Variational Autoencoder for Continual Learning with Generative Replay,1.000,,
SJx_QJHYDB,title_cached,1.0,Finding Winning Tickets with Limited (or No) Supervision,1.000,,
SJxTZeHFPH,title_cached,4.0,The Intriguing Effects of Focal Loss on the Calibration of Deep Neural Networks,1.000,,
SJxRKT4Fwr,title_cached,78.0,CDSA: Cross-Dimensional Self-Attention for Multivariate; Geo-tagged Time Series Imputation,0.970,,arXiv.org
SJxNzgSKvH,title_cached,4.0,Selective sampling for accelerating training of deep neural networks,0.993,,arXiv.org
SJxIkkSKwB,title_cached,7.0,Learning in Confusion: Batch Active Learning with Noisy Oracle,1.000,,arXiv.org
SJxHMaEtwB,title_cached,0.0,Domain-invariant Learning using Adaptive Filter Decomposition,1.000,,arXiv.org
SJxFWRVKDr,title_cached,0.0,Characterizing Missing Information in Deep Networks Using Backpropagated Gradients,1.000,,
SJxAlgrYDr,title_cached,29.0,City Metro Network Expansion with Reinforcement Learning,1.000,,Knowledge Discovery and Data Mining
SJx4Ogrtvr,title_cached,0.0,Random Bias Initialization Improving Binary Neural Network Training,1.000,,arXiv.org
SJx4O34YvS,title_cached,1.0,Semantics-Preserving Adversarial Attacks on Event-Driven Stock Prediction Models,0.661,,AAAI Conference on Artificial Intelligence
SJx37TEtDH,title_cached,88.0,Why ADAM Beats SGD for Attention Models,1.000,,arXiv.org
SJx0oAEYwH,title_cached,0.0,Cover Filtration and Stable Paths in the Mapper,1.000,,
SJx0PAEFDS,title_cached,6.0,Underwhelming Generalization Improvements From Controlling Feature Attribution,1.000,,arXiv.org
SJlpy64tvB,title_cached,5.0,Attacking Lifelong Learning Models with Gradient Reversion,1.000,,
SJloA0EYDr,title_cached,1.0,A⋆MCTS: SEARCH WITH THEORETICAL GUARANTEE USING POLICY AND VALUE FUNCTIONS,1.000,,
SJlgTJHKwB,title_cached,0.0,Continual Learning with Delayed Feedback,1.000,,
SJlbyCNtPr,title_cached,0.0,Long-term planning; short-term adjustments,1.000,,
SJlbvp4YvS,title_cached,0.0,Risk Averse Value Expansion for Sample Efficient and Robust Policy Learning,1.000,,
SJlWyerFPS,title_cached,5.0,DeepXML: Scalable & Accurate Deep Extreme Classification for Matching User Queries to Advertiser Bid Phrases,1.000,,
SJlVVAEKwS,title_cached,0.0,Adversarial Imitation Attack,1.000,,arXiv.org
SJlRF04YwB,title_cached,11.0,Generating Semantic Adversarial Examples with Differentiable Rendering,1.000,,arXiv.org
SJlRDCVtwr,title_cached,4.0,Contagion dynamics on growing simplicial complex networks via generalized degree vectors,0.470,,Chaos; Solitons &amp; Fractals
SJlPOCEKvH,title_cached,377.0,Compressing BERT: Studying the Effects of Weight Pruning on Transfer Learning,1.000,,Workshop on Representation Learning for NLP
SJlNnhVYDr,title_cached,0.0,Soft Token Matching for Interpretable Low-Resource Classification,1.000,,
SJlJegHFvH,title_cached,0.0,Address2vec: Generating vector embeddings for blockchain analytics,1.000,,
SJlEs1HKDr,title_cached,0.0,Attentive Sequential Neural Processes,1.000,,
SJl47yBYPS,title_cached,6.0,Towards Simplicity in Deep Reinforcement Learning: Streamlined Off-Policy Learning,1.000,,arXiv.org
SJl3h2EYvS,title_cached,6.0,CLAREL: Classification via retrieval loss for zero-shot learning,1.000,,2020 IEEE/CVF Conference on Computer Vision and Pattern Recognition Workshops (CVPRW)
SJl28R4YPr,title_cached,0.0,Graph Neural Networks for Reasoning 2-Quantified Boolean Formulas,1.000,,
SJgzXaNFwS,title_cached,27.0,HyperEmbed: Tradeoffs Between Resources and Performance in NLP Tasks with Hyperdimensional Computing Enabled Embedding o,0.996,,IEEE International Joint Conference on Neural Network
SJgwf04KPr,title_cached,5.0,Confidence-Calibrated Adversarial Training: Towards Robust Models Generalizing Beyond the Attack Used During Training,1.000,,arXiv.org
SJgn464tPB,title_cached,3.0,Stabilizing Off-Policy Reinforcement Learning with Conservative Policy Gradients,1.000,,arXiv.org
SJgSflHKDr,title_cached,10.0,The Frechet Distance of training and test distribution predicts the generalization gap,1.000,,
SJgCEpVtvr,title_cached,13.0,Dynamic Self-training Framework for Graph Convolutional Networks,0.992,,arXiv.org
SJg9z6VFDr,title_cached,26.0,Ordinary differential equations on graph networks,1.000,,
SJg2j0VFPB,title_cached,0.0,Knowledge Graph Embedding: A Probabilistic Perspective and Generalization Bounds,1.000,,
SJg1lxrYwS,title_cached,0.0,PATCHFORMER: A NEURAL ARCHITECTURE FOR SELF-SUPERVISED REPRESENTATION LEARNING ON IMAGES,1.000,,
SJev6JBtvH,title_cached,0.0,Testing for Typicality with Respect to an Ensemble of Learned Distributions,1.000,,arXiv.org
SJeuueSYDH,title_cached,3.0,Distributed Training Across the World,1.000,,
SJegkkrYPS,title_cached,0.0,STARFIRE: REGULARIZATION FREE ADVERSARIALLY ROBUST STRUCTURED SPARSE TRAINING,0.987,,
SJefGpEtDB,title_cached,2.0,A Dynamic Approach to Accelerate Deep Learning Training,1.000,,
SJecKyrKPH,title_cached,0.0,ICNN: INPUT-CONDITIONED FEATURE REPRESENTATION LEARNING FOR TRANSFORMATION-INVARIANT NEURAL NETWORK,1.000,,
SJe_D1SYvr,title_cached,0.0,Partial Simulation for Imitation Learning,1.000,,
SJeWHlSYDB,title_cached,10.0,Sovereign spread divergence owing to inflation and redenomination risk countered by unconventional monetary policy in th,0.230,,Economic Modelling
SJeUm1HtDH,title_cached,49.0,Swoosh! Rattle! Thump! - Actions that Sound,1.000,,Robotics: Science and Systems Conference
SJeS16EKPr,title_cached,0.0,Learning relevant features for statistical inference,1.000,,
SJeQi1HKDH,title_cached,0.0,Learning with Social Influence through Interior Policy Differentiation,0.993,,
SJeQdeBtwB,title_cached,2.0,Adversarially learned anomaly detection for time series data,1.000,,
SJeQGJrKwH,title_cached,0.0,DS-VIC: Unsupervised Discovery of Decision States for Transfer in RL,1.000,,
SJeOAJStwB,title_cached,3.0,On Federated Learning of Deep Networks from Non-IID Data: Parameter Divergence and the Effects of Hyperparametric Method,1.000,,
SJeLO34KwS,title_cached,8.0,Dimensional Reweighting Graph Convolutional Networks,0.980,,arXiv.org
SJeItTEKvr,title_cached,0.0,MULTI-LABEL METRIC LEARNING WITH BIDIRECTIONAL REPRESENTATION DEEP NEURAL NETWORKS,1.000,,
SJeF_h4FwB,title_cached,0.0,Label Cleaning with Likelihood Ratio Test,1.000,,
SJe3KCNKPr,title_cached,0.0,Dual-module Inference for Efficient Recurrent Neural Networks,1.000,,
S1xsG0VYvB,title_cached,4.0,Understanding the functional and structural differences across excitatory and inhibitory neurons,1.000,,bioRxiv
S1xipR4FPB,title_cached,19.0,Teacher-Student Compression with Generative Adversarial Networks,1.000,,
S1xaf6VFPB,title_cached,2.0,PDP: A General Neural Framework for Learning SAT Solvers,1.000,,
S1xXiREKDB,title_cached,0.0,Adversarial training with perturbation generator networks,1.000,,
S1xSzyrYDB,title_cached,0.0,Cyclic Graph Dynamic Multilayer Perceptron for Periodic Signals,1.000,,
S1xRxgSFvH,title_cached,0.0,ShardNet: One Filter Set to Rule Them All,1.000,,
S1xRnxSYwS,title_cached,2.0,Goten: GPU-Outsourcing Trusted Execution of Neural Network Training and Prediction,1.000,,
S1xO4xHFvB,title_cached,0.0,Atomic Compression Networks,1.000,,
S1xKYJSYwS,title_cached,0.0,VAENAS: Sampling Matters in Neural Architecture Search,1.000,,
S1xJikHtDH,title_cached,0.0,Improving Model Compatibility of Generative Adversarial Networks by Boundary Calibration,1.000,,arXiv.org
S1xJFREKvB,title_cached,0.0,Amortized Nesterov's Momentum: Robust and Lightweight Momentum for Deep Learning,0.994,,
S1xJ4JHFvS,title_cached,1.0,Acutum: When Generalization Meets Adaptability,1.000,,
S1xHfxHtPr,title_cached,6.0,Online Learned Continual Compression with Stacked Quantization Module,0.993,,arXiv.org
S1xCcpNYPr,title_cached,23.0,Cost-Effective Testing of a Deep Learning Model through Input Reduction,1.000,,IEEE International Symposium on Software Reliability Engineering
S1x6TlBtwB,title_cached,1.0,Mixture Distributions for Scalable Bayesian Inference,1.000,,
S1x63TEYvr,title_cached,3.0,Latent Question Reformulation and Information Accumulation for Multi-Hop Machine Reading,1.000,,
S1x522NFvS,title_cached,0.0,On unsupervised-supervised risk and one-class neural networks,1.000,,
S1x0CnEtvB,title_cached,41.0,AutoGrow: Automatic Layer Growing in Deep Convolutional Networks,1.000,,Knowledge Discovery and Data Mining
S1ly2grtvB,title_cached,0.0,IS THE LABEL TRUSTFUL: TRAINING BETTER DEEP LEARNING MODEL VIA UNCERTAINTY MINING NET,1.000,,
S1lukyrKPr,title_cached,1.0,LEX-GAN: Layered Explainable Rumor Detector Based on Generative Adversarial Networks,1.000,,
S1lk61BtvB,title_cached,4.0,"Best-of-Many-Samples" Distribution Matching,1.000,,arXiv.org
S1lVhxSYPH,title_cached,15.0,Ternary MobileNets via Per-Layer Hybrid Filter Banks,1.000,,2020 IEEE/CVF Conference on Computer Vision and Pattern Recognition Workshops (CVPRW)
S1lRg0VKDr,title_cached,0.0,On summarized validation curves and generalization,1.000,,
S1lNWertDr,title_cached,0.0,Decoupling Hierarchical Recurrent Neural Networks With Locally Computable Losses,1.000,,arXiv.org
S1lHfxBFDH,title_cached,13.0,Gumbel-Matrix Routing for Flexible Multi-task Learning,1.000,,arXiv.org
S1lDkaEFwS,title_cached,0.0,Thwarting finite difference adversarial attacks with output randomization,1.000,,arXiv.org
S1lBVgHYvr,title_cached,0.0,Towards Certified Defense for Unrestricted Adversarial Attacks,1.000,,
S1lAOhEKPS,title_cached,0.0,X-Forest: Approximate Random Projection Trees for Similarity Measurement,1.000,,
S1lACa4YDS,title_cached,0.0,Meta-Learning for Variational Inference,1.000,,arXiv.org
S1gyl6Vtvr,title_cached,0.0,MaskConvNet: Training Efficient ConvNets from Scratch via Budget-constrained Filter Pruning,1.000,,
S1gvg0NYvH,title_cached,0.0,Mean Field Models for Neural Networks in Teacher-student Setting,1.000,,
S1gtclSFvr,title_cached,14.0,Neural Phrase-to-Phrase Machine Translation,1.000,,arXiv.org
S1gqraNKwB,title_cached,0.0,Contextual Inverse Reinforcement Learning,1.000,,
S1gmvyHFDS,title_cached,0.0,Provenance detection through learning transformation-resilient watermarking,1.000,,
S1g_t1StDB,title_cached,38.0,Self-Educated Language Agent with Hindsight Experience Replay for Instruction Following,1.000,,ViGIL@NeurIPS
S1gXiaEYvr,title_cached,0.0,Prototype Recalls for Continual Learning,1.000,,
S1gV6AVKwB,title_cached,73.0,Cross-Domain Imitation Learning via Optimal Transport,0.723,,International Conference on Learning Representations
S1gTwJSKvr,title_cached,0.0,OPTIMAL BINARY QUANTIZATION FOR DEEP NEURAL NETWORKS,1.000,,
S1gNc3NtvB,title_cached,3.0,Learning Algorithmic Solutions to Symbolic Planning Tasks with a Neural Computer,1.000,,arXiv.org
S1gN8yrYwB,title_cached,0.0,AUGMENTED POLICY GRADIENT METHODS FOR EFFICIENT REINFORCEMENT LEARNING,1.000,,
S1gKkpNKwH,title_cached,1.0,Reinforcement Learning with Chromatic Networks,1.000,,arXiv.org
S1gKA6NtPS,title_cached,3.0,Rediscovering Hyperelasticity by Deep Symbolic Regression,0.593,,International Journal for Numerical Methods in Engineering
S1gEFkrtvH,title_cached,0.0,BasisVAE: Orthogonal Latent Space for Deep Disentangled Representation,1.000,,
S1g490VKvB,title_cached,1.0,The Dynamics of Signal Propagation in Gated Recurrent Neural Networks,1.000,,
S1et8gBKwH,title_cached,0.0,Semi-supervised Pose Estimation with Geometric Latent Representations,1.000,,
S1et1lrtwr,title_cached,114.0,Unsupervised Meta-Learning for Reinforcement Learning,1.000,,arXiv.org
S1ervgHFwS,title_cached,13.0,Adversarial Training Generalizes Data-dependent Spectral Norm Regularization,1.000,,arXiv.org
S1eq9yrYvH,title_cached,0.0,Subjective Reinforcement Learning for Open Complex Environments,1.000,,
S1emOTNKvS,title_cached,338.0,Robust Graph Representation Learning via Neural Sparsification,1.000,,International Conference on Machine Learning
S1elRa4twS,title_cached,2.0,Pre-training as Batch Meta Reinforcement Learning with tiMe,1.000,,arXiv.org
S1ekaT4tDB,title_cached,0.0,Why Convolutional Networks Learn Oriented Bandpass Filters: A Hypothesis,1.000,,
S1ejj64YvS,title_cached,1.0,Good Semi-supervised VAE Requires Tighter Evidence Lower Bound,1.000,,
S1eik6EtPB,title_cached,32.0,Towards A Unified Min-Max Framework for Adversarial Exploration and Robustness,1.000,,
S1ef6JBtPr,title_cached,3.0,Probabilistic View of Multi-agent Reinforcement Learning: A Unified Approach,1.000,,
S1eZOeBKDS,title_cached,0.0,Deep Spike Decoder (DSD),1.000,,
S1eYchEtwH,title_cached,0.0,Learning Human Postural Control with Hierarchical Acquisition Functions,1.000,,
S1eWbkSFPS,title_cached,1.0,Graphs; Entities; and Step Mixture,1.000,,arXiv.org
S1eSoeSYwr,title_cached,23.0,Deep Evidential Uncertainty Estimation for Semantic Segmentation under Out-Of-Distribution Obstacles,0.432,,IEEE International Conference on Robotics and Automation
S1eRya4KDB,title_cached,0.0,A novel Bayesian estimation-based word embedding model for sentiment analysis,1.000,,
S1eL4kBYwr,title_cached,475.0,UNITER: Learning UNiversal Image-TExt Representations,1.000,,European Conference on Computer Vision
S1eIw0NFvr,title_cached,38.0,Selective Brain Damage: Measuring the Disparate Impact of Model Pruning,1.000,,arXiv.org
S1e5YC4KPS,title_cached,0.0,Winning Privately: The Differentially Private Lottery Ticket Mechanism,1.000,,
S1e3g1rtwB,title_cached,0.0,The fairness-accuracy landscape of neural classifiers,1.000,,
S1e1EAEFPB,title_cached,1.0,Perceptual Regularization: Visualizing and Learning Generalizable Representations,1.000,,
S1e-0kBYPB,title_cached,67.0,Can I Trust the Explainer? Verifying Post-hoc Explanatory Methods,1.000,,arXiv.org
HyxnnnVtwB,title_cached,0.0,High performance RNNs with spiking neurons,1.000,,
HyxgoyHtDB,title_cached,0.0,Policy Optimization by Local Improvement through Search,1.000,,
HyxgBerKwB,title_cached,127.0,GraphQA: protein model quality assessment using graph convolutional networks,0.993,,Bioinform.
Hyx_h64Yvr,title_cached,38.0,Kronecker Attention Networks,1.000,,Knowledge Discovery and Data Mining
HyxWteSFwS,title_cached,0.0,Deep Interaction Processes for Time-Evolving Graphs,1.000,,
HyxQbaEYPr,title_cached,2.0,Leveraging Simple Model Predictions for Enhancing its Performance,1.000,,arXiv.org
HyxPIyrFvH,title_cached,21.0,When Robustness Doesn’t Promote Robustness: Synthetic vs. Natural Distribution Shifts on ImageNet,1.000,,
HyxCRCEKwB,title_cached,0.0,RoGANDER: A Robust Generative Adversarial Network for Distributed Energy Resources,0.627,,International Conference on Software Engineering Research and Applications
Hyx5qhEYvH,title_cached,1.0,A SPIKING SEQUENTIAL MODEL: RECURRENT LEAKY INTEGRATE-AND-FIRE,1.000,,
HylwpREtDr,title_cached,76.0,Active Learning for Graph Neural Networks via Node Feature Propagation,0.971,,arXiv.org
HylvleBtPB,title_cached,0.0,Language-independent Cross-lingual Contextual Representations,1.000,,
HylthC4twr,title_cached,2.0,Frequency Analysis for Graph Convolution Network,1.000,,
HylrB04YwH,title_cached,5.0,Overparameterized Neural Networks Can Implement Associative Memory,1.000,,arXiv.org
HyloPnEKPr,title_cached,0.0,Context-aware Attention Model for Coreference Resolution,1.000,,
HylloR4YDr,title_cached,0.0,Learning Latent Representations for Inverse Dynamics using Generalized Experiences,1.000,,
HyljzgHtwS,title_cached,0.0,Regularly varying representation for sentence embedding,1.000,,
HyljY04YDB,title_cached,2.0,Towards Interpretable Molecular Graph Representation Learning,1.000,,
HyleclHKvS,title_cached,0.0,A Non-asymptotic comparison of SVRG and SGD: tradeoffs between compute and speed,1.000,,
HylZIT4Yvr,title_cached,19.0,Structural Language Models for Any-Code Generation,1.000,,arXiv.org
HylWahVtwB,title_cached,0.0,Neural Architecture Search in Embedding Space,1.000,,arXiv.org
HylNWkHtvB,title_cached,23.0,Domain-Independent Dominance of Adaptive Methods,1.000,,Computer Vision and Pattern Recognition
HylLq2EKwS,title_cached,0.0,Collaborative Filtering with A Synthetic Feedback Loop,1.000,,arXiv.org
HylKvyHYwS,title_cached,1.0,Learning with Protection: Rejection of Suspicious Samples under Adversarial Environment,1.000,,
HylA41Btwr,title_cached,0.0,CP-GAN: Towards a Better Global Landscape of GANs,1.000,,
Hyl8yANFDB,title_cached,0.0,Assessing Generalization in TD methods for Deep Reinforcement Learning,1.000,,
Hygy01StvH,title_cached,4.0,Impact of the latent space on the ability of GANs to fit the distribution,1.000,,
Hygv3xrtDr,title_cached,0.0,Sparse Skill Coding: Learning Behavioral Hierarchies with Sparse Codes,1.000,,
HygtiTEYvS,title_cached,195.0,Self-Supervised Policy Adaptation during Deployment,0.780,,International Conference on Learning Representations
HygqFlBtPS,title_cached,0.0,Improved Training of Certifiably Robust Models,1.000,,
Hygq3JrtwS,title_cached,0.0,On the Reflection of Sensitivity in the Generalization Error,1.000,,
HygkpxStvr,title_cached,3.0,Weakly-Supervised Trajectory Segmentation for Learning Reusable Skills,1.000,,
HygiDTVKPr,title_cached,0.0,A Mention-Pair Model of Annotation with Nonparametric User Communities,1.000,,
Hygi7xStvS,title_cached,9.0,Lossless Data Compression with Transformer,1.000,,
HygbQaNYwr,title_cached,1.0,Adversarial Training: embedding adversarial perturbations into the parameter space of a neural network to build a robust,1.000,,arXiv.org
HygYmJBKwH,title_cached,0.0,YaoGAN: Learning Worst-case Competitive Algorithms from Self-generated Inputs,1.000,,
HygXkJHtvB,title_cached,0.0,Using Objective Bayesian Methods to Determine the Optimal Degree of Curvature within the Loss Landscape,1.000,,
HygW26VYwS,title_cached,8.0,Attention Privileged Reinforcement Learning For Domain Transfer,1.000,,Conference on Robot Learning
HygSq3VFvH,title_cached,0.0,Self-Supervised State-Control through Intrinsic Mutual Information Rewards,1.000,,
HygS91rYvH,title_cached,2.0,Universal Adversarial Attack Using Very Few Test Examples,1.000,,
HygQ7TNtPr,title_cached,2.0,Rethinking Neural Network Quantization,1.000,,
HygPjlrYvB,title_cached,4.0,Learning from Positive and Unlabeled Data with Adversarial Training,0.993,,
HygN634KvH,title_cached,1.0,Temporal Probabilistic Asymmetric Multi-task Learning,1.000,,
HygHbTVYPB,title_cached,0.0,LDMGAN: Reducing Mode Collapse in GANs with Latent Distribution Matching,1.000,,
HygFxxrFvB,title_cached,32.0,Differentially Private Mixed-Type Data Generation For Unsupervised Learning,1.000,,arXiv.org
HygDF1rYDB,title_cached,8.0,Explaining Time Series by Counterfactuals,1.000,,
Hyg5TRNtDH,title_cached,0.0,Unsupervised Temperature Scaling: Robust Post-processing Calibration for Domain Shift,1.000,,
Hyg53gSYPB,title_cached,1.0,Defense against Adversarial Examples by Encoder-Assisted Search in the Latent Coding Space,1.000,,
Hyg4kkHKwH,title_cached,2.0,V1Net: A computational model of cortical horizontal connections,1.000,,
HyezmlBKwr,title_cached,107.0,Test-Time Training for Out-of-Distribution Generalization,1.000,,arXiv.org
HyezBa4tPB,title_cached,0.0,Dirichlet Wrapper to Quantify Classification Uncertainty in Black-Box Systems,1.000,,
Hyez1CVYvr,title_cached,1.0,Simultaneous Classification and Out-of-Distribution Detection Using Deep Neural Networks,1.000,,
HyewT1BKvr,title_cached,4.0,SpectroBank: A filter-bank convolutional layer for CNN-based audio applications,1.000,,
HyeuP2EtDB,title_cached,2.0,Scoring-Aggregating-Planning: Learning task-agnostic priors from interactions and sparse rewards for zero-shot generaliz,1.000,,arXiv.org
HyetFnEFDS,title_cached,4.0,Diving into Optimization of Topology in Neural Networks,1.000,,
Hyes70EYDB,title_cached,2.0,Visual Interpretability Alone Helps Adversarial Robustness,1.000,,
HyenUkrtDB,title_cached,5.0,Detecting Noisy Training Data with Loss Curves,1.000,,
HyePberFvH,title_cached,2.0,Monte Carlo Deep Neural Network Arithmetic,1.000,,
HyeKcgHFvS,title_cached,4.0,Gradient-based training of Gaussian Mixture Models in High-Dimensional Spaces,1.000,,arXiv.org
HyeJmlrFvH,title_cached,3.0,Provably Communication-efficient Data-parallel SGD via Nonuniform Quantization,1.000,,
HyeG9lHYwH,title_cached,7.0,Compression without Quantization,1.000,,
HyeAPeBFwS,title_cached,1.0,Quantifying uncertainty with GAN-based priors,1.000,,
Hye87grYDH,title_cached,13.0,Sparse Transformer: Concentrated Attention Through Explicit Selection,1.000,,
Hye5TaVtDH,title_cached,6.0,Constructing the Matrix Multilayer Perceptron and its Application to the VAE,0.538,,arXiv.org
Hye190VKvH,title_cached,0.0,Longitudinal Enrichment of Imaging Biomarker Representations for Improved Alzheimer's Disease Diagnosis,1.000,,
Hye-p0VFPB,title_cached,2.0,Efficient Systolic Array Based on Decomposable MAC for Quantized Deep Neural Networks,1.000,,
HkxzNpNtDS,title_cached,0.0,Generalized Natural Language Grounded Navigation via Environment-agnostic Multitask Learning,1.000,,
HkxwmRVtwH,title_cached,0.0,Gaussian Process Meta-Representations Of Neural Networks,1.000,,
HkxnclHKDr,title_cached,65.0,Provable Representation Learning for Imitation Learning via Bi-level Optimization,1.000,,International Conference on Machine Learning
HkxedlrFwB,title_cached,0.0,Accelerating First-Order Optimization Algorithms,1.000,,
HkxeThNFPH,title_cached,9.0,Safe Policy Learning for Continuous Control,1.000,,Conference on Robot Learning
HkxcUxrFPS,title_cached,21.0,Improving Visual Relation Detection using Depth Maps,1.000,,International Conference on Pattern Recognition
Hkxbz1HKvr,title_cached,5.0,Learning key steps to attack deep reinforcement learning agents,1.000,,Machine-mediated learning
HkxZigSYwS,title_cached,0.0,Universal Safeguarded Learned Convex Optimization with Guaranteed Convergence,1.000,,
HkxSOAEFDB,title_cached,0.0,Octave Graph Convolutional Network,1.000,,
HkxQzlHFPr,title_cached,0.0,Robust Natural Language Representation Learning for Natural Language Inference by Projecting Superficial Words out,1.000,,
HkxIIaVKPB,title_cached,0.0,Unsupervised-Learning of time-varying features,1.000,,
HkxAS6VFDB,title_cached,0.0,Prune or quantize? Strategy for Pareto-optimally low-cost and accurate CNN,1.000,,
Hkx3ElHYwS,title_cached,1.0,GQ-Net: Training Quantization-Friendly Deep Networks,1.000,,
HklvMJSYPB,title_cached,8.0,ADAIL: Adaptive Adversarial Imitation Learning,0.929,,arXiv.org
HklsthVYDH,title_cached,41.0,Learning to Defense by Learning to Attack,1.000,,DGS@ICLR
Hkls_yBKDB,title_cached,9.0,Neural Program Synthesis By Self-Learning,1.000,,arXiv.org
HklsHyBKDr,title_cached,0.0,On Predictive Information Sub-optimality of RNNs,1.000,,arXiv.org
Hklo5RNtwS,title_cached,4.0,Behavior-Guided Reinforcement Learning,1.000,,
HklmoRVYvr,title_cached,0.0,Long History Short-Term Memory for Long-Term Video Prediction,1.000,,
HklliySFDS,title_cached,27.0,Continual Learning with Gated Incremental Memories for sequential data processing,1.000,,IEEE International Joint Conference on Neural Network
HkliveStvH,title_cached,0.0,Connectivity-constrained interactive annotations for panoptic segmentation,1.000,,
HklZUpEtvr,title_cached,22.0,Optimal Transport; CycleGAN; and Penalized LS for Unsupervised Learning in Inverse Problems,1.000,,arXiv.org
HklWsREKwr,title_cached,0.0,Training Deep Neural Networks with Partially Adaptive Momentum,1.000,,
HklPzxHFwB,title_cached,0.0,Zero-Shot Policy Transfer with Disentangled Attention,1.000,,
HklFUlBKPB,title_cached,13.0,Identifying Weights and Architectures of Unknown ReLU Networks,1.000,,arXiv.org
HklCmaVtPS,title_cached,0.0,UW-NET: AN INCEPTION-ATTENTION NETWORK FOR UNDERWATER IMAGE CLASSIFICATION,1.000,,
HklCk1BtwS,title_cached,0.0,Word embedding re-examined: is the symmetrical factorization optimal?,1.000,,
Hkl6i0EFPH,title_cached,9.0,Scalable Differentially Private Data Generation via Private Aggregation of Teacher Ensembles,0.984,,
HkgqmyrYDH,title_cached,1.0,WORD SEQUENCE PREDICTION FOR AMHARIC LANGUAGE,1.000,,
Hkgpnn4YvH,title_cached,0.0,Graph Neural Networks For Multi-Image Matching,1.000,,
HkgbKaEtvB,title_cached,0.0,End-To-End Input Selection for Deep Neural Networks,1.000,,
HkgYEyrFDr,title_cached,0.0,Learning Good Policies By Learning Good Perceptual Models,1.000,,
HkgXteBYPB,title_cached,0.0,Stochastic Neural Physics Predictor,1.000,,
HkgU3xBtDS,title_cached,0.0,REFINING MONTE CARLO TREE SEARCH AGENTS BY MONTE CARLO TREE SEARCH,1.000,,
HkgR8erKwB,title_cached,0.0,PAC-Bayesian Neural Network Bounds,1.000,,
HkgBsaVtDB,title_cached,0.0,Unified recurrent network for many feature types,1.000,,
Hkg0olStDr,title_cached,0.0,Multi-Step Decentralized Domain Adaptation,1.000,,
Hkexw1BtDr,title_cached,1.0,Deep Auto-Deferring Policy for Combinatorial Optimization,1.000,,
HkewNJStDr,title_cached,0.0,Efficient High-Dimensional Data Representation Learning via Semi-Stochastic Block Coordinate Descent Methods,1.000,,
HkeuD34KPH,title_cached,306.0,SSE-PT: Sequential Recommendation Via Personalized Transformer,1.000,,ACM Conference on Recommender Systems
Hkee1JBKwB,title_cached,0.0,Convolutional Tensor-Train LSTM for Long-Term Video Prediction,1.000,,
HkeUDCNFPS,title_cached,1.0,Learning Temporal Abstraction with Information-theoretic Constraints for Hierarchical Reinforcement Learning,1.000,,
HkePOCNtPH,title_cached,1.0,Non-Sequential Melody Generation,1.000,,
HkeMYJHYvS,title_cached,0.0,High-Frequency guided Curriculum Learning for Class-specific Object Boundary Detection,1.000,,
HkeJzANFwS,title_cached,34.0,Contextual Text Style Transfer,1.000,,Findings
HkeAepVKDH,title_cached,0.0,QGAN: Quantize Generative Adversarial Networks to Extreme low-bits,1.000,,
Hke4_JrYDr,title_cached,0.0,Global-Local Network for Learning Depth with Very Sparse Supervision,1.000,,
Hke1gySFvB,title_cached,0.0,Enhancing Language Emergence through Empathy,1.000,,
Hke0oa4KwS,title_cached,4.0,Empirical confidence estimates for classification by deep neural networks,1.000,,arXiv.org
HJxwvCEFvH,title_cached,0.0,SPECTRA: Sparse Entity-centric Transitions,1.000,,
HJxp9kBFDS,title_cached,8.0,Invariance vs. Robustness of Neural Networks,1.000,,arXiv.org
HJxkvlBtwH,title_cached,0.0,Certifying Neural Network Audio Classifiers,1.000,,
HJxhUpVKDr,title_cached,163.0,Branched Multi-Task Networks: Deciding what layers to share,1.000,,British Machine Vision Conference
HJxf53EtDr,title_cached,0.0,Unifying Graph Convolutional Networks as Matrix Factorization,1.000,,
HJxcP2EFDS,title_cached,0.0,Amharic Negation Handling,1.000,,
HJx_d34YDB,title_cached,3.0,VIDEO AFFECTIVE IMPACT PREDICTION WITH MULTIMODAL FUSION AND LONG-SHORT TEMPORAL CONTEXT,1.000,,
HJxVC1SYwr,title_cached,4.0,Crafting Data-free Universal Adversaries with Dilate Loss,1.000,,
HJxV5yHYwB,title_cached,0.0,Solving single-objective tasks by preference multi-objective reinforcement learning,1.000,,
HJxTgeBtDr,title_cached,1.0,Towards Interpretable Evaluations: A Case Study of Named Entity Recognition,1.000,,
HJxRMlrtPH,title_cached,0.0,Verification of Generative-Model-Based Visual Transformations,1.000,,
HJxKhyStPH,title_cached,11.0,Toward Understanding The Effect Of Loss function On Then Performance Of Knowledge Graph Embedding,0.995,,
HJxJdp4YvS,title_cached,2.0,Variational PSOM: Deep Probabilistic Clustering with Self-Organizing Maps,1.000,,arXiv.org
HJxJ2h4tPr,title_cached,15.0,HighRes-net: Multi-Frame Super-Resolution by Recursive Fusion,1.000,,
HJx0U64FwS,title_cached,0.0,A Mechanism of Implicit Regularization in Deep Learning,1.000,,
HJx-akSKPS,title_cached,95.0,Neural Subgraph Isomorphism Counting,1.000,,Knowledge Discovery and Data Mining
HJlyLgrFvB,title_cached,0.0,All Simulations Are Not Equal: Simulation Reweighing for Imperfect Information Games,1.000,,
HJlvCR4KDS,title_cached,0.0,Why Does the VQA Model Answer No?: Improving Reasoning through Visual and Linguistic Inference,1.000,,
HJlrS1rYwH,title_cached,0.0,Policy Tree Network,1.000,,
HJlk-eHFwH,title_cached,3.0,AdaGAN: Adaptive GAN for Many-to-Many Non-Parallel Voice Conversion,1.000,,
HJlXC3EtwB,title_cached,2.0,Learning to Anneal and Prune Proximity Graphs for Similarity Search,1.000,,
HJlWIANtPH,title_cached,12.0,Neural Embeddings for Nearest Neighbor Search Under Edit Distance,1.000,,
HJlMkTNYvH,title_cached,0.0,MODiR: Multi-Objective Dimensionality Reduction for Joint Data Visualisation,1.000,,
HJlISCEKvB,title_cached,0.0,Improving Multi-Manifold GANs with a Learned Noise Prior,1.000,,
HJlHzJBFwB,title_cached,2.0,Accelerating Monte Carlo Bayesian Inference via Approximating Predictive Uncertainty over the Simplex,1.000,,
HJlF3h4FvB,title_cached,45.0,Distillation ≈ Early Stopping? Harvesting Dark Knowledge Utilizing Anisotropic Information Retrieval For Overparameteriz,0.932,,arXiv.org
HJl8SkBYPr,title_cached,242.0,Consistency-Based Semi-Supervised Active Learning: Towards Minimizing Labeling Cost,0.951,,European Conference on Computer Vision
HJl8SgHtwr,title_cached,0.0,VIMPNN: A physics informed neural network for estimating potential energies of out-of-equilibrium systems,1.000,,
HJl8AaVFwB,title_cached,1.0,Deep Multiple Instance Learning for Taxonomic Classification of Metagenomic read sets,1.000,,arXiv.org
HJgzpgrYDr,title_cached,0.0,Learning to Reason: Distilling Hierarchy via Self-Supervision and Reinforcement Learning,1.000,,
HJgySxSKvB,title_cached,0.0,Deep Relational Factorization Machines,1.000,,
HJgkj0NFwr,title_cached,8.0,DARC: Differentiable ARchitecture Compression,0.940,,arXiv.org
HJghoa4YDB,title_cached,10.0,Temporal-difference learning for nonlinear value function approximation in the lazy training regime,1.000,,arXiv.org
HJggj3VKPH,title_cached,0.0,On the Dynamics and Convergence of Weight Normalization for Training Neural Networks,1.000,,
HJgcw0Etwr,title_cached,0.0,Toward Understanding Generalization of Over-parameterized Deep ReLU network trained with SGD in Student-teacher Setting,1.000,,
HJgb7lSFwS,title_cached,0.0,Distance-based Composable Representations with Neural Networks,1.000,,
HJg_tkBtwS,title_cached,1.0,Model-Agnostic Feature Selection with Additional Mutual Information,1.000,,
HJgRCyHFDr,title_cached,2.0,On Weight-Sharing and Bilevel Optimization in Architecture Search,1.000,,
HJgFW6EKvH,title_cached,0.0,Generating Robust Audio Adversarial Examples using Iterative Proportional Clipping,1.000,,
HJgEe1SKPr,title_cached,1.0,GAN-based Gaussian Mixture Model Responsibility Learning,1.000,,International Conference on Pattern Recognition
HJg6VREFDH,title_cached,0.0,iWGAN: an Autoencoder WGAN for Inference,1.000,,
HJewxlHFwH,title_cached,3.0,Skew-Explore: Learn faster in continuous spaces with sparse rewards,1.000,,
HJew70NYvH,title_cached,1.0,TPO: TREE SEARCH POLICY OPTIMIZATION FOR CONTINUOUS ACTION SPACES,1.000,,
HJel76NYPS,title_cached,0.0,Collaborative Generated Hashing for Market Analysis and Fast Cold-start Recommendation,1.000,,
HJekvT4twr,title_cached,0.0,RGTI:Response generation via templates integration for End to End dialog,1.000,,
HJeg46EKPr,title_cached,2.0,Integrative Tensor-based Anomaly Detection System For Satellites,1.000,,
HJeYalBKvr,title_cached,0.0,Attention over Phrases,1.000,,
HJeYSxHFDS,title_cached,7.0,Gauge Equivariant Spherical CNNs,1.000,,
HJeRveHKDH,title_cached,1.0,ADAPTIVE GENERATION OF PROGRAMMING PUZZLES,1.000,,
HJePXkHtvS,title_cached,1.0,Deep Generative Classifier for Out-of-distribution Sample Detection,1.000,,
HJeLBpEFPB,title_cached,11.0,Unsupervised Universal Self-Attention Network for Graph Classification,1.000,,arXiv.org
HJeIX6EKvr,title_cached,1.0,Leveraging inductive bias of neural networks for learning without explicit human annotations,1.000,,arXiv.org
HJeIU0VYwB,title_cached,0.0,ADA+: A GENERIC FRAMEWORK WITH MORE ADAPTIVE EXPLICIT ADJUSTMENT FOR LEARNING RATE,1.000,,
HJeFmkBtvB,title_cached,13.0,Annealed Denoising Score Matching: Learning Energy-Based Models in High-Dimensional Spaces,0.989,,arXiv.org
HJeEP04KDH,title_cached,24.0,Quantized Reinforcement Learning (QUARL),1.000,,arXiv.org
HJeANgBYwr,title_cached,1.0,Towards Scalable Imitation Learning for Multi-Agent Systems with Graph Neural Networks,1.000,,
HJe7unNFDH,title_cached,334.0,BigNAS: Scaling Up Neural Architecture Search with Big Single-Stage Models,0.949,,European Conference on Computer Vision
HJe7bxBYvr,title_cached,0.0,Avoiding Negative Side-Effects and Promoting Safe Exploration with Imaginative Planning,1.000,,
HJe5_6VKwS,title_cached,0.0,Model-based Saliency for the Detection of Adversarial Examples,1.000,,
HJe-oRVtPB,title_cached,5.0,STABILITY AND CONVERGENCE THEORY FOR LEARNING RESNET: A FULL CHARACTERIZATION,1.000,,
HJe-blSYvH,title_cached,7.0,Unsupervised Learning of Efficient and Robust Speech Representations,1.000,,
H1xzdlStvB,title_cached,18.0,Multi-Precision Policy Enforced Training (MuPPET): A precision-switching strategy for quantised fixed-point training of ,0.996,,International Conference on Machine Learning
H1xSOTVtvH,title_cached,25.0,Robust Domain Randomization for Reinforcement Learning,1.000,,arXiv.org
H1x8b6EtvH,title_cached,6.0,Network Pruning for Low-Rank Binary Indexing,0.964,,arXiv.org
H1x-pANtDB,title_cached,3.0,A closer look at network resolution for efficient network design,1.000,,arXiv.org
H1lyiaVFwB,title_cached,0.0,DUAL ADVERSARIAL MODEL FOR GENERATING 3D POINT CLOUD,1.000,,
H1lxeRNYvB,title_cached,4.0,Neural operator search,1.000,,Pattern Recognition
H1ls_eSKPH,title_cached,2.0,Overcoming Catastrophic Forgetting via Hessian-free Curvature Estimates,1.000,,
H1lkYkrKDB,title_cached,2.0,UNIVERSAL MODAL EMBEDDING OF DYNAMICS IN VIDEOS AND ITS APPLICATIONS,1.000,,
H1livgrFvr,title_cached,3.0,Out-of-Distribution Image Detection Using the Normalized Compression Distance,1.000,,
H1leCRNYvS,title_cached,0.0,Hierarchical Bayes Autoencoders,1.000,,
H1lac2Vtwr,title_cached,9.0,SesameBERT: Attention for Anywhere,1.000,,International Conference on Data Science and Advanced Analytics
H1l_gA4KvH,title_cached,0.0,Surrogate-Based Constrained Langevin Sampling With Applications to Optimal Material Configuration Design,1.000,,
H1lXVJStwB,title_cached,106.0,Curriculum Learning by Dynamic Instance Hardness,0.685,,Neural Information Processing Systems
H1lWzpNKvr,title_cached,3.0,Efficient Multivariate Bandit Algorithm with Path Planning,1.000,,IEEE International Conference on Tools with Artificial Intelligence
H1lVvgHKDr,title_cached,0.0,Knowledge Transfer via Student-Teacher Collaboration,1.000,,
H1lTRJBtwB,title_cached,41.0,Compositional Transfer in Hierarchical Reinforcement Learning,1.000,,Robotics: Science and Systems Conference
H1lTQ1rFvS,title_cached,0.0,R2D2: Reuse & Reduce via Dynamic Weight Diffusion for Training Efficient NLP Models,1.000,,
H1lQIgrFDS,title_cached,56.0,$\ell_1$ Adversarial Robustness Certificates: a Randomized Smoothing Approach,1.000,,
H1lNb0NtPH,title_cached,12.0,DIME: An Information-Theoretic Difficulty Measure for AI Datasets,1.000,,
H1lMogrKDH,title_cached,0.0,LEARNING DIFFICULT PERCEPTUAL TASKS WITH HODGKIN-HUXLEY NETWORKS,1.000,,
H1lKNp4Fvr,title_cached,3.0,A shallow feature extraction network with a large receptive field for stereo matching tasks,1.000,,
H1lK5kBKvr,title_cached,0.0,Semi-supervised 3D Face Reconstruction with Nonlinear Disentangled Representations,1.000,,
H1lFsREYPS,title_cached,1.0,ASGen: Answer-containing Sentence Generation to Pre-Train Question Generator for Scale-up Data in Question Answering,1.000,,
H1lDbaVYvH,title_cached,5.0,SMiRL: Surprise Minimizing RL in Entropic Environments,1.000,,
H1lDSCEYPH,title_cached,0.0,Beyond GANs: Transforming without a Target Distribution,1.000,,
H1lBYCEFDB,title_cached,11.0,A Coordinate-Free Construction of Scalable Natural Gradient,1.000,,arXiv.org
H1l2mxHKvr,title_cached,7.0,Few-Shot Few-Shot Learning and the role of Spatial Attention,1.000,,International Conference on Pattern Recognition
H1l-02VKPB,title_cached,0.0,Topology-Aware Pooling via Graph Attention,1.000,,
H1gza2NtwH,title_cached,18.0,Towards understanding the true loss surface of deep neural networks using random matrix theory and iterative spectral me,1.000,,
H1gyy1BtDS,title_cached,0.0,An Information Theoretic Approach to Distributed Representation Learning,1.000,,
H1gy1erYDH,title_cached,0.0,CaptainGAN: Navigate Through Embedding Space For Better Text Generation,1.000,,
H1gx3kSKPS,title_cached,0.0,Stein Bridging: Enabling Mutual Reinforcement between Explicit and Implicit Generative Models,1.000,,arXiv.org
H1gx1CNKPH,title_cached,1.0,Augmenting Transformers with KNN-Based Composite Memory,1.000,,
H1ggKyrYwB,title_cached,9.0,On Incorporating Semantic Prior Knowlegde in Deep Learning Through Embedding-Space Constraints,1.000,,arXiv.org
H1gcw1HYPr,title_cached,3.0,AlignNet: Self-supervised Alignment Module,1.000,,
H1gZsJBYwH,title_cached,0.0,Hybrid Weight Representation: A Quantization Method Represented with Ternary and Sparse-Large Weights,1.000,,
H1gXzxHKvH,title_cached,0.0,Deep Nonlinear Stochastic Optimal Control for Systems with Multiplicative Uncertainties.,1.000,,
H1gWyJBFDr,title_cached,0.0,Fully Convolutional Graph Neural Networks using Bipartite Graph Convolutions,1.000,,
H1gS364FwS,title_cached,6.0,Event Extraction from Unstructured Amharic Text,1.000,,International Conference on Language Resources and Evaluation
H1gL3RVtwr,title_cached,1.0,CURSOR-BASED ADAPTIVE QUANTIZATION FOR DEEP NEURAL NETWORK,1.000,,
H1gHb1rFwr,title_cached,0.0,Extreme Values are Accurate and Robust in Deep Networks,1.000,,
H1gEP6NFwr,title_cached,13.0,On the Tunability of Optimizers in Deep Learning,1.000,,arXiv.org
H1g79ySYvB,title_cached,3.0,Revisiting Gradient Episodic Memory for Continual Learning,1.000,,
H1g6s0NtwS,title_cached,1.0,Learning Neural Surrogate Model for Warm-Starting Bayesian Optimization,1.000,,
H1g6kaVKvH,title_cached,10.0,Learning with Long-term Remembering: Following the Lead of Mixed Stochastic Gradient,1.000,,arXiv.org
H1eqOnNYDH,title_cached,166.0,Data augmentation instead of explicit regularization,1.000,,arXiv.org
H1epaJSYDS,title_cached,1.0,Anchor & Transform: Learning Sparse Representations of Discrete Objects,1.000,,arXiv.org
H1eo9h4KPH,title_cached,0.0,Certifying Distributional Robustness using Lipschitz Regularisation,1.000,,
H1ekF2EYDH,title_cached,3.0,TechKG: A Large-Scale Chinese Technology-Oriented Knowledge Graph,1.000,,arXiv.org
H1efEp4Yvr,title_cached,2.0,Global Concavity and Optimization in a Class of Dynamic Discrete Choice Models,1.000,,International Conference on Machine Learning
H1eY00VFDB,title_cached,0.0,Retrospection: Leveraging the Past for Efficient Training of Deep Neural Networks,1.000,,
H1eVlgHKPr,title_cached,0.0,Event Discovery for History Representation in Reinforcement Learning,1.000,,
H1eUz1rKPr,title_cached,0.0,Representation Learning with Multisets,1.000,,arXiv.org
H1eLVxrKwS,title_cached,16.0,Removing input features via a generative model to explain their attributions to classifier's decisions,1.000,,arXiv.org
H1eKT1SFvH,title_cached,1.0,Towards Effective 2-bit Quantization: Pareto-optimal Bit Allocation for Deep CNNs Compression,1.000,,
H1eJAANtvr,title_cached,2.0,CGT: Clustered Graph Transformer for Urban Spatio-temporal Prediction,1.000,,
H1eH9hNtwr,title_cached,1.0,Stagnant Zone Segmentation with U-Net,1.000,,International Conference on Artificial Intelligence and Knowledge Engineering
H1eD7REtPr,title_cached,0.0,CAN ALTQ LEARN FASTER: EXPERIMENTS AND THEORY,1.000,,
H1eCR34FPB,title_cached,0.0,Sequence-level Intrinsic Exploration Model for Partially Observable Domains,1.000,,
H1eArT4tPH,title_cached,0.0,The Effect of Residual Architecture on the Per-Layer Gradient of Deep Networks,1.000,,
H1e552VKPr,title_cached,1.0,Subgraph Attention for Node Classification and Hierarchical Graph Pooling,1.000,,
H1e3HlSFDr,title_cached,1.0,Variational Constrained Reinforcement Learning with Application to Planning at Roundabout,1.000,,
H1MOqeHYvB,title_cached,4.0,At Your Fingertips: Automatic Piano Fingering Detection,1.000,,
ByxtHCVKwB,title_cached,5.0,Targeted sampling of enlarged neighborhood via Monte Carlo tree search for TSP,1.000,,
ByxoqJrtvr,title_cached,38.0,Learning To Reach Goals Without Reinforcement Learning,1.000,,arXiv.org
ByxloeHFPS,title_cached,0.0,PROVABLY BENEFITS OF DEEP HIERARCHICAL RL,1.000,,
Byxl-04KvH,title_cached,1.0,Nested Learning For Multi-Granular Tasks,1.000,,arXiv.org
ByxhOyHYwH,title_cached,0.0,Fast Task Adaptation for Few-Shot Learning,1.000,,
ByxduJBtPB,title_cached,2.0,When Covariate-shifted Data Augmentation Increases Test Error And How to Fix It,1.000,,
ByxXZpVtPB,title_cached,44.0,Homogeneous Linear Inequality Constraints for Neural Network Activations,1.000,,2020 IEEE/CVF Conference on Computer Vision and Pattern Recognition Workshops (CVPRW)
ByxODxHYwB,title_cached,0.0,Multi-source Multi-view Transfer Learning in Neural Topic Modeling with Pretrained Topic and Word Embeddings,1.000,,
ByxJO3VFwB,title_cached,0.0,Probabilistic modeling the hidden layers of deep neural networks,1.000,,
ByxHJeBYDB,title_cached,2.0,Forecasting Deep Learning Dynamics with Applications to Hyperparameter Tuning,1.000,,
Byx55pVKDB,title_cached,4.0,How the Softmax Activation Hinders the Detection of Adversarial and Out-of-Distribution Examples in Neural Networks,1.000,,
Byx0iAEYPH,title_cached,0.0,Fully Polynomial-Time Randomized Approximation Schemes for Global Optimization of High-Dimensional Folded Concave Penali,1.000,,
Byx0PREtDH,title_cached,1.0,BEYOND SUPERVISED LEARNING: RECOGNIZING UNSEEN ATTRIBUTE-OBJECT PAIRS WITH VISION-LANGUAGE FUSION AND ATTRACTOR NETWORKS,1.000,,
BylyV1BtDB,title_cached,0.0,FR-GAN: Fair and Robust Training,1.000,,
Bylp62EKDH,title_cached,1.0,Extreme Triplet Learning: Effectively Optimizing Easy Positives and Hard Negatives,1.000,,
BylldxBYwH,title_cached,1.0,PHYSICS-AWARE FLOW DATA COMPLETION USING NEURAL INPAINTING,1.000,,
BylldnNFwS,title_cached,15.0,On the Decision Boundaries of Deep Neural Networks: A Tropical Geometry Perspective,1.000,,arXiv.org
ByliZgBKPH,title_cached,0.0,Policy path programming,1.000,,
BylfTySYvB,title_cached,0.0,GATO: Gates Are Not the Only Option,1.000,,
BylXi3NKvS,title_cached,1.0,FALCON: Fast and Lightweight Convolution for Compressing and Accelerating CNN,1.000,,arXiv.org
BylWglrYPH,title_cached,0.0,Symmetry and Systematicity,1.000,,
BylWYC4KwH,title_cached,44.0,On Concept-Based Explanations in Deep Neural Networks,1.000,,arXiv.org
BylTy1HFDS,title_cached,33.0,Deep unsupervised feature selection by discarding nuisance and correlated features,0.598,,Neural Networks
BylTta4YvB,title_cached,26.0,How Well Do WGANs Estimate the Wasserstein Metric?,1.000,,arXiv.org
BylT8RNKPH,title_cached,3.0,A Base Model Selection Methodology for Efficient Fine-Tuning,1.000,,
BylRkAEKDH,title_cached,2365.0,TabNet: Attentive Interpretable Tabular Learning,1.000,,AAAI Conference on Artificial Intelligence
BylQm1HKvB,title_cached,0.0,CONTRIBUTION OF INTERNAL REFLECTION IN LANGUAGE EMERGENCE WITH AN UNDER-RESTRICTED SITUATION,1.000,,
BylPSkHKvB,title_cached,3.0,Natural- to formal-language generation using Tensor Product Representations,1.000,,arXiv.org
BylKwnEYvS,title_cached,0.0,Star-Convexity in Non-Negative Matrix Factorization,1.000,,
BylDrRNKvH,title_cached,1.0,Understanding Attention Mechanisms,1.000,,
BylD9eSYPS,title_cached,5.0,Controlling Aluminum Strip Thickness by Clustered Reinforcement Learning With Real-World Dataset,0.504,,IEEE Transactions on Industrial Informatics
BylB4kBtwB,title_cached,0.0,Retrieving Signals in the Frequency Domain with Deep Complex Extractors,1.000,,
Byl3K2VtwB,title_cached,1.0,Unsupervised Learning of Node Embeddings by Detecting Communities,1.000,,
Byl1W1rtvH,title_cached,8.0,Recurrent Hierarchical Topic-Guided Neural Language Models,1.000,,arXiv.org
Byl-264tvr,title_cached,0.0,Improving End-to-End Object Tracking Using Relational Reasoning,1.000,,
BygpAp4Ywr,title_cached,0.0,Defending Against Adversarial Examples by Regularized Deep Embedding,1.000,,
BygkQeHKwB,title_cached,57.0,Walking on the Edge: Fast; Low-Distortion Adversarial Examples,1.000,,IEEE Transactions on Information Forensics and Security
BygfiAEtwS,title_cached,0.0,Inducing Stronger Object Representations in Deep Visual Trackers,1.000,,
Bygadh4tDB,title_cached,0.0,Low Bias Gradient Estimates for Very Deep Boolean Stochastic Networks,1.000,,
BygacxrFwS,title_cached,1.0,Fractional Graph Convolutional Networks (FGCN) for Semi-Supervised Learning,1.000,,
BygZARVFDH,title_cached,215.0,Compositional Visual Generation with Energy Based Models,1.000,,Neural Information Processing Systems
BygY4grYDr,title_cached,2.0,The divergences minimized by non-saturating GAN training,1.000,,
BygWRaVYwH,title_cached,169.0,Generalized Inner Loop Meta-Learning,1.000,,arXiv.org
BygSXCNFDB,title_cached,33.0,Exploration Based Language Learning for Text-Based Games,1.000,,International Joint Conference on Artificial Intelligence
BygPq6VFvS,title_cached,0.0,Enhancing Attention with Explicit Phrasal Alignments,1.000,,
BygNAa4YPH,title_cached,5.0,Out-of-distribution Detection in Few-shot Classification,1.000,,
BygMreSYPB,title_cached,53.0,Learning Latent Dynamics for Partially-Observed Chaotic Systems,1.000,,Chaos
BygKZkBtDH,title_cached,7.0,Balancing Cost and Benefit with Tied-Multi Transformers,1.000,,Workshop on Neural Generation and Translation
BygJKn4tPr,title_cached,0.0,Effective Mechanism to Mitigate Injuries During NFL Plays,1.000,,International Conference on Industrial and Information Systems
Byg9AR4YDB,title_cached,0.0,Exploring Cellular Protein Localization Through Semantic Image Synthesis,1.000,,
Byg79h4tvB,title_cached,0.0,PROTOTYPE-ASSISTED ADVERSARIAL LEARNING FOR UNSUPERVISED DOMAIN ADAPTATION,1.000,,
Byg5KyHYwr,title_cached,10.0,Self-Imitation Learning via Trajectory-Conditioned Policy for Hard-Exploration Tasks,1.000,,
Byg-An4tPr,title_cached,14.0,Preserving Differential Privacy in Adversarial Learning with Provable Robustness,0.926,,arXiv.org
Byes0TNFDS,title_cached,1.0,Entropy Penalty: Towards Generalization Beyond the IID Assumption,1.000,,arXiv.org
Byeq_xHtwS,title_cached,0.0,A Perceptual-based Neural Video Preprocessing Hardware Solution for Video Encoding Applications,0.365,,Mile-High Video Conference
Byekm0VtwS,title_cached,1.0,A Training Scheme for the Uncertain Neuromorphic Computing Chips,1.000,,
ByeadyrtPB,title_cached,0.0,Learning Deep-Latent Hierarchies by Stacking Wasserstein Autoencoders,1.000,,arXiv.org
ByeVWkBYPH,title_cached,0.0,Neural Networks for Principal Component Analysis: A New Loss Function Provably Yields Ordered Exact Eigenvectors,1.000,,
ByeAK1BKPB,title_cached,0.0,Projected Canonical Decomposition for Knowledge Base Completion,1.000,,
Bye8hREtvB,title_cached,0.0,Natural Image Manipulation for Autoregressive Models Using Fisher Scores,1.000,,arXiv.org
Bye4iaEFwr,title_cached,1.0,Improving Dirichlet Prior Network for Out-of-Distribution Example Detection,1.000,,
Bye3P1BYwr,title_cached,0.0,Deep End-to-end Unsupervised Anomaly Detection,1.000,,
Bye2uJHYwr,title_cached,2.0,Weighted Emprirical Risk Minimization: Transfer Learning based on Importance Sampling,0.994,,The European Symposium on Artificial Neural Networks
Bye-sxHFwB,title_cached,0.0,A Gradient-Based Approach to Neural Networks Structure Learning,1.000,,
BkxzsT4Yvr,title_cached,1.0,Deep Gradient Boosting -- Layer-wise Input Normalization of Neural Networks,1.000,,
BkxthxHYvr,title_cached,5.0,Conditional generation of molecules from disentangled representations,1.000,,
BkxoglrtvH,title_cached,0.0,Layerwise Learning Rates for Object Features in Unsupervised and Supervised Neural Networks And Consequent Predictions f,1.000,,
BkxgrAVFwH,title_cached,0.0,Wasserstein-Bounded Generative Adversarial Networks,1.000,,
BkxfshNYwB,title_cached,47.0,Mincut pooling in Graph Neural Networks,1.000,,arXiv.org
Bkxd9JBYPH,title_cached,57.0,Estimating Model Uncertainty of Neural Networks in Sparse Information Form,0.933,,International Conference on Machine Learning
BkxadR4KvS,title_cached,0.0,Insights on Visual Representations for Embodied Navigation Tasks,1.000,,
BkxackSKvH,title_cached,1.0,Learning Entailment-Based Sentence Embeddings from Natural Language Inference,1.000,,
BkxREeHKPS,title_cached,0.0,On the Parameterization of Gaussian Mean Field Posteriors in Bayesian Neural Networks,1.000,,
BkxGAREYwB,title_cached,0.0,Deep Expectation-Maximization in Hidden Markov Models via Simultaneous Perturbation Stochastic Approximation,1.000,,
BkxFi2VYvS,title_cached,0.0,Semi-supervised Semantic Segmentation using Auxiliary Network,1.000,,
BkxDxJHFDr,title_cached,2.0,Power up! Robust Graph Convolutional Network based on Graph Powering,1.000,,
BkxDthVtvS,title_cached,15.0,Equivariant neural networks and equivarification,1.000,,arXiv.org
BkxA5lBFvH,title_cached,0.0,Hope For The Best But Prepare For The Worst: Cautious Adaptation In RL Agents,1.000,,
Bkx4AJSFvB,title_cached,0.0,Efficient Bi-Directional Verification of ReLU Networks via Quadratic Programming,1.000,,
Bkx29TVFPr,title_cached,13.0,An implicit function learning approach for parametric modal regression,1.000,,Neural Information Processing Systems
Bkx1mxSKvB,title_cached,35.0,Disentangling trainability and generalization in deep learning,1.000,,arXiv.org
BklxI0VtDB,title_cached,0.0,ROS-HPL: Robotic Object Search with Hierarchical Policy Learning and Intrinsic-Extrinsic Modeling,1.000,,
Bklu2grKwB,title_cached,0.0,Learning RNNs with Commutative State Transitions,1.000,,
BklsagBYPS,title_cached,0.0,A GOODNESS OF FIT MEASURE FOR GENERATIVE NETWORKS,1.000,,
Bklrea4KwS,title_cached,2.0,Deep Multiple Instance Learning with Gaussian Weighting,1.000,,
Bklr0kBKvB,title_cached,24.0,Geometry-aware Generation of Adversarial and Cooperative Point Clouds,1.000,,arXiv.org
BkllBpEKDH,title_cached,0.0,Continuous Adaptation in Multi-agent Competitive Environments,1.000,,
BkljIlHtvS,title_cached,5.0,Decoupling Adaptation from Modeling with Meta-Optimizers for Meta Learning,1.000,,arXiv.org
BklhsgSFvB,title_cached,1.0,Learning to Transfer via Modelling Multi-level Task Dependency,1.000,,
Bklg1grtDr,title_cached,0.0,Neural Design of Contests and All-Pay Auctions using Multi-Agent Simulation,1.000,,
BklfR3EYDH,title_cached,0.0,Keyframing the Future: Discovering Temporal Hierarchy with Keyframe-Inpainter Prediction,1.000,,
BklekANtwr,title_cached,0.0,Unsupervised Learning of Automotive 3D Crash Simulations using LSTMs,1.000,,
BkleBaVFwB,title_cached,20.0,GRAM: Scalable Generative Models for Graphs with Graph Attention Mechanism,0.965,,arXiv.org
Bkle6T4YvB,title_cached,61.0,From English To Foreign Languages: Transferring Pre-trained Language Models,1.000,,arXiv.org
BklWt24tvH,title_cached,80.0,Learning structured communication for multi-agent reinforcement learning,1.000,,Autonomous Agents and Multi-Agent Systems
BklVA2NYvH,title_cached,0.0,Adversarially Robust Neural Networks via Optimal Control: Bridging Robustness with Lyapunov Stability,1.000,,
BklTQCEtwH,title_cached,3.0,Curriculum Learning for Deep Generative Models with Clustering,1.000,,arXiv.org
BklSwn4tDH,title_cached,87.0,Prestopping: How Does Early Stopping Help Generalization against Label Noise?,1.000,,arXiv.org
BklSv34KvB,title_cached,19.0,Carpe Diem; Seize the Samples Uncertain "at the Moment" for Adaptive Batch Selection,1.000,,International Conference on Information and Knowledge Management
BklOXeBFDS,title_cached,2.0,Transfer Active Learning For Graph Neural Networks,1.000,,
BklDO1HYPS,title_cached,0.0,Accelerated Variance Reduced Stochastic Extragradient Method for Sparse Machine Learning Problems,1.000,,
BklC2RNKDS,title_cached,1.0,Scalable Neural Learning for Verifiable Consistency with Temporal Specifications,1.000,,
Bkl2UlrFwr,title_cached,3.0,Iterative Deep Graph Learning for Graph Neural Networks,1.000,,
BkgqL0EtPH,title_cached,2.0,{COMPANYNAME}11K: An Unsupervised Representation Learning Dataset for Arrhythmia Subtype Discovery,1.000,,
BkgqExrYvS,title_cached,3.0,PopSGD: Decentralized Stochastic Gradient Descent in the Population Model,1.000,,arXiv.org
Bkgk624KDB,title_cached,0.0,Learning Effective Exploration Strategies For Contextual Bandits,1.000,,
BkghKgStPH,title_cached,0.0,Continual Learning using the SHDL Framework with Skewed Replay Distributions,1.000,,
Bkga90VKDB,title_cached,9.0,Distilled embedding: non-linear embedding factorization using knowledge distillation,1.000,,arXiv.org
BkgZSCEtvr,title_cached,14.0,Continuous Graph Flow,1.000,,
BkgUB1SYPS,title_cached,1.0,Interpretable Network Structure for Modeling Contextual Dependency,1.000,,
BkgTwRNtPB,title_cached,16.0,Solving Packing Problems by Conditional Query Learning,1.000,,
BkgRe1SFDS,title_cached,0.0,Learning World Graph Decompositions To Accelerate Reinforcement Learning,1.000,,
BkgOM1rKvr,title_cached,0.0,The Surprising Behavior Of Graph Neural Networks,1.000,,
BkgMbCVFvr,title_cached,145.0,Pretraining boosts out-of-domain robustness for pose estimation,1.000,,IEEE Workshop/Winter Conference on Applications of Computer Vision
BkgM7xHYwH,title_cached,0.0,Autoencoder-based Initialization for Recurrent Neural Networks with a Linear Memory,1.000,,
BkgHWkrtPB,title_cached,1.0,Where is the Information in a Deep Network,1.000,,
BkgGJlBFPS,title_cached,1.0,Unsupervised Hierarchical Graph Representation Learning with Variational Bayes,1.000,,
BkgCv1HYvB,title_cached,0.0,Generating Multi-Sentence Abstractive Summaries of Interleaved Texts,1.000,,arXiv.org
Bkg5LgrYwS,title_cached,0.0,Imitation Learning of Robot Policies using Language; Vision and Motion,1.000,,
BkexaxBKPB,title_cached,15.0,Generative Adversarial Nets for Multiple Text Corpora,1.000,,IEEE International Joint Conference on Neural Network
Bkel6ertwS,title_cached,0.0,Learning DNA folding patterns with Recurrent Neural Networks,1.000,,
BkeaxAEKvB,title_cached,8.0,New Loss Functions for Fast Maximum Inner Product Search,1.000,,arXiv.org
BkeYdyHYPS,title_cached,2.0,Evo-NAS: Evolutionary-Neural Hybrid Agent for Architecture Search,1.000,,
BkeYSlrYwH,title_cached,2.0,Collaborative Inter-agent Knowledge Distillation for Reinforcement Learning,1.000,,
BkePneStwH,title_cached,0.0,XD: Cross-lingual Knowledge Distillation for Polyglot Sentence Embeddings,1.000,,
BkeMXR4KvS,title_cached,0.0,DASGrad: Double Adaptive Stochastic Gradient,1.000,,
BkeGPJrtwB,title_cached,3.0,Fairness with Wasserstein Adversarial Networks,1.000,,
Bke9u1HFwB,title_cached,50.0,Do recent advancements in model-based deep reinforcement learning really improve data efficiency?,1.000,,
Bke8764twr,title_cached,19.0,Bias-Resilient Neural Network,1.000,,arXiv.org
Bke7MANKvS,title_cached,3.0,A Kolmogorov Complexity Approach to Generalization in Deep Learning,1.000,,
Bke13pVKPS,title_cached,88.0,Improved Training Speed; Accuracy; and Data Utilization Through Loss Function Optimization,0.942,,IEEE Congress on Evolutionary Computation
Bke02gHYwB,title_cached,0.0,Learn Interpretable Word Embeddings Efficiently with von Mises-Fisher Distribution,1.000,,
BJxyzxrYPH,title_cached,1.0,Deep geometric matrix completion: Are we doing it right?,0.991,,arXiv.org
BJxvH1BtDS,title_cached,1.0,Three-Head Neural Network Architecture for AlphaZero Learning,1.000,,
BJxqohNFPB,title_cached,5.0,S-Flow GAN,1.000,,
BJxnIxSKDr,title_cached,0.0,Mint: Matrix-Interleaving for Multi-Task Learning,1.000,,
BJxlmeBKwS,title_cached,1.0,FRICATIVE PHONEME DETECTION WITH ZERO DELAY,1.000,,
BJxeHyrKPB,title_cached,1.0,Rate-Distortion Optimization Guided Autoencoder for Generative Approach with quantitatively measurable latent space,0.761,,arXiv.org
BJxbOlSKPr,title_cached,0.0,Learning Compact Embedding Layers via Differentiable Product Quantization,1.000,,
BJxYUaVtPB,title_cached,0.0,Match prediction from group comparison data using neural networks,1.000,,
BJxVT3EKDH,title_cached,4.0,Corpus based Amharic sentiment lexicon generation,1.000,,WINLP
BJxGan4FPB,title_cached,1.0,Transfer Alignment Network for Double Blind Unsupervised Domain Adaptation,1.000,,
BJxDNxSFDH,title_cached,2.0,Few-Shot Regression via Learning Sparsifying Basis Functions,1.000,,
BJx8Fh4KPB,title_cached,11.0,RL-LIM: Reinforcement Learning-based Locally Interpretable Modeling,1.000,,arXiv.org
BJx7N1SKvB,title_cached,27.0,A Random Matrix Perspective on Mixtures of Nonlinearities in High Dimensions,1.000,,International Conference on Artificial Intelligence and Statistics
BJx4rerFwB,title_cached,16.0,wMAN: Weakly-supervised Moment Alignment Network for Text-based Video Segment Retrieval,1.000,,arXiv.org
BJx3_0VKPB,title_cached,0.0,On the Unintended Social Bias of Training Language Generation Models with News Articles,1.000,,
BJx-ZeSKDB,title_cached,1.0,Compositional Embeddings: Joint Perception and Comparison of Class Label Sets,1.000,,
BJlyi64FvB,title_cached,7.0,Wider Networks Learn Better Features,1.000,,arXiv.org
BJlxdCVKDB,title_cached,19.0,MoËT: Interpretable and Verifiable Reinforcement Learning via Mixture of Expert Trees,0.994,,arXiv.org
BJlrZyrKDB,title_cached,3.0,Statistically Consistent Saliency Estimation,1.000,,IEEE International Conference on Computer Vision
BJlqYlrtPB,title_cached,4.0,Negative Sampling in Variational Autoencoders,1.000,,2022 IEEE 2nd Conference on Information Technology and Data Science (CITDS)
BJlisySYPS,title_cached,48.0,Modelling the influence of data structure on learning in neural networks,1.000,,arXiv.org
BJleph4KvS,title_cached,8.0,HaarPooling: Graph Pooling with Compressive Haar Basis,1.000,,arXiv.org
BJlaG0VFDH,title_cached,1.0,Decoupling Weight Regularization from Batch Size for Model Compression,1.000,,
BJlVeyHFwH,title_cached,11.0,On the Invertibility of Invertible Neural Networks,1.000,,
BJlSPRVFwS,title_cached,5.0,Asynchronous Stochastic Subgradient Methods for General Nonsmooth Nonconvex Optimization,1.000,,
BJlPOlBKDB,title_cached,5.0,Closed loop deep Bayesian inversion: Uncertainty driven acquisition for fast MRI,0.994,,
BJlPLlrFvH,title_cached,0.0,Variable Complexity in the Univariate and Multivariate Structural Causal Model,1.000,,
BJlOcR4KwS,title_cached,17.0,Channel Equilibrium Networks for Learning Deep Representation,0.629,,International Conference on Machine Learning
BJlNs0VYPB,title_cached,12.0,The Sooner The Better: Investigating Structure of Early Winning Lottery Tickets,1.000,,
BJlLvnEtDB,title_cached,1.0,Analysis and Interpretation of Deep CNN Representations as Perceptual Quality Features,1.000,,
BJlJVCEYDB,title_cached,9.0,Neural Networks With Motivation,1.000,,Frontiers in Systems Neuroscience
BJlA6eBtvH,title_cached,0.0,Differentiable Hebbian Consolidation for Continual Learning,1.000,,
BJl9PRVKDS,title_cached,6.0,A Functional Characterization of Randomly Initialized Gradient Descent in Deep ReLU Networks,1.000,,
BJl8ZlHFwr,title_cached,0.0,Relation-based Generalized Zero-shot Classification with the Domain Discriminator on the shared representation,1.000,,
BJl6t64tvr,title_cached,5.0,Revisiting the Generalization of Adaptive Gradient Methods,1.000,,
BJgyn1BFwS,title_cached,1.0,Global Adversarial Robustness Guarantees for Neural Networks,1.000,,
BJgxzlSFvr,title_cached,16.0,An Attention-Based Deep Net for Learning to Rank,1.000,,arXiv.org
BJglA3NKwS,title_cached,368.0,Deformable Siamese Attention Networks for Visual Object Tracking,0.578,,Computer Vision and Pattern Recognition
BJgdOh4Ywr,title_cached,1.0,Visual Imitation with Reinforcement Learning using Recurrent Siamese Networks,1.000,,
BJgcwh4FwS,title_cached,11.0,Neural Maximum Common Subgraph Detection with Guided Subgraph Extraction,1.000,,
BJgctpEKwr,title_cached,2.0,RPGAN: random paths as a latent space for GAN interpretability,1.000,,
BJg_2JHKvH,title_cached,137.0,Semi-Supervised Learning with Normalizing Flows,1.000,,International Conference on Machine Learning
BJgZBxBYPB,title_cached,0.0,Learning Underlying Physical Properties From Observations For Trajectory Prediction,1.000,,
BJgRsyBtPB,title_cached,0.0,A Greedy Approach to Max-Sliced Wasserstein GANs,1.000,,
BJgEd6NYPH,title_cached,0.0,Ellipsoidal Trust Region Methods for Neural Network Training,1.000,,
BJg8_xHtPr,title_cached,0.0,OBJECT-ORIENTED REPRESENTATION OF 3D SCENES,1.000,,
BJg1fgBYwH,title_cached,5.0,SAFE-DNN: A Deep Neural Network With Spike Assisted Feature Extraction For Noise Robust Inference,1.000,,IEEE International Joint Conference on Neural Network
BJexP6VKwH,title_cached,11.0,Generalized Domain Adaptation with Covariate and Label Shift CO-ALignment,1.000,,arXiv.org
BJevihVtwB,title_cached,0.0,BOOSTING ENCODER-DECODER CNN FOR INVERSE PROBLEMS,1.000,,
BJeuKnEtDH,title_cached,0.0,Cascade Style Transfer,1.000,,
BJerUCEtPB,title_cached,1.0,Smooth Kernels Improve Adversarial Robustness and Perceptually-Aligned Gradients,1.000,,
BJepq2VtDB,title_cached,15.0,Training Deep Networks with Stochastic Gradient Normalized by Layerwise Adaptive Second Moments,1.000,,
BJena3VtwS,title_cached,558.0,A Large-scale Study of Representation Learning with the Visual Task Adaptation Benchmark,0.585,,
BJedt6VKPS,title_cached,3.0,Scaling Laws for the Principled Design; Initialization and Preconditioning of ReLU Networks,1.000,,arXiv.org
BJe_z1HFPr,title_cached,2.0,Resizable Neural Networks,1.000,,
BJeXaJHKvB,title_cached,0.0,P-BN: Towards Effective Batch Normalization in the Path Space,1.000,,
BJeWVpNtwr,title_cached,0.0,On the Pareto Efficiency of Quantized CNN,1.000,,
BJeVklHtPr,title_cached,6.0,Batch Normalization has Multiple Benefits: An Empirical Study on Residual Networks,1.000,,
BJeUs3VFPH,title_cached,1.0,Domain Adaptation via Low-Rank Basis Approximation,1.000,,arXiv.org
BJeRykBKDH,title_cached,1.0,Empowering Graph Representation Learning with Paired Training and Graph Co-Attention,1.000,,
BJeGZxrFvS,title_cached,1.0,A Simple Technique to Enable Saliency Methods to Pass the Sanity Checks,1.000,,
BJeGA6VtPS,title_cached,5.0,TrojanNet: Exposing the Danger of Trojan Horse Attack on Neural Networks,1.000,,
BJeFQ0NtPS,title_cached,40.0,Parallel Neural Text-to-Speech,1.000,,arXiv.org
BJe4PyrFvB,title_cached,0.0,Imagining the Latent Space of a Variational Auto-Encoders,1.000,,
B1xwv1StvS,title_cached,0.0,Few-shot Learning by Focusing on Differences,1.000,,
B1xw9n4Kwr,title_cached,0.0,Model Architecture Controls Gradient Descent Dynamics: A Combinatorial Path-Based Formula,1.000,,
B1xu6yStPH,title_cached,2.0,Using Explainabilty to Detect Adversarial Attacks,1.000,,
B1xtFpVtvB,title_cached,4.0,Improving the Generalization of Visual Navigation Policies using Invariance Regularization,1.000,,
B1xpI1BFDS,title_cached,0.0,Semi-Supervised Few-Shot Learning with a Controlled Degree of Task-Adaptive Conditioning,1.000,,
B1xoserKPH,title_cached,5.0,Analyzing Privacy Loss in Updates of Natural Language Models,1.000,,arXiv.org
B1xmOgrFPS,title_cached,99.0,Meta-RCNN: Meta Learning for Few-Shot Object Detection,1.000,,ACM Multimedia
B1xhpa4FvS,title_cached,1.0,Modeling Fake News in Social Networks with Deep Multi-Agent Reinforcement Learning,1.000,,
B1xewR4KvH,title_cached,6.0,Manifold Forests: Closing the Gap on Neural Networks,1.000,,arXiv.org
B1xeZJHKPB,title_cached,0.0,AGGREGATING EXPLANATION METHODS FOR NEURAL NETWORKS STABILIZES EXPLANATIONS,1.000,,
B1xcLJrYwH,title_cached,0.0,Lean Images for Geo-Localization,1.000,,
B1xbTlBKwB,title_cached,3.0,Measuring Numerical Common Sense: Is A Word Embedding Approach Effective?,1.000,,
B1xRGkHYDS,title_cached,0.0,A bi-diffusion based layer-wise sampling method for deep learning in large graphs,1.000,,
B1xGxgSYvH,title_cached,1.0,Domain-Invariant Representations: A Look on Compression and Weights,1.000,,
B1xDq2EFDH,title_cached,1.0,Analytical Moment Regularizer for Training Robust Networks,1.000,,
B1xBAA4FwH,title_cached,5.0,On Evaluating Explainability Algorithms,1.000,,
B1x9ITVYDr,title_cached,0.0,Compressive Recovery Defense: A Defense Framework for $\ell_0; \ell_2$ and $\ell_\infty$ norm attacks.,1.000,,
B1x1MerYPB,title_cached,7.0,Putting Machine Translation in Context with the Noisy Channel Model,1.000,,arXiv.org
B1lyZpEYvH,title_cached,2.0,Multi-Dimensional Explanation of Reviews,1.000,,arXiv.org
B1lxV6NFPH,title_cached,2.0,BANANAS: Bayesian Optimization with Neural Networks for Neural Architecture Search,1.000,,
B1ltfgSYwS,title_cached,69.0,Few-Shot One-Class Classification via Meta-Learning,1.000,,AAAI Conference on Artificial Intelligence
B1liIlBKvS,title_cached,0.0,Selfish Emergent Communication,1.000,,
B1lgUkBFwr,title_cached,1.0,Unsupervised domain adaptation with imputation,1.000,,
B1ldb6NKDr,title_cached,2.0,Multi-Agent Hierarchical Reinforcement Learning for Humanoid Navigation,1.000,,
B1lda1HtvB,title_cached,38.0,Deep supervised feature selection using Stochastic Gates,0.833,,International Conference on Machine Learning
B1lTqgSFDH,title_cached,0.0,Antifragile and Robust Heteroscedastic Bayesian Optimisation,1.000,,
B1lPETVFPS,title_cached,2.0,Towards Principled Objectives for Contrastive Disentanglement,1.000,,
B1lOraEFPB,title_cached,0.0,Transition Based Dependency Parser for Amharic Language Using Deep Learning,1.000,,
B1lKDlHtwS,title_cached,1.0,Measuring causal influence with back-to-back regression: the linear case,1.000,,
B1lFa3EFwB,title_cached,0.0,Stablizing Adversarial Invariance Induction by Discriminator Matching,1.000,,
B1lCn64tvS,title_cached,32.0,Improving SAT Solver Heuristics with Graph Networks and Reinforcement Learning,1.000,,arXiv.org
B1lC62EKwr,title_cached,0.0,Evidence-Aware Entropy Decomposition For Active Deep Learning,0.992,,
B1l3M64KwB,title_cached,0.0,H OW MANY WEIGHTS ARE ENOUGH : CAN TENSOR FACTORIZATION LEARN EFFICIENT POLICIES ?,0.994,,
B1gn-pEKwH,title_cached,3.0,Inference; Prediction; and Entropy-Rate Estimation of Continuous-time; Discrete-event Processes,0.929,,arXiv.org
B1gm-a4tDH,title_cached,0.0,Modeling treatment events in disease progression,1.000,,arXiv.org
B1gkpR4FDB,title_cached,0.0,Statistical Adaptive Stochastic Optimization,1.000,,
B1gd7REFDB,title_cached,0.0,Context-Aware Object Detection With Convolutional Neural Networks,1.000,,
B1gcblSKwB,title_cached,3.0,Meta-Learning with Network Pruning for Overfitting Reduction,1.000,,
B1g_BT4FvS,title_cached,2.0,Samples Are Useful? Not Always: denoising policy gradient updates using variance explained,1.000,,
B1gXR3NtwS,title_cached,0.0,Deep Bayesian Structure Networks,1.000,,
B1gX8JrYPr,title_cached,10.0,Connecting the Dots Between MLE and RL for Sequence Prediction,1.000,,
B1gUn24tPr,title_cached,0.0,Classification Attention for Chinese NER,1.000,,
B1gR3ANFPS,title_cached,0.0,Non-linear System Identification from Partial Observations via Iterative Smoothing and Learning,1.000,,
B1g79grKPr,title_cached,1.0,Goal-Conditioned Video Prediction,1.000,,
B1eyA3VFwS,title_cached,5.0,Enforcing Physical Constraints in Neural Neural Networks through Differentiable PDE Layer,1.000,,
B1erJJrYPH,title_cached,0.0,Optimizing Loss Landscape Connectivity via Neuron Alignment,1.000,,
B1em8TVtPr,title_cached,6.0,Discourse-Based Evaluation of Language Understanding,1.000,,arXiv.org
B1elqkrKPH,title_cached,11.0,Learning robust visual representations using data augmentation invariance,1.000,,2019 Conference on Cognitive Computational Neuroscience
B1eiJyrtDB,title_cached,5.0,Improved Generalization Bound of Permutation Invariant Deep Neural Networks,1.000,,arXiv.org
B1ecVlrtDr,title_cached,0.0,Symmetric-APL Activations: Training Insights and Robustness to Adversarial Attacks,1.000,,
B1eZweHFwr,title_cached,3.0,Statistical Verification of General Perturbations by Gaussian Smoothing,1.000,,
B1eZYkHYPS,title_cached,0.0,Shifted Randomized Singular Value Decomposition,1.000,,
B1eYlgBYPH,title_cached,0.0,A Deep Recurrent Neural Network via Unfolding Reweighted l1-l1 Minimization,1.000,,
B1eXvyHKwS,title_cached,0.0,THE EFFECT OF ADVERSARIAL TRAINING: A THEORETICAL CHARACTERIZATION,1.000,,
B1eP504YDr,title_cached,3.0,Independence-aware Advantage Estimation,1.000,,International Joint Conference on Artificial Intelligence
B1eBoJStwr,title_cached,137.0,Semi-supervised semantic segmentation needs strong; high-dimensional perturbations,1.000,,
B1e5TA4FPr,title_cached,0.0,Pareto Optimality in No-Harm Fairness,1.000,,
rytstxWAW,title_match,1743,FastGCN: Fast Learning with Graph Convolutional Networks via Importance Sampling,1.000,2018,International Conference on Learning Representations
rypT3fb0b,title_match,55,Learning to Share: simultaneous parameter tying and Sparsification in Deep Learning,1.000,2018,International Conference on Learning Representations
ryepFJbA-,title_match,665,On Convergence and Stability of GANs,1.000,2018,
rye7IMbAZ,title_match,,,,,
rybAWfx0b,title_match,311,Cold Fusion: Training Seq2Seq Models Together with Language Models,1.000,2017,Interspeech
ry_WPG-A-,title_match,691,On the information bottleneck theory of deep learning,1.000,2018,International Conference on Learning Representations
ryZ8sz-Ab,title_match,26,Fast and Accurate Text Classification: Skimming; Rereading and Early Stopping,1.000,2018,International Conference on Learning Representations
ryZ283gAZ,title_match,564,Beyond Finite Layer Neural Networks: Bridging Deep Architectures and Numerical Differential Equations,1.000,2017,International Conference on Machine Learning
ryQu7f-RZ,title_match,2988,On the Convergence of Adam and Beyond,1.000,2018,International Conference on Learning Representations
ryPW2e-A-,title_match,1388,VSE++: Improving Visual-Semantic Embeddings with Hard Negatives,1.000,2017,British Machine Vision Conference
ryH20GbRW,title_match,301,Relational Neural Expectation Maximization: Unsupervised Discovery of Objects and their Interactions,1.000,2018,International Conference on Learning Representations
ryG6xZ-RZ,title_match,60,DLVM: A modern compiler infrastructure for deep learning systems,1.000,2017,International Conference on Learning Representations
ryDNZZZAW,title_match,74,Multiple Source Domain Adaptation with Adversarial Learning,1.000,2018,International Conference on Learning Representations
ryBfxWPp-,title_match,8,Spatial Variational Auto-Encoding via Matrix-Variate Normal Distributions,1.000,2017,SDM
ryALZdAT-,title_match,17,Feature Incay for Representation Regularization,1.000,2017,International Conference on Learning Representations
ry9yolu6W,title_match,8,Dense Transformer Networks for Brain Electron Microscopy Image Segmentation,0.515,2019,International Joint Conference on Artificial Intelligence
ry8dvM-R-,title_match,276,Routing Networks: Adaptive Selection of Non-linear Functions for Multi-Task Learning,1.000,2017,International Conference on Learning Representations
ry6-G_66b,title_match,89,Active Neural Localization,1.000,2018,International Conference on Learning Representations
ry5wc1bCW,title_match,69,Causal Generative Neural Networks,1.000,2017,
ry-TW-WAb,title_match,76,Variational Network Quantization,1.000,2018,International Conference on Learning Representations
rkxY-sl0W,title_match,328,Tree-to-tree Neural Networks for Program Translation,1.000,2018,Neural Information Processing Systems
rkvDssyRb,title_match,24,Multi-Advisor Reinforcement Learning,1.000,2017,arXiv.org
rkpoTaxA-,title_match,559,Self-ensembling for visual domain adaptation,1.000,2017,International Conference on Learning Representations
rkmu5b0a-,title_match,249,MGAN: Training Generative Adversarial Nets with Multiple Generators,1.000,2018,International Conference on Learning Representations
rkhlb8lCZ,title_match,261,Wavelet Pooling for Convolutional Neural Networks,1.000,2018,International Conference on Learning Representations
rkgOLb-0W,title_match,185,Neural Language Modeling by Jointly Learning Syntax and Lexicon,1.000,2017,International Conference on Learning Representations
rkfbLilAb,title_match,6,Improving Search Through A3C Reinforcement Learning Based Conversational Agent,1.000,2017,International Conference on Conceptual Structures
rkcQFMZRb,title_match,2386,Variational image compression with a scale hyperprior,1.000,2018,International Conference on Learning Representations
rkaT3zWCZ,title_match,361,Building Generalizable Agents with a Realistic and Rich 3D Environment,1.000,2018,International Conference on Learning Representations
rkYgAJWCZ,title_match,23,One-shot and few-shot learning of word embeddings,1.000,2017,arXiv.org
rkYTTf-AZ,title_match,1154,Unsupervised Machine Translation Using Monolingual Corpora Only,1.000,2017,International Conference on Learning Representations
rkTS8lZAb,title_match,16,Boundary Seeking GANs,1.000,2018,International Conference on Learning Representations
rkTBjG-AZ,title_match,193,DeepArchitect: Automatically Designing and Training Deep Architectures,1.000,2017,arXiv.org
rkRwGg-0Z,title_match,221,Beyond Word Importance: Contextual Decomposition to Extract Interactions from LSTMs,0.994,2018,International Conference on Learning Representations
rkQu4Wb0Z,title_match,,,,,
rkPLzgZAZ,title_match,0,Modular Continual Learning in a Unified Visual Environment,1.000,2017,International Conference on Learning Representations
rkHywl-A-,title_match,256,Learning Robust Rewards with Adverserial Inverse Reinforcement Learning,1.000,2018,International Conference on Learning Representations
rkHVZWZAZ,title_match,103,The Reactor: A fast and sample-efficient Actor-Critic agent for Reinforcement Learning,0.994,2017,International Conference on Learning Representations
rkEtzzWAb,title_match,13,Parametric Adversarial Divergences are Good Task Losses for Generative Modeling,1.000,2017,International Conference on Learning Representations
rkEfPeZRb,title_match,91,Variance-based Gradient Compression for Efficient Distributed Deep Learning,1.000,2018,International Conference on Learning Representations
rk8wKk-R-,title_match,78,Convolutional Sequence Modeling Revisited,1.000,2018,International Conference on Learning Representations
rk6H0ZbRb,title_match,89,Intriguing Properties of Adversarial Examples,1.000,2017,International Conference on Learning Representations
rk4Fz2e0b,title_match,84,Graph Partition Neural Networks for Semi-Supervised Classification,1.000,2018,International Conference on Learning Representations
rk49Mg-CW,title_match,585,Stochastic Variational Video Prediction,1.000,2017,International Conference on Learning Representations
rk3pnae0b,title_match,5,Topic-Based Question Generation,1.000,2018,
rk07ZXZRb,title_match,349,Learning an Embedding Space for Transferable Robot Skills,1.000,2018,International Conference on Learning Representations
rJrTwxbCb,title_match,516,Empirical Analysis of the Hessian of Over-Parametrized Neural Networks,1.000,2017,International Conference on Learning Representations
rJl63fZRb,title_match,30,Parametrized Hierarchical Procedures for Neural Programming,1.000,2018,International Conference on Learning Representations
rJk51gJRb,title_match,7,Adversarial Policy Gradient for Alternating Markov Games,1.000,2018,International Conference on Learning Representations
rJYFzMZC-,title_match,122,Simulating Action Dynamics with Neural Process Networks,1.000,2017,International Conference on Learning Representations
rJWrK9lAb,title_match,4,Multi-indicator Water Time Series Imputation with Autoregressive Generative Adversarial Networks,0.652,2022,IEEE International Conference on Systems; Man and Cybernetics
rJWechg0Z,title_match,179,Minimal-Entropy Correlation Alignment for Unsupervised Deep Domain Adaptation,1.000,2017,International Conference on Learning Representations
rJUYGxbCW,title_match,846,PixelDefend: Leveraging Generative Models to Understand and Defend against Adversarial Examples,1.000,2017,International Conference on Learning Representations
rJTutzbA-,title_match,135,On the Insufficiency of Existing Momentum Schemes for Stochastic Optimization,1.000,2018,Information Theory and Applications Workshop
rJR2ylbRb,title_match,,,,,
rJQDjk-0b,title_match,107,Unbiased Online Recurrent Optimization,1.000,2017,International Conference on Learning Representations
rJIgf7bAZ,title_match,41,An Inference-Based Policy Gradient Method for Learning Options,1.000,2018,International Conference on Machine Learning
rJIN_4lA-,title_match,172,Maintaining cooperation in complex social dilemmas using deep reinforcement learning,1.000,2017,arXiv.org
rJGZq6g0-,title_match,108,Emergent Communication in a Multi-Modal; Multi-Step Referential Game,1.000,2017,International Conference on Learning Representations
rJGY8GbR-,title_match,24,Deep Mean Field Theory: Layerwise Variance and Width Variation as Methods to Control Gradient Explosion,1.000,2018,International Conference on Learning Representations
rJFOptp6Z,title_match,26,Model Distillation with Knowledge Transfer from Face Classification to Alignment and Verification,1.000,2017,
rJ33wwxRb,title_match,286,SGD Learns Over-parameterized Networks that Provably Generalize on Linearly Separable Data,1.000,2017,International Conference on Learning Representations
r1vuQG-CW,title_match,,,,,
r1pW0WZAW,title_match,26,Analyzing and Exploiting NARX Recurrent Neural Networks for Long-Term Dependencies,1.000,2017,International Conference on Learning Representations
r1lfpfZAb,title_match,1,Learning to Write by Learning the Objective,1.000,2018,
r1kjEuHpZ,title_match,3,Learning Less-Overlapping Representations,1.000,2017,arXiv.org
r1iuQjxCZ,title_match,362,On the importance of single directions for generalization,1.000,2018,International Conference on Learning Representations
r1hsJCe0Z,title_match,53,Semantic Code Repair using Neuro-Symbolic Transformation Networks,1.000,2017,International Conference on Learning Representations
r1YUtYx0-,title_match,30,Ensemble Robustness and Generalization of Stochastic Deep Learning Algorithms,1.000,2016,International Conference on Learning Representations
r1SnX5xCb,title_match,38,Deep Sensing: Active Sensing using Multi-directional Recurrent Neural Networks,1.000,2018,International Conference on Learning Representations
r1Oen--RW,title_match,801,The (Un)reliability of saliency methods,1.000,2017,Explainable AI
r1NYjfbR-,title_match,35,Generative networks as inverse problems with Scattering transforms,1.000,2018,International Conference on Learning Representations
r1Kr3TyAb,title_match,9,Analysis on Gradient Propagation in Batch Normalized Residual Networks,1.000,2018,arXiv.org
r1HNP0eCW,title_match,4,Estimation of cross-lingual news similarities using text-mining methods,1.000,2018,
r1Dx7fbCW,title_match,586,Generalizing Across Domains via Cross-Gradient Training,1.000,2018,International Conference on Learning Representations
r1CE9GWR-,title_match,64,Understanding GANs: the LQG Setting,1.000,2017,arXiv.org
SyzKd1bCW,title_match,317,Backpropagation through the Void: Optimizing control variates for black-box gradient estimation,1.000,2017,International Conference on Learning Representations
SyyGPP0TZ,title_match,1162,Regularizing and Optimizing LSTM Language Models,1.000,2017,International Conference on Learning Representations
SyunbfbAb,title_match,484,FigureQA: An Annotated Figure Dataset for Visual Reasoning,1.000,2017,International Conference on Learning Representations
Syr8Qc1CW,title_match,92,DNA-GAN: Learning Disentangled Representations from Multi-Attribute Images,1.000,2017,International Conference on Learning Representations
SylJ1D1C-,title_match,882,PDE-Net: Learning PDEs from Data,1.000,2017,International Conference on Machine Learning
Syl3_2JCZ,title_match,,,,,
SyjjD1WRb,title_match,,,,,
Syhr6pxCW,title_match,47,PixelNN: Example-based Image Synthesis,1.000,2017,International Conference on Learning Representations
SyfiiMZA-,title_match,131,Jointly Learning to Construct and Control Agents using Deep Reinforcement Learning,1.000,2018,IEEE International Conference on Robotics and Automation
SyZI0GWCZ,title_match,1552,Decision-Based Adversarial Attacks: Reliable Attacks Against Black-Box Machine Learning Models,1.000,2017,International Conference on Learning Representations
SyXNErg0W,title_match,,,,,
SyVOjfbRb,title_match,16,Lsh-sampling Breaks the Computation Chicken-and-egg Loop in Adaptive Stochastic Gradient Estimation,0.990,2019,arXiv.org
SyUkxxZ0b,title_match,358,Adversarial Spheres,1.000,2018,International Conference on Learning Representations
SySaJ0xCZ,title_match,244,Simple And Efficient Architecture Search for Convolutional Neural Networks,1.000,2017,International Conference on Learning Representations
SyPMT6gAb,title_match,,,,,
SyOK1Sg0W,title_match,58,Adaptive Quantization of Neural Networks,1.000,2018,International Conference on Learning Representations
SyMvJrdaW,title_match,2,Decoupling the Layers in Residual Networks,1.000,2018,International Conference on Learning Representations
SyKoKWbC-,title_match,16,Large Scale Many-Objective Optimization Driven by Distributional Adversarial Networks,0.588,2020,arXiv.org
SyJS-OgR-,title_match,184,Multi-level Residual Networks from Dynamical Systems View,1.000,2017,International Conference on Learning Representations
Sy8XvGb0-,title_match,151,Latent Constraints: Learning to Generate Conditionally from Unconditional Generative Models,1.000,2017,International Conference on Learning Representations
Sy4c-3xRW,title_match,2,DropMax: Adaptive Stochastic Softmax,1.000,2017,Neural Information Processing Systems
Sy3XxCx0Z,title_match,43,Natural Language Inference with External Knowledge,1.000,2017,International Conference on Learning Representations
Sy-dQG-Rb,title_match,81,Neural Speed Reading via Skim-RNN,1.000,2017,International Conference on Learning Representations
Skz_WfbCZ,title_match,677,A PAC-Bayesian Approach to Spectrally-Normalized Margin Bounds for Neural Networks,1.000,2017,International Conference on Learning Representations
SkmiegW0b,title_match,52,Challenges in Disentangling Independent Factors of Variation,1.000,2017,International Conference on Learning Representations
Skk3Jm96W,title_match,130,Some Considerations on Learning to Explore via Meta-Reinforcement Learning,1.000,2018,International Conference on Learning Representations
Skdvd2xAZ,title_match,513,A Scalable Laplace Approximation for Neural Networks,1.000,2018,International Conference on Learning Representations
SkT5Yg-RZ,title_match,374,Intrinsic Motivation and Automatic Curricula via Asymmetric Self-Play,1.000,2017,International Conference on Learning Representations
SkRsFSRpb,title_match,3,GeoSeq2Seq: Information Geometric Sequence-to-Sequence Networks,1.000,2017,International Conference on Learning Representations
SkOb1Fl0Z,title_match,16,A Flexible Approach to Automated RNN Architecture Generation,1.000,2017,International Conference on Learning Representations
SkHl6MWC-,title_match,0,Regularization Neural Networks via Constrained Virtual Movement Field,0.993,2018,International Conference on Learning Representations
SkHkeixAW,title_match,371,Regularization for Deep Learning: A Taxonomy,1.000,2017,arXiv.org
SkHDoG-Cb,title_match,19,Simulated+Unsupervised Learning With Adaptive Data Generation and Bidirectional Mappings,1.000,2018,International Conference on Learning Representations
SkFqf0lAZ,title_match,66,Memory Architectures in Recurrent Neural Network Language Models,1.000,2018,International Conference on Learning Representations
SkBYYyZRZ,title_match,3870,Searching for Activation Functions,1.000,2018,arXiv.org
SkA-IE06W,title_match,131,When is a Convolutional Filter Easy To Learn?,1.000,2017,International Conference on Learning Representations
Sk7KsfW0-,title_match,1461,Lifelong Learning with Dynamically Expandable Networks,1.000,2017,International Conference on Learning Representations
Sk6fD5yCb,title_match,9,Espresso: Efficient Forward Propagation for Binary Deep Neural Networks,1.000,2018,International Conference on Learning Representations
Sk4w0A0Tb,title_match,7,Rotational Unit of Memory,1.000,2017,International Conference on Learning Representations
Sk2u1g-0-,title_match,375,Continuous Adaptation via Meta-Learning in Nonstationary and Competitive Environments,1.000,2017,International Conference on Learning Representations
Sk1NTfZAb,title_match,,,,,
SJyfrl-0b,title_match,21,Fast Node Embeddings: Learning Ego-Centric Representations,1.000,2018,International Conference on Learning Representations
SJyEH91A-,title_match,71,Learning Wasserstein Embeddings,1.000,2017,International Conference on Learning Representations
SJvu-GW0b,title_match,12,Graph2Seq: Scalable Learning Dynamics for Graphs,1.000,2018,arXiv.org
SJvrXqvaZ,title_match,28,Adversary A3C for Robust Reinforcement Learning,1.000,2019,arXiv.org
SJgf6Z-0W,title_match,2,Predicting Multiple Actions for Stochastic Continuous Control,1.000,2018,
SJdCUMZAW,title_match,284,Data-efficient Deep Reinforcement Learning for Dexterous Manipulation,1.000,2017,arXiv.org
SJd0EAy0b,title_match,,,,,
SJcKhk-Ab,title_match,160,Can recurrent neural networks warp time?,1.000,2018,International Conference on Learning Representations
SJaP_-xAb,title_match,161,Deep Learning with Logged Bandit Feedback,1.000,2018,International Conference on Learning Representations
SJZ2Mf-0-,title_match,92,Adaptive Memory Networks With Self-Supervised Learning for Unsupervised Anomaly Detection,0.429,2022,IEEE Transactions on Knowledge and Data Engineering
SJVHY9lCb,title_match,,,,,
SJUX_MWCZ,title_match,14,Predict Responsibly: Increasing Fairness by Learning To Defer,1.000,2017,International Conference on Learning Representations
SJTB5GZCb,title_match,15,Extending the Framework of Equilibrium Propagation to General Dynamics,1.000,2018,International Conference on Learning Representations
SJJySbbAZ,title_match,593,Training GANs with Optimism,1.000,2017,International Conference on Learning Representations
SJDJNzWAZ,title_match,64,Time-Dependent Representation for Neural Event Sequence Prediction,1.000,2017,International Conference on Learning Representations
SJD8YjCpW,title_match,4,Balanced and Deterministic Weight-Sharing Helps Network Performance,1.000,2018,International Conference on Artificial Neural Networks
SJCPLLpaW,title_match,11,Exploring the Hidden Dimension in Accelerating Convolutional Neural Networks,1.000,2018,International Conference on Machine Learning
SJ71VXZAZ,title_match,549,Learning to Generate Reviews and Discovering Sentiment,1.000,2017,arXiv.org
SJ1nzBeA-,title_match,81,Multi-Task Learning for Document Ranking and Query Suggestion,1.000,2018,International Conference on Learning Representations
SJ-C6JbRW,title_match,25,Mastering the Dungeon: Grounded Language Learning by Mechanical Turker Descent,1.000,2017,International Conference on Learning Representations
S1uxsye0Z,title_match,33,Adaptive Dropout with Rademacher Complexity Regularization,1.000,2018,International Conference on Learning Representations
S1tWRJ-R-,title_match,8,Joint Autoencoders: A Flexible Meta-learning Framework,1.000,2018,ECML/PKDD
S1sqHMZCb,title_match,326,NerveNet: Learning Structured Policy with Graph Neural Networks,1.000,2018,International Conference on Learning Representations
S1pWFzbAW,title_match,42,Weightless: Lossy Weight Encoding For Deep Neural Network Compression,1.000,2017,International Conference on Machine Learning
S1lN69AT-,title_match,1472,To prune; or not to prune: exploring the efficacy of pruning for model compression,1.000,2017,International Conference on Learning Representations
S1fHmlbCW,title_match,,,,,
S1XolQbRW,title_match,842,Model compression via distillation and quantization,1.000,2018,International Conference on Learning Representations
S1TgE7WR-,title_match,168,Covariant Compositional Networks For Learning Graphs,1.000,2018,International Conference on Learning Representations
S1Q79heRW,title_match,,,,,
S1LXVnxRb,title_match,0,Cross-Corpus Training with TreeLSTM for the Extraction of Biomedical Relationships from Text,1.000,2018,International Conference on Learning Representations
S1JHhv6TW,title_match,19,Boosting Dilated Convolutional Networks with Mixed Tensor Decompositions,1.000,2017,International Conference on Learning Representations
S1D8MPxA-,title_match,17,Viterbi-based Pruning for Sparse Matrix with Fixed and High Index Compression Ratio,1.000,2018,International Conference on Learning Representations
S1CChZ-CZ,title_match,177,Ask the Right Questions: Active Question Reformulation with Reinforcement Learning,1.000,2017,International Conference on Learning Representations
S1Auv-WRZ,title_match,1177,Data Augmentation Generative Adversarial Networks,1.000,2017,International Conference on Learning Representations
S19dR9x0b,title_match,124,Alternating Multi-bit Quantization for Recurrent Neural Networks,1.000,2018,International Conference on Learning Representations
S18Su--CW,title_match,647,Thermometer Encoding: One Hot Way To Resist Adversarial Examples,1.000,2018,International Conference on Learning Representations
S17mtzbRb,title_match,,,,,
S1347ot3b,title_match,,,,,
HyydRMZC-,title_match,571,Spatially Transformed Adversarial Examples,1.000,2018,International Conference on Learning Representations
Hyp3i2xRb,title_match,120,Overcoming the vanishing gradient problem in plain recurrent networks,1.000,2018,arXiv.org
HymuJz-A-,title_match,21,Not-So-CLEVR: Visual Relations Strain Feedforward Neural Networks,1.000,2018,International Conference on Learning Representations
Hymt27b0Z,title_match,747,MINE: Mutual Information Neural Estimation,1.000,2018,arXiv.org
HyiAuyb0b,title_match,20,TD or not TD: Analyzing the Role of Temporal Differencing in Deep Reinforcement Learning,1.000,2018,International Conference on Learning Representations
Hyg0vbWC-,title_match,874,Generating Wikipedia by Summarizing Long Sequences,1.000,2018,International Conference on Learning Representations
HydnA1WCb,title_match,92,Gaussian Prototypical Networks for Few-Shot Learning on Omniglot,1.000,2017,arXiv.org
HyZoi-WRb,title_match,64,Debiasing Evidence Approximations: On Importance-weighted Autoencoders and Jackknife Variational Inference,1.000,2018,International Conference on Learning Representations
HyNyyCxA-,title_match,50,Confidence Scoring Using Whitebox Meta-models with Linear Classifier Probes,1.000,2018,International Conference on Artificial Intelligence and Statistics
HyMTkQZAb,title_match,106,Kronecker-factored Curvature Approximations for Recurrent Neural Networks,1.000,2018,International Conference on Learning Representations
HyI5ro0pW,title_match,3,Neural networks with block diagonal inner product layers: a look at neural network architecture through the lens of random matrices,0.602,2018,Neural computing & applications (Print)
HyHmGyZCZ,title_match,0,Comparison of Paragram and Glove Results for Similarity Benchmarks,1.000,2018,International Conference on Multimedia and Network Information Systems
HyH9lbZAW,title_match,59,Variational Message Passing with Structured Inference Networks,1.000,2018,International Conference on Learning Representations
HyDu7FgAW,title_match,370,pix2code: Generating Code from a Graphical User Interface Screenshot,1.000,2017,Engineering Interactive Computing System
HyDMX0l0Z,title_match,2,Towards Effective GANs for Data Distributions with Diverse Modes,1.000,2018,
HyDAQl-AW,title_match,194,Time Limits in Reinforcement Learning,1.000,2017,International Conference on Machine Learning
HyBbjW-RW,title_match,9,Open Loop Hyperparameter Optimization and Determinantal Point Processes,1.000,2018,
Hy7fDog0b,title_match,222,AmbientGAN: Generative models from lossy measurements,1.000,2018,International Conference on Learning Representations
Hy6GHpkCW,title_match,994,A Neural Representation of Sketch Drawings,1.000,2017,International Conference on Learning Representations
Hy1d-ebAb,title_match,704,Learning Deep Generative Models of Graphs,1.000,2018,International Conference on Learning Representations
HkwZSG-CZ,title_match,427,Breaking the Softmax Bottleneck: A High-Rank RNN Language Model,1.000,2017,International Conference on Learning Representations
HkwBEMWCZ,title_match,257,Skip Connections Eliminate Singularities,1.000,2017,International Conference on Learning Representations
HktRlUlAZ,title_match,200,Polar Transformer Networks,1.000,2017,International Conference on Learning Representations
HktK4BeCZ,title_match,56,Learning Deep Mean Field Games for Modeling Large Population Behavior,1.000,2017,International Conference on Learning Representations
HkpYwMZRb,title_match,52,Gradients explode - Deep Networks are shallow - ResNet explained,1.000,2017,International Conference on Learning Representations
Hko85plCW,title_match,275,Monotonic Chunkwise Attention,1.000,2017,International Conference on Learning Representations
Hkn7CBaTW,title_match,371,Learning how to explain neural networks: PatternNet and PatternAttribution,1.000,2017,International Conference on Learning Representations
HkmaTz-0W,title_match,2368,Visualizing the Loss Landscape of Neural Nets,1.000,2017,Neural Information Processing Systems
HklpCzC6-,title_match,10,Image Segmentation by Iterative Inference from Conditional Score Estimation,1.000,2017,arXiv.org
HklZOfW0W,title_match,,,,,
HkjL6MiTb,title_match,5,Siamese Survival Analysis with Competing Risks,1.000,2018,International Conference on Artificial Neural Networks
HkgNdt26Z,title_match,18,Distributed Fine-tuning of Language Models on Private Data,1.000,2018,International Conference on Learning Representations
Hkfmn5n6W,title_match,104,Exponentially vanishing sub-optimal local minima in multilayer neural networks,1.000,2017,International Conference on Learning Representations
HkfXMz-Ab,title_match,141,Neural Sketch Learning for Conditional Program Generation,1.000,2017,International Conference on Learning Representations
HkcTe-bR-,title_match,79,Exploring Deep Recurrent Models with Reinforcement Learning for Molecule Design,1.000,2018,International Conference on Learning Representations
Hkc-TeZ0W,title_match,167,A Hierarchical Model for Device Placement,1.000,2018,International Conference on Learning Representations
Hkbd5xZRb,title_match,1029,Spherical CNNs,1.000,2018,International Conference on Learning Representations
HkbJTYyAb,title_match,26,Convolutional L2LFlows: generating accurate showers in highly granular calorimeters using convolutional normalizing flows,0.411,2024,Journal of Instrumentation
HkZy-bW0-,title_match,28,Temporally Efficient Deep Learning with Spikes,1.000,2017,International Conference on Learning Representations
HkXWCMbRW,title_match,178,Towards Image Understanding from Deep Compression without Decoding,1.000,2018,International Conference on Learning Representations
HkMCybx0-,title_match,53,Improving Deep Learning by Inverse Square Root Linear Units (ISRLUs),1.000,2017,arXiv.org
HkL7n1-0b,title_match,1174,Wasserstein Auto-Encoders,1.000,2017,International Conference on Learning Representations
HkGJUXb0-,title_match,46,Learning Efficient Tensor Representations with Ring Structure Networks,1.000,2017,International Conference on Learning Representations
HkCsm6lRb,title_match,154,Generative Models of Visually Grounded Imagination,1.000,2017,International Conference on Learning Representations
HkCnm-bAb,title_match,29,Can Deep Reinforcement Learning Solve Erdos-Selfridge-Spencer Games?,1.000,2017,International Conference on Machine Learning
HkAClQgA-,title_match,1666,A Deep Reinforced Model for Abstractive Summarization,1.000,2017,International Conference on Learning Representations
Hk91SGWR-,title_match,155,Investigating Human Priors for Playing Video Games,1.000,2018,International Conference on Machine Learning
Hk6kPgZA-,title_match,970,Certifying Some Distributional Robustness with Principled Adversarial Training,1.000,2017,International Conference on Learning Representations
Hk5elxbRW,title_match,135,Smooth Loss Functions for Deep Top-k Classification,1.000,2018,International Conference on Learning Representations
Hk3ddfWRW,title_match,15,Imitation Learning from Visual Data with Multiple Intentions,1.000,2018,International Conference on Learning Representations
Hk2aImxAb,title_match,895,Multi-Scale Dense Networks for Resource Efficient Image Classification,1.000,2017,International Conference on Learning Representations
Hk-FlMbAZ,title_match,,,,,
HJzgZ3JCW,title_match,126,Efficient Sparse-Winograd Convolutional Neural Networks,1.000,2018,International Conference on Learning Representations
HJvvRoe0W,title_match,30,An image representation based convolutional network for DNA classification,1.000,2018,International Conference on Learning Representations
HJsjkMb0Z,title_match,360,i-RevNet: Deep Invertible Networks,1.000,2018,International Conference on Learning Representations
HJoYD6gC-,title_match,114,Word Mover’s Embedding: From Word2Vec to Document Embedding,1.000,2018,Conference on Empirical Methods in Natural Language Processing
HJjvxl-Cb,title_match,11733,Soft Actor-Critic: Off-Policy Maximum Entropy Deep Reinforcement Learning with a Stochastic Actor,1.000,2018,International Conference on Machine Learning
HJhIM0xAW,title_match,8,Learning a neural response metric for retinal prosthesis,1.000,2017,bioRxiv
HJewuJWCZ,title_match,1,Learning To Not Teach,0.895,2023,Journal of Management Education
HJdXGy1RW,title_match,2,CrescendoNet: A Simple Deep Convolutional Neural Network with Ensemble Behavior,1.000,2017,arXiv.org
HJYQLb-RW,title_match,60,On the Limitations of First-Order Approximation in GAN Dynamics,0.992,2017,International Conference on Machine Learning
HJWLfGWRb,title_match,1141,Matrix capsules with EM routing,1.000,2018,International Conference on Learning Representations
HJNMYceCW,title_match,6,Residual Loss Prediction: Reinforcement Learning With No Incremental Feedback,1.000,2018,International Conference on Learning Representations
HJJ23bW0b,title_match,22,Initialization matters: Orthogonal Predictive State Recurrent Neural Networks,1.000,2018,International Conference on Learning Representations
HJGv1Z-AW,title_match,246,Emergence of Linguistic Communication from Referential Games with Symbolic and Pixel Input,0.994,2018,International Conference on Learning Representations
HJGXzmspb,title_match,418,Training and Inference with Integers in Deep Neural Networks,1.000,2018,International Conference on Learning Representations
HJ3d2Ax0-,title_match,26,Benefits of Depth for Long-Term Memory of Recurrent Networks,1.000,2017,International Conference on Learning Representations
H1zriGeCZ,title_match,132,Hyperparameter Optimization: A Spectral Approach,1.000,2017,International Conference on Learning Representations
H1tSsb-AW,title_match,171,Variance Reduction for Policy Gradient with Action-Dependent Factorized Baselines,1.000,2018,International Conference on Learning Representations
H1q-TM-AW,title_match,664,A DIRT-T Approach to Unsupervised Domain Adaptation,1.000,2018,International Conference on Learning Representations
H1meywxRW,title_match,112,DCN+: Mixed Objective and Deep Residual Coattention for Question Answering,1.000,2017,International Conference on Learning Representations
H1mCp-ZRZ,title_match,51,Action-dependent Control Variates for Policy Optimization via Stein Identity,1.000,2018,International Conference on Learning Representations
H1eJxngCW,title_match,206,DuoRC: Towards Complex Language Understanding with Paraphrased Reading Comprehension,1.000,2018,Annual Meeting of the Association for Computational Linguistics
H1cWzoxA-,title_match,153,Bi-Directional Block Self-Attention for Fast and Memory-Efficient Sequence Modeling,1.000,2018,International Conference on Learning Representations
H1aIuk-RW,title_match,2618,Active Learning for Convolutional Neural Networks: A Core-Set Approach,1.000,2017,International Conference on Learning Representations
H1YynweCb,title_match,51,Kronecker Recurrent Units,1.000,2017,International Conference on Machine Learning
H1WgVz-AZ,title_match,54,Learning Approximate Inference Networks for Structured Prediction,1.000,2018,International Conference on Learning Representations
H1VGkIxRZ,title_match,2536,Enhancing The Reliability of Out-of-distribution Image Detection in Neural Networks,1.000,2017,International Conference on Learning Representations
H1NV4agCb,title_match,,,,,
H1MczcgR-,title_match,146,Understanding Short-Horizon Bias in Stochastic Meta-Optimization,1.000,2018,International Conference on Learning Representations
H1I3M7Z0b,title_match,0,WSNet: Learning Compact and Efficient Networks with Weight Sampling,1.000,2018,International Conference on Learning Representations
H1Dy---0Z,title_match,832,Distributed Prioritized Experience Replay,1.000,2018,International Conference on Learning Representations
H1DkN7ZCZ,title_match,20,Deep learning mutation prediction enables early stage lung cancer detection in liquid biopsy,1.000,2018,International Conference on Learning Representations
H1DGha1CZ,title_match,41,Enhancing batch normalized convolutional networks using displaced rectifier linear units: A systematic comparative study,1.000,2019,Expert systems with applications
H18WqugAb,title_match,83,Still not systematic after all these years: On the compositional skills of sequence-to-sequence recurrent networks,1.000,2017,International Conference on Learning Representations
H13WofbAb,title_match,,,,,
H11lAfbCW,title_match,102,On Characterizing the Capacity of Neural Networks using Algebraic Topology,1.000,2018,arXiv.org
ByxLBMZCb,title_match,47,Learning Deep Models: Critical Points and Local Openness,1.000,2018,International Conference on Learning Representations
BywyFQlAW,title_match,63,Minimax Curriculum Learning: Machine Teaching with Desirable Difficulties and Scheduled Diversity,1.000,2018,International Conference on Learning Representations
ByuP8yZRb,title_match,2,Censoring Representations with Multiple-Adversaries over Random Subspaces,1.000,2018,International Conference on Learning Representations
Byt3oJ-0W,title_match,342,Learning Latent Permutations with Gumbel-Sinkhorn Networks,1.000,2018,International Conference on Learning Representations
Bys4ob-Rb,title_match,1019,Certified Defenses against Adversarial Examples,1.000,2018,International Conference on Learning Representations
ByquB-WC-,title_match,7,Finding ReMO (Related Memory Object): A Simple Neural Architecture for Text based Reasoning,1.000,2018,arXiv.org
BygpQlbA-,title_match,39,Towards Provable Control for Unknown Linear Dynamical Systems,1.000,2018,International Conference on Learning Representations
BydLzGb0Z,title_match,69,Twin Networks: Matching the Future for Sequence Generation,1.000,2017,International Conference on Learning Representations
Byd-EfWCb,title_match,4,Decoding Decoders: Finding Optimal Representation Spaces for Unsupervised Similarity Tasks,1.000,2018,International Conference on Learning Representations
ByaQIGg0-,title_match,8,Automated Design using Neural Networks and Gradient Descent,1.000,2017,International Conference on Learning Representations
Bya8fGWAZ,title_match,28,Value Propagation Networks,1.000,2018,International Conference on Learning Representations
ByRWCqvT-,title_match,246,Learning to cluster in order to Transfer across domains and tasks,1.000,2017,International Conference on Learning Representations
ByQZjx-0-,title_match,12,Faster Discovery of Neural Architectures by Searching for Paths in a Large Model,1.000,2018,International Conference on Learning Representations
ByOoMSgRW,title_match,12,Melody Generation for Pop Music via Word Representation of Musical Properties,1.000,2017,arXiv.org
ByOfBggRZ,title_match,224,Detecting Statistical Interactions from Neural Network Weights,1.000,2017,International Conference on Learning Representations
ByOExmWAb,title_match,489,MaskGAN: Better Text Generation via Filling in the ______,1.000,2018,International Conference on Learning Representations
ByKWUeWA-,title_match,472,GANITE: Estimation of Individualized Treatment Effects using Generative Adversarial Nets,1.000,2018,International Conference on Learning Representations
ByJIWUnpW,title_match,8,Automatically Inferring Data Quality for Spatiotemporal Forecasting,1.000,2018,International Conference on Learning Representations
ByJDAIe0b,title_match,10,Integrating Episodic Memory into a Reinforcement Learning Agent using Reservoir Sampling,1.000,2018,arXiv.org
By3v9k-RZ,title_match,3,Learning to Organize Knowledge with N-Gram Machines,1.000,2017,International Conference on Learning Representations
By3VrbbAb,title_match,26,Realtime Query Completion via Deep Language Models,1.000,2018,eCOM@SIGIR
By-7dz-AZ,title_match,556,A Framework for the Quantitative Evaluation of Disentangled Representations,1.000,2018,International Conference on Learning Representations
BkwHObbRZ,title_match,267,Learning One-hidden-layer Neural Networks with Landscape Design,1.000,2017,International Conference on Learning Representations
BkpiPMbA-,title_match,149,Decision Boundary Analysis of Adversarial Examples,1.000,2018,International Conference on Learning Representations
BkoXnkWAb,title_match,18,Shifting Mean Activation Towards Zero with Bipolar Activation Functions,1.000,2017,International Conference on Learning Representations
BkisuzWRW,title_match,329,Zero-Shot Visual Imitation,1.000,2018,2018 IEEE/CVF Conference on Computer Vision and Pattern Recognition Workshops (CVPRW)
Bki4EfWCb,title_match,312,Inference Suboptimality in Variational Autoencoders,1.000,2018,International Conference on Machine Learning
BkfEzz-0-,title_match,9,Neuron as an Agent,1.000,2018,International Conference on Learning Representations
BkeqO7x0-,title_match,66,Unsupervised Cipher Cracking Using Discrete GANs,1.000,2018,International Conference on Learning Representations
BkVf1AeAZ,title_match,43,Label Embedding Network: Learning Label Representation for Soft Training of Deep Networks,1.000,2017,arXiv.org
BkUHlMZ0b,title_match,523,Evaluating the Robustness of Neural Networks: An Extreme Value Theory Approach,1.000,2018,International Conference on Learning Representations
BkSDMA36Z,title_match,72,A New Method of Region Embedding for Text Classification,1.000,2018,International Conference on Learning Representations
BkN_r2lR-,title_match,13,Identifying Analogies Across Domains,1.000,2018,International Conference on Learning Representations
BkM3ibZRW,title_match,300,Adversarially Regularized Autoencoders,1.000,2017,International Conference on Machine Learning
BkCV_W-AZ,title_match,54,Regret Minimization for Partially Observable Deep Reinforcement Learning,1.000,2017,International Conference on Machine Learning
BkA7gfZAb,title_match,3,Stable Distribution Alignment Using the Dual of the Adversarial Distance,1.000,2017,International Conference on Learning Representations
Bk9zbyZCZ,title_match,286,Neural Map: Structured Memory for Deep Reinforcement Learning,1.000,2017,International Conference on Learning Representations
Bk8ZcAxR-,title_match,171,Eigenoption Discovery through the Deep Successor Representation,1.000,2017,International Conference on Learning Representations
BJypUGZ0Z,title_match,390,Accelerating Neural Architecture Search using Performance Prediction,1.000,2017,International Conference on Learning Representations
BJy0fcgRZ,title_match,4,Capturing human category representations by sampling in deep feature spaces,1.000,2018,International Conference on Learning Representations
BJubPWZRW,title_match,5,Cross-View Training for Semi-Supervised Learning,1.000,2018,International Conference on Learning Representations
BJjquybCW,title_match,29,The loss surface and expressivity of deep convolutional neural networks,1.000,2017,International Conference on Learning Representations
BJj6qGbRW,title_match,1368,Few-Shot Learning with Graph Neural Networks,1.000,2017,International Conference on Learning Representations
BJehNfW0-,title_match,171,Do GANs learn the distribution? Some Theory and Empirics,1.000,2018,International Conference on Learning Representations
BJRZzFlRb,title_match,139,Compressing Word Embeddings via Deep Compositional Code Learning,1.000,2017,International Conference on Learning Representations
BJQPG5lR-,title_match,29,Avoiding Degradation in Deep Feed-Forward Networks by Phasing Out Skip-Connections,1.000,2018,International Conference on Artificial Neural Networks
BJOFETxR-,title_match,916,Learning to Represent Programs with Graphs,1.000,2017,International Conference on Learning Representations
BJJLHbb0-,title_match,2119,Deep Autoencoding Gaussian Mixture Model for Unsupervised Anomaly Detection,1.000,2018,International Conference on Learning Representations
BJJ9bz-0-,title_match,211,Reinforcement Learning from Imperfect Demonstrations,1.000,2018,International Conference on Learning Representations
BJInEZsTb,title_match,1680,Learning Representations and Generative Models for 3D Point Clouds,1.000,2017,International Conference on Machine Learning
BJIgi_eCZ,title_match,187,FusionNet: Fusing via Fully-Aware Attention with Application to Machine Comprehension,1.000,2017,International Conference on Learning Representations
BJE-4xW0W,title_match,314,CausalGAN: Learning Causal Implicit Generative Models with Adversarial Training,1.000,2017,International Conference on Learning Representations
BJ8vJebC-,title_match,812,Synthetic and Natural Noise Both Break Neural Machine Translation,1.000,2017,International Conference on Learning Representations
BJ78bJZCZ,title_match,1,Efficiently applying attention to sequential data with the Recurrent Discounted Attention unit,1.000,2017,arXiv.org
BJ0hF1Z0b,title_match,1506,Learning Differentially Private Recurrent Language Models,1.000,2017,International Conference on Learning Representations
B1oOAeb0b,title_match,,,,,
B1n8LexRZ,title_match,135,Generalizing Hamiltonian Monte Carlo with Neural Networks,1.000,2017,International Conference on Learning Representations
B1mvVm-C-,title_match,8,Universal Agent for Disentangling Environments and Tasks,1.000,2018,International Conference on Learning Representations
B1lMMx1CW,title_match,6,The Effectiveness of a two-Layer Neural Network for Recommendations,1.000,2018,International Conference on Learning Representations
B1gJ1L2aW,title_match,846,Characterizing Adversarial Subspaces Using Local Intrinsic Dimensionality,1.000,2018,International Conference on Learning Representations
B1e5ef-C-,title_match,46,A Compressed Sensing View of Unsupervised Text Embeddings; Bag-of-n-Grams; and LSTMs,1.000,2018,International Conference on Learning Representations
B1al7jg0b,title_match,128,Overcoming Catastrophic Interference using Conceptor-Aided Backpropagation,1.000,2018,International Conference on Learning Representations
B1ae1lZRb,title_match,354,Apprentice: Using Knowledge Distillation Techniques To Improve Low-Precision Network Accuracy,1.000,2017,International Conference on Learning Representations
B1Z3W-b0W,title_match,122,Learning to Infer Program Sketches,0.667,2019,International Conference on Machine Learning
B1QgVti6Z,title_match,20,Empirical Risk Landscape Analysis for Understanding Deep Neural Networks,1.000,2018,International Conference on Learning Representations
B1QRgziT-,title_match,5076,Spectral Normalization for Generative Adversarial Networks,1.000,2018,International Conference on Learning Representations
B1O3OgbRW,title_match,281,Assessing the Scalability of Biologically-Motivated Deep Learning Algorithms and Architectures,1.000,2018,Neural Information Processing Systems
B1Lc-Gb0Z,title_match,20,Deep Learning as a Mixed Convex-Combinatorial Optimization Problem,1.000,2017,International Conference on Learning Representations
B1KJJf-R-,title_match,15,Neural Program Search: Solving Data Processing Tasks from Description and Examples,1.000,2018,International Conference on Learning Representations
B1Gi6LeRZ,title_match,269,Learning from Between-class Examples for Deep Sound Recognition,1.000,2017,International Conference on Learning Representations
B1CEaMbR-,title_match,265,Clustering with Deep Learning: Taxonomy and New Methods,1.000,2018,arXiv.org
B17JTOe0-,title_match,258,Emergence of grid-like representations by training recurrent neural networks to perform spatial localization,1.000,2018,International Conference on Learning Representations
B14uJzW0b,title_match,22,No Spurious Local Minima in a Two Hidden Unit ReLU Network,1.000,2018,International Conference on Learning Representations
B12QlQWRW,title_match,2,Think Visually: Question Answering through Virtual Imagery,1.000,2018,Annual Meeting of the Association for Computational Linguistics
ryxxCiRqYX,title_match,22,Deep Layers as Stochastic Solvers,1.000,2018,International Conference on Learning Representations
ryxwJhC9YX,title_match,168,InstaGAN: Instance-aware Image-to-Image Translation,1.000,2018,International Conference on Learning Representations
ryxDjjCqtQ,title_match,79,Deconfounding Reinforcement Learning in Observational Settings,1.000,2018,arXiv.org
rylV6i09tX,title_match,30,Interpreting Adversarial Robustness: A View from Decision Surface in Input Space,1.000,2018,arXiv.org
rylV-2C9KQ,title_match,338,Deep Decoder: Concise Image Representations from Untrained Non-convolutional Networks,1.000,2018,International Conference on Learning Representations
rylKB3A9Fm,title_match,278,Assessing Generalization in Deep Reinforcement Learning,1.000,2018,arXiv.org
rylIAsCqYm,title_match,20,A2BCD: Asynchronous Acceleration with Optimal Complexity,1.000,2018,International Conference on Learning Representations
rylDfnCqF7,title_match,307,Lagging Inference Networks and Posterior Collapse in Variational Autoencoders,1.000,2019,International Conference on Learning Representations
ryl5khRcKm,title_match,16,Human-level Protein Localization with Convolutional Neural Networks,1.000,2018,International Conference on Learning Representations
rygunsAqYQ,title_match,47,MoFlow: One-Step Flow Matching for Human Trajectory Forecasting via Implicit Maximum Likelihood Estimation based Distillation,0.472,2025,Computer Vision and Pattern Recognition
rygrBhC5tQ,title_match,102,Composing Complex Skills by Learning Transition Policies,1.000,2018,International Conference on Learning Representations
rygo9iR9F7,title_match,42,Progressive Weight Pruning of Deep Neural Networks using ADMM,1.000,2018,arXiv.org
ryfaViR9YX,title_match,2,Variation Network: Learning High-level Attributes for Controlled Input Manipulation,1.000,2019,arXiv.org
ryeX-nC9YQ,title_match,18,Dimension-Free Bounds for Low-Precision Training,1.000,2019,Neural Information Processing Systems
ryM_IoAqYX,title_match,38,Analysis of Quantized Models,1.000,2019,International Conference on Learning Representations
ryGvcoA5YX,title_match,150,Overcoming Catastrophic Forgetting for Continual Learning via Model Adaptation,1.000,2018,International Conference on Learning Representations
ryGs6iA5Km,title_match,10079,How Powerful are Graph Neural Networks?,1.000,2018,International Conference on Learning Representations
ryGiYoAqt7,title_match,2,Learning Agents with Prioritization and Parameter Noise in Continuous State and Action Space,0.995,2019,International Symposium on Neural Networks
ryGfnoC5KQ,title_match,29,Kernel RNN Learning (KeRNL),1.000,2018,International Conference on Learning Representations
rkzUYjCcFm,title_match,3,Fast Object Localization via Sensitivity Analysis,1.000,2019,International Symposium on Visual Computing
rkxwShA9Ym,title_match,32,Label super-resolution networks,1.000,2018,International Conference on Learning Representations
rkxfjjA5Km,title_match,29,Auto-Encoding Knockoff Generator for FDR Controlled Variable Selection,0.993,2018,
rklwwo05Ym,title_match,13,Pushing the bounds of dropout,1.000,2018,arXiv.org
rkluJ2R9KQ,title_match,41,A new dog learns old tricks: RL finds classic optimization algorithms,0.993,2018,International Conference on Learning Representations
rkl6As0cF7,title_match,169,Probabilistic Recursive Reasoning for Multi-Agent Reinforcement Learning,1.000,2019,International Conference on Learning Representations
rkgpy3C5tX,title_match,156,Amortized Bayesian Meta-Learning,1.000,2018,International Conference on Learning Representations
rkgd0iA9FQ,title_match,120,Convergence Guarantees for RMSProp and ADAM in Non-Convex Optimization and an Empirical Comparison to Nesterov Acceleration,1.000,2018,
rkgBHoCqYX,title_match,15,A Kernel Random Matrix-Based Approach for Sparse PCA,1.000,2019,International Conference on Learning Representations
rke_YiRct7,title_match,98,Small nonlinearities in activation functions create bad local minima in neural networks,1.000,2018,International Conference on Learning Representations
rkeSiiA5Fm,title_match,45,Deep Learning 3D Shapes Using Alt-az Anisotropic 2-Sphere Convolution,1.000,2018,International Conference on Learning Representations
rke8ZhCcFQ,title_match,87,Attack Graph Convolutional Networks by Adding Fake Nodes,1.000,2018,arXiv.org
rke41hC5Km,title_match,95,Generating Realistic Stock Market Order Streams,1.000,2020,AAAI Conference on Artificial Intelligence
rkVOXhAqY7,title_match,151,The Conditional Entropy Bottleneck,1.000,2020,Entropy
rk4Wf30qKQ,title_match,98,Security Analysis of Deep Neural Networks Operating in the Presence of Cache Side-Channel Attacks,1.000,2018,arXiv.org
rJzLciCqKm,title_match,126,Learning from Positive and Unlabeled Data with a Selection Bias,1.000,2018,International Conference on Learning Representations
rJxXDsCqYX,title_match,3,Sentence Encoding with Tree-constrained Relation Networks,1.000,2018,arXiv.org
rJxNAjC5F7,title_match,4,Learning Hash Codes via Hamming Distance Targets,1.000,2018,arXiv.org
rJlg1n05YX,title_match,0,Penetrating the Fog: the Path to Efficient CNN Models,1.000,2018,arXiv.org
rJleN20qK7,title_match,51,Two-Timescale Networks for Nonlinear Value Function Approximation,1.000,2019,International Conference on Learning Representations
rJlWOj0qF7,title_match,19,Imposing Category Trees Onto Word-Embeddings Using A Geometric Construction,1.000,2018,International Conference on Learning Representations
rJl-b3RcF7,title_match,4325,The Lottery Ticket Hypothesis: Finding Sparse; Trainable Neural Networks,1.000,2018,International Conference on Learning Representations
rJgvf3RcFQ,title_match,47,On Inductive Biases in Deep Reinforcement Learning,1.000,2019,arXiv.org
rJgTTjA9tX,title_match,4,The Comparative Power of ReLU Networks and Polynomial Kernels in the Presence of Sparse Latent Structure,1.000,2018,International Conference on Learning Representations
rJgSV3AqKQ,title_match,1,Combining adaptive algorithms and hypergradient method: a performance and robustness study,1.000,2018,
rJgMlhRctm,title_match,858,The Neuro-Symbolic Concept Learner: Interpreting Scenes; Words; and Sentences From Natural Supervision,1.000,2019,International Conference on Learning Representations
rJfW5oA5KQ,title_match,77,Approximability of Discriminators Implies Diversity in GANs,1.000,2018,International Conference on Learning Representations
rJfUCoR5KX,title_match,97,An Empirical study of Binary Neural Networks' Optimisation,1.000,2018,International Conference on Learning Representations
rJf0BjAqYX,title_match,,,,,
rJedV3R5tm,title_match,202,RelGAN: Relational Generative Adversarial Networks for Text Generation,1.000,2019,International Conference on Learning Representations
rJe4ShAcF7,title_match,595,Music Transformer: Generating Music with Long-Term Structure,1.000,2018,International Conference on Learning Representations
rJVorjCcKQ,title_match,490,Slalom: Fast; Verifiable and Private Execution of Neural Networks in Trusted Hardware,1.000,2018,International Conference on Learning Representations
rJVoEiCqKQ,title_match,26,Deep Perm-Set Net: Learn to predict sets with unknown permutation and cardinality using deep neural networks,1.000,2018,arXiv.org
rJNwDjAqYX,title_match,776,Large-Scale Study of Curiosity-Driven Learning,1.000,2018,International Conference on Learning Representations
rJNH6sAqY7,title_match,21,On Computation and Generalization of Generative Adversarial Networks under Spectrum Control,1.000,2019,International Conference on Learning Representations
rJMcdsA5FX,title_match,87,On Accurate Evaluation of GANs for Language Generation,1.000,2018,arXiv.org
rJEjjoR9K7,title_match,253,Learning Robust Representations by Projecting Superficial Statistics Out,1.000,2018,International Conference on Learning Representations
r1zmVhCqKm,title_match,12,Flexible-length Text Infilling for Discrete Diffusion Models,0.384,2025,Conference on Empirical Methods in Natural Language Processing
r1xlvi0qYm,title_match,39,Learning to Remember More with Less Memorization,1.000,2019,International Conference on Learning Representations
r1lyTjAqYX,title_match,567,Recurrent Experience Replay in Distributed Reinforcement Learning,1.000,2018,International Conference on Learning Representations
r1lpx3A9K7,title_match,15,Featurized Bidirectional GAN: Adversarial Defense via Adversarially Learned Semantic Inference,1.000,2018,arXiv.org
r1lohoCqY7,title_match,180,Learning-Based Frequency Estimation Algorithms,1.000,2018,International Conference on Learning Representations
r1lgm3C5t7,title_match,90,Universal discriminative quantum neural networks,1.000,2018,Quantum Machine Intelligence
r1laEnA5Ym,title_match,409,A Variational Inequality Perspective on Generative Adversarial Networks,1.000,2018,International Conference on Learning Representations
r1lYRjC9F7,title_match,596,Enabling Factorized Piano Music Modeling and Generation with the MAESTRO Dataset,1.000,2018,International Conference on Learning Representations
r1gVqsA9tQ,title_match,1,ChainGAN: A sequential approach to GANs,1.000,2018,arXiv.org
r1esnoAqt7,title_match,94,Morpho-MNIST: Quantitative Assessment and Diagnostics for Representation Learning,1.000,2018,Journal of machine learning research
r1elIi09K7,title_match,136,Learning a Neural-network-based Representation for Open Set Recognition,1.000,2018,SDM
r1V0m3C5YQ,title_match,11,Coupled Recurrent Models for Polyphonic Music Composition,1.000,2018,International Society for Music Information Retrieval Conference
r1NJqsRctX,title_match,23,Auxiliary Variational MCMC,1.000,2018,International Conference on Learning Representations
r1GbfhRqF7,title_match,82,Kernel Change-point Detection with Auxiliary Deep Generative Models,1.000,2018,International Conference on Learning Representations
SyzVb3CcFX,title_match,94,Time-Agnostic Prediction: Predicting Predictable Video Frames,1.000,2018,International Conference on Learning Representations
SyxAb30cY7,title_match,1968,Robustness May Be at Odds with Accuracy,1.000,2018,International Conference on Learning Representations
Syx0Mh05YQ,title_match,47,Learning Grid Cells as Vector Representation of Self-Position Coupled with Matrix Representation of Self-Motion,1.000,2018,International Conference on Learning Representations
SylCrnCcFX,title_match,49,Towards Robust; Locally Linear Deep Networks,1.000,2019,International Conference on Learning Representations
Syl8Sn0cK7,title_match,35,Learning a Meta-Solver for Syntax-Guided Program Synthesis,1.000,2018,International Conference on Learning Representations
SygvZ209F7,title_match,89,Biologically-plausible learning algorithms can scale to large datasets,1.000,2018,International Conference on Learning Representations
SygLehCqtm,title_match,354,Learning protein sequence embeddings using information from structure,1.000,2019,International Conference on Learning Representations
SygD-hCcF7,title_match,13,Dimensionality Reduction for Representing the Knowledge of Probabilistic Models,1.000,2018,International Conference on Learning Representations
SyeQFiCcF7,title_match,52,Siamese capsule networks with global and local features for text classification,0.466,2020,Neurocomputing
SyVU6s05K7,title_match,41,Deep Frank-Wolfe For Neural Network Optimization,1.000,2018,International Conference on Learning Representations
SyNPk2R9K7,title_match,64,Learning to Describe Scenes with Programs,1.000,2018,International Conference on Learning Representations
SyMras0cFQ,title_match,11,An Adaptive Homeostatic Algorithm for the Unsupervised Learning of Visual Features,1.000,2019,Vision
SyMhLo0qKQ,title_match,24,Distribution-Interpolation Trade off in Generative Models,1.000,2018,International Conference on Learning Representations
Skz-3j05tm,title_match,31,Graph Convolutional Network with Sequential Attention for Goal-Oriented Dialogue Systems,1.000,2019,Transactions of the Association for Computational Linguistics
SkxXCi0qFX,title_match,227,ProMP: Proximal Meta-Policy Search,1.000,2018,International Conference on Learning Representations
SklEEnC5tQ,title_match,7,Distributional Concavity Regularization for GANs,1.000,2018,International Conference on Learning Representations
SkghBoR5FX,title_match,41,Adversarial Attacks for Optical Flow-Based Action Recognition Classifiers,1.000,2018,arXiv.org
SkgQBn0cF7,title_match,39,Modeling the Long Term Future in Model-Based Reinforcement Learning,1.000,2018,International Conference on Learning Representations
SkgKzh0cY7,title_match,25,Unsupervised Video-to-Video Translation,1.000,2018,arXiv.org
Skf-oo0qt7,title_match,83,On Generalization Bounds of a Family of Recurrent Neural Networks,1.000,2018,International Conference on Artificial Intelligence and Statistics
SkeJ6iR9Km,title_match,6,Dynamic Graph Variational Sparse Coding for Power Distribution Network Fault Location and Classification,0.388,2025,IEEE Transactions on Industrial Informatics
Ske5r3AqK7,title_match,343,Poincaré GloVe: Hyperbolic Word Embeddings,0.988,2018,International Conference on Learning Representations
SkVhlh09tX,title_match,663,Pay Less Attention with Lightweight and Dynamic Convolutions,1.000,2019,International Conference on Learning Representations
SkVe3iA9Ym,title_match,6,Beyond Winning and Losing: Modeling Human Motivations and Behaviors with Vector-Valued Inverse Reinforcement Learning,1.000,2019,Artificial Intelligence and Interactive Digital Entertainment Conference
SkNSehA9FQ,title_match,50,Open Vocabulary Learning on Source Code with a Graph-Structured Cache,1.000,2018,International Conference on Machine Learning
SkMuPjRcKQ,title_match,22,Feed-forward Propagation in Probabilistic Neural Networks with Categorical and Max Layers,1.000,2018,International Conference on Learning Representations
SJzvDjAcK7,title_match,,,,,
SJz1x20cFQ,title_match,20,Hierarchical RL Using an Ensemble of Proprioceptive Periodic Policies,1.000,2019,International Conference on Learning Representations
SJxu5iR9KQ,title_match,257,Learning to Schedule Communication in Multi-agent Reinforcement Learning,1.000,2019,International Conference on Learning Representations
SJxfxnA9K7,title_match,5,Structured Prediction using cGANs with Fusion Discriminator,1.000,2019,DGS@ICLR
SJx63jRqFm,title_match,1302,Diversity is All You Need: Learning Skills without a Reward Function,1.000,2018,International Conference on Learning Representations
SJlpM3RqKQ,title_match,524,Expanding the Reach of Federated Learning by Reducing Client Resource Requirements,1.000,2018,arXiv.org
SJl7DsR5YQ,title_match,1,ReNeg and Backseat Driver: Learning from Demonstration with Continuous Human Feedback,1.000,2019,arXiv.org
SJgsCjCqt7,title_match,25,Variational Autoencoders with Jointly Optimized Latent Dependency Structure,1.000,2018,International Conference on Learning Representations
SJgNwi09Km,title_match,58,Learning Latent Superstructures in Variational Autoencoders for Deep Multidimensional Clustering,1.000,2018,International Conference on Learning Representations
SJgEl3A5tm,title_match,138,CAMOU: Learning Physical Vehicle Camouflages to Adversarially Attack Detectors in the Wild,1.000,2018,International Conference on Learning Representations
SJeXSo09FQ,title_match,212,Learning Localized Generative Models for 3D Point Clouds via Graph Convolution,1.000,2018,International Conference on Learning Representations
SJVmjjR9FX,title_match,62,Variational Bayesian Phylogenetic Inference,1.000,2018,International Conference on Learning Representations
SJNRHiAcYX,title_match,32,Boosting Trust Region Policy Optimization by Normalizing Flows Policy,1.000,2018,arXiv.org
SJMO2iCct7,title_match,,,,,
SJGyFiRqK7,title_match,31,Decoupling Gating from Linearity,1.000,2018,arXiv.org
S1zz2i0cY7,title_match,84,Integer Networks for Data Compression with Latent-Variable Models,1.000,2019,International Conference on Learning Representations
S1zk9iRqF7,title_match,847,PATE-GAN: Generating Synthetic Data with Differential Privacy Guarantees,1.000,2018,International Conference on Learning Representations
S1xq3oR5tQ,title_match,82,A Unified Theory Of Early Visual Representations From Retina To Cortex Through Anatomically Constrained Deep CNNs,1.000,2019,bioRxiv
S1xoy3CcYX,title_match,343,Adversarial Examples Are a Natural Consequence of Test Error in Noise,1.000,2019,International Conference on Machine Learning
S1xBioR5KX,title_match,357,Parameter Efficient Training of Deep Convolutional Neural Networks by Dynamic Sparse Reparameterization,1.000,2019,International Conference on Machine Learning
S1x4ghC9tQ,title_match,132,Temporal Difference Variational Auto-Encoder,1.000,2018,International Conference on Learning Representations
S1giro05t7,title_match,11,Reducing Overconfident Errors outside the Known Distribution,1.000,2018,
S1gQ5sRcFm,title_match,,,,,
S1fQSiCcYm,title_match,284,Understanding and Improving Interpolation in Autoencoders via an Adversarial Regularizer,1.000,2018,International Conference on Learning Representations
S1MeM2RcFm,title_match,,,,,
HyxzRsR9Y7,title_match,76,Learning Self-Imitating Diverse Policies,1.000,2018,International Conference on Learning Representations
HyxnZh0ct7,title_match,1076,Meta-learning with differentiable closed-form solvers,1.000,2018,International Conference on Learning Representations
HyxlHsActm,title_match,36,Efficient Dictionary Learning with Gradient Descent,1.000,2018,International Conference on Machine Learning
HyxPx3R9tm,title_match,238,Variational Discriminator Bottleneck: Improving Imitation Learning; Inverse RL; and GANs by Constraining Information Flow,1.000,2018,International Conference on Learning Representations
HyxBpoR5tm,title_match,24,Adversarially Robust Training through Structured Gradient Regularization,1.000,2018,arXiv.org
HylzTiC5Km,title_match,158,Generating High Fidelity Images with Subscale Pixel Networks and Multidimensional Upscaling,1.000,2018,International Conference on Learning Representations
HyleYiC9FX,title_match,21,Text Embeddings for Retrieval From a Large Knowledge Base,1.000,2018,Research Challenges in Information Science
HylKJhCcKm,title_match,31,Generalized Capsule Networks with Trainable Routing Procedure,1.000,2018,arXiv.org
Hygvln09K7,title_match,,,,,
Hygp1nR9FQ,title_match,3,Unifying Bilateral Filtering and Adversarial Training for Robust Neural Networks,1.000,2018,arXiv.org
Hygm8jC9FQ,title_match,,,,,
Hyg_X2C5FX,title_match,511,GAN Dissection: Visualizing and Understanding Generative Adversarial Networks,1.000,2018,International Conference on Learning Representations
HygS7n0cFQ,title_match,8,Fast Exploration with Simplified Models and Approximately Optimistic Planning in Model Based Reinforcement Learning,1.000,2018,
HygBZnRctX,title_match,65,Transferring Knowledge across Learning Processes,1.000,2018,International Conference on Learning Representations
Hyg1G2AqtQ,title_match,110,Variance Reduction for Reinforcement Learning in Input-Driven Environments,1.000,2018,International Conference on Learning Representations
Hyfn2jCcKm,title_match,44,Solving the Rubik's Cube with Approximate Policy Iteration,1.000,2018,International Conference on Learning Representations
Hyed4i05KX,title_match,22,Interpreting Layered Neural Networks via Hierarchical Modular Representation,1.000,2018,International Conference on Neural Information Processing
HyePrhR5KX,title_match,676,DyRep: Learning Representations over Dynamic Graphs,1.000,2019,International Conference on Learning Representations
HyNmRiCqtm,title_match,10,CDeepEx: Contrastive Deep Explanations,1.000,2018,European Conference on Artificial Intelligence
HyNA5iRcFQ,title_match,23,Detecting egregious responses in neural sequence-to-sequence models,1.000,2018,International Conference on Learning Representations
HyGhN2A5tm,title_match,62,Multi-Agent Dual Learning,1.000,2019,International Conference on Learning Representations
HyGIdiRqtm,title_match,964,Evaluating Robustness of Neural Networks with Mixed Integer Programming,1.000,2017,International Conference on Learning Representations
HyGEM3C9KQ,title_match,29,Improving Differentiable Neural Computers Through Memory Masking; De-allocation; and Link Distribution Sharpness Control,1.000,2019,International Conference on Learning Representations
HyEtjoCqFX,title_match,68,Soft Q-Learning with Mutual-Information Regularization,1.000,2018,International Conference on Learning Representations
HkxaFoC9KQ,title_match,229,Deep reinforcement learning with relational inductive biases,1.000,2018,International Conference on Learning Representations
HkljioCcFQ,title_match,85,Marginalized Average Attentional Network for Weakly-Supervised Learning,1.000,2019,International Conference on Learning Representations
HklY120cYm,title_match,365,ClariNet: Parallel Wave Generation in End-to-End Text-to-Speech,1.000,2018,International Conference on Learning Representations
HklQxnC5tX,title_match,171,Overlapping Community Detection with Graph Neural Networks,1.000,2018,arXiv.org
Hkl-di09FQ,title_match,62,Decoupling feature extraction from policy learning: assessing benefits of state representation learning in goal based robotics,1.000,2018,arXiv.org
HkgYmhR9KX,title_match,43,AD-VAT: An Asymmetric Dueling mechanism for learning Visual Active Tracking,1.000,2018,International Conference on Learning Representations
Hkg4W2AcFm,title_match,32,Overcoming the Disentanglement vs Reconstruction Trade-off via Jacobian Supervision,1.000,2018,International Conference on Learning Representations
HkfYOoCcYX,title_match,10,Double Viterbi: Weight Encoding for High Compression Ratio and Fast On-Chip Reconstruction for Deep Neural Network,1.000,2018,International Conference on Learning Representations
HkeyZhC9F7,title_match,,,,,
Hke20iA9Y7,title_match,50,Efficient Training on Very Large Corpora via Gramian Estimation,1.000,2018,International Conference on Learning Representations
HkNDsiC9KQ,title_match,132,Meta-Learning Update Rules for Unsupervised Representation Learning,1.000,2018,International Conference on Learning Representations
HJzLdjR9FX,title_match,19,DeepTwist: Learning Model Compression via Occasional Weight Distortion,1.000,2018,arXiv.org
HJz6tiCqYm,title_match,4539,Benchmarking Neural Network Robustness to Common Corruptions and Perturbations,1.000,2019,International Conference on Learning Representations
HJxwDiActX,title_match,87,StrokeNet: A Neural Painting Environment,1.000,2018,International Conference on Learning Representations
HJxfm2CqKm,title_match,38,Discovering General-Purpose Active Learning Strategies,1.000,2018,arXiv.org
HJxeWnCcF7,title_match,244,Learning Mixed-Curvature Representations in Product Spaces,1.000,2018,International Conference on Learning Representations
HJx54i05tX,title_match,32,On Random Deep Weight-Tied Autoencoders: Exact Asymptotic Analysis; Phase Transitions; and Implications to Training,1.000,2018,International Conference on Learning Representations
HJlfAo09KX,title_match,41,Guaranteed Recovery of One-Hidden-Layer Neural Networks via Cross Entropy,1.000,2018,IEEE Transactions on Signal Processing
HJgeEh09KQ,title_match,185,Boosting Robustness Certification of Neural Networks,1.000,2018,International Conference on Learning Representations
HJgVisRqtX,title_match,,,,,
HJgOl3AqY7,title_match,28,Modulated Variational auto-Encoders for many-to-many musical timbre transfer,1.000,2018,arXiv.org
HJflg30qKX,title_match,304,Gradient descent aligns the layers of deep linear networks,1.000,2018,International Conference on Learning Representations
HJe62s09tX,title_match,,,,,
HJMCdsC5tX,title_match,39,A Fully Automated Periodicity Detection in Time Series,1.000,2019,AALTD@PKDD/ECML
HJE6X305Fm,title_match,24,Don't let your Discriminator be fooled,0.987,2018,International Conference on Learning Representations
H1z-PsR5KX,title_match,198,Identifying and Controlling Important Neurons in Neural Machine Translation,1.000,2018,International Conference on Learning Representations
H1xaJn05FQ,title_match,181,Sliced Wasserstein Auto-Encoders,1.000,2018,International Conference on Learning Representations
H1xSNiRcF7,title_match,102,Smoothing the Geometry of Probabilistic Box Embeddings,1.000,2018,International Conference on Learning Representations
H1xD9sR5Fm,title_match,13,Minimum Divergence vs. Maximum Margin: an Empirical Comparison on Seq2Seq Models,1.000,2018,International Conference on Learning Representations
H1x1noAqKX,title_match,87,Discriminative out-of-distribution detection for semantic segmentation,1.000,2018,arXiv.org
H1lug3R5FX,title_match,88,On the Geometry of Adversarial Examples,1.000,2018,arXiv.org
H1lqZhRcFm,title_match,7,Unsupervised Learning of the Set of Local Maxima,1.000,2018,International Conference on Learning Representations
H1lJws05K7,title_match,77,On the Selection of Initialization and Activation Function for Deep Neural Networks,1.000,2018,arXiv.org
H1lJJnR5Ym,title_match,1702,Exploration by Random Network Distillation,1.000,2018,International Conference on Learning Representations
H1l7bnR5Ym,title_match,32,ProbGAN: Towards Probabilistic GAN with Theoretical Guarantees,1.000,2018,International Conference on Learning Representations
H1goBoR9F7,title_match,48,Dynamic Sparse Graph for Efficient Deep Learning,1.000,2018,International Conference on Learning Representations
H1gh_sC9tm,title_match,5,Prior Networks for Detection of Adversarial Attacks,1.000,2018,arXiv.org
H1gfOiAqYm,title_match,174,Execution-Guided Neural Program Synthesis,1.000,2018,International Conference on Learning Representations
H1gMCsAqY7,title_match,657,Slimmable Neural Networks,1.000,2018,International Conference on Learning Representations
H1g2NhC5KQ,title_match,245,Multiple-Attribute Text Rewriting,1.000,2018,International Conference on Learning Representations
H1g0Z3A9Fm,title_match,369,Supervised Community Detection with Line Graph Neural Networks,1.000,2017,International Conference on Learning Representations
H1fF0iR9KX,title_match,16,Geometry Aware Convolutional Filters for Omnidirectional Images Representation,1.000,2019,International Conference on Machine Learning
H1emus0qF7,title_match,233,Near-Optimal Representation Learning for Hierarchical Reinforcement Learning,1.000,2018,International Conference on Learning Representations
H1eRBoC9FX,title_match,114,Unsupervised Meta-Learning for Reinforcement Learning,1.000,2018,arXiv.org
H1e6ij0cKQ,title_match,8,Efficient Sequence Labeling with Actor-Critic Training,1.000,2018,Canadian AI
ByzcS3AcYX,title_match,31,Neural TTS Stylization with Adversarial and Collaborative Games,1.000,2018,International Conference on Learning Representations
ByxZX20qFQ,title_match,440,Adaptive Input Representations for Neural Language Modeling,1.000,2018,International Conference on Learning Representations
ByxLl309Ym,title_match,11,Conditional Inference in Pre-trained Variational Autoencoders via Cross-coding,1.000,2018,arXiv.org
ByloIiCqYQ,title_match,60,Maximal Divergence Sequential Autoencoder for Binary Software Vulnerability Detection,1.000,2019,International Conference on Learning Representations
ByleB2CcKm,title_match,16,Learning Procedural Abstractions and Evaluating Discrete Latent Temporal Structure,1.000,2018,International Conference on Learning Representations
Byl8BnRcYm,title_match,38,A Novel session-based recommendation system using capsule graph neural network,0.533,2025,Neural Networks
Bygre3R9Fm,title_match,61,DEFactor: Differentiable Edge Factorization-based Probabilistic Graph Generation,1.000,2018,arXiv.org
BygqBiRcFQ,title_match,116,Diffusion Scattering Transforms on Graphs,1.000,2018,International Conference on Learning Representations
Bygh9j09KX,title_match,3210,ImageNet-trained CNNs are biased towards texture; increasing shape bias improves accuracy and robustness,1.000,2018,International Conference on Learning Representations
BygfghAcYX,title_match,214,The role of over-parametrization in generalization of neural networks,1.000,2019,International Conference on Learning Representations
BygANjA5FX,title_match,1,IEA: Inner Ensemble Average within a convolutional neural network,1.000,2018,arXiv.org
Byg5QhR5FQ,title_match,16,Top-Down Neural Model For Formulae,1.000,2019,International Conference on Learning Representations
Byg3y3C9Km,title_match,161,Learning Protein Structure with a Differentiable Simulator,1.000,2018,International Conference on Learning Representations
Byf5-30qFX,title_match,92,DHER: Hindsight Experience Replay for Dynamic Goals,1.000,2018,International Conference on Learning Representations
ByetGn0cYX,title_match,56,Probabilistic Planning with Sequential Monte Carlo methods,1.000,2018,International Conference on Learning Representations
ByeZ5jC5YQ,title_match,70,KnockoffGAN: Generating Knockoffs for Feature Selection using Generative Adversarial Networks,1.000,2018,International Conference on Learning Representations
ByeTHsAqtX,title_match,303,Gradient Descent Happens in a Tiny Subspace,1.000,2018,arXiv.org
ByeLBj0qFQ,title_match,17,Unsupervised Image to Sequence Translation with Canvas-Drawer Networks,1.000,2018,arXiv.org
ByMHvs0cFQ,title_match,153,Quaternion Recurrent Neural Networks,1.000,2018,International Conference on Learning Representations
ByG_3s09KX,title_match,296,Dopamine: A Research Framework for Deep Reinforcement Learning,1.000,2018,arXiv.org
BkzeUiRcY7,title_match,60,M^3RL: Mind-aware Multi-agent Management Reinforcement Learning,1.000,2018,International Conference on Learning Representations
BkxgbhCqtQ,title_match,1,Predictive Uncertainty through Quantization,1.000,2018,arXiv.org
BkxWJnC9tX,title_match,35,Diversity and Depth in Per-Example Routing Models,1.000,2018,International Conference on Learning Representations
Bkx8OiRcYX,title_match,66,Countdown Regression: Sharp and Calibrated Survival Predictions,1.000,2018,Conference on Uncertainty in Artificial Intelligence
Bkx0RjA9tX,title_match,75,Generative Question Answering: Learning to Answer the Whole Question,1.000,2018,International Conference on Learning Representations
Bklzkh0qFm,title_match,245,Relational Graph Attention Networks,1.000,2018,arXiv.org
BkltNhC9FX,title_match,31,Posterior Attention Models for Sequence to Sequence Learning,1.000,2018,International Conference on Learning Representations
Bklr3j0cKX,title_match,3034,Learning deep representations by mutual information estimation and maximization,1.000,2018,International Conference on Learning Representations
BklhAj09K7,title_match,42,Unsupervised Domain Adaptation for Distance Metric Learning,1.000,2018,International Conference on Learning Representations
BklKFo09YX,title_match,305,Mol-CycleGAN: a generative model for molecular optimization,0.991,2019,Journal of Cheminformatics
BkgPajAcY7,title_match,104,No Training Required: Exploring Random Encoders for Sentence Classification,1.000,2019,International Conference on Learning Representations
Bkf1tjR9KQ,title_match,10,DVOLVER: Efficient Pareto-Optimal Neural Network Architecture Search,1.000,2018,arXiv.org
BkedznAqKQ,title_match,249,LanczosNet: Multi-Scale Deep Graph Convolutional Networks,1.000,2019,International Conference on Learning Representations
BkeStsCcKQ,title_match,169,Critical Learning Periods in Deep Networks,1.000,2018,International Conference on Learning Representations
BkN5UoAqF7,title_match,65,Sample Efficient Imitation Learning for Continuous Control,1.000,2018,International Conference on Learning Representations
BkMiWhR5K7,title_match,428,Prior Convictions: Black-Box Adversarial Attacks with Bandits and Priors,1.000,2018,International Conference on Learning Representations
BkGiPoC5FX,title_match,22,Efficient Convolutional Neural Network Training with Direct Feedback Alignment,1.000,2019,arXiv.org
BJzbG20cFQ,title_match,37,Towards Metamerism via Foveated Style Transfer,1.000,2017,International Conference on Learning Representations
BJxgz2R9t7,title_match,113,Learning To Solve Circuit-SAT: An Unsupervised Differentiable Approach,1.000,2018,International Conference on Learning Representations
BJxbYoC9FQ,title_match,28,Computer Vision and Image Understanding Classifier-agnostic saliency map extraction,0.677,,
BJxPk2A9Km,title_match,5,Learning What to Remember: Long-term Episodic Memory Networks for Learning from Streaming Data,1.000,2018,arXiv.org
BJlxm30cKm,title_match,1011,An Empirical Study of Example Forgetting during Deep Neural Network Learning,1.000,2018,International Conference on Learning Representations
BJl6TjRcY7,title_match,187,Neural probabilistic motor primitives for humanoid control,1.000,2018,International Conference on Learning Representations
BJgy-n0cK7,title_match,3,Inter-BMV: Interpolation with Block Motion Vectors for Fast Semantic Segmentation on Video,1.000,2018,arXiv.org
BJg_roAcK7,title_match,193,INVASE: Instance-wise Variable Selection using Neural Networks,1.000,2018,International Conference on Learning Representations
BJgRDjR9tQ,title_match,8,Robust estimation via Generative Adversarial Networks,1.000,2018,International Conference on Learning Representations
BJgK6iA5KX,title_match,7,AutoLoss: Learning Discrete Schedule for Alternate Optimization,1.000,2019,International Conference on Learning Representations
BJg4Z3RqF7,title_match,33,Unsupervised Adversarial Image Reconstruction,1.000,2018,International Conference on Learning Representations
BJfOXnActQ,title_match,89,Learning to Learn with Conditional Class Dependencies,1.000,2018,International Conference on Learning Representations
BJesDsA9t7,title_match,14,Better accuracy with quantified privacy: representations learned via reconstructive adversarial network,1.000,2019,
BJemQ209FQ,title_match,78,Learning to Navigate the Web,1.000,2018,International Conference on Learning Representations
BJej72AqF7,title_match,16,A Max-Affine Spline Perspective of Recurrent Neural Networks,1.000,2019,International Conference on Learning Representations
BJeWOi09FQ,title_match,6,SHAMANN: Shared Memory Augmented Neural Networks,1.000,2019,Information Processing in Medical Imaging
BJe-Sn0ctm,title_match,12,Ain't Nobody Got Time For Coding: Structure-Aware Program Synthesis From Natural Language,1.000,2018,arXiv.org
BJe-DsC5Fm,title_match,172,signSGD via Zeroth-Order Oracle,1.000,2019,International Conference on Learning Representations
BJWfW2C9Y7,title_match,1,Predictive Local Smoothness for Stochastic Gradient Methods,1.000,2018,arXiv.org
B1xsqj09Fm,title_match,6191,Large Scale GAN Training for High Fidelity Natural Image Synthesis,1.000,2018,International Conference on Learning Representations
B1xeyhCctQ,title_match,42,Bias Also Matters: Bias Attribution for Deep Neural Network Explanation,1.000,2019,International Conference on Machine Learning
B1xWcj0qYm,title_match,102,On the Minimal Supervision for Training Any Binary Classifier from Only Unlabeled Data,1.000,2018,International Conference on Learning Representations
B1xVTjCqKQ,title_match,28,A Data-Driven and Distributed Approach to Sparse Signal Representation and Recovery,1.000,2019,International Conference on Learning Representations
B1xJAsA5F7,title_match,,,,,
B1xFVhActm,title_match,6,Fake Sentence Detection as a Training Task for Sentence Encoding,1.000,2018,arXiv.org
B1lwSsC5KX,title_match,20,Déjà Vu: an empirical evaluation of the memorization properties of ConvNets,1.000,2018,arXiv.org
B1lnzn0ctQ,title_match,221,ALISTA: Analytic Weights Are As Good As Learned Weights in LISTA,1.000,2018,International Conference on Learning Representations
B1lfHhR9tm,title_match,665,The Natural Language Decathlon: Multitask Learning as Question Answering,1.000,2018,arXiv.org
B1lKS2AqtX,title_match,437,Eidetic 3D LSTM: A Model for Video Prediction and Beyond,1.000,2019,International Conference on Learning Representations
B1l8iiA9tQ,title_match,2,Backdrop: Stochastic Backpropagation,1.000,2018,arXiv.org
B1l6qiR5F7,title_match,348,Ordered Neurons: Integrating Tree Structures into Recurrent Neural Networks,1.000,2018,International Conference on Learning Representations
B1l6e3RcF7,title_match,,,,,
B1gstsCqt7,title_match,9,Sparse Dictionary Learning by Dynamical Neural Networks,1.000,2019,International Conference on Learning Representations
B1gabhRcYX,title_match,338,BA-Net: Dense Bundle Adjustment Network,0.987,2018,International Conference on Learning Representations
B1fysiAqK7,title_match,2,HXNOR-PBNN: A Scalable and Parallel Spintronics Synaptic Architecture for Probabilistic Binary Neural Networks,0.500,2024,International Symposium on Circuits and Systems
B1ffQnRcKX,title_match,80,Automatically Composing Representation Transformations as a Means for Generalization,1.000,2018,International Conference on Learning Representations
B1euhoAcKX,title_match,12,DPPNet: Approximating Determinantal Point Processes with Deep Networks,1.000,2019,Neural Information Processing Systems
B1e0X3C9tQ,title_match,440,Diagnosing and Enhancing VAE Models,1.000,2019,International Conference on Learning Representations
B1VZqjAcYX,title_match,1496,SNIP: Single-shot Network Pruning based on Connection Sensitivity,1.000,2018,International Conference on Learning Representations
B1GMDsR5tm,title_match,6,Initialized Equilibrium Propagation for Backprop-Free Training,1.000,2019,International Conference on Learning Representations
ryxyCeHtPB,title_match,83,Pay Attention to Features; Transfer Learn Faster CNNs,1.000,2020,International Conference on Learning Representations
ryxtCpNtDS,title_match,9,Autoencoders and Generative Adversarial Networks for Imbalanced Sequence Classification,1.000,2019,BigData Congress [Services Society]
ryxmb1rKDS,title_match,341,Symplectic ODE-Net: Learning Hamiltonian Dynamics with Control,1.000,2019,International Conference on Learning Representations
ryxjnREFwH,title_match,109,Neural Symbolic Reader: Scalable Integration of Distributed and Symbolic Representations for Reading Comprehension,1.000,2020,International Conference on Learning Representations
ryxgsCVYPr,title_match,23,NeurQuRI: Neural Question Requirement Inspector for Answerability Prediction in Machine Reading Comprehension,1.000,2020,International Conference on Learning Representations
ryxdEkHtPS,title_match,110,A Closer Look at Deep Policy Gradients,1.000,2018,International Conference on Learning Representations
ryxMW6EtPB,title_match,,,,,
ryxGuJrFvS,title_match,1684,Distributionally Robust Neural Networks for Group Shifts: On the Importance of Regularization for Worst-Case Generalization,0.487,2019,arXiv.org
ryxB2lBtvH,title_match,100,Learning to Coordinate Manipulation Skills via Skill Behavior Diversification,1.000,2020,International Conference on Learning Representations
ryx6daEtwr,title_match,,,,,
rylwJxrYDS,title_match,743,vq-wav2vec: Self-Supervised Learning of Discrete Speech Representations,1.000,2019,International Conference on Learning Representations
ryloogSKDS,title_match,78,Deep Orientation Uncertainty Learning based on a Bingham Loss,1.000,2020,International Conference on Learning Representations
rylnK6VtDH,title_match,159,Multiplicative Interactions and Where to Find Them,1.000,2020,International Conference on Learning Representations
rylb3eBtwr,title_match,73,Robust Subspace Recovery Layer for Unsupervised Anomaly Detection,1.000,2019,International Conference on Learning Representations
rylJkpEtwS,title_match,8,Learning the Arrow of Time for Problems in Reinforcement Learning,1.000,2020,International Conference on Learning Representations
rylCP6NFDB,title_match,10,Hindsight Trust Region Policy Optimization,1.000,2019,International Joint Conference on Artificial Intelligence
ryl71a4YPB,title_match,,,,,
ryl-RTEYvB,title_match,217,Robust Learning with Jacobian Regularization,1.000,2019,arXiv.org
rygvFyrKwH,title_match,240,Adversarial Robustness as a Prior for Learned Representations,1.000,2019,
ryguP1BFwr,title_match,9,Walking the Tightrope: An Investigation of the Convolutional Autoencoder Bottleneck,1.000,2019,arXiv.org
rygjmpVFvB,title_match,5,Difference-Seeking Generative Adversarial Network-Unseen Sample Generation,1.000,2020,International Conference on Learning Representations
rygjHxrYDB,title_match,32,Deep Audio Priors Emerge From Harmonic Convolutional Networks,1.000,2020,International Conference on Learning Representations
rygixkHKDH,title_match,29,Geometric Analysis of Nonconvex Optimization Landscapes for Overcomplete Learning,1.000,2020,International Conference on Learning Representations
ryghZJBKPS,title_match,1023,Deep Batch Active Learning by Diverse; Uncertain Gradient Lower Bounds,1.000,2019,International Conference on Learning Representations
rygHq6EFwr,title_match,60,GResNet: Graph Residual Network for Reviving Deep GNNs from Suspended Animation,1.000,2019,arXiv.org
rygHe64FDS,title_match,142,Zeno++: Robust Fully Asynchronous SGD,1.000,2019,International Conference on Machine Learning
rygEokBKPS,title_match,42,Yet another but more efficient black-box adversarial attack: tiling and evolution strategies,1.000,2019,arXiv.org
rygBVTVFPB,title_match,47,Learning to Discretize: Solving 1D Scalar Conservation Laws via Deep Reinforcement Learning,1.000,2019,Communications in Computational Physics
ryg8wpEtvB,title_match,199,Evaluating and Calibrating Uncertainty Prediction in Regression Tasks,1.000,2019,Italian National Conference on Sensors
ryevtyHtPr,title_match,,,,,
ryestJBKPB,title_match,5,Graph Neural Networks for Soft Semi-Supervised Learning on Hypergraphs,1.000,2019,Pacific-Asia Conference on Knowledge Discovery and Data Mining
ryeYpJSKwr,title_match,110,Meta-Learning Acquisition Functions for Transfer Learning in Bayesian Optimization,1.000,2019,International Conference on Learning Representations
ryeHuJBtPH,title_match,241,Hyper-SAGNN: a self-attention based graph neural network for hypergraphs,1.000,2019,International Conference on Learning Representations
ryeG924twB,title_match,16,Learning Expensive Coordination: An Event-Based Deep RL Approach,1.000,2020,International Conference on Learning Representations
ryeFzT4YPr,title_match,0,Lift-the-flap: what; where and when for context reasoning,1.000,2019,
rkxoh24FPH,title_match,567,On Mutual Information Maximization for Representation Learning,1.000,2019,International Conference on Learning Representations
rkxawlHKDr,title_match,41,End to End Trainable Active Contours via Differentiable Rendering,1.000,2019,International Conference on Learning Representations
rkxZyaNtwB,title_match,20,Online and stochastic optimization beyond Lipschitz continuity: A Riemannian approach,1.000,2020,International Conference on Learning Representations
rkxWpCNKvS,title_match,7,Improved Image Augmentation for Convolutional Neural Networks by Copyout and CopyPairing,1.000,2019,arXiv.org
rkxVz1HKwB,title_match,65,Certifiably Robust Interpretation in Deep Learning,1.000,2019,arXiv.org
rkly70EKDH,title_match,19,Mildly Overparametrized Neural Nets can Memorize Training Data Efficiently,1.000,2019,arXiv.org
rklx-gSYPS,title_match,,,,,
rkltE0VKwH,title_match,58,Coordinated Exploration via Intrinsic Rewards for Multi-Agent Reinforcement Learning,1.000,2019,arXiv.org
rklr9kHFDB,title_match,14,Rotation-invariant clustering of neuronal responses in primary visual cortex,1.000,2020,International Conference on Learning Representations
rklnDgHtDS,title_match,40,Compositional Language Continual Learning,1.000,2019,International Conference on Learning Representations
rklnA34twH,title_match,,,,,
rkliHyrFDB,title_match,27,Information Theoretic Model Predictive Q-Learning,1.000,2019,Conference on Learning for Dynamics & Control
rklOg6EFwS,title_match,846,Improving Adversarial Robustness Requires Revisiting Misclassified Examples,1.000,2020,International Conference on Learning Representations
rklMnyBtPB,title_match,175,Adversarial Robustness Against the Union of Multiple Perturbation Models,1.000,2019,International Conference on Machine Learning
rklHqRVKvH,title_match,40,Harnessing Structures for Value-Based Planning and Reinforcement Learning,1.000,2019,International Conference on Learning Representations
rklB76EKPr,title_match,166,Can gradient clipping mitigate label noise?,1.000,2020,International Conference on Learning Representations
rkl8sJBYvH,title_match,171,Harnessing the Power of Infinitely Wide Deep Nets on Small-data Tasks,1.000,2019,International Conference on Learning Representations
rkl3m1BFDB,title_match,112,Exploratory Not Explanatory: Counterfactual Analysis of Saliency Maps for Deep Reinforcement Learning,1.000,2019,International Conference on Learning Representations
rkgyS0VFvr,title_match,941,DBA: Distributed Backdoor Attacks against Federated Learning,1.000,2020,International Conference on Learning Representations
rkgvXlrKwH,title_match,,,,,
rkgqm0VKwB,title_match,40,End-to-end Named Entity Recognition and Relation Extraction using Pre-trained Language Models,1.000,2019,arXiv.org
rkgg6xBYDH,title_match,34,Understanding Generalization in Recurrent Neural Networks,1.000,2020,International Conference on Learning Representations
rkgfdeBYvH,title_match,25,Effect of Activation Functions on the Training of Overparametrized Neural Nets,1.000,2019,International Conference on Learning Representations
rkgdYhVtvH,title_match,197,Unifying Graph Convolutional Neural Networks and Label Propagation,1.000,2020,arXiv.org
rkgc06VtwH,title_match,2,Improving Semantic Parsing with Neural Generator-Reranker Architecture,1.000,2019,arXiv.org
rkgbYyHtwB,title_match,114,Disagreement-Regularized Imitation Learning,1.000,2020,International Conference on Learning Representations
rkgPnhNFPB,title_match,79,Random Matrix Theory Proves that Deep Learning Representations of GAN-data Behave as Gaussian Mixtures,1.000,2020,International Conference on Machine Learning
rkgNKkHtvB,title_match,2993,Reformer: The Efficient Transformer,1.000,2020,International Conference on Learning Representations
rkgHY0NYwr,title_match,58,Discovering Motor Programs by Recomposing Demonstrations,1.000,2020,International Conference on Learning Representations
rkg8FJBYDS,title_match,19,Variational Diffusion Autoencoders with Random Walk Sampling,1.000,2019,European Conference on Computer Vision
rkeu30EtvS,title_match,0,Network Deconvolution for Causal Inference in Production Flows,0.506,2025,2025 IEEE First International Conference on Innovations in Engineering and Next-Generation Technologies for Sustainability (ICINVENTS)
rkerLaVtDr,title_match,2,A General Upper Bound for Unsupervised Domain Adaptation,1.000,2019,arXiv.org
rkem91rtDB,title_match,26,Inductive and Unsupervised Representation Learning on Graph Structured Objects,1.000,2020,International Conference on Learning Representations
rkeiQlBFPB,title_match,221,Meta-Learning with Warped Gradient Descent,1.000,2019,International Conference on Learning Representations
rkeZNREFDr,title_match,2,Not All Features Are Equal: Feature Leveling Deep Neural Networks for Better Interpretation,1.000,2019,arXiv.org
rkeZIJBYvr,title_match,116,Learning to Balance: Bayesian Meta-Learning for Imbalanced and Out-of-distribution Tasks,1.000,2019,International Conference on Learning Representations
rkeUcRNtwS,title_match,7,Salient Explanation for Fine-Grained Classification,1.000,2020,IEEE Access
rkeS1RVtPS,title_match,297,Cyclical Stochastic Gradient MCMC for Bayesian Deep Learning,1.000,2019,International Conference on Learning Representations
rkeNqkBFPB,title_match,5,Deep Automodulators,1.000,2019,Neural Information Processing Systems
rkeIq2VYPr,title_match,2,Deep Learning of Determinantal Point Processes via Proper Spectral Sub-gradient,1.000,2020,International Conference on Learning Representations
rke5R1SFwS,title_match,4,Learning to Remember from a Multi-Task Teacher,1.000,2019,arXiv.org
rke3U6NtwH,title_match,5,MxPool: Multiplex Pooling for Hierarchical Graph Representation Learning,1.000,2020,arXiv.org
rke2HRVYvH,title_match,15,Stochastic Prototype Embeddings,1.000,2019,arXiv.org
rJxyqkSYDH,title_match,23,A Simple Dynamic Learning Rate Tuning Algorithm For Automated Training of DNNs,1.000,2019,arXiv.org
rJxycxHKDS,title_match,14,Domain Adaptive Multibranch Networks,1.000,2020,International Conference on Learning Representations
rJxvD3VKvr,title_match,,,,,
rJxtgJBKDr,title_match,2,SNOW: Subscribing to Knowledge via Channel Pooling for Transfer & Lifelong Learning of Convolutional Neural Networks,1.000,2020,International Conference on Learning Representations
rJxqZkSFDB,title_match,16,Searching to Exploit Memorization Effect in Learning from Corrupted Labels,1.000,2019,arXiv.org
rJxlc0EtDr,title_match,40,MEMO: A Deep Network for Flexible Combination of Episodic Memories,1.000,2020,International Conference on Learning Representations
rJxbJeHFPS,title_match,286,What Can Neural Networks Reason About?,1.000,2019,International Conference on Learning Representations
rJxX8T4Kvr,title_match,9,Learning Efficient Parameter Server Synchronization Policies for Distributed SGD,1.000,2020,International Conference on Learning Representations
rJxHcgStwr,title_match,7,HANDWRITTEN AMHARIC CHARACTER RECOGNITION SYSTEM USING CONVOLUTIONAL NEURAL NETWORKS,1.000,2019,e-Journal of New World Sciences Academy
rJxG3pVKPB,title_match,0,Translation Between Waves; wave2wave,0.986,2019,arXiv.org
rJlnxkSYPS,title_match,22,Unsupervised Clustering using Pseudo-semi-supervised Learning,1.000,2020,International Conference on Learning Representations
rJlnfaNYvB,title_match,12,Adaptive Loss Scaling for Mixed Precision Training,1.000,2019,arXiv.org
rJleKgrKwS,title_match,49,Differentiable learning of numerical rules in knowledge graphs,1.000,2020,International Conference on Learning Representations
rJleFREKDr,title_match,5,Learning to Control Latent Representations for Few-Shot Learning of Named Entities,1.000,2019,arXiv.org
rJlcLaVFvB,title_match,19,Effect of Top-Down Connections in Hierarchical Sparse Coding,1.000,2020,Neural Computation
rJlVdREKDS,title_match,,,,,
rJlUhhVYvS,title_match,44,Understanding Isomorphism Bias in Graph Data Sets,1.000,2019,arXiv.org
rJlDO64KPH,title_match,,,,,
rJgsskrFwH,title_match,256,Scaling Autoregressive Video Models,1.000,2019,International Conference on Learning Representations
rJgqjREtvS,title_match,3,CRNet: Image Super-Resolution Using A Convolutional Sparse Coding Inspired Network,0.994,2019,arXiv.org
rJgjGxrFPS,title_match,12,A Simple and Scalable Shape Representation for 3D Reconstruction,1.000,2020,British Machine Vision Conference
rJggX0EKwS,title_match,25,The Benefits of Over-parameterization at Initialization in Deep ReLU Networks,1.000,2019,arXiv.org
rJgJDAVKvB,title_match,60,Learning to Plan in High Dimensions via Neural Exploration-Exploitation Trees,1.000,2019,International Conference on Learning Representations
rJgE9CEYPS,title_match,20,Discriminability Distillation in Group Representation Learning,1.000,2020,European Conference on Computer Vision
rJgDb1SFwB,title_match,52,MGP-AttTCN: An interpretable machine learning model for the prediction of sepsis,1.000,2019,PLoS ONE
rJgBd2NYPH,title_match,116,Learning deep graph matching with channel-independent embedding and Hungarian attention,1.000,2020,International Conference on Learning Representations
rJg9OANFwS,title_match,,,,,
rJg8TeSFDH,title_match,272,An Exponential Learning Rate Schedule for Deep Learning,1.000,2019,International Conference on Learning Representations
rJg76kStwH,title_match,122,Efficient Probabilistic Logic Reasoning with Graph Neural Networks,1.000,2020,International Conference on Learning Representations
rJeuMREKwS,title_match,2,Using Logical Specifications of Objectives in Multi-Objective Reinforcement Learning,1.000,2019,arXiv.org
rJerHlrYwH,title_match,1573,Data-Efficient Image Recognition with Contrastive Predictive Coding,1.000,2019,International Conference on Machine Learning
rJeidA4KvS,title_match,16,Role-Wise Data Augmentation for Knowledge Distillation,1.000,2020,arXiv.org
rJehVyrKwH,title_match,159,And the Bit Goes Down: Revisiting the Quantization of Neural Networks,1.000,2019,International Conference on Learning Representations
rJeg7TEYwB,title_match,27,Pruned Graph Scattering Transforms,1.000,2020,International Conference on Learning Representations
rJeeKTNKDB,title_match,36,Hierarchical Graph-to-Graph Translation for Molecules,1.000,2019,
rJeXDANKwr,title_match,19,NADS: Neural Architecture Distribution Search for Uncertainty Awareness,1.000,2020,International Conference on Machine Learning
rJePwgSYwB,title_match,36,SGD Learns One-Layer Networks in WGANs,1.000,2019,International Conference on Machine Learning
rJeO3aVKPB,title_match,53,Faster Neural Network Training with Data Echoing,1.000,2019,arXiv.org
rJeIcTNtvS,title_match,117,Low-Resource Knowledge-Grounded Dialogue Generation,1.000,2020,International Conference on Learning Representations
rJeBJJBYDB,title_match,37,Chart Auto-Encoders for Manifold Structured Data,0.989,2019,arXiv.org
rJeB36NKvB,title_match,408,How Much Position Information Do Convolutional Neural Networks Encode?,1.000,2020,International Conference on Learning Representations
rJe9lpEFDH,title_match,49,The Geometry of Sign Gradient Descent,1.000,2020,arXiv.org
rJe8pxSFwr,title_match,7,End-to-end learning of energy-based representations for irregularly-sampled signals and images,1.000,2019,arXiv.org
rJe5_CNtPB,title_match,7,Attention Forcing for Sequence-to-sequence Model Training,1.000,2019,arXiv.org
rJe2syrtvS,title_match,207,The Ingredients of Real-World Robotic Reinforcement Learning,0.992,2020,International Conference on Learning Representations
r1xo9grKPr,title_match,7,Flexible and Efficient Long-Range Planning Through Curious Exploration,1.000,2020,International Conference on Machine Learning
r1xjgxBFPB,title_match,174,Continual Deep Learning by Functional Regularisation of Memorable Past,1.000,2020,Neural Information Processing Systems
r1x_DaVKwH,title_match,,,,,
r1xPh2VtPB,title_match,19,SVQN: Sequential Variational Soft Q-Learning Networks,1.000,2020,International Conference on Learning Representations
r1xMH1BtvB,title_match,,,,,
r1xGnA4Kvr,title_match,28,Biologically inspired sleep algorithm for increased generalization and adversarial robustness in deep neural networks,1.000,2020,International Conference on Learning Representations
r1lnigSFDr,title_match,117,Improving the Gating Mechanism of Recurrent Neural Networks,1.000,2020,
r1la7krKPS,title_match,690,Measuring Calibration in Deep Learning,1.000,2019,CVPR Workshops
r1lZ7AEKvB,title_match,17,The Logical Expressiveness of Graph Neural Networks,1.000,2020,International Conference on Learning Representations
r1lHAAVtwr,title_match,,,,,
r1lGO0EKDH,title_match,124,GraphZoom: A multi-level spectral approach for accurate and scalable graph embedding,1.000,2019,International Conference on Learning Representations
r1l-HTNtDB,title_match,,,,,
r1l-5pEtDr,title_match,30,AdaX: Adaptive Gradient Descent with Exponential Long Term Memory,1.000,2020,arXiv.org
r1gfweBFPB,title_match,,,,,
r1gfQgSFDr,title_match,264,High Fidelity Speech Synthesis with Adversarial Networks,1.000,2019,International Conference on Learning Representations
r1genAVKPB,title_match,215,Is a Good Representation Sufficient for Sample Efficient Reinforcement Learning?,1.000,2019,International Conference on Learning Representations
r1gelyrtwH,title_match,66,Physics-aware Difference Graph Networks for Sparsely-Observed Dynamics,1.000,2020,International Conference on Learning Representations
r1gc3lBFPH,title_match,4,Keyword Spotter Model for Crop Pest and Disease Monitoring from Community Radio Data,1.000,2019,arXiv.org
r1gNLAEFPS,title_match,11,Neural ODEs for Image Segmentation with Level Sets,1.000,2019,arXiv.org
r1eyceSYPr,title_match,26,Unbiased Contrastive Divergence Algorithm for Training Energy-Based Latent Variable Models,1.000,2020,International Conference on Learning Representations
r1etN1rtPB,title_match,320,Implementation Matters in Deep RL: A Case Study on PPO and TRPO,1.000,2020,International Conference on Learning Representations
r1eowANFvr,title_match,95,Towards Fast Adaptation of Neural Architectures with Meta Learning,1.000,2020,International Conference on Learning Representations
r1eh30NFwB,title_match,21,Variational Autoencoders with Normalizing Flow Decoders,1.000,2020,arXiv.org
r1egIyBFPS,title_match,9,Deep Symbolic Superoptimization Without Human Knowledge,1.000,2020,International Conference on Learning Representations
r1e_FpNFDr,title_match,102,Generalization bounds for deep convolutional neural networks,1.000,2019,International Conference on Learning Representations
r1eIiCNYwS,title_match,125,Transformer-XH: Multi-Evidence Reasoning with eXtra Hop Attention,1.000,2020,International Conference on Learning Representations
r1eBeyHFDH,title_match,217,A Theory of Usable Information Under Computational Constraints,1.000,2020,International Conference on Learning Representations
r1e7M6VYwH,title_match,1,RotationOut as a Regularization Method for Neural Network,1.000,2019,arXiv.org
Syxss0EYPS,title_match,,,,,
SyxiRJStwr,title_match,7,Dynamic Scale Inference by Entropy Minimization,1.000,2019,arXiv.org
SyxhVkrYvr,title_match,7,Towards Verified Robustness under Text Deletion Interventions,1.000,2020,International Conference on Learning Representations
SyxXWC4KPB,title_match,79,Structured Consistency Loss for semi-supervised semantic segmentation,1.000,2020,arXiv.org
SyxTZ1HYwB,title_match,,,,,
SyxKrySYPr,title_match,485,Stabilizing Transformers for Reinforcement Learning,1.000,2019,International Conference on Machine Learning
SyxIWpVYvr,title_match,315,Input complexity and out-of-distribution detection with likelihood-based generative models,1.000,2019,International Conference on Learning Representations
SyxDXJStPS,title_match,3,Reparameterized Variational Divergence Minimization for Stable Imitation,1.000,2020,arXiv.org
Syx9Q1rYvH,title_match,15,Mutual Information Maximization for Robust Plannable Representations,1.000,2019,arXiv.org
Syx7WyBtwB,title_match,256,Interpretations are useful: penalizing explanations to align neural networks with prior knowledge,1.000,2019,International Conference on Machine Learning
Syx79eBKwr,title_match,181,A Mutual Information Maximization Perspective of Language Representation Learning,1.000,2019,International Conference on Learning Representations
SylkYeHtwr,title_match,29,SUMO: Unbiased Estimation of Log Marginal Probability for Latent Variable Models,1.000,2020,International Conference on Learning Representations
SylWNC4FPH,title_match,19,Auto Completion of User Interface Layout Design Using Transformer-Based Tree Decoders,1.000,2020,arXiv.org
SylVNerFvr,title_match,112,Permutation Equivariant Models for Compositional Generalization in Language,1.000,2020,International Conference on Learning Representations
SylL0krYPS,title_match,34,Toward Evaluating Robustness of Deep Reinforcement Learning with Continuous Control,1.000,2020,International Conference on Learning Representations
SylKikSYDH,title_match,895,Compressive Transformers for Long-Range Sequence Modelling,1.000,2019,International Conference on Learning Representations
Syl-_aVtvH,title_match,73,Federated User Representation Learning,1.000,2019,arXiv.org
SygW0TEFwH,title_match,95,Sign Bits Are All You Need for Black-Box Attacks,1.000,2020,International Conference on Learning Representations
SygEukHYvB,title_match,33,CEB Improves Model Robustness,1.000,2020,Entropy
Syg7VaNYPB,title_match,48,Generative Latent Flow,1.000,2019,
Syg6fxrKDB,title_match,80,A Graph Neural Network Assisted Monte Carlo Tree Search Approach to Traveling Salesman Problem,1.000,2020,IEEE Access
Syg-ET4FPS,title_match,18,Posterior sampling for multi-agent reinforcement learning: solving extensive games with imperfect information,1.000,2020,International Conference on Learning Representations
SyepHTNFDS,title_match,47,Graph Residual Flow for Molecular Graph Generation,1.000,2019,arXiv.org
SyecdJSKvr,title_match,53,Learning from Label Proportions with Consistency Regularization,1.000,2019,Asian Conference on Machine Learning
SyeMblBtwr,title_match,,,,,
SkxybANtDB,title_match,8,Dynamic Time Lag Regression: Predicting What & When,1.000,2020,International Conference on Learning Representations
SkxpDT4YvS,title_match,38,Policy Optimization with Stochastic Mirror Descent,1.000,2019,AAAI Conference on Artificial Intelligence
SkxgnnNFvH,title_match,319,Poly-encoders: Architectures and Pre-training Strategies for Fast and Accurate Multi-sentence Scoring,1.000,2019,International Conference on Learning Representations
SkxWnkStvS,title_match,2,Searching for Stage-wise Neural Graphs In the Limit,1.000,2019,arXiv.org
SkxHRySFvr,title_match,10,Learning to Impute: A General Framework for Semi-supervised Learning,1.000,2019,arXiv.org
Skx6WaEYPH,title_match,6,Bandlimiting Neural Networks Against Adversarial Attacks,1.000,2019,arXiv.org
SklsBJHKDS,title_match,125,Model Inversion Networks for Model-Based Optimization,1.000,2019,Neural Information Processing Systems
SklgTkBKDr,title_match,,,,,
SklE_CNFPr,title_match,,,,,
Skl4mRNYDr,title_match,160,Deep Imitative Models for Flexible Inference; Planning; and Control,1.000,2018,International Conference on Learning Representations
Skl1HCNKDr,title_match,18,Learning Generative Models Using Denoising Density Estimators,1.000,2020,IEEE Transactions on Neural Networks and Learning Systems
Skgvy64tvr,title_match,115,Enhancing Adversarial Defense by k-Winners-Take-All,1.000,2019,International Conference on Learning Representations
SkgjKR4YwH,title_match,23,MixUp as Directional Adversarial Training,1.000,2019,arXiv.org
Skgb5h4KPH,title_match,775,Frequency Principle: Fourier Analysis Sheds Light on Deep Neural Networks,1.000,2019,Communications in Computational Physics
SkgWeJrYwr,title_match,7,Efficient Wrapper Feature Selection using Autoencoder and Model Based Elimination,1.000,2019,arXiv.org
SkgRW64twr,title_match,6,Deep Multi-View Learning via Task-Optimal CCA,1.000,2019,arXiv.org
Skg5r1BFvB,title_match,5,Continuous Control with Contexts; Provably,1.000,2019,arXiv.org
Skg3104FDS,title_match,9,First-Order Preconditioning via Hypergradient Descent,1.000,2019,arXiv.org
Skg2pkHFwS,title_match,,,,,
Skey4eBYPS,title_match,212,Convolutional Conditional Neural Processes,1.000,2019,International Conference on Learning Representations
SkeuipVKDH,title_match,,,,,
Skerzp4KPS,title_match,,,,,
Skeq30NFPr,title_match,83,Stochastic Mirror Descent on Overparameterized Nonlinear Models,1.000,2019,IEEE Transactions on Neural Networks and Learning Systems
Skek-TVYvr,title_match,,,,,
Sked_0EYwB,title_match,121,Objective Mismatch in Model-based Reinforcement Learning,1.000,2020,Conference on Learning for Dynamics & Control
SkeNlJSKvS,title_match,5,Shallow VAEs with RealNVP Prior can Perform as Well as Deep Hierarchical VAEs,1.000,2019,International Conference on Neural Information Processing
SkeJPertPS,title_match,3,Collaborative Training of Balanced Random Forests for Open Set Domain Adaptation,1.000,2020,arXiv.org
SkeIyaVtwB,title_match,64,Exploration in Reinforcement Learning with Deep Covering Options,1.000,2020,International Conference on Learning Representations
SkeATxrKwH,title_match,3,Generative Hierarchical Models for Parts; Objects; and Scenes,1.000,2019,arXiv.org
Ske9VANKDH,title_match,,,,,
Ske5UANYDB,title_match,46,Benefit of Interpolation in Nearest Neighbor Algorithms,1.000,2019,SIAM Journal on Mathematics of Data Science
Ske31kBtPr,title_match,36,Mathematical Reasoning in Latent Space,1.000,2019,International Conference on Learning Representations
SJxzFySKwH,title_match,143,On the Equivalence between Positional Node Embeddings and Structural Graph Representations,1.000,2019,International Conference on Learning Representations
SJxy5A4twS,title_match,8,Superbloom: Bloom filter meets Transformer,1.000,2020,arXiv.org
SJxstlHFPH,title_match,91,Differentiable Reasoning over a Virtual Knowledge Base,1.000,2020,International Conference on Learning Representations
SJxpsxrYPS,title_match,47,Progressive Learning and Disentanglement of Hierarchical Representations,1.000,2020,International Conference on Learning Representations
SJxeI6EYwS,title_match,35,Simple and Effective Stochastic Neural Networks,1.000,2019,AAAI Conference on Artificial Intelligence
SJxWS64FwH,title_match,43,Deep Network classification by Scattering and Homotopy dictionary learning,1.000,2019,International Conference on Learning Representations
SJxUjlBtwB,title_match,126,Reconstructing continuous distributions of 3D protein structure from cryo-EM images,1.000,2019,International Conference on Learning Representations
SJxSDxrKDr,title_match,188,Adversarial Training and Provable Defenses: Bridging the Gap,1.000,2020,International Conference on Learning Representations
SJxE8erKDH,title_match,38,Latent Normalizing Flows for Many-to-Many Cross-Domain Mappings,1.000,2020,International Conference on Learning Representations
SJxDKerKDS,title_match,1,Reinforcement Learning with Structured Hierarchical Grammar Representations of Actions,1.000,2019,arXiv.org
SJx-j64FDr,title_match,31,In Search for a SAT-friendly Binarized Neural Network Architecture,1.000,2020,International Conference on Learning Representations
SJlyta4YPS,title_match,,,,,
SJlxglSFPB,title_match,17,Efficacy of Pixel-Level OOD Detection for Semantic Segmentation,1.000,2019,arXiv.org
SJlsFpVtDB,title_match,82,Continual Learning with Bayesian Neural Networks for Non-Stationary Data,1.000,2020,International Conference on Learning Representations
SJlpYJBKvH,title_match,101,Measuring the Reliability of Reinforcement Learning Algorithms,1.000,2019,International Conference on Learning Representations
SJlYqRNKDS,title_match,6,Blockwise Adaptivity: Faster Training and Better Generalization in Deep Learning,0.994,2019,arXiv.org
SJlVn6NKPB,title_match,22,Representation Learning for Remote Sensing: An Unsupervised Sensor Fusion Approach,1.000,2019,arXiv.org
SJlRWC4FDB,title_match,38,Adversarial attacks on Copyright Detection Systems,1.000,2019,International Conference on Machine Learning
SJlOq34Kwr,title_match,2,Unsupervised Intuitive Physics from Past Experiences,1.000,2019,arXiv.org
SJlKrkSFPH,title_match,77,A Framework for robustness Certification of Smoothed Classifiers using F-Divergences,0.982,2020,International Conference on Learning Representations
SJl9PTNYDS,title_match,3,NPTC-net: Narrow-Band Parallel Transport Convolutional Neural Networks on Point Clouds,0.994,2019,Journal of Scientific Computing
SJl1o2NFwS,title_match,234,Understanding and Improving Transformer From a Multi-Particle Dynamic System Point of View,1.000,2019,arXiv.org
SJgzLkBKPB,title_match,104,Explain Your Move: Understanding Agent Actions Using Specific and Relevant Feature Attribution,1.000,2019,International Conference on Learning Representations
SJgw51HFDr,title_match,82,Sparse Weight Activation Training,1.000,2020,Neural Information Processing Systems
SJgvl6EFwH,title_match,,,,,
SJgs8TVtvr,title_match,12,Mixture-of-Experts Variational Autoencoder for clustering and generating from similarity-based representations,1.000,2019,International Conference on Learning Representations
SJgob6NKvH,title_match,44,RTFM: Generalising to New Environment Dynamics via Reading,1.000,2020,International Conference on Learning Representations
SJgndT4KwB,title_match,175,Finite Depth and Width Corrections to the Neural Tangent Kernel,1.000,2019,International Conference on Learning Representations
SJgn3lBtwH,title_match,145,Re-Examining Linear Embeddings for High-Dimensional Bayesian Optimization,1.000,2020,Neural Information Processing Systems
SJgmR0NKPr,title_match,9,Training Recurrent Neural Networks Online by Learning Explicit State Variables,1.000,2020,International Conference on Learning Representations
SJgdpxHFvH,title_match,27,Meta-Learning Initializations for Image Segmentation,1.000,2019,arXiv.org
SJgXs1HtwH,title_match,18,TreeCaps: Tree-Structured Capsule Networks for Program Source Code Processing,1.000,2019,arXiv.org
SJgMK64Ywr,title_match,110,AssembleNet: Searching for Multi-Stream Neural Connectivity in Video Architectures,1.000,2019,International Conference on Learning Representations
SJg4Y3VFPS,title_match,2,Group-Connected Multilayer Perceptron Networks,1.000,2019,arXiv.org
SJeqs6EFvB,title_match,215,Hoppity: Learning Graph Transformations to Detect and Fix Bugs in Programs,1.000,2020,International Conference on Learning Representations
SJeq9JBFvH,title_match,50,Deep probabilistic subsampling for task-adaptive compressed sensing,1.000,2020,International Conference on Learning Representations
SJeoE0VKDS,title_match,53,Novelty Search in representational space for sample efficient exploration,1.000,2020,Neural Information Processing Systems
SJefPkSFPr,title_match,,,,,
SJeeL04KvH,title_match,44,Robust Federated Learning Through Representation Matching and Adaptive Hyper-parameters,1.000,2019,arXiv.org
SJeY-1BKDS,title_match,19,Understanding l4-based Dictionary Learning: Interpretation; Stability; and Robustness,1.000,2020,International Conference on Learning Representations
SJeXJANFPr,title_match,66,Regularizing Deep Multi-Task Networks using Orthogonal Gradients,1.000,2019,arXiv.org
SJeW-A4tDS,title_match,9,Detecting malicious PDF using CNN,1.000,2019,arXiv.org
SJeLIgBKPS,title_match,417,Gradient Descent Maximizes the Margin of Homogeneous Neural Networks,1.000,2019,International Conference on Learning Representations
SJeFNlHtPS,title_match,,,,,
SJeD3CEFPH,title_match,30,MQL-MM: A Meta-Q-Learning-Based Multiobjective Metaheuristic for Energy-Efficient Distributed Fuzzy Hybrid Blocking Flow-Shop Scheduling Problem,0.173,2025,IEEE Transactions on Evolutionary Computation
SJeC2TNYwB,title_match,24,Unsupervised Out-of-Distribution Detection with Batch Normalization,1.000,2019,arXiv.org
SJe9qT4YPr,title_match,,,,,
SJe5P6EYvS,title_match,25,Remaining Useful Life Prediction for Lithium-Ion Batteries Based on Iterative Transfer Learning and Mogrifier LSTM,0.220,2023,Batteries
SJe-HkBKDS,title_match,,,,,
S1xxx64YwH,title_match,24,Ecological Reinforcement Learning,1.000,2020,arXiv.org
S1xqRTNtDr,title_match,2,Learning a Behavioral Repertoire from Demonstrations,1.000,2019,2020 IEEE Conference on Games (CoG)
S1xnXRVFwH,title_match,157,Playing the lottery with rewards and multiple languages: lottery tickets in RL and NLP,1.000,2019,International Conference on Learning Representations
S1xjJpNYvB,title_match,1,Domain-Agnostic Few-Shot Classification by Learning Disparate Modulators,1.000,2019,
S1xWh1rYwB,title_match,230,Restricting the Flow: Information Bottlenecks for Attribution,1.000,2020,International Conference on Learning Representations
S1xGCAVKvr,title_match,,,,,
S1xCuTNYDr,title_match,85,Regularizing Black-box Models for Improved Interpretability,1.000,2019,Neural Information Processing Systems
S1lslCEYPB,title_match,16,Improved Mutual Information Estimation,1.000,2019,AAAI Conference on Artificial Intelligence
S1ldO2EFPr,title_match,910,Graph Neural Networks Exponentially Lose Expressive Power for Node Classification,1.000,2019,International Conference on Learning Representations
S1lXnhVKPr,title_match,160,Variance Reduced Local SGD with Lower Communication Complexity,1.000,2019,arXiv.org
S1lOTC4tDS,title_match,2081,Dream to Control: Learning Behaviors by Latent Imagination,1.000,2019,International Conference on Learning Representations
S1l8oANFDH,title_match,56,Synthesizing Programmatic Policies that Inductively Generalize,1.000,2020,International Conference on Learning Representations
S1l-C0NtwS,title_match,85,Cross-lingual Alignment vs Joint Training: A Comparative Study and A Simple Unified Framework,1.000,2019,International Conference on Learning Representations
S1gwC1StwS,title_match,,,,,
S1glGANtDr,title_match,72,Doubly Robust Bias Reduction in Infinite Horizon Off-Policy Estimation,1.000,2019,International Conference on Learning Representations
S1ghzlHFPS,title_match,,,,,
S1gSj0NKvB,title_match,444,Comparing Rewinding and Fine-tuning in Neural Network Pruning,1.000,2020,International Conference on Learning Representations
S1gR2ANFvB,title_match,,,,,
S1gEIerYwH,title_match,3,Transferring Optimality Across Data Distributions via Homotopy Methods,1.000,2020,International Conference on Learning Representations
S1g6xeSKDS,title_match,129,Mixed-curvature Variational Autoencoders,1.000,2019,International Conference on Learning Representations
S1g2skStPB,title_match,292,Causal Discovery with Reinforcement Learning,1.000,2019,International Conference on Learning Representations
S1ewjhEFwr,title_match,31,Storage Efficient and Dynamic Flexible Runtime Channel Pruning via Deep Reinforcement Learning,1.000,2020,Neural Information Processing Systems
S1enmaVFvS,title_match,82,Data-Driven Approach to Encoding and Decoding 3-D Crystal Structures,1.000,2019,arXiv.org
S1el9TEKPB,title_match,20,Sparsity Meets Robustness: Channel Pruning for the Feynman-Kac Formalism Principled Robust Deep Neural Nets,1.000,2020,International Conference on Machine Learning; Optimization; and Data Science
S1efxTVYDr,title_match,69,Data-dependent Gaussian Prior Objective for Language Generation,1.000,2020,International Conference on Learning Representations
S1efAp4YvB,title_match,40,Interpreting video features: a comparison of 3D convolutional networks and convolutional LSTM networks,1.000,2020,Asian Conference on Computer Vision
S1e__ANKvB,title_match,68,Molecular Graph Enhanced Transformer for Retrosynthesis Prediction,1.000,2019,bioRxiv
S1e_9xrFvS,title_match,61,Energy-based models for atomic-resolution protein conformations,1.000,2020,International Conference on Learning Representations
S1eZYeHFDS,title_match,499,Deep Learning for Symbolic Mathematics,1.000,2019,International Conference on Learning Representations
S1eQuCVFvB,title_match,9,Machine truth serum: a surprisingly popular approach to improving ensemble methods,0.380,2019,Machine-mediated learning
S1eALyrYDH,title_match,137,RNA Secondary Structure Prediction By Learning Unrolled Algorithms,1.000,2020,International Conference on Learning Representations
HyxyIgHFvr,title_match,37,Truth or Backpropaganda? An Empirical Investigation of Deep Learning Theory,1.000,2019,International Conference on Learning Representations
HyxwZRNtDr,title_match,93,Wasserstein Robust Reinforcement Learning,1.000,2019,arXiv.org
HyxnH64KwS,title_match,73,The problem with DDPG: understanding failures in deterministic environments with sparse rewards,1.000,2019,International Conference on Artificial Neural Networks
HyxhqhVKPB,title_match,56,Moniqua: Modulo Quantized Communication in Decentralized SGD,1.000,2020,International Conference on Machine Learning
Hyxfs1SYwH,title_match,36,Alleviating Privacy Attacks via Causal Learning,1.000,2019,International Conference on Machine Learning
HyxehhNtvS,title_match,8,Why Learning of Large-Scale Neural Networks Behaves Like Convex Optimization,1.000,2019,arXiv.org
HyxY6JHKwr,title_match,100,You Only Train Once: Loss-Conditional Training of Deep Networks,1.000,2020,International Conference on Learning Representations
HyxTJxrtvr,title_match,20,Learning a Spatio-Temporal Embedding for Video Instance Segmentation,1.000,2019,arXiv.org
HyxQ3gSKvr,title_match,26,Variational Information Bottleneck for Unsupervised Clustering: Deep Gaussian Mixture Embedding,1.000,2019,Entropy
HyxJ1xBYDH,title_match,53,Learning-Augmented Data Stream Algorithms,1.000,2020,International Conference on Learning Representations
HyxG3p4twS,title_match,1,Quantifying the Cost of Reliable Photo Authentication via High-Performance Learned Lossy Representations,1.000,2020,International Conference on Learning Representations
HyxFF34FPr,title_match,774,FoveaBox: Beyound Anchor-Based Object Detection,1.000,2019,IEEE Transactions on Image Processing
HylznxrYDr,title_match,1013,FinBERT: Financial Sentiment Analysis with Pre-trained Language Models,0.978,2019,arXiv.org
HylsTT4FvB,title_match,426,On the "steerability" of generative adversarial networks,1.000,2019,International Conference on Learning Representations
HylpqA4FwS,title_match,51,RNNs Incrementally Evolving on an Equilibrium Manifold: A Panacea for Vanishing and Exploding Gradients?,1.000,2019,International Conference on Learning Representations
HylhuTEtwr,title_match,,,,,
HylfPgHYvr,title_match,9,Occlusion resistant learning of intuitive physics from videos,0.968,2019,arXiv.org
HylcapVtvB,title_match,6,Improving Differentially Private Models with Active Learning,1.000,2019,arXiv.org
HygwvC4tPH,title_match,33,Learning Cross-Context Entity Representations from Text,1.000,2020,arXiv.org
HygsuaNFwr,title_match,49,Order Learning and Its Application to Age Estimation,1.000,2020,International Conference on Learning Representations
HygpthEtvr,title_match,35,ProxSGD: Training Structured Neural Networks under Regularization and Constraints,1.000,2020,International Conference on Learning Representations
HygegyrYwH,title_match,197,Polylogarithmic width suffices for gradient descent to achieve arbitrarily small test error with shallow ReLU networks,1.000,2019,International Conference on Learning Representations
HygcdeBFvr,title_match,23,Score and Lyrics-Free Singing Voice Generation,1.000,2019,ICCC
Hygab1rKDS,title_match,165,Quantum Algorithms for Deep Convolutional Neural Networks,1.000,2019,International Conference on Learning Representations
HygTUxHKwH,title_match,7,Qgraph-bounded Q-learning: Stabilizing Model-Free Off-Policy Deep Reinforcement Learning,1.000,2019,arXiv.org
HygOjhEYDH,title_match,220,Intensity-Free Learning of Temporal Point Processes,1.000,2019,International Conference on Learning Representations
Hyg9anEFPS,title_match,33,Image-guided Neural Object Rendering,1.000,2020,International Conference on Learning Representations
HyerxgHYvH,title_match,,,,,
Hyepjh4FwB,title_match,65,ProtoAttend: Attention-Based Prototypical Learning,1.000,2019,Journal of machine learning research
HyeYTgrFPB,title_match,2,Massively Multilingual Sparse Word Representations,1.000,2020,International Conference on Learning Representations
HyeYJ1SKDH,title_match,8,Fluid Flow Mass Transport for Generative Networks,1.000,2019,arXiv.org
HyeX7aVKvr,title_match,1,Zero-shot task adaptation by homoiconic meta-mapping,1.000,2019,
HyeEIyBtvr,title_match,9,BETANAS: BalancEd TrAining and selective drop for Neural Architecture Search,1.000,2019,arXiv.org
HyeCnkHtwH,title_match,42,Efficient Generation of Structured Objects with Constrained Adversarial Networks,1.000,2020,Neural Information Processing Systems
Hye4WaVYwr,title_match,,,,,
Hye00pVtPS,title_match,10,Confederated Machine Learning on Horizontally and Vertically Separated Medical Data for Large-Scale Health System Intelligence,1.000,2019,arXiv.org
Hkxzx0NtDB,title_match,664,Your Classifier is Secretly an Energy Based Model and You Should Treat it Like One,1.000,2019,International Conference on Learning Representations
HkxlcnVFwB,title_match,188,GenDICE: Generalized Offline Estimation of Stationary Values,1.000,2020,International Conference on Learning Representations
HkxjqxBYDB,title_match,57,Episodic Reinforcement Learning with Associative Memory,1.000,2020,International Conference on Learning Representations
Hkxi2gHYvH,title_match,6,Predictive Coding for Boosting Deep Reinforcement Learning with Sparse Rewards,1.000,2019,arXiv.org
HkxQRTNYPH,title_match,37,Mirror-Generative Neural Machine Translation,1.000,2020,International Conference on Learning Representations
HkxDheHFDr,title_match,6,LAVAE: Disentangling Location and Appearance,1.000,2019,arXiv.org
HkxBJT4YvB,title_match,181,Learning Disentangled Representations for CounterFactual Regression,1.000,2020,International Conference on Learning Representations
Hkx6p6EFDr,title_match,5,Equivariant Entity-Relationship Networks,1.000,2019,
Hkx6hANtwH,title_match,119,LambdaNet: Probabilistic Type Inference using Graph Neural Networks,1.000,2020,International Conference on Learning Representations
Hkx1qkrKPr,title_match,1658,DropEdge: Towards Deep Graph Convolutional Networks on Node Classification,1.000,2019,International Conference on Learning Representations
HklxbgBKvr,title_match,166,Model-based reinforcement learning for biological sequence design,1.000,2020,International Conference on Learning Representations
Hklr204Fvr,title_match,1,Towards a Deep Network Architecture for Structured Smoothness,1.000,2020,International Conference on Learning Representations
HklkeR4KPB,title_match,479,ReMixMatch: Semi-Supervised Learning with Distribution Matching and Augmentation Anchoring,1.000,2020,International Conference on Learning Representations
HkldyTNYwH,title_match,69,Ae-OT: a New Generative Model based on Extended Semi-discrete Optimal transport,1.000,2020,International Conference on Learning Representations
Hkla1eHFvS,title_match,289,Efficient Exploration via State Marginal Matching,1.000,2019,arXiv.org
Hkl_bCVKDr,title_match,98,Scaleable input gradient regularization for adversarial robustness,1.000,2019,Machine Learning with Applications
HklRwaEKwB,title_match,52,Ridge Regression: Structure; Cross-Validation; and Sketching,1.000,2019,International Conference on Learning Representations
HklRKpEKDr,title_match,218,Deep Coordination Graphs,1.000,2019,International Conference on Machine Learning
HklQYxBKwS,title_match,45,Neural tangent kernels; transportation mappings; and universal approximation,1.000,2019,International Conference on Learning Representations
HklOo0VFDH,title_match,5,Decoding As Dynamic Programming For Recurrent Autoregressive Models,1.000,2020,International Conference on Learning Representations
Hkl4EANFDH,title_match,,,,,
HkgsUJrtDB,title_match,69,Rényi Fair Inference,1.000,2019,International Conference on Learning Representations
Hkgs3aNYDS,title_match,29,Quantum Expectation-Maximization for Gaussian Mixture Models,1.000,2019,International Conference on Machine Learning
HkghoaNYPB,title_match,2,AlgoNet: $C^\infty$ Smooth Algorithmic Neural Networks,1.000,2019,
HkgeGeBYDB,title_match,101,RaPP: Novelty Detection with Reconstruction along Projection Pathway,1.000,2020,International Conference on Learning Representations
HkgTTh4FDH,title_match,41,Implicit Bias of Gradient Descent based Adversarial Training on Separable Data,1.000,2020,International Conference on Learning Representations
HkgMxkHtPH,title_match,134,UWGAN: Underwater GAN for Real-world Underwater Color Restoration and Dehazing,1.000,2019,arXiv.org
HkgFDgSYPH,title_match,15,Adaptive Online Planning for Continual Lifelong Learning,1.000,2019,arXiv.org
HkgAJxrYwr,title_match,105,Attack-Resistant Federated Learning with Residual-based Reweighting,1.000,2019,arXiv.org
HketzTNYwS,title_match,44,Unifying Question Answering; Text Classification; and Regression via Span Extraction,1.000,2019,
Hkem-lrtvH,title_match,85,BayesOpt Adversarial Attack,1.000,2020,International Conference on Learning Representations
HkehD3VtvS,title_match,,,,,
Hkeh21BKPH,title_match,18,Towards Finding Longer Proofs,1.000,2019,International Conference on Theorem Proving with Analytic Tableaux and Related Methods
HkeeITEYDr,title_match,30,Robust Reinforcement Learning with Wasserstein Constraint,1.000,2020,arXiv.org
Hke_f0EYPH,title_match,,,,,
HkeZQJBKDB,title_match,75,Universal approximations of permutation invariant/equivariant functions by deep neural networks,1.000,2019,arXiv.org
HkeSdCEtDS,title_match,63,Alternating Recurrent Dialog Model with Large-scale Pre-trained Language Models,1.000,2019,Conference of the European Chapter of the Association for Computational Linguistics
HkeO104tPB,title_match,27,Reinforcement Learning without Ground-Truth State,1.000,2019,arXiv.org
Hke0lRNYwS,title_match,8,Convolutional Bipartite Attractor Networks,1.000,2019,arXiv.org
Hke0K1HKwr,title_match,181,Sequential Latent Knowledge Selection for Knowledge-Grounded Dialogue,1.000,2020,International Conference on Learning Representations
Hke-WTVtwr,title_match,136,Encoding word order in complex embeddings,1.000,2019,International Conference on Learning Representations
HJxyZkBKDr,title_match,862,NAS-Bench-201: Extending the Scope of Reproducible Neural Architecture Search,1.000,2020,International Conference on Learning Representations
HJxrVA4FDS,title_match,62,Disentangling neural mechanisms for perceptual grouping,1.000,2019,International Conference on Learning Representations
HJxnM1rFvr,title_match,19,HUBERT Untangles BERT to Improve Transfer across NLP Tasks,1.000,2019,arXiv.org
HJxhWa4KDr,title_match,,,,,
HJxWl0NKPB,title_match,38,Combining MixMatch and Active Learning for Better Accuracy with Fewer Labels,1.000,2019,arXiv.org
HJxR7R4FvS,title_match,21,RaCT: Toward Amortized Ranking-Critical Training For Collaborative Filtering,1.000,2020,International Conference on Learning Representations
HJxNAnVtDS,title_match,3037,On the Convergence of FedAvg on Non-IID Data,1.000,2019,International Conference on Learning Representations
HJx4PAEYDH,title_match,117,R-Transformer: Recurrent Neural Network Enhanced Transformer,1.000,2019,arXiv.org
HJluEeHKwH,title_match,61,The Differentiable Cross-Entropy Method,1.000,2019,International Conference on Machine Learning
HJli2hNKDH,title_match,150,Observational Overfitting in Reinforcement Learning,1.000,2019,International Conference on Learning Representations
HJlY_6VKDr,title_match,6,BUZz: BUffer Zones for defending adversarial examples in image classification,0.993,2019,arXiv.org
HJlQ96EtPr,title_match,14,FleXOR: Trainable Fractional Quantization,1.000,2020,Neural Information Processing Systems
HJlP_pEFPH,title_match,16,SRDGAN: learning the noise prior for Super Resolution with Dual Generative Adversarial Networks,1.000,2019,arXiv.org
HJlPC6NKDH,title_match,1,Training Deep Neural Networks by optimizing over nonlocal paths in hyperparameter space,1.000,2019,arXiv.org
HJlAUaVYvH,title_match,,,,,
HJl8_eHYvS,title_match,51,Discriminative Particle Filter Reinforcement Learning for Complex Partial Observations,1.000,2020,International Conference on Learning Representations
HJgzt2VKPB,title_match,207,CATER: A diagnostic dataset for Compositional Actions and TEmporal Reasoning,0.980,2019,International Conference on Learning Representations
HJgepaNtDS,title_match,15,Learnable Group Transform For Time-Series,1.000,2020,International Conference on Machine Learning
HJgdo6VFPH,title_match,47,OmniNet: A unified architecture for multi-modal multi-task learning,1.000,2019,arXiv.org
HJgLZR4KvH,title_match,495,Dynamics-Aware Unsupervised Discovery of Skills,1.000,2019,International Conference on Learning Representations
HJgCcCNtwH,title_match,1,NeuroFabric: Identifying Ideal Topologies for Training A Priori Sparse Networks,1.000,2020,arXiv.org
HJgCF0VFwr,title_match,8,Probabilistic Connection Importance Inference and Lossless Compression of Deep Neural Networks,1.000,2020,International Conference on Learning Representations
HJgBA2VYwH,title_match,94,FSPool: Learning Set Representations with Featurewise Sort Pooling,1.000,2019,International Conference on Learning Representations
HJg4qxSKPB,title_match,23,Implicit Rugosity Regularization via Data Augmentation,1.000,2019,
HJg3Rp4FwH,title_match,,,,,
HJg3HyStwB,title_match,8,Perturbations are not Enough: Generating Adversarial Examples with Spatial Distortions,1.000,2019,arXiv.org
HJewiCVFPB,title_match,1960,Gradient Surgery for Multi-Task Learning,1.000,2020,Neural Information Processing Systems
HJemQJBKDr,title_match,,,,,
HJeiDpVFPr,title_match,33,An Inductive Bias for Distances: Neural Nets that Respect the Triangle Inequality,1.000,2020,International Conference on Learning Representations
H1xTup4KPr,title_match,25,Needles in Haystacks: On Classifying Tiny Objects in Large Images,1.000,2019,arXiv.org
H1xKBCEYDr,title_match,38,Black-box Adversarial Attacks with Bayesian Optimization,1.000,2019,arXiv.org
H1xFWgrFPS,title_match,120,Explanation by Progressive Exaggeration,0.975,2019,International Conference on Learning Representations
H1x9004YPr,title_match,37,Contextual Temperature for Language Modeling,1.000,2019,arXiv.org
H1x-3xSKDr,title_match,85,Batch Normalization is a Cause of Adversarial Vulnerability,1.000,2019,arXiv.org
H1lxVyStPH,title_match,18,Generalized Convolutional Forest Networks for Domain Generalization and Visual Recognition,1.000,2020,International Conference on Learning Representations
H1lma24tPB,title_match,90,Principled Weight Initialization for Hypernetworks,1.000,2020,International Conference on Learning Representations
H1lfwAVFwr,title_match,,,,,
H1l_0JBYwS,title_match,4,Spectral embedding of regularized block models,0.989,2019,International Conference on Learning Representations
H1lXCaVKvS,title_match,,,,,
H1lTUCVYvH,title_match,10,Rethinking Curriculum Learning with Incremental Labels and Adaptive Compensation,1.000,2019,British Machine Vision Conference
H1lQJ1HYwS,title_match,24,Deep Amortized Clustering,1.000,2019,arXiv.org
H1lOUeSFvB,title_match,19,Improving Gradient Estimation in Evolutionary Strategies With Past Descent Directions,1.000,2019,arXiv.org
H1lKd6NYPS,title_match,54,Online Meta-Critic Learning for Off-Policy Actor-Critic Methods,1.000,2020,Neural Information Processing Systems
H1lK_lBtvS,title_match,425,Classification-Based Anomaly Detection for General Data,1.000,2020,International Conference on Learning Representations
H1lBj2VFPS,title_match,70,Linear Symmetric Quantization of Neural Networks for Low-precision Integer Hardware,1.000,2020,International Conference on Learning Representations
H1l3s6NtvH,title_match,14,A Bayes-Optimal View on Adversarial Examples,1.000,2020,Journal of machine learning research
H1gz_nNYDS,title_match,218,AutoSlim: Towards One-Shot Architecture Search for Channel Numbers,1.000,2019,
H1gfFaEYDS,title_match,35,Adversarially Robust Representations with Smooth Encoders,1.000,2020,International Conference on Learning Representations
H1gdAC4KDB,title_match,161,Adversarially Robust Generalization Just Requires More Unlabeled Data,1.000,2019,arXiv.org
H1gax6VtDB,title_match,340,Contrastive Learning of Structured World Models,1.000,2019,International Conference on Learning Representations
H1gDaa4YwS,title_match,,,,,
H1gDNyrKDS,title_match,414,Understanding and Robustifying Differentiable Architecture Search,1.000,2019,International Conference on Learning Representations
H1gCeyHFDS,title_match,64,A Gram-Gauss-Newton Method Learning Overparameterized Deep Neural Networks for Regression Problems,0.962,2019,arXiv.org
H1gBsgBYwH,title_match,78,Generalization of Two-layer Neural Networks: An Asymptotic Viewpoint,1.000,2020,International Conference on Learning Representations
H1ervR4FwH,title_match,5,Improved Structural Discovery and Representation Learning of Multi-Agent Data,1.000,2019,arXiv.org
H1ep5TNKwr,title_match,4,Hebbian Graph Embeddings,1.000,2019,arXiv.org
H1enKkrFDB,title_match,61,Stable Rank Normalization for Improved Generalization in Neural Networks and GANs,1.000,2019,International Conference on Learning Representations
H1emfT4twB,title_match,184,Few-shot Text Classification with Distributional Signatures,1.000,2019,International Conference on Learning Representations
H1ebc0VYvH,title_match,0,Unaligned Image-to-Sequence Transformation with Loop Consistency,1.000,2019,arXiv.org
H1eRI04KPB,title_match,5,Likelihood Contribution based Multi-scale Architecture for Generative Flows,1.000,2019,
H1eNleBYwr,title_match,15,GENN: Predicting Correlated Drug-drug Interactions with Graph Energy Neural Networks,1.000,2019,arXiv.org
H1eA7AEtvS,title_match,7578,ALBERT: A Lite BERT for Self-supervised Learning of Language Representations,1.000,2019,International Conference on Learning Representations
H1e5GJBtDr,title_match,664,Axial Attention in Multidimensional Transformers,1.000,2019,arXiv.org
H1e31AEYwB,title_match,109,Stiffness: A New Perspective on Generalization in Neural Networks,1.000,2019,arXiv.org
H1e0Wp4KvH,title_match,41,Automated curriculum generation through setter-solver interactions,1.000,2020,International Conference on Learning Representations
H1e-X64FDB,title_match,,,,,
Byxv2pEKPH,title_match,2,Farkas layers: don't shift the data; fix the geometry,1.000,2019,arXiv.org
ByxY8CNtvr,title_match,96,Improving Neural Language Generation with Spectrum Control,1.000,2020,International Conference on Learning Representations
ByxKo04tvr,title_match,11,Multigrid Neural Memory,1.000,2019,International Conference on Machine Learning
ByxJjlHKwr,title_match,8,Learning Latent State Spaces for Planning through Reward Prediction,1.000,2019,arXiv.org
Byx91R4twB,title_match,281,Adversarial Video Generation on Complex Datasets,1.000,2019,
Byx5R0NKPr,title_match,21,Learning Calibratable Policies using Programmatic Style-Consistency,1.000,2019,International Conference on Machine Learning
Bylx-TNKvH,title_match,57,Functional vs. parametric equivalence of ReLU networks,1.000,2020,International Conference on Learning Representations
Bylthp4Yvr,title_match,43,Dropout: Explicit Forms and Capacity Control,1.000,2020,International Conference on Machine Learning
Byla224KPr,title_match,6,An Empirical Study on Post-processing Methods for Word Embeddings,1.000,2019,arXiv.org
BylNoaVYPS,title_match,37,Variational Autoencoders for Opponent Modeling in Multi-Agent Systems,1.000,2019,arXiv.org
BylKL1SKvr,title_match,28,Towards Understanding the Transferability of Deep Representations,1.000,2019,arXiv.org
BylEqnVFDB,title_match,86,Curvature Graph Network,1.000,2020,International Conference on Learning Representations
Byl8hhNYPS,title_match,121,Neural Machine Translation with Universal Visual Representation,1.000,2020,International Conference on Learning Representations
Byl5NREFDr,title_match,260,Thieves on Sesame Street! Model Extraction of BERT-based APIs,1.000,2019,International Conference on Learning Representations
Byl28eBtwH,title_match,0,Learning Cluster Structured Sparsity by Reweighting,1.000,2019,arXiv.org
BygzbyHFvB,title_match,517,FreeLB: Enhanced Adversarial Training for Natural Language Understanding,1.000,2019,International Conference on Learning Representations
Bygka64KPH,title_match,19,Semi-Supervised Few-Shot Learning with Prototypical Random Walks,1.000,2019,MetaDL@AAAI
ByggpyrFPS,title_match,69,Bayesian Variational Autoencoders for Unsupervised Out-of-Distribution Detection,1.000,2019,arXiv.org
BygXFkSYDH,title_match,18,Target-Embedding Autoencoders for Supervised Representation Learning,1.000,2020,International Conference on Learning Representations
BygSZAVKvr,title_match,25,Energy-Aware Neural Architecture Optimization with Fast Splitting Steepest Descent,1.000,2019,arXiv.org
BygPO2VKPH,title_match,43,Sparse Coding with Gated Learned ISTA,1.000,2020,International Conference on Learning Representations
Byg5flHFDr,title_match,16,EvoNet: A Neural Network for Predicting the Evolution of Dynamic Graphs,1.000,2020,International Conference on Artificial Neural Networks
Byg-wJSYDS,title_match,11,Discrepancy Ratio: Evaluating Model Performance When Even Experts Disagree on the Truth,1.000,2020,International Conference on Learning Representations
ByexElSYDr,title_match,1022,Fair Resource Allocation in Federated Learning,1.000,2019,International Conference on Learning Representations
ByedzkrKvH,title_match,54,Double Neural Counterfactual Regret Minimization,1.000,2018,International Conference on Learning Representations
ByeaXeBFvH,title_match,65,Hydra: Preserving Ensemble Diversity for Model Distillation,1.000,2020,arXiv.org
ByePEC4KDS,title_match,6,Situating Sentence Embedders with Nearest Neighbor Overlap,1.000,2019,arXiv.org
ByeDl1BYvH,title_match,2,Global Graph Curvature,1.000,2020,Workshop on Algorithms and Models for the Web-Graph
Bye6weHFvB,title_match,32,Plan2Vec: Unsupervised Representation Learning by Latent Plans,1.000,2020,Conference on Learning for Dynamics & Control
Bkxv90EKPB,title_match,13,Bayesian Meta Sampling for Fast Uncertainty Adaptation,1.000,2020,International Conference on Learning Representations
BkxpMTEtPB,title_match,39,GLAD: Learning Sparse Graph Recovery,1.000,2019,International Conference on Learning Representations
Bkxonh4Ywr,title_match,1,Localizing and Amortizing: Efficient Inference for Gaussian Processes,1.000,2020,Asian Conference on Machine Learning
BkxX30EFPS,title_match,32,Perceptual Generative Autoencoders,1.000,2019,DGS@ICLR
BkxUvnEYDH,title_match,64,Program Guided Agent,1.000,2020,International Conference on Learning Representations
BkxSmlBFvr,title_match,245,You CAN Teach an Old Dog New Tricks! On Training Knowledge Graph Embeddings,1.000,2020,International Conference on Learning Representations
Bkx5XyrtPS,title_match,,,,,
BkluqlSFDS,title_match,1401,Federated Learning with Matched Averaging,1.000,2020,International Conference on Learning Representations
BklRFpVKPH,title_match,12,Demonstration actor critic,1.000,2019,Neurocomputing
BklIxyHKDr,title_match,94,Deep k-NN for Noisy Labels,1.000,2020,International Conference on Machine Learning
BklEFpEYwS,title_match,202,Meta-Learning without Memorization,1.000,2019,International Conference on Learning Representations
BklEF3VFPB,title_match,8,Towards Stable and Comprehensive Domain Alignment: Max-Margin Domain-Adversarial Training,1.000,2019,arXiv.org
BklBp6EYvB,title_match,,,,,
Bkl8YR4YDB,title_match,9,Large-scale Pretraining for Neural Machine Translation with Tens of Billions of Sentence Pairs,1.000,2019,arXiv.org
Bkl7bREtDr,title_match,22,AMRL: Aggregated Memory For Reinforcement Learning,1.000,2020,International Conference on Learning Representations
Bkl5kxrKDr,title_match,116,A Generalized Training Approach for Multiagent Learning,1.000,2019,International Conference on Learning Representations
Bkl086VYvH,title_match,155,Feature-map-level Online Adversarial Knowledge Distillation,1.000,2020,International Conference on Machine Learning
BkgzqRVFDr,title_match,7,Reinforcement Learning with Probabilistically Complete Exploration,1.000,2019,arXiv.org
BkgzMCVtPB,title_match,2,Optimal Strategies Against Generative Attacks,1.000,2020,International Conference on Learning Representations
Bkgwp3NtDH,title_match,20,Programmable Neural Network Trojan for Pre-Trained Feature Extractor,1.000,2019,arXiv.org
BkgrBgSYDS,title_match,55,Kaleidoscope: An Efficient; Learnable Representation For All Structured Linear Maps,1.000,2020,International Conference on Learning Representations
BkgeQ1BYwS,title_match,15,Implicit Generative Modeling for Efficient Exploration,1.000,2019,International Conference on Machine Learning
BkgZxpVFvH,title_match,,,,,
BkgYPREtPr,title_match,272,Symplectic Recurrent Neural Networks,1.000,2019,International Conference on Learning Representations
BkgXHTNtvS,title_match,14,Bounds on Over-Parameterization for Guaranteed Existence of Descent Paths in Shallow ReLU Networks,1.000,2020,International Conference on Learning Representations
BkgWahEFvr,title_match,22,Enhancing Transformation-Based Defenses Against Adversarial Attacks with a Distribution Classifier,1.000,2020,International Conference on Learning Representations
BkeyOxrYwH,title_match,,,,,
BkevoJSYPB,title_match,350,Differentiation of Blackbox Combinatorial Solvers,1.000,2019,International Conference on Learning Representations
BkeqATVYwr,title_match,6,Graph Neighborhood Attentive Pooling,1.000,2020,arXiv.org
Bkel1krKPS,title_match,23,Attention on Abstract Visual Reasoning,1.000,2019,arXiv.org
Bkeb7lHtvH,title_match,25,At Stability's Edge: How to Adjust Hyperparameters to Preserve Minima Selection in Asynchronous Training of Neural Networks?,1.000,2019,International Conference on Learning Representations
BkeaEyBYDB,title_match,688,Improving Federated Learning Personalization via Model Agnostic Meta Learning,1.000,2019,arXiv.org
BkeOp6EKDH,title_match,170,TriMap: Large-scale Dimensionality Reduction Using Triplets,1.000,2019,arXiv.org
BkeJm6VtPH,title_match,184,Continual Learning via Neural Pruning,1.000,2019,arXiv.org
BkeHt34Fwr,title_match,6,Regional based query in graph active learning,1.000,2019,arXiv.org
Bke61krFvS,title_match,6,Learning representations for binary-classification without backpropagation,1.000,2020,International Conference on Learning Representations
BJxsrgStvr,title_match,285,Drawing early-bird tickets: Towards more efficient training of deep networks,0.993,2019,International Conference on Learning Representations
BJxkOlSYDH,title_match,167,Provable Filter Pruning for Efficient Neural Networks,1.000,2019,International Conference on Learning Representations
BJxg_hVtwH,title_match,207,StructPool: Structured Graph Pooling via Conditional Random Fields,1.000,2020,International Conference on Learning Representations
BJx_JAVKDB,title_match,78,In-domain representation learning for remote sensing,1.000,2019,arXiv.org
BJxWx0NYPr,title_match,89,Adaptive Structural Fingerprints for Graph Attention Networks,1.000,2020,International Conference on Learning Representations
BJxSWeSYPB,title_match,4,Self-supervised Training of Proposal-based Segmentation via Background Prediction,1.000,2019,arXiv.org
BJluxREKDB,title_match,4,Learning Heuristics for Quantified Boolean Formulas through Reinforcement Learning,1.000,2020,International Conference on Learning Representations
BJlrF24twB,title_match,116,BackPACK: Packing more into backprop,1.000,2019,International Conference on Learning Representations
BJlnmgrFvS,title_match,143,BAIL: Best-Action Imitation Learning for Batch Deep Reinforcement Learning,1.000,2019,Neural Information Processing Systems
BJlbo6VtDH,title_match,50,A Generalized Framework of Sequence Generation with Application to Undirected Sequence Models,1.000,2019,arXiv.org
BJlahxHYDS,title_match,65,Conservative Uncertainty Estimation By Fitting Prior Networks,0.992,2020,International Conference on Learning Representations
BJlXgkHYvS,title_match,22,Information-Theoretic Local Minima Characterization and Regularization,1.000,2019,International Conference on Machine Learning
BJlQtJSKDB,title_match,40,Watch the Unobserved: A Simple Approach to Parallelizing Monte Carlo Tree Search,1.000,2018,International Conference on Learning Representations
BJlITC4KDB,title_match,81,Multi-Sample Dropout for Accelerated Training and Better Generalization,1.000,2019,arXiv.org
BJlEEaEFDS,title_match,21,Towards an Adversarially Robust Normalization Approach,1.000,2019,arXiv.org
BJl9ZTVKwB,title_match,8,MIM: Mutual Information Machine,1.000,2019,arXiv.org
BJl7mxBYvB,title_match,73,Robust Reinforcement Learning via Adversarial training with Langevin Dynamics,0.994,2020,Neural Information Processing Systems
BJl6bANtwH,title_match,24,Detecting Extrapolation with Local Ensembles,1.000,2019,International Conference on Learning Representations
BJl07ySKvS,title_match,18,Guiding Program Synthesis by Learning to Generate Examples,1.000,2020,International Conference on Learning Representations
BJgza6VtPB,title_match,239,Language GANs Falling Short,1.000,2018,International Conference on Learning Representations
BJgqQ6NYvB,title_match,209,FasterSeg: Searching for Faster Real-time Semantic Segmentation,1.000,2019,International Conference on Learning Representations
BJgnXpVYwS,title_match,624,Why Gradient Clipping Accelerates Training: A Theoretical Justification for Adaptivity,1.000,2019,International Conference on Learning Representations
BJgkbyHKDS,title_match,174,Invertible generative models for inverse problems: mitigating representation error and dataset bias,0.995,2019,International Conference on Machine Learning
BJge3TNKwH,title_match,43,Sliced Cramer Synaptic Consolidation for Preserving Deeply Learned Representations,1.000,2020,International Conference on Learning Representations
BJgNJgSFPS,title_match,29,Building Deep; Equivariant Capsule Networks,1.000,2019,International Conference on Learning Representations
BJgLpaEtDS,title_match,32,Poincaré Wasserstein Autoencoder,1.000,2019,arXiv.org
BJgAf6Etwr,title_match,84,XLDA: Cross-Lingual Data Augmentation for Natural Language Inference and Question Answering,1.000,2019,arXiv.org
BJg7x1HFvB,title_match,773,Well-Read Students Learn Better: On the Importance of Pre-training Compact Models,1.000,2019,
BJes_xStwS,title_match,4,GRASPEL: Graph Spectral Learning at Scale,1.000,2019,arXiv.org
BJeguTEKDB,title_match,5,Instance Cross Entropy for Deep Metric Learning,1.000,2019,arXiv.org
BJeAHkrYDS,title_match,183,Fast Task Inference with Variational Intrinsic Successor Features,1.000,2019,International Conference on Learning Representations
BJe932EYwS,title_match,,,,,
BJe7h34YDS,title_match,11,Understanding and Stabilizing GANs' Training Dynamics with Control Theory,1.000,2019,arXiv.org
BJe55gBtvH,title_match,24,Depth-Width Trade-offs for ReLU Networks via Sharkovsky's Theorem,1.000,2019,International Conference on Learning Representations
BJe4oxHYPB,title_match,160,Winning the Lottery with Continuous Sparsification,1.000,2019,Neural Information Processing Systems
BJe4V1HFPr,title_match,8,Disentangling Style and Content in Anime Illustrations,1.000,2019,arXiv.org
BJe4JJBYwS,title_match,11,Cross-Domain Cascaded Deep Translation,1.000,2020,European Conference on Computer Vision
BJe1334YDH,title_match,278,A Learning-based Iterative Method for Solving Vehicle Routing Problems,1.000,2020,International Conference on Learning Representations
BJe-unNYPr,title_match,69,Accelerated Information Gradient Flow,1.000,2019,Journal of Scientific Computing
BJe-91BtvH,title_match,,,,,
B1xwcyHFDr,title_match,345,Learning Robust Representations via Multi-View Information Bottleneck,1.000,2020,International Conference on Learning Representations
B1xm3RVtwB,title_match,89,Simplified Action Decoder for Deep Multi-Agent Reinforcement Learning,1.000,2019,International Conference on Learning Representations
B1xgQkrYwS,title_match,20,On Iterative Neural Network Pruning; Reinitialization; and the Similarity of Masks,1.000,2019,arXiv.org
B1xZD1rtPr,title_match,16,The Dual Information Bottleneck,1.000,2019,arXiv.org
B1xMEerYvB,title_match,15,Smooth markets: A basic mechanism for organizing gradient-based learners,1.000,2020,International Conference on Learning Representations
B1x996EKPS,title_match,3,Fast Machine Learning with Byzantine Workers and Servers,1.000,2019,arXiv.org
B1x1ma4tDr,title_match,485,DDSP: Differentiable Digital Signal Processing,1.000,2020,International Conference on Learning Representations
B1lsXREYvr,title_match,18,One-Shot Neural Architecture Search via Compressive Sensing,1.000,2019,arXiv.org
B1lqDertwr,title_match,39,Regularization Matters in Policy Optimization,1.000,2019,arXiv.org
B1lnbRNtwr,title_match,256,Global Relational Models of Source Code,1.000,2020,International Conference on Learning Representations
B1lj20NFDS,title_match,10,Variational Autoencoders for Highly Multivariate Spatial Point Processes Intensities,1.000,2020,International Conference on Learning Representations
B1liraVYwr,title_match,0,LocalGAN: Modeling Local Distributions for Adversarial Response Generation,1.000,2019,Journal of machine learning research
B1lXfA4Ywr,title_match,2,Towards Modular Algorithm Induction,1.000,2019,arXiv.org
B1lLw6EYwB,title_match,27,Gap Aware Mitigation of Gradient Staleness,0.988,2019,International Conference on Learning Representations
B1lJzyStvS,title_match,8,Self-Supervised Learning of Appliance Usage,1.000,2020,International Conference on Learning Representations
B1lDoJSYDH,title_match,217,Lagrangian Fluid Simulation with Continuous Convolutions,1.000,2020,International Conference on Learning Representations
B1l6nnEtwr,title_match,2,AN EFFICIENT HOMOTOPY TRAINING ALGORITHM FOR NEURAL NETWORKS,1.000,2019,
B1l5m6VFwr,title_match,0,EINS: Long Short-Term Memory with Extrapolated Input Network Simplification,1.000,2019,
B1l2bp4YwS,title_match,343,What graph neural networks cannot learn: depth vs width,1.000,2019,International Conference on Learning Representations
B1gzLaNYvr,title_match,14,TSInsight: A Local-Global Attribution Framework for Interpretability in Time Series Data,0.994,2020,Italian National Conference on Sensors
B1grSREtDH,title_match,9,Bayesian Residual Policy Optimization: : Scalable Bayesian Reinforcement Learning with Clairvoyant Experts,0.995,2020,IEEE/RJS International Conference on Intelligent RObots and Systems
B1gqipNYwH,title_match,126,Option Discovery using Deep Skill Chaining,1.000,2020,International Conference on Learning Representations
B1gjs6EtDr,title_match,773,Efficient Content-Based Sparse Attention with Routing Transformers,1.000,2020,Transactions of the Association for Computational Linguistics
B1gi0TEFDB,title_match,127,Understanding Top-k Sparsification in Distributed Deep Learning,1.000,2019,arXiv.org
B1gXYR4YDH,title_match,3,DSReg: Using Distant Supervision as a Regularizer,1.000,2019,arXiv.org
B1gXWCVtvr,title_match,20,Adapting Behaviour for Learning Progress,1.000,2019,arXiv.org
B1gNKxrYPB,title_match,2,Attributed Graph Learning with 2-D Graph Convolution,1.000,2019,arXiv.org
B1evfa4tPB,title_match,76,Neural Network Branching for Neural Network Verification,1.000,2019,International Conference on Learning Representations
B1esygHFwS,title_match,,,,,
B1eoyAVFwH,title_match,18,Feature Partitioning for Efficient Multi-Task Architectures,1.000,2019,arXiv.org
B1elCp4KwH,title_match,88,Learning Hierarchical Discrete Linguistic Units from Visually-Grounded Speech,1.000,2019,International Conference on Learning Representations
B1eibJrtwr,title_match,29,Abstractive Dialog Summarization with Semantic Scaffolds,1.000,2019,arXiv.org
B1eY_pVYvB,title_match,133,Efficient and Information-Preserving Future Frame Prediction and Beyond,1.000,2020,International Conference on Learning Representations
B1eX_a4twH,title_match,,,,,
B1eWbxStPH,title_match,1129,Directional Message Passing for Molecular Graphs,1.000,2020,International Conference on Learning Representations
B1eWOJHKvB,title_match,6,Kernel of CycleGAN as a principal homogeneous space,1.000,2020,International Conference on Learning Representations
B1eCk1StPH,title_match,94,The Generalization-Stability Tradeoff in Neural Network Pruning,1.000,2019,Neural Information Processing Systems
